request_r,paws_comment_trail,gsar_tot_cost_gross,gsar_labor_hrs,signature_id
42741748,"Customer reports concern related to oil, oil pan, pan. Diagnosis confirmed component failure; full assembly replacement completed under warranty per applicable TSB. Vehicle line P558N SUPER DUTY [17-22]. [synthetic sanitized narrative]",11112.03,28.3,40109
41636455,"Customer reports concern related to clutch, replace clutch, transmission. Diagnosis confirmed component failure; full assembly replacement completed under warranty per applicable TSB. Vehicle line C346N FOCUS [12-18]. [synthetic sanitized narrative]",2092.28,10.1,3936
42690680,"Customer reports concern related to oil, oil pan, pan. Diagnosis confirmed component failure; full assembly replacement completed under warranty per applicable TSB. Vehicle line P558N SUPER DUTY [17-22]. [synthetic sanitized narrative]",4753.69,27.2,40109
42968320,"Customer reports concern related to clutch, replace clutch, transmission. Diagnosis confirmed component failure; full assembly replacement completed under warranty per applicable TSB. Vehicle line C346N FOCUS [12-18]. [synthetic sanitized narrative]",2320.37,10.6,3936
41576500,"Customer reports concern related to clutch, replace clutch, transmission. Diagnosis performed; minor repair/reseal completed under warranty per applicable TSB. Vehicle line C346N FOCUS [12-18]. [synthetic sanitized narrative]",1340.35,6.2,3936
36737538,"Customer reports concern related to clutch, replace clutch, transmission. Diagnosis performed; minor repair/reseal completed under warranty per applicable TSB. Vehicle line C346N FOCUS [12-18]. [synthetic sanitized narrative]",100.85,0.5,3936
37208471,"Customer reports concern related to water pump, water, pump. Diagnosis performed; minor repair/reseal completed under warranty per applicable TSB. Vehicle line U502N EXPLORER [11-19]. [synthetic sanitized narrative]",1473.26,10.8,53967
42298499,"Customer reports concern related to water pump, water, pump. Diagnosis confirmed component failure; full assembly replacement completed under warranty per applicable TSB. Vehicle line U502N EXPLORER [11-19]. [synthetic sanitized narrative]",3265.3,23.0,53967
42416618,"Customer reports concern related to oil, oil pan, pan. Diagnosis confirmed component failure; full assembly replacement completed under warranty per applicable TSB. Vehicle line P558N SUPER DUTY [17-22]. [synthetic sanitized narrative]",5668.06,21.6,40109
42501613,"Customer reports concern related to clutch, replace clutch, transmission. Diagnosis performed; minor repair/reseal completed under warranty per applicable TSB. Vehicle line C346N FOCUS [12-18]. [synthetic sanitized narrative]",1076.96,6.3,3936
42876713,"Customer reports concern related to clutch, replace clutch, transmission. Diagnosis confirmed component failure; full assembly replacement completed under warranty per applicable TSB. Vehicle line C346N FOCUS [12-18]. [synthetic sanitized narrative]",1700.98,6.9,3936
42488761,"Customer reports concern related to clutch, replace clutch, transmission. Diagnosis performed; minor repair/reseal completed under warranty per applicable TSB. Vehicle line C346N FOCUS [12-18]. [synthetic sanitized narrative]",1181.52,6.3,3936
42496280,"Customer reports concern related to clutch, replace clutch, transmission. Diagnosis confirmed component failure; full assembly replacement completed under warranty per applicable TSB. Vehicle line C346N FOCUS [12-18]. [synthetic sanitized narrative]",1579.43,7.4,3936
42882977,"Customer reports concern related to oil, oil pan, pan. Diagnosis confirmed component failure; full assembly replacement completed under warranty per applicable TSB. Vehicle line P558N SUPER DUTY [17-22]. [synthetic sanitized narrative]",2003.16,11.4,40109
38251476,"Customer reports concern related to clutch, replace clutch, transmission. Diagnosis confirmed component failure; full assembly replacement completed under warranty per applicable TSB. Vehicle line C346N FOCUS [12-18]. [synthetic sanitized narrative]",1996.64,7.1,3936
42412975,"Customer reports concern related to clutch, replace clutch, transmission. Diagnosis confirmed component failure; full assembly replacement completed under warranty per applicable TSB. Vehicle line C346N FOCUS [12-18]. [synthetic sanitized narrative]",1535.66,8.0,3936
37402453,"Customer reports concern related to clutch, replace clutch, transmission. Diagnosis performed; minor repair/reseal completed under warranty per applicable TSB. Vehicle line C346N FOCUS [12-18]. [synthetic sanitized narrative]",933.2,5.8,3936
42753330,"Customer reports concern related to clutch, replace clutch, transmission. Diagnosis performed; minor repair/reseal completed under warranty per applicable TSB. Vehicle line C346N FOCUS [12-18]. [synthetic sanitized narrative]",1513.72,6.3,3936
40124457,"Customer reports concern related to clutch, replace clutch, transmission. Diagnosis performed; minor repair/reseal completed under warranty per applicable TSB. Vehicle line C346N FOCUS [12-18]. [synthetic sanitized narrative]",1008.65,5.8,3936
41061539,"Customer reports concern related to oil, oil pan, pan. Diagnosis performed; minor repair/reseal completed under warranty per applicable TSB. Vehicle line P558N SUPER DUTY [17-22]. [synthetic sanitized narrative]",1189.3,10.4,40109
40116455,"Customer reports concern related to clutch, replace clutch, transmission. Diagnosis performed; minor repair/reseal completed under warranty per applicable TSB. Vehicle line C346N FOCUS [12-18]. [synthetic sanitized narrative]",901.17,6.7,3936
42730462,"Customer reports concern related to clutch, replace clutch, transmission. Diagnosis confirmed component failure; full assembly replacement completed under warranty per applicable TSB. Vehicle line C346N FOCUS [12-18]. [synthetic sanitized narrative]",4044.44,18.6,3936
42649096,"Customer reports concern related to clutch, replace clutch, transmission. Diagnosis confirmed component failure; full assembly replacement completed under warranty per applicable TSB. Vehicle line C346N FOCUS [12-18]. [synthetic sanitized narrative]",2519.95,6.7,3936
43125671,"Customer reports concern related to oil, oil pan, pan. Diagnosis confirmed component failure; full assembly replacement completed under warranty per applicable TSB. Vehicle line P558N SUPER DUTY [17-22]. [synthetic sanitized narrative]",3305.81,13.5,40109
43067154,"Customer reports concern related to clutch, replace clutch, transmission. Diagnosis confirmed component failure; full assembly replacement completed under warranty per applicable TSB. Vehicle line C346N FOCUS [12-18]. [synthetic sanitized narrative]",1832.89,7.0,3936
43114862,"Customer reports concern related to clutch, replace clutch, transmission. Diagnosis confirmed component failure; full assembly replacement completed under warranty per applicable TSB. Vehicle line C346N FOCUS [12-18]. [synthetic sanitized narrative]",2721.4,12.5,3936
42764088,"Customer reports concern related to clutch, replace clutch, transmission. Diagnosis performed; minor repair/reseal completed under warranty per applicable TSB. Vehicle line C346N FOCUS [12-18]. [synthetic sanitized narrative]",1421.53,5.3,3936
43107750,"Customer reports concern related to clutch, replace clutch, transmission. Diagnosis performed; minor repair/reseal completed under warranty per applicable TSB. Vehicle line C346N FOCUS [12-18]. [synthetic sanitized narrative]",1511.57,6.7,3936
37653462,"Customer reports concern related to clutch, replace clutch, transmission. Diagnosis performed; minor repair/reseal completed under warranty per applicable TSB. Vehicle line C346N FOCUS [12-18]. [synthetic sanitized narrative]",1348.45,8.6,3936
42428492,"Customer reports concern related to clutch, replace clutch, transmission. Diagnosis performed; minor repair/reseal completed under warranty per applicable TSB. Vehicle line C346N FOCUS [12-18]. [synthetic sanitized narrative]",1500.33,9.0,3936
41414466,"Customer reports concern related to clutch, replace clutch, transmission. Diagnosis confirmed component failure; full assembly replacement completed under warranty per applicable TSB. Vehicle line C346N FOCUS [12-18]. [synthetic sanitized narrative]",1742.78,7.1,3936
38072465,"Customer reports concern related to clutch, replace clutch, transmission. Diagnosis performed; minor repair/reseal completed under warranty per applicable TSB. Vehicle line C346N FOCUS [12-18]. [synthetic sanitized narrative]",767.7,5.0,3936
42633809,"Customer reports concern related to clutch, replace clutch, transmission. Diagnosis confirmed component failure; full assembly replacement completed under warranty per applicable TSB. Vehicle line C346N FOCUS [12-18]. [synthetic sanitized narrative]",1601.96,9.4,3936
37681485,"Customer reports concern related to clutch, replace clutch, transmission. Diagnosis performed; minor repair/reseal completed under warranty per applicable TSB. Vehicle line C346N FOCUS [12-18]. [synthetic sanitized narrative]",1257.76,8.5,3936
42427804,"Customer reports concern related to clutch, replace clutch, transmission. Diagnosis performed; minor repair/reseal completed under warranty per applicable TSB. Vehicle line C346N FOCUS [12-18]. [synthetic sanitized narrative]",859.3,5.8,3936
37697457,"Customer reports concern related to water pump, water, pump. Diagnosis confirmed component failure; full assembly replacement completed under warranty per applicable TSB. Vehicle line U502N EXPLORER [11-19]. [synthetic sanitized narrative]",1895.89,13.5,53967
42806347,"Customer reports concern related to oil, oil pan, pan. Diagnosis confirmed component failure; full assembly replacement completed under warranty per applicable TSB. Vehicle line P558N SUPER DUTY [17-22]. [synthetic sanitized narrative]",5421.01,28.4,40109
42839056,"Customer reports concern related to long block, block, long. Diagnosis performed; minor repair/reseal completed under warranty per applicable TSB. Vehicle line P552N F-150 [15-20]. [synthetic sanitized narrative]",8391.71,17.8,32954
40688467,"Customer reports concern related to clutch, replace clutch, transmission. Diagnosis performed; minor repair/reseal completed under warranty per applicable TSB. Vehicle line C346N FOCUS [12-18]. [synthetic sanitized narrative]",1222.54,6.4,3936
37527463,"Customer reports concern related to water pump, water, pump. Diagnosis performed; minor repair/reseal completed under warranty per applicable TSB. Vehicle line U502N EXPLORER [11-19]. [synthetic sanitized narrative]",879.73,18.0,53967
42535280,"Customer reports concern related to clutch, replace clutch, transmission. Diagnosis confirmed component failure; full assembly replacement completed under warranty per applicable TSB. Vehicle line C346N FOCUS [12-18]. [synthetic sanitized narrative]",1577.61,6.6,3936
37338588,"Customer reports concern related to clutch, replace clutch, transmission. Diagnosis performed; minor repair/reseal completed under warranty per applicable TSB. Vehicle line C346N FOCUS [12-18]. [synthetic sanitized narrative]",1388.25,6.2,3936
42416456,"Customer reports concern related to clutch, replace clutch, transmission. Diagnosis confirmed component failure; full assembly replacement completed under warranty per applicable TSB. Vehicle line C346N FOCUS [12-18]. [synthetic sanitized narrative]",2380.53,8.8,3936
40757488,"Customer reports concern related to oil, oil pan, pan. Diagnosis performed; minor repair/reseal completed under warranty per applicable TSB. Vehicle line P558N SUPER DUTY [17-22]. [synthetic sanitized narrative]",1843.76,13.3,40109
42497953,"Customer reports concern related to clutch, replace clutch, transmission. Diagnosis performed; minor repair/reseal completed under warranty per applicable TSB. Vehicle line C346N FOCUS [12-18]. [synthetic sanitized narrative]",1431.37,10.3,3936
43116721,"Customer reports concern related to water pump, water, pump. Diagnosis confirmed component failure; full assembly replacement completed under warranty per applicable TSB. Vehicle line U502N EXPLORER [11-19]. [synthetic sanitized narrative]",3636.78,17.6,53967
41962457,"Customer reports concern related to clutch, replace clutch, transmission. Diagnosis performed; minor repair/reseal completed under warranty per applicable TSB. Vehicle line C346N FOCUS [12-18]. [synthetic sanitized narrative]",1011.28,6.1,3936
37488466,"Customer reports concern related to clutch, replace clutch, transmission. Diagnosis performed; minor repair/reseal completed under warranty per applicable TSB. Vehicle line C346N FOCUS [12-18]. [synthetic sanitized narrative]",1078.09,5.8,3936
37378468,"Customer reports concern related to water pump, water, pump. Diagnosis confirmed component failure; full assembly replacement completed under warranty per applicable TSB. Vehicle line U502N EXPLORER [11-19]. [synthetic sanitized narrative]",2761.4,17.2,53967
40190478,"Customer reports concern related to clutch, replace clutch, transmission. Diagnosis confirmed component failure; full assembly replacement completed under warranty per applicable TSB. Vehicle line C346N FOCUS [12-18]. [synthetic sanitized narrative]",1539.48,5.8,3936
42635269,"Customer reports concern related to transmission, repair, fluid. Diagnosis confirmed component failure; full assembly replacement completed under warranty per applicable TSB. Vehicle line V408E TRANSIT CONNECT [13-24]. [synthetic sanitized narrative]",4280.76,20.6,71778
42545605,"Customer reports concern related to clutch, replace clutch, transmission. Diagnosis performed; minor repair/reseal completed under warranty per applicable TSB. Vehicle line C346N FOCUS [12-18]. [synthetic sanitized narrative]",1514.19,6.9,3936
43087320,"Customer reports concern related to rattle, phasers, cam. Diagnosis confirmed component failure; full assembly replacement completed under warranty per applicable TSB. Vehicle line P552N F-150 [15-20]. [synthetic sanitized narrative]",5026.98,24.7,33030
39764502,"Customer reports concern related to water pump, water, pump. Diagnosis confirmed component failure; full assembly replacement completed under warranty per applicable TSB. Vehicle line U502N EXPLORER [11-19]. [synthetic sanitized narrative]",1788.25,10.8,53967
39491456,"Customer reports concern related to clutch, replace clutch, transmission. Diagnosis performed; minor repair/reseal completed under warranty per applicable TSB. Vehicle line C346N FOCUS [12-18]. [synthetic sanitized narrative]",1116.95,6.7,3936
42589644,"Customer reports concern related to oil, oil pan, pan. Diagnosis confirmed component failure; full assembly replacement completed under warranty per applicable TSB. Vehicle line P558N SUPER DUTY [17-22]. [synthetic sanitized narrative]",5479.39,20.3,40109
40259479,"Customer reports concern related to clutch, replace clutch, transmission. Diagnosis performed; minor repair/reseal completed under warranty per applicable TSB. Vehicle line C346N FOCUS [12-18]. [synthetic sanitized narrative]",1066.82,6.3,3936
39121502,"Customer reports concern related to clutch, replace clutch, transmission. Diagnosis confirmed component failure; full assembly replacement completed under warranty per applicable TSB. Vehicle line C346N FOCUS [12-18]. [synthetic sanitized narrative]",2229.56,8.3,3936
42496111,"Customer reports concern related to clutch, replace clutch, transmission. Diagnosis performed; minor repair/reseal completed under warranty per applicable TSB. Vehicle line C346N FOCUS [12-18]. [synthetic sanitized narrative]",1376.98,5.8,3936
40856458,"Customer reports concern related to water pump, water, pump. Diagnosis confirmed component failure; full assembly replacement completed under warranty per applicable TSB. Vehicle line U502N EXPLORER [11-19]. [synthetic sanitized narrative]",6233.86,29.0,53967
42515886,"Customer reports concern related to clutch, replace clutch, transmission. Diagnosis performed; minor repair/reseal completed under warranty per applicable TSB. Vehicle line C346N FOCUS [12-18]. [synthetic sanitized narrative]",1422.54,6.8,3936
36843469,"Customer reports concern related to water pump, water, pump. Diagnosis confirmed component failure; full assembly replacement completed under warranty per applicable TSB. Vehicle line U502N EXPLORER [11-19]. [synthetic sanitized narrative]",1820.71,12.2,53967
42412779,"Customer reports concern related to clutch, replace clutch, transmission. Diagnosis performed; minor repair/reseal completed under warranty per applicable TSB. Vehicle line C346N FOCUS [12-18]. [synthetic sanitized narrative]",1367.55,6.4,3936
40273496,"Customer reports concern related to clutch, replace clutch, transmission. Diagnosis confirmed component failure; full assembly replacement completed under warranty per applicable TSB. Vehicle line C346N FOCUS [12-18]. [synthetic sanitized narrative]",2206.85,8.8,3936
42672177,"Customer reports concern related to oil, oil pan, pan. Diagnosis performed; minor repair/reseal completed under warranty per applicable TSB. Vehicle line P558N SUPER DUTY [17-22]. [synthetic sanitized narrative]",1679.09,12.4,40109
42655240,"Customer reports concern related to water pump, water, pump. Diagnosis confirmed component failure; full assembly replacement completed under warranty per applicable TSB. Vehicle line U502N EXPLORER [11-19]. [synthetic sanitized narrative]",1988.35,12.0,53967
43074587,"Customer reports concern related to transmission, repair, fluid. Diagnosis performed; minor repair/reseal completed under warranty per applicable TSB. Vehicle line V408E TRANSIT CONNECT [13-24]. [synthetic sanitized narrative]",2997.94,16.9,71778
42896308,"Customer reports concern related to transmission, repair, fluid. Diagnosis confirmed component failure; full assembly replacement completed under warranty per applicable TSB. Vehicle line V408E TRANSIT CONNECT [13-24]. [synthetic sanitized narrative]",3741.62,16.9,71778
39510452,"Customer reports concern related to oil, oil pan, pan. Diagnosis performed; minor repair/reseal completed under warranty per applicable TSB. Vehicle line P558N SUPER DUTY [17-22]. [synthetic sanitized narrative]",41.11,0.4,40109
42605436,"Customer reports concern related to long block, block, long. Diagnosis performed; minor repair/reseal completed under warranty per applicable TSB. Vehicle line CD539N EDGE [15-24]. [synthetic sanitized narrative]",3780.93,16.3,14641
40850497,"Customer reports concern related to long block, block, long. Diagnosis confirmed component failure; full assembly replacement completed under warranty per applicable TSB. Vehicle line CD539N EDGE [15-24]. [synthetic sanitized narrative]",4612.47,17.3,14641
42674196,"Customer reports concern related to long block, block, long. Diagnosis performed; minor repair/reseal completed under warranty per applicable TSB. Vehicle line CD539N EDGE [15-24]. [synthetic sanitized narrative]",4147.32,14.7,14641
39149534,"Customer reports concern related to water pump, water, pump. Diagnosis performed; minor repair/reseal completed under warranty per applicable TSB. Vehicle line U502N EXPLORER [11-19]. [synthetic sanitized narrative]",1340.06,11.7,53967
41794455,"Customer reports concern related to long block, block, long. Diagnosis confirmed component failure; full assembly replacement completed under warranty per applicable TSB. Vehicle line CD539N EDGE [15-24]. [synthetic sanitized narrative]",4692.41,13.9,14641
42959554,"Customer reports concern related to long block, block, long. Diagnosis performed; minor repair/reseal completed under warranty per applicable TSB. Vehicle line P552N F-150 [15-20]. [synthetic sanitized narrative]",7657.86,19.7,32954
42952428,"Customer reports concern related to oil, oil pan, pan. Diagnosis confirmed component failure; full assembly replacement completed under warranty per applicable TSB. Vehicle line P558N SUPER DUTY [17-22]. [synthetic sanitized narrative]",2317.51,11.9,40109
42742124,"Customer reports concern related to transmission, repair, fluid. Diagnosis confirmed component failure; full assembly replacement completed under warranty per applicable TSB. Vehicle line V408E TRANSIT CONNECT [13-24]. [synthetic sanitized narrative]",3506.27,16.9,71778
42711796,"Customer reports concern related to oil, oil pan, pan. Diagnosis confirmed component failure; full assembly replacement completed under warranty per applicable TSB. Vehicle line P558N SUPER DUTY [17-22]. [synthetic sanitized narrative]",11203.61,30.0,40109
39560498,"Customer reports concern related to long block, block, long. Diagnosis performed; minor repair/reseal completed under warranty per applicable TSB. Vehicle line P552N F-150 [15-20]. [synthetic sanitized narrative]",107.4,0.4,32954
42686707,"Customer reports concern related to long block, block, long. Diagnosis confirmed component failure; full assembly replacement completed under warranty per applicable TSB. Vehicle line CD539N EDGE [15-24]. [synthetic sanitized narrative]",6721.58,21.2,14641
43125923,"Customer reports concern related to long block, block, long. Diagnosis confirmed component failure; full assembly replacement completed under warranty per applicable TSB. Vehicle line P552N F-150 [15-20]. [synthetic sanitized narrative]",14121.82,43.6,32954
42816441,"Customer reports concern related to long block, block, long. Diagnosis performed; minor repair/reseal completed under warranty per applicable TSB. Vehicle line CD539N EDGE [15-24]. [synthetic sanitized narrative]",3881.8,15.2,14641
42587812,"Customer reports concern related to long block, block, long. Diagnosis performed; minor repair/reseal completed under warranty per applicable TSB. Vehicle line CD539N EDGE [15-24]. [synthetic sanitized narrative]",3111.94,13.4,14641
42651227,"Customer reports concern related to long block, block, long. Diagnosis confirmed component failure; full assembly replacement completed under warranty per applicable TSB. Vehicle line CD539N EDGE [15-24]. [synthetic sanitized narrative]",4766.05,14.0,14641
37600455,"Customer reports concern related to long block, block, long. Diagnosis performed; minor repair/reseal completed under warranty per applicable TSB. Vehicle line CD539N EDGE [15-24]. [synthetic sanitized narrative]",4408.56,15.0,14641
38907637,"Customer reports concern related to long block, block, long. Diagnosis performed; minor repair/reseal completed under warranty per applicable TSB. Vehicle line CD539N EDGE [15-24]. [synthetic sanitized narrative]",3438.04,15.8,14641
39371451,"Customer reports concern related to long block, block, long. Diagnosis confirmed component failure; full assembly replacement completed under warranty per applicable TSB. Vehicle line CD539N EDGE [15-24]. [synthetic sanitized narrative]",5544.48,14.9,14641
42697197,"Customer reports concern related to long block, block, long. Diagnosis performed; minor repair/reseal completed under warranty per applicable TSB. Vehicle line CD539N EDGE [15-24]. [synthetic sanitized narrative]",4379.18,17.8,14641
42845606,"Customer reports concern related to long block, block, long. Diagnosis performed; minor repair/reseal completed under warranty per applicable TSB. Vehicle line CD539N EDGE [15-24]. [synthetic sanitized narrative]",4300.51,15.2,14641
42689046,"Customer reports concern related to long block, block, long. Diagnosis performed; minor repair/reseal completed under warranty per applicable TSB. Vehicle line CD539N EDGE [15-24]. [synthetic sanitized narrative]",4031.52,15.2,14641
43039253,"Customer reports concern related to long block, block, long. Diagnosis confirmed component failure; full assembly replacement completed under warranty per applicable TSB. Vehicle line P552N F-150 [15-20]. [synthetic sanitized narrative]",8826.91,17.1,32954
42884996,"Customer reports concern related to long block, block, long. Diagnosis performed; minor repair/reseal completed under warranty per applicable TSB. Vehicle line CD539N EDGE [15-24]. [synthetic sanitized narrative]",3735.93,15.2,14641
42638515,"Customer reports concern related to long block, block, long. Diagnosis confirmed component failure; full assembly replacement completed under warranty per applicable TSB. Vehicle line P552N F-150 [15-20]. [synthetic sanitized narrative]",9764.37,15.9,32954
42983756,"Customer reports concern related to rattle, phasers, cam. Diagnosis confirmed component failure; full assembly replacement completed under warranty per applicable TSB. Vehicle line P552N F-150 [15-20]. [synthetic sanitized narrative]",2769.75,14.4,33030
43117070,"Customer reports concern related to long block, block, long. Diagnosis performed; minor repair/reseal completed under warranty per applicable TSB. Vehicle line CD539N EDGE [15-24]. [synthetic sanitized narrative]",3893.65,14.0,14641
42417600,"Customer reports concern related to long block, block, long. Diagnosis confirmed component failure; full assembly replacement completed under warranty per applicable TSB. Vehicle line P552N F-150 [15-20]. [synthetic sanitized narrative]",10822.36,25.7,32954
42782045,"Customer reports concern related to long block, block, long. Diagnosis performed; minor repair/reseal completed under warranty per applicable TSB. Vehicle line P552N F-150 [15-20]. [synthetic sanitized narrative]",6538.33,19.2,32954
38472469,"Customer reports concern related to long block, block, long. Diagnosis confirmed component failure; full assembly replacement completed under warranty per applicable TSB. Vehicle line CD539N EDGE [15-24]. [synthetic sanitized narrative]",4663.82,15.8,14641
37348455,"Customer reports concern related to long block, block, long. Diagnosis performed; minor repair/reseal completed under warranty per applicable TSB. Vehicle line CD539N EDGE [15-24]. [synthetic sanitized narrative]",4288.37,15.0,14641
36937458,"Customer reports concern related to long block, block, long. Diagnosis confirmed component failure; full assembly replacement completed under warranty per applicable TSB. Vehicle line CD539N EDGE [15-24]. [synthetic sanitized narrative]",4841.14,13.9,14641
42901181,"Customer reports concern related to long block, block, long. Diagnosis performed; minor repair/reseal completed under warranty per applicable TSB. Vehicle line P552N F-150 [15-20]. [synthetic sanitized narrative]",8443.71,20.3,32954
40056528,"Customer reports concern related to long block, block, long. Diagnosis performed; minor repair/reseal completed under warranty per applicable TSB. Vehicle line CD539N EDGE [15-24]. [synthetic sanitized narrative]",4019.79,15.7,14641
38865456,"Customer reports concern related to long block, block, long. Diagnosis performed; minor repair/reseal completed under warranty per applicable TSB. Vehicle line CD539N EDGE [15-24]. [synthetic sanitized narrative]",3768.96,14.0,14641
42896003,"Customer reports concern related to long block, block, long. Diagnosis performed; minor repair/reseal completed under warranty per applicable TSB. Vehicle line P552N F-150 [15-20]. [synthetic sanitized narrative]",6843.95,17.4,32954
42905550,"Customer reports concern related to long block, block, long. Diagnosis confirmed component failure; full assembly replacement completed under warranty per applicable TSB. Vehicle line CD539N EDGE [15-24]. [synthetic sanitized narrative]",4903.33,14.8,14641
42611582,"Customer reports concern related to long block, block, long. Diagnosis performed; minor repair/reseal completed under warranty per applicable TSB. Vehicle line CD539N EDGE [15-24]. [synthetic sanitized narrative]",3749.32,15.2,14641
42443682,"Customer reports concern related to long block, block, long. Diagnosis performed; minor repair/reseal completed under warranty per applicable TSB. Vehicle line CD539N EDGE [15-24]. [synthetic sanitized narrative]",3805.85,14.0,14641
42588588,"Customer reports concern related to long block, block, long. Diagnosis confirmed component failure; full assembly replacement completed under warranty per applicable TSB. Vehicle line CD539N EDGE [15-24]. [synthetic sanitized narrative]",5330.63,15.2,14641
43000253,"Customer reports concern related to long block, block, long. Diagnosis performed; minor repair/reseal completed under warranty per applicable TSB. Vehicle line CD539N EDGE [15-24]. [synthetic sanitized narrative]",3846.82,14.0,14641
42991771,"Customer reports concern related to long block, block, long. Diagnosis performed; minor repair/reseal completed under warranty per applicable TSB. Vehicle line CD539N EDGE [15-24]. [synthetic sanitized narrative]",3712.09,15.8,14641
42604116,"Customer reports concern related to long block, block, long. Diagnosis confirmed component failure; full assembly replacement completed under warranty per applicable TSB. Vehicle line CD539N EDGE [15-24]. [synthetic sanitized narrative]",5289.22,15.2,14641
42926991,"Customer reports concern related to long block, block, long. Diagnosis confirmed component failure; full assembly replacement completed under warranty per applicable TSB. Vehicle line P552N F-150 [15-20]. [synthetic sanitized narrative]",10602.5,14.0,32954
42637504,"Customer reports concern related to long block, block, long. Diagnosis performed; minor repair/reseal completed under warranty per applicable TSB. Vehicle line CD539N EDGE [15-24]. [synthetic sanitized narrative]",3864.51,15.8,14641
42494997,"Customer reports concern related to long block, block, long. Diagnosis performed; minor repair/reseal completed under warranty per applicable TSB. Vehicle line CD539N EDGE [15-24]. [synthetic sanitized narrative]",3520.82,13.4,14641
39143524,"Customer reports concern related to long block, block, long. Diagnosis performed; minor repair/reseal completed under warranty per applicable TSB. Vehicle line CD539N EDGE [15-24]. [synthetic sanitized narrative]",3664.71,14.0,14641
42712898,"Customer reports concern related to long block, block, long. Diagnosis performed; minor repair/reseal completed under warranty per applicable TSB. Vehicle line CD539N EDGE [15-24]. [synthetic sanitized narrative]",3920.73,15.2,14641
40122472,"Customer reports concern related to long block, block, long. Diagnosis performed; minor repair/reseal completed under warranty per applicable TSB. Vehicle line CD539N EDGE [15-24]. [synthetic sanitized narrative]",4276.4,13.4,14641
39961457,"Customer reports concern related to long block, block, long. Diagnosis performed; minor repair/reseal completed under warranty per applicable TSB. Vehicle line CD539N EDGE [15-24]. [synthetic sanitized narrative]",4478.32,15.2,14641
38767481,"Customer reports concern related to long block, block, long. Diagnosis confirmed component failure; full assembly replacement completed under warranty per applicable TSB. Vehicle line CD539N EDGE [15-24]. [synthetic sanitized narrative]",5421.17,13.4,14641
43073293,"Customer reports concern related to long block, block, long. Diagnosis confirmed component failure; full assembly replacement completed under warranty per applicable TSB. Vehicle line P552N F-150 [15-20]. [synthetic sanitized narrative]",13697.13,16.8,32954
42356457,"Customer reports concern related to long block, block, long. Diagnosis confirmed component failure; full assembly replacement completed under warranty per applicable TSB. Vehicle line CD539N EDGE [15-24]. [synthetic sanitized narrative]",4700.45,15.2,14641
42734232,"Customer reports concern related to long block, block, long. Diagnosis performed; minor repair/reseal completed under warranty per applicable TSB. Vehicle line CD539N EDGE [15-24]. [synthetic sanitized narrative]",4089.2,15.8,14641
39062541,"Customer reports concern related to long block, block, long. Diagnosis confirmed component failure; full assembly replacement completed under warranty per applicable TSB. Vehicle line P552N F-150 [15-20]. [synthetic sanitized narrative]",8794.6,16.1,32954
42516585,"Customer reports concern related to long block, block, long. Diagnosis confirmed component failure; full assembly replacement completed under warranty per applicable TSB. Vehicle line CD539N EDGE [15-24]. [synthetic sanitized narrative]",5198.45,16.0,14641
42794831,"Customer reports concern related to long block, block, long. Diagnosis performed; minor repair/reseal completed under warranty per applicable TSB. Vehicle line CD539N EDGE [15-24]. [synthetic sanitized narrative]",4280.12,15.2,14641
41562525,"Customer reports concern related to rattle, phasers, cam. Diagnosis performed; minor repair/reseal completed under warranty per applicable TSB. Vehicle line P552N F-150 [15-20]. [synthetic sanitized narrative]",1524.9,9.6,33030
39722548,"Customer reports concern related to rattle, phasers, cam. Diagnosis performed; minor repair/reseal completed under warranty per applicable TSB. Vehicle line P552N F-150 [15-20]. [synthetic sanitized narrative]",1409.24,9.6,33030
39762458,"Customer reports concern related to rattle, phasers, cam. Diagnosis performed; minor repair/reseal completed under warranty per applicable TSB. Vehicle line P552N F-150 [15-20]. [synthetic sanitized narrative]",1403.83,10.8,33030
42759508,"Customer reports concern related to rattle, phasers, cam. Diagnosis performed; minor repair/reseal completed under warranty per applicable TSB. Vehicle line P552N F-150 [15-20]. [synthetic sanitized narrative]",1364.81,9.6,33030
36920465,"Customer reports concern related to rattle, phasers, cam. Diagnosis confirmed component failure; full assembly replacement completed under warranty per applicable TSB. Vehicle line P552N F-150 [15-20]. [synthetic sanitized narrative]",2781.36,11.5,33030
38630458,"Customer reports concern related to rattle, phasers, cam. Diagnosis performed; minor repair/reseal completed under warranty per applicable TSB. Vehicle line P552N F-150 [15-20]. [synthetic sanitized narrative]",1733.13,6.8,33030
42458601,"Customer reports concern related to rattle, phasers, cam. Diagnosis performed; minor repair/reseal completed under warranty per applicable TSB. Vehicle line P552N F-150 [15-20]. [synthetic sanitized narrative]",1300.28,9.6,33030
40514476,"Customer reports concern related to rattle, phasers, cam. Diagnosis performed; minor repair/reseal completed under warranty per applicable TSB. Vehicle line P552N F-150 [15-20]. [synthetic sanitized narrative]",986.75,4.3,33030
39182479,"Customer reports concern related to rattle, phasers, cam. Diagnosis performed; minor repair/reseal completed under warranty per applicable TSB. Vehicle line P552N F-150 [15-20]. [synthetic sanitized narrative]",1406.82,9.6,33030
43025180,"Customer reports concern related to rattle, phasers, cam. Diagnosis performed; minor repair/reseal completed under warranty per applicable TSB. Vehicle line P552N F-150 [15-20]. [synthetic sanitized narrative]",1553.76,9.6,33030
42775716,"Customer reports concern related to rattle, phasers, cam. Diagnosis confirmed component failure; full assembly replacement completed under warranty per applicable TSB. Vehicle line P552N F-150 [15-20]. [synthetic sanitized narrative]",2033.27,9.4,33030
38692452,"Customer reports concern related to rattle, phasers, cam. Diagnosis performed; minor repair/reseal completed under warranty per applicable TSB. Vehicle line P552N F-150 [15-20]. [synthetic sanitized narrative]",1783.37,10.5,33030
38244492,"Customer reports concern related to rattle, phasers, cam. Diagnosis performed; minor repair/reseal completed under warranty per applicable TSB. Vehicle line P552N F-150 [15-20]. [synthetic sanitized narrative]",1608.92,9.7,33030
43071880,"Customer reports concern related to rattle, phasers, cam. Diagnosis confirmed component failure; full assembly replacement completed under warranty per applicable TSB. Vehicle line P552N F-150 [15-20]. [synthetic sanitized narrative]",2187.85,11.0,33030
42727492,"Customer reports concern related to rattle, phasers, cam. Diagnosis performed; minor repair/reseal completed under warranty per applicable TSB. Vehicle line P552N F-150 [15-20]. [synthetic sanitized narrative]",1340.04,9.6,33030
42961495,"Customer reports concern related to rattle, phasers, cam. Diagnosis performed; minor repair/reseal completed under warranty per applicable TSB. Vehicle line P552N F-150 [15-20]. [synthetic sanitized narrative]",1866.02,14.4,33030
42947176,"Customer reports concern related to rattle, phasers, cam. Diagnosis confirmed component failure; full assembly replacement completed under warranty per applicable TSB. Vehicle line P552N F-150 [15-20]. [synthetic sanitized narrative]",3027.61,11.7,33030
42315460,"Customer reports concern related to rattle, phasers, cam. Diagnosis performed; minor repair/reseal completed under warranty per applicable TSB. Vehicle line P552N F-150 [15-20]. [synthetic sanitized narrative]",1639.23,9.6,33030
41582495,"Customer reports concern related to rattle, phasers, cam. Diagnosis performed; minor repair/reseal completed under warranty per applicable TSB. Vehicle line P552N F-150 [15-20]. [synthetic sanitized narrative]",1798.17,11.0,33030
42569627,"Customer reports concern related to rattle, phasers, cam. Diagnosis performed; minor repair/reseal completed under warranty per applicable TSB. Vehicle line P552N F-150 [15-20]. [synthetic sanitized narrative]",1631.29,9.6,33030
38911484,"Customer reports concern related to rattle, phasers, cam. Diagnosis performed; minor repair/reseal completed under warranty per applicable TSB. Vehicle line P552N F-150 [15-20]. [synthetic sanitized narrative]",1481.77,9.6,33030
42973188,"Customer reports concern related to rattle, phasers, cam. Diagnosis confirmed component failure; full assembly replacement completed under warranty per applicable TSB. Vehicle line P552N F-150 [15-20]. [synthetic sanitized narrative]",2022.19,7.8,33030
42934609,"Customer reports concern related to rattle, phasers, cam. Diagnosis performed; minor repair/reseal completed under warranty per applicable TSB. Vehicle line P552N F-150 [15-20]. [synthetic sanitized narrative]",1722.82,9.6,33030
42664041,"Customer reports concern related to rattle, phasers, cam. Diagnosis performed; minor repair/reseal completed under warranty per applicable TSB. Vehicle line P552N F-150 [15-20]. [synthetic sanitized narrative]",1132.8,9.6,33030
43078598,"Customer reports concern related to rattle, phasers, cam. Diagnosis confirmed component failure; full assembly replacement completed under warranty per applicable TSB. Vehicle line P552N F-150 [15-20]. [synthetic sanitized narrative]",4996.48,22.0,33030
42659056,"Customer reports concern related to rattle, phasers, cam. Diagnosis performed; minor repair/reseal completed under warranty per applicable TSB. Vehicle line P552N F-150 [15-20]. [synthetic sanitized narrative]",1651.67,9.6,33030
42459709,"Customer reports concern related to rattle, phasers, cam. Diagnosis performed; minor repair/reseal completed under warranty per applicable TSB. Vehicle line P552N F-150 [15-20]. [synthetic sanitized narrative]",1458.87,9.6,33030
37509457,"Customer reports concern related to water pump, water, pump. Diagnosis confirmed component failure; full assembly replacement completed under warranty per applicable TSB. Vehicle line U502N EXPLORER [11-19]. [synthetic sanitized narrative]",1923.21,10.3,53967
42739491,"Customer reports concern related to rattle, phasers, cam. Diagnosis performed; minor repair/reseal completed under warranty per applicable TSB. Vehicle line P552N F-150 [15-20]. [synthetic sanitized narrative]",1427.78,9.6,33030
42394707,"Customer reports concern related to rattle, phasers, cam. Diagnosis confirmed component failure; full assembly replacement completed under warranty per applicable TSB. Vehicle line P552N F-150 [15-20]. [synthetic sanitized narrative]",3595.06,21.8,33030
41786483,"Customer reports concern related to water pump, water, pump. Diagnosis confirmed component failure; full assembly replacement completed under warranty per applicable TSB. Vehicle line U502N EXPLORER [11-19]. [synthetic sanitized narrative]",2505.67,17.6,53967
43004019,"Customer reports concern related to oil, oil pan, pan. Diagnosis confirmed component failure; full assembly replacement completed under warranty per applicable TSB. Vehicle line P558N SUPER DUTY [17-22]. [synthetic sanitized narrative]",9189.79,25.3,40109
42297492,"Customer reports concern related to oil, oil pan, pan. Diagnosis performed; minor repair/reseal completed under warranty per applicable TSB. Vehicle line P558N SUPER DUTY [17-22]. [synthetic sanitized narrative]",1569.57,13.7,40109
42732184,"Customer reports concern related to oil, oil pan, pan. Diagnosis confirmed component failure; full assembly replacement completed under warranty per applicable TSB. Vehicle line P558N SUPER DUTY [17-22]. [synthetic sanitized narrative]",2384.33,12.9,40109
42732870,"Customer reports concern related to oil, oil pan, pan. Diagnosis performed; minor repair/reseal completed under warranty per applicable TSB. Vehicle line P558N SUPER DUTY [17-22]. [synthetic sanitized narrative]",1436.59,10.1,40109
42811525,"Customer reports concern related to oil, oil pan, pan. Diagnosis performed; minor repair/reseal completed under warranty per applicable TSB. Vehicle line P558N SUPER DUTY [17-22]. [synthetic sanitized narrative]",1853.79,10.7,40109
39016916,"Customer reports concern related to oil, oil pan, pan. Diagnosis performed; minor repair/reseal completed under warranty per applicable TSB. Vehicle line P558N SUPER DUTY [17-22]. [synthetic sanitized narrative]",1545.4,10.6,40109
42623145,"Customer reports concern related to oil, oil pan, pan. Diagnosis confirmed component failure; full assembly replacement completed under warranty per applicable TSB. Vehicle line P558N SUPER DUTY [17-22]. [synthetic sanitized narrative]",4024.97,24.8,40109
42739943,"Customer reports concern related to oil, oil pan, pan. Diagnosis performed; minor repair/reseal completed under warranty per applicable TSB. Vehicle line P558N SUPER DUTY [17-22]. [synthetic sanitized narrative]",1142.9,10.2,40109
42586744,"Customer reports concern related to oil, oil pan, pan. Diagnosis performed; minor repair/reseal completed under warranty per applicable TSB. Vehicle line P558N SUPER DUTY [17-22]. [synthetic sanitized narrative]",1586.24,10.2,40109
42516386,"Customer reports concern related to oil, oil pan, pan. Diagnosis performed; minor repair/reseal completed under warranty per applicable TSB. Vehicle line P558N SUPER DUTY [17-22]. [synthetic sanitized narrative]",1524.22,10.2,40109
40277520,"Customer reports concern related to oil, oil pan, pan. Diagnosis performed; minor repair/reseal completed under warranty per applicable TSB. Vehicle line P558N SUPER DUTY [17-22]. [synthetic sanitized narrative]",1694.57,10.2,40109
43016784,"Customer reports concern related to oil, oil pan, pan. Diagnosis performed; minor repair/reseal completed under warranty per applicable TSB. Vehicle line P558N SUPER DUTY [17-22]. [synthetic sanitized narrative]",1379.04,10.4,40109
39764477,"Customer reports concern related to oil, oil pan, pan. Diagnosis confirmed component failure; full assembly replacement completed under warranty per applicable TSB. Vehicle line P558N SUPER DUTY [17-22]. [synthetic sanitized narrative]",3192.22,15.5,40109
42613231,"Customer reports concern related to oil, oil pan, pan. Diagnosis performed; minor repair/reseal completed under warranty per applicable TSB. Vehicle line P558N SUPER DUTY [17-22]. [synthetic sanitized narrative]",1525.46,10.9,40109
42984465,"Customer reports concern related to oil, oil pan, pan. Diagnosis performed; minor repair/reseal completed under warranty per applicable TSB. Vehicle line P558N SUPER DUTY [17-22]. [synthetic sanitized narrative]",1345.14,11.0,40109
42412800,"Customer reports concern related to oil, oil pan, pan. Diagnosis confirmed component failure; full assembly replacement completed under warranty per applicable TSB. Vehicle line P558N SUPER DUTY [17-22]. [synthetic sanitized narrative]",1938.26,11.1,40109
40443458,"Customer reports concern related to oil, oil pan, pan. Diagnosis performed; minor repair/reseal completed under warranty per applicable TSB. Vehicle line P558N SUPER DUTY [17-22]. [synthetic sanitized narrative]",1726.92,10.6,40109
37000496,"Customer reports concern related to oil, oil pan, pan. Diagnosis performed; minor repair/reseal completed under warranty per applicable TSB. Vehicle line P558N SUPER DUTY [17-22]. [synthetic sanitized narrative]",1041.89,10.2,40109
42854334,"Customer reports concern related to oil, oil pan, pan. Diagnosis confirmed component failure; full assembly replacement completed under warranty per applicable TSB. Vehicle line P558N SUPER DUTY [17-22]. [synthetic sanitized narrative]",2629.65,12.8,40109
43138827,"Customer reports concern related to oil, oil pan, pan. Diagnosis performed; minor repair/reseal completed under warranty per applicable TSB. Vehicle line P558N SUPER DUTY [17-22]. [synthetic sanitized narrative]",1736.23,11.6,40109
42798534,"Customer reports concern related to oil, oil pan, pan. Diagnosis performed; minor repair/reseal completed under warranty per applicable TSB. Vehicle line P558N SUPER DUTY [17-22]. [synthetic sanitized narrative]",1898.69,11.3,40109
40821473,"Customer reports concern related to oil, oil pan, pan. Diagnosis performed; minor repair/reseal completed under warranty per applicable TSB. Vehicle line P558N SUPER DUTY [17-22]. [synthetic sanitized narrative]",1516.78,12.7,40109
39373478,"Customer reports concern related to oil, oil pan, pan. Diagnosis performed; minor repair/reseal completed under warranty per applicable TSB. Vehicle line P558N SUPER DUTY [17-22]. [synthetic sanitized narrative]",1125.08,10.2,40109
42885504,"Customer reports concern related to oil, oil pan, pan. Diagnosis confirmed component failure; full assembly replacement completed under warranty per applicable TSB. Vehicle line P558N SUPER DUTY [17-22]. [synthetic sanitized narrative]",2245.99,11.2,40109
42785152,"Customer reports concern related to long block, block, long. Diagnosis confirmed component failure; full assembly replacement completed under warranty per applicable TSB. Vehicle line P552N F-150 [15-20]. [synthetic sanitized narrative]",11217.71,18.9,32954
42841621,"Customer reports concern related to long block, block, long. Diagnosis performed; minor repair/reseal completed under warranty per applicable TSB. Vehicle line P552N F-150 [15-20]. [synthetic sanitized narrative]",7920.41,15.3,32954
42965882,"Customer reports concern related to long block, block, long. Diagnosis confirmed component failure; full assembly replacement completed under warranty per applicable TSB. Vehicle line P552N F-150 [15-20]. [synthetic sanitized narrative]",11310.2,17.8,32954
42919406,"Customer reports concern related to long block, block, long. Diagnosis confirmed component failure; full assembly replacement completed under warranty per applicable TSB. Vehicle line P552N F-150 [15-20]. [synthetic sanitized narrative]",10681.26,15.9,32954
42826713,"Customer reports concern related to long block, block, long. Diagnosis confirmed component failure; full assembly replacement completed under warranty per applicable TSB. Vehicle line P552N F-150 [15-20]. [synthetic sanitized narrative]",8993.73,20.5,32954
42803615,"Customer reports concern related to long block, block, long. Diagnosis performed; minor repair/reseal completed under warranty per applicable TSB. Vehicle line P552N F-150 [15-20]. [synthetic sanitized narrative]",8031.28,15.0,32954
42635585,"Customer reports concern related to long block, block, long. Diagnosis confirmed component failure; full assembly replacement completed under warranty per applicable TSB. Vehicle line P552N F-150 [15-20]. [synthetic sanitized narrative]",10614.2,15.4,32954
42552362,"Customer reports concern related to long block, block, long. Diagnosis confirmed component failure; full assembly replacement completed under warranty per applicable TSB. Vehicle line P552N F-150 [15-20]. [synthetic sanitized narrative]",9138.46,15.3,32954
42811651,"Customer reports concern related to long block, block, long. Diagnosis performed; minor repair/reseal completed under warranty per applicable TSB. Vehicle line P552N F-150 [15-20]. [synthetic sanitized narrative]",8212.82,17.8,32954
42941924,"Customer reports concern related to long block, block, long. Diagnosis performed; minor repair/reseal completed under warranty per applicable TSB. Vehicle line P552N F-150 [15-20]. [synthetic sanitized narrative]",7367.33,14.6,32954
42997492,"Customer reports concern related to long block, block, long. Diagnosis confirmed component failure; full assembly replacement completed under warranty per applicable TSB. Vehicle line P552N F-150 [15-20]. [synthetic sanitized narrative]",9352.95,21.9,32954
42871114,"Customer reports concern related to long block, block, long. Diagnosis performed; minor repair/reseal completed under warranty per applicable TSB. Vehicle line P552N F-150 [15-20]. [synthetic sanitized narrative]",6872.66,19.8,32954
43139148,"Customer reports concern related to long block, block, long. Diagnosis confirmed component failure; full assembly replacement completed under warranty per applicable TSB. Vehicle line P552N F-150 [15-20]. [synthetic sanitized narrative]",11271.76,21.1,32954
43114615,"Customer reports concern related to long block, block, long. Diagnosis confirmed component failure; full assembly replacement completed under warranty per applicable TSB. Vehicle line P552N F-150 [15-20]. [synthetic sanitized narrative]",10336.09,15.2,32954
43043519,"Customer reports concern related to long block, block, long. Diagnosis performed; minor repair/reseal completed under warranty per applicable TSB. Vehicle line P552N F-150 [15-20]. [synthetic sanitized narrative]",7750.22,12.7,32954
40176641,"Customer reports concern related to long block, block, long. Diagnosis performed; minor repair/reseal completed under warranty per applicable TSB. Vehicle line P552N F-150 [15-20]. [synthetic sanitized narrative]",7447.73,23.8,32954
43080937,"Customer reports concern related to long block, block, long. Diagnosis performed; minor repair/reseal completed under warranty per applicable TSB. Vehicle line P552N F-150 [15-20]. [synthetic sanitized narrative]",8296.34,13.3,32954
42992763,"Customer reports concern related to long block, block, long. Diagnosis confirmed component failure; full assembly replacement completed under warranty per applicable TSB. Vehicle line P552N F-150 [15-20]. [synthetic sanitized narrative]",12118.4,14.9,32954
42502810,"Customer reports concern related to long block, block, long. Diagnosis confirmed component failure; full assembly replacement completed under warranty per applicable TSB. Vehicle line P552N F-150 [15-20]. [synthetic sanitized narrative]",17285.51,21.3,32954
43099370,"Customer reports concern related to long block, block, long. Diagnosis performed; minor repair/reseal completed under warranty per applicable TSB. Vehicle line P552N F-150 [15-20]. [synthetic sanitized narrative]",8747.4,14.4,32954
39265580,"Customer reports concern related to rattle, phasers, cam. Diagnosis performed; minor repair/reseal completed under warranty per applicable TSB. Vehicle line P552N F-150 [15-20]. [synthetic sanitized narrative]",1844.46,10.7,33030
42792114,"Customer reports concern related to oil, oil pan, pan. Diagnosis performed; minor repair/reseal completed under warranty per applicable TSB. Vehicle line P558N SUPER DUTY [17-22]. [synthetic sanitized narrative]",1756.79,11.9,40109
42612892,"Customer reports concern related to long block, block, long. Diagnosis confirmed component failure; full assembly replacement completed under warranty per applicable TSB. Vehicle line CD539N EDGE [15-24]. [synthetic sanitized narrative]",6545.22,18.4,14641
39664490,"Customer reports concern related to water pump, water, pump. Diagnosis performed; minor repair/reseal completed under warranty per applicable TSB. Vehicle line U502N EXPLORER [11-19]. [synthetic sanitized narrative]",1107.28,8.4,53967
42955383,"Customer reports concern related to water pump, water, pump. Diagnosis confirmed component failure; full assembly replacement completed under warranty per applicable TSB. Vehicle line U502N EXPLORER [11-19]. [synthetic sanitized narrative]",3404.31,14.2,53967
42930065,"Customer reports concern related to water pump, water, pump. Diagnosis confirmed component failure; full assembly replacement completed under warranty per applicable TSB. Vehicle line U502N EXPLORER [11-19]. [synthetic sanitized narrative]",3745.89,15.7,53967
38745535,"Customer reports concern related to rattle, phasers, cam. Diagnosis performed; minor repair/reseal completed under warranty per applicable TSB. Vehicle line P552N F-150 [15-20]. [synthetic sanitized narrative]",1907.23,15.5,33030
42832520,"Customer reports concern related to water pump, water, pump. Diagnosis performed; minor repair/reseal completed under warranty per applicable TSB. Vehicle line U502N EXPLORER [11-19]. [synthetic sanitized narrative]",1543.81,8.6,53967
43145862,"Customer reports concern related to water pump, water, pump. Diagnosis confirmed component failure; full assembly replacement completed under warranty per applicable TSB. Vehicle line U502N EXPLORER [11-19]. [synthetic sanitized narrative]",1885.68,10.8,53967
43004950,"Customer reports concern related to water pump, water, pump. Diagnosis confirmed component failure; full assembly replacement completed under warranty per applicable TSB. Vehicle line U502N EXPLORER [11-19]. [synthetic sanitized narrative]",1900.13,8.6,53967
39129472,"Customer reports concern related to water pump, water, pump. Diagnosis performed; minor repair/reseal completed under warranty per applicable TSB. Vehicle line U502N EXPLORER [11-19]. [synthetic sanitized narrative]",1374.76,9.4,53967
43114920,"Customer reports concern related to water pump, water, pump. Diagnosis confirmed component failure; full assembly replacement completed under warranty per applicable TSB. Vehicle line U502N EXPLORER [11-19]. [synthetic sanitized narrative]",2109.64,10.8,53967
40580456,"Customer reports concern related to water pump, water, pump. Diagnosis confirmed component failure; full assembly replacement completed under warranty per applicable TSB. Vehicle line U502N EXPLORER [11-19]. [synthetic sanitized narrative]",1704.74,8.6,53967
39624471,"Customer reports concern related to water pump, water, pump. Diagnosis confirmed component failure; full assembly replacement completed under warranty per applicable TSB. Vehicle line U502N EXPLORER [11-19]. [synthetic sanitized narrative]",1679.84,9.0,53967
39022473,"Customer reports concern related to rattle, phasers, cam. Diagnosis confirmed component failure; full assembly replacement completed under warranty per applicable TSB. Vehicle line P552N F-150 [15-20]. [synthetic sanitized narrative]",2092.1,15.9,33030
38652461,"Customer reports concern related to rattle, phasers, cam. Diagnosis performed; minor repair/reseal completed under warranty per applicable TSB. Vehicle line P552N F-150 [15-20]. [synthetic sanitized narrative]",1734.23,9.9,33030
42594700,"Customer reports concern related to water pump, water, pump. Diagnosis confirmed component failure; full assembly replacement completed under warranty per applicable TSB. Vehicle line U502N EXPLORER [11-19]. [synthetic sanitized narrative]",1970.98,9.8,53967
42587000,"Customer reports concern related to water pump, water, pump. Diagnosis performed; minor repair/reseal completed under warranty per applicable TSB. Vehicle line U502N EXPLORER [11-19]. [synthetic sanitized narrative]",1103.84,8.6,53967
40005471,"Customer reports concern related to water pump, water, pump. Diagnosis performed; minor repair/reseal completed under warranty per applicable TSB. Vehicle line U502N EXPLORER [11-19]. [synthetic sanitized narrative]",1093.37,8.7,53967
42961035,"Customer reports concern related to water pump, water, pump. Diagnosis confirmed component failure; full assembly replacement completed under warranty per applicable TSB. Vehicle line U502N EXPLORER [11-19]. [synthetic sanitized narrative]",1751.53,9.9,53967
42809347,"Customer reports concern related to water pump, water, pump. Diagnosis confirmed component failure; full assembly replacement completed under warranty per applicable TSB. Vehicle line U502N EXPLORER [11-19]. [synthetic sanitized narrative]",1801.43,8.6,53967
42973624,"Customer reports concern related to rattle, phasers, cam. Diagnosis confirmed component failure; full assembly replacement completed under warranty per applicable TSB. Vehicle line P552N F-150 [15-20]. [synthetic sanitized narrative]",2985.93,20.4,33030
41028973,"Customer reports concern related to water pump, water, pump. Diagnosis performed; minor repair/reseal completed under warranty per applicable TSB. Vehicle line U502N EXPLORER [11-19]. [synthetic sanitized narrative]",1100.95,8.8,53967
42533961,"Customer reports concern related to water pump, water, pump. Diagnosis confirmed component failure; full assembly replacement completed under warranty per applicable TSB. Vehicle line U502N EXPLORER [11-19]. [synthetic sanitized narrative]",2417.22,10.8,53967
36756465,"Customer reports concern related to water pump, water, pump. Diagnosis confirmed component failure; full assembly replacement completed under warranty per applicable TSB. Vehicle line U502N EXPLORER [11-19]. [synthetic sanitized narrative]",1698.37,13.8,53967
37271507,"Customer reports concern related to water pump, water, pump. Diagnosis performed; minor repair/reseal completed under warranty per applicable TSB. Vehicle line U502N EXPLORER [11-19]. [synthetic sanitized narrative]",1444.32,9.2,53967
42942685,"Customer reports concern related to rattle, phasers, cam. Diagnosis confirmed component failure; full assembly replacement completed under warranty per applicable TSB. Vehicle line P552N F-150 [15-20]. [synthetic sanitized narrative]",3516.24,20.4,33030
36946470,"Customer reports concern related to water pump, water, pump. Diagnosis performed; minor repair/reseal completed under warranty per applicable TSB. Vehicle line U502N EXPLORER [11-19]. [synthetic sanitized narrative]",1510.32,9.6,53967
39516496,"Customer reports concern related to water pump, water, pump. Diagnosis performed; minor repair/reseal completed under warranty per applicable TSB. Vehicle line U502N EXPLORER [11-19]. [synthetic sanitized narrative]",1088.23,8.6,53967
42667993,"Customer reports concern related to transmission, repair, fluid. Diagnosis confirmed component failure; full assembly replacement completed under warranty per applicable TSB. Vehicle line V408E TRANSIT CONNECT [13-24]. [synthetic sanitized narrative]",4031.46,18.9,71778
39289465,"Customer reports concern related to water pump, water, pump. Diagnosis performed; minor repair/reseal completed under warranty per applicable TSB. Vehicle line U502N EXPLORER [11-19]. [synthetic sanitized narrative]",1392.21,9.6,53967
42618815,"Customer reports concern related to water pump, water, pump. Diagnosis confirmed component failure; full assembly replacement completed under warranty per applicable TSB. Vehicle line U502N EXPLORER [11-19]. [synthetic sanitized narrative]",1760.24,10.2,53967
39214465,"Customer reports concern related to water pump, water, pump. Diagnosis confirmed component failure; full assembly replacement completed under warranty per applicable TSB. Vehicle line U502N EXPLORER [11-19]. [synthetic sanitized narrative]",3624.94,27.8,53967
40690512,"Customer reports concern related to oil, oil pan, pan. Diagnosis confirmed component failure; full assembly replacement completed under warranty per applicable TSB. Vehicle line P558N SUPER DUTY [17-22]. [synthetic sanitized narrative]",2650.39,9.0,40109
42671514,"Customer reports concern related to oil, oil pan, pan. Diagnosis confirmed component failure; full assembly replacement completed under warranty per applicable TSB. Vehicle line P558N SUPER DUTY [17-22]. [synthetic sanitized narrative]",9043.75,24.9,40109
43007378,"Customer reports concern related to main control, main, transmission. Diagnosis performed; minor repair/reseal completed under warranty per applicable TSB. Vehicle line P552N F-150 [15-20]. [synthetic sanitized narrative]",3508.77,20.2,35069
42579842,"Customer reports concern related to transmission, repair, fluid. Diagnosis performed; minor repair/reseal completed under warranty per applicable TSB. Vehicle line V408E TRANSIT CONNECT [13-24]. [synthetic sanitized narrative]",3114.59,17.5,71778
42782653,"Customer reports concern related to main control, main, transmission. Diagnosis performed; minor repair/reseal completed under warranty per applicable TSB. Vehicle line P552N F-150 [15-20]. [synthetic sanitized narrative]",3233.05,17.0,35069
42934019,"Customer reports concern related to main control, main, transmission. Diagnosis performed; minor repair/reseal completed under warranty per applicable TSB. Vehicle line P552N F-150 [15-20]. [synthetic sanitized narrative]",2387.48,18.6,35069
43066474,"Customer reports concern related to main control, main, transmission. Diagnosis performed; minor repair/reseal completed under warranty per applicable TSB. Vehicle line P552N F-150 [15-20]. [synthetic sanitized narrative]",3365.81,21.1,35069
42905651,"Customer reports concern related to main control, main, transmission. Diagnosis performed; minor repair/reseal completed under warranty per applicable TSB. Vehicle line P552N F-150 [15-20]. [synthetic sanitized narrative]",2550.06,14.6,35069
42897408,"Customer reports concern related to main control, main, transmission. Diagnosis performed; minor repair/reseal completed under warranty per applicable TSB. Vehicle line P552N F-150 [15-20]. [synthetic sanitized narrative]",3540.73,20.6,35069
42978900,"Customer reports concern related to main control, main, transmission. Diagnosis performed; minor repair/reseal completed under warranty per applicable TSB. Vehicle line P552N F-150 [15-20]. [synthetic sanitized narrative]",2553.48,20.8,35069
42774044,"Customer reports concern related to main control, main, transmission. Diagnosis confirmed component failure; full assembly replacement completed under warranty per applicable TSB. Vehicle line P552N F-150 [15-20]. [synthetic sanitized narrative]",6372.25,29.4,35069
42980743,"Customer reports concern related to main control, main, transmission. Diagnosis performed; minor repair/reseal completed under warranty per applicable TSB. Vehicle line P552N F-150 [15-20]. [synthetic sanitized narrative]",3068.88,22.4,35069
40676491,"Customer reports concern related to transmission, repair, fluid. Diagnosis performed; minor repair/reseal completed under warranty per applicable TSB. Vehicle line V408E TRANSIT CONNECT [13-24]. [synthetic sanitized narrative]",2766.77,20.5,71778
43126353,"Customer reports concern related to transmission, repair, fluid. Diagnosis confirmed component failure; full assembly replacement completed under warranty per applicable TSB. Vehicle line V408E TRANSIT CONNECT [13-24]. [synthetic sanitized narrative]",6297.67,9.8,71778
42866078,"Customer reports concern related to transmission, repair, fluid. Diagnosis performed; minor repair/reseal completed under warranty per applicable TSB. Vehicle line V408E TRANSIT CONNECT [13-24]. [synthetic sanitized narrative]",3347.53,21.5,71778
43089638,"Customer reports concern related to main control, main, transmission. Diagnosis confirmed component failure; full assembly replacement completed under warranty per applicable TSB. Vehicle line P552N F-150 [15-20]. [synthetic sanitized narrative]",8892.57,45.0,35069
42759922,"Customer reports concern related to main control, main, transmission. Diagnosis confirmed component failure; full assembly replacement completed under warranty per applicable TSB. Vehicle line P552N F-150 [15-20]. [synthetic sanitized narrative]",5356.49,26.7,35069
36744613,"Customer reports concern related to water pump, water, pump. Diagnosis confirmed component failure; full assembly replacement completed under warranty per applicable TSB. Vehicle line U502N EXPLORER [11-19]. [synthetic sanitized narrative]",2143.54,12.2,53967
42816353,"Customer reports concern related to main control, main, transmission. Diagnosis confirmed component failure; full assembly replacement completed under warranty per applicable TSB. Vehicle line P552N F-150 [15-20]. [synthetic sanitized narrative]",4398.4,24.2,35069
42757564,"Customer reports concern related to main control, main, transmission. Diagnosis confirmed component failure; full assembly replacement completed under warranty per applicable TSB. Vehicle line P552N F-150 [15-20]. [synthetic sanitized narrative]",3857.68,32.6,35069
43084057,"Customer reports concern related to main control, main, transmission. Diagnosis confirmed component failure; full assembly replacement completed under warranty per applicable TSB. Vehicle line P552N F-150 [15-20]. [synthetic sanitized narrative]",3812.12,22.7,35069
42431888,"Customer reports concern related to transmission, repair, fluid. Diagnosis confirmed component failure; full assembly replacement completed under warranty per applicable TSB. Vehicle line V408E TRANSIT CONNECT [13-24]. [synthetic sanitized narrative]",4037.39,16.4,71778
42943659,"Customer reports concern related to long block, block, long. Diagnosis confirmed component failure; full assembly replacement completed under warranty per applicable TSB. Vehicle line P552N F-150 [15-20]. [synthetic sanitized narrative]",12581.7,43.2,32954
42985291,"Customer reports concern related to long block, block, long. Diagnosis confirmed component failure; full assembly replacement completed under warranty per applicable TSB. Vehicle line P552N F-150 [15-20]. [synthetic sanitized narrative]",11384.11,45.5,32954
42848865,"Customer reports concern related to main control, main, transmission. Diagnosis confirmed component failure; full assembly replacement completed under warranty per applicable TSB. Vehicle line P552N F-150 [15-20]. [synthetic sanitized narrative]",3829.41,23.8,35069
42693448,"Customer reports concern related to main control, main, transmission. Diagnosis performed; minor repair/reseal completed under warranty per applicable TSB. Vehicle line P552N F-150 [15-20]. [synthetic sanitized narrative]",3273.66,17.0,35069
42944758,"Customer reports concern related to rattle, phasers, cam. Diagnosis confirmed component failure; full assembly replacement completed under warranty per applicable TSB. Vehicle line P552N F-150 [15-20]. [synthetic sanitized narrative]",1951.41,11.1,33030
42706823,"Customer reports concern related to transmission, repair, fluid. Diagnosis performed; minor repair/reseal completed under warranty per applicable TSB. Vehicle line V408E TRANSIT CONNECT [13-24]. [synthetic sanitized narrative]",3158.6,17.5,71778
42827300,"Customer reports concern related to main control, main, transmission. Diagnosis performed; minor repair/reseal completed under warranty per applicable TSB. Vehicle line P552N F-150 [15-20]. [synthetic sanitized narrative]",2347.53,16.5,35069
43040418,"Customer reports concern related to main control, main, transmission. Diagnosis confirmed component failure; full assembly replacement completed under warranty per applicable TSB. Vehicle line P552N F-150 [15-20]. [synthetic sanitized narrative]",6856.01,25.1,35069
43035611,"Customer reports concern related to transmission, repair, fluid. Diagnosis performed; minor repair/reseal completed under warranty per applicable TSB. Vehicle line V408E TRANSIT CONNECT [13-24]. [synthetic sanitized narrative]",3126.41,16.4,71778
42786054,"Customer reports concern related to transmission, repair, fluid. Diagnosis performed; minor repair/reseal completed under warranty per applicable TSB. Vehicle line V408E TRANSIT CONNECT [13-24]. [synthetic sanitized narrative]",2783.87,16.4,71778
41826455,"Customer reports concern related to oil, oil pan, pan. Diagnosis confirmed component failure; full assembly replacement completed under warranty per applicable TSB. Vehicle line P558N SUPER DUTY [17-22]. [synthetic sanitized narrative]",3816.72,18.9,40109
42673966,"Customer reports concern related to main control, main, transmission. Diagnosis confirmed component failure; full assembly replacement completed under warranty per applicable TSB. Vehicle line P552N F-150 [15-20]. [synthetic sanitized narrative]",3629.97,20.0,35069
42703378,"Customer reports concern related to long block, block, long. Diagnosis confirmed component failure; full assembly replacement completed under warranty per applicable TSB. Vehicle line P552N F-150 [15-20]. [synthetic sanitized narrative]",16139.95,24.7,32954
43005637,"Customer reports concern related to main control, main, transmission. Diagnosis performed; minor repair/reseal completed under warranty per applicable TSB. Vehicle line P552N F-150 [15-20]. [synthetic sanitized narrative]",2252.49,17.0,35069
43033245,"Customer reports concern related to transmission, repair, fluid. Diagnosis confirmed component failure; full assembly replacement completed under warranty per applicable TSB. Vehicle line V408E TRANSIT CONNECT [13-24]. [synthetic sanitized narrative]",4527.43,20.1,71778
42651463,"Customer reports concern related to transmission, repair, fluid. Diagnosis confirmed component failure; full assembly replacement completed under warranty per applicable TSB. Vehicle line V408E TRANSIT CONNECT [13-24]. [synthetic sanitized narrative]",5162.14,21.7,71778
42704781,"Customer reports concern related to main control, main, transmission. Diagnosis performed; minor repair/reseal completed under warranty per applicable TSB. Vehicle line P552N F-150 [15-20]. [synthetic sanitized narrative]",700.84,19.0,35069
42785606,"Customer reports concern related to transmission, repair, fluid. Diagnosis confirmed component failure; full assembly replacement completed under warranty per applicable TSB. Vehicle line V408E TRANSIT CONNECT [13-24]. [synthetic sanitized narrative]",4627.89,18.0,71778
42788560,"Customer reports concern related to long block, block, long. Diagnosis confirmed component failure; full assembly replacement completed under warranty per applicable TSB. Vehicle line P552N F-150 [15-20]. [synthetic sanitized narrative]",10891.24,32.0,32954
38941461,"Customer reports concern related to rattle, phasers, cam. Diagnosis confirmed component failure; full assembly replacement completed under warranty per applicable TSB. Vehicle line P552N F-150 [15-20]. [synthetic sanitized narrative]",6337.94,34.9,33030
43016869,"Customer reports concern related to main control, main, transmission. Diagnosis confirmed component failure; full assembly replacement completed under warranty per applicable TSB. Vehicle line P552N F-150 [15-20]. [synthetic sanitized narrative]",4674.69,26.6,35069
42948178,"Customer reports concern related to transmission, repair, fluid. Diagnosis performed; minor repair/reseal completed under warranty per applicable TSB. Vehicle line V408E TRANSIT CONNECT [13-24]. [synthetic sanitized narrative]",2160.81,17.5,71778
42769777,"Customer reports concern related to main control, main, transmission. Diagnosis confirmed component failure; full assembly replacement completed under warranty per applicable TSB. Vehicle line P552N F-150 [15-20]. [synthetic sanitized narrative]",4142.61,18.8,35069
43122953,"Customer reports concern related to main control, main, transmission. Diagnosis confirmed component failure; full assembly replacement completed under warranty per applicable TSB. Vehicle line P552N F-150 [15-20]. [synthetic sanitized narrative]",3858.06,25.8,35069
42957035,"Customer reports concern related to main control, main, transmission. Diagnosis performed; minor repair/reseal completed under warranty per applicable TSB. Vehicle line P552N F-150 [15-20]. [synthetic sanitized narrative]",2667.72,20.3,35069
42606903,"Customer reports concern related to transmission, repair, fluid. Diagnosis confirmed component failure; full assembly replacement completed under warranty per applicable TSB. Vehicle line V408E TRANSIT CONNECT [13-24]. [synthetic sanitized narrative]",3455.9,16.4,71778
42854424,"Customer reports concern related to main control, main, transmission. Diagnosis performed; minor repair/reseal completed under warranty per applicable TSB. Vehicle line P552N F-150 [15-20]. [synthetic sanitized narrative]",3155.21,20.6,35069
42453598,"Customer reports concern related to transmission, repair, fluid. Diagnosis confirmed component failure; full assembly replacement completed under warranty per applicable TSB. Vehicle line V408E TRANSIT CONNECT [13-24]. [synthetic sanitized narrative]",3816.22,17.5,71778
40694457,"Customer reports concern related to main control, main, transmission. Diagnosis performed; minor repair/reseal completed under warranty per applicable TSB. Vehicle line P552N F-150 [15-20]. [synthetic sanitized narrative]",3093.06,22.4,35069
43014421,"Customer reports concern related to main control, main, transmission. Diagnosis performed; minor repair/reseal completed under warranty per applicable TSB. Vehicle line P552N F-150 [15-20]. [synthetic sanitized narrative]",1845.64,21.8,35069
42924414,"Customer reports concern related to clutch, replace clutch, transmission. Diagnosis confirmed component failure; full assembly replacement completed under warranty per applicable TSB. Vehicle line C346N FOCUS [12-18]. [synthetic sanitized narrative]",2953.11,10.0,3936
42705482,"Customer reports concern related to main control, main, transmission. Diagnosis performed; minor repair/reseal completed under warranty per applicable TSB. Vehicle line P552N F-150 [15-20]. [synthetic sanitized narrative]",2887.81,19.2,35069
40512542,"Customer reports concern related to transmission, repair, fluid. Diagnosis confirmed component failure; full assembly replacement completed under warranty per applicable TSB. Vehicle line V408E TRANSIT CONNECT [13-24]. [synthetic sanitized narrative]",4285.03,17.4,71778
43097565,"Customer reports concern related to main control, main, transmission. Diagnosis confirmed component failure; full assembly replacement completed under warranty per applicable TSB. Vehicle line P552N F-150 [15-20]. [synthetic sanitized narrative]",3824.3,21.9,35069
43117819,"Customer reports concern related to transmission, repair, fluid. Diagnosis confirmed component failure; full assembly replacement completed under warranty per applicable TSB. Vehicle line V408E TRANSIT CONNECT [13-24]. [synthetic sanitized narrative]",3482.27,16.4,71778
42733686,"Customer reports concern related to main control, main, transmission. Diagnosis performed; minor repair/reseal completed under warranty per applicable TSB. Vehicle line P552N F-150 [15-20]. [synthetic sanitized narrative]",2837.44,20.3,35069
42607254,"Customer reports concern related to transmission, repair, fluid. Diagnosis confirmed component failure; full assembly replacement completed under warranty per applicable TSB. Vehicle line V408E TRANSIT CONNECT [13-24]. [synthetic sanitized narrative]",3626.29,21.1,71778
42895609,"Customer reports concern related to main control, main, transmission. Diagnosis performed; minor repair/reseal completed under warranty per applicable TSB. Vehicle line P552N F-150 [15-20]. [synthetic sanitized narrative]",3337.3,23.4,35069
42859838,"Customer reports concern related to main control, main, transmission. Diagnosis performed; minor repair/reseal completed under warranty per applicable TSB. Vehicle line P552N F-150 [15-20]. [synthetic sanitized narrative]",3055.95,20.5,35069
42946019,"Customer reports concern related to main control, main, transmission. Diagnosis confirmed component failure; full assembly replacement completed under warranty per applicable TSB. Vehicle line P552N F-150 [15-20]. [synthetic sanitized narrative]",3709.06,20.4,35069
42764470,"Customer reports concern related to main control, main, transmission. Diagnosis confirmed component failure; full assembly replacement completed under warranty per applicable TSB. Vehicle line P552N F-150 [15-20]. [synthetic sanitized narrative]",3837.24,18.8,35069
42915730,"Customer reports concern related to main control, main, transmission. Diagnosis performed; minor repair/reseal completed under warranty per applicable TSB. Vehicle line P552N F-150 [15-20]. [synthetic sanitized narrative]",2832.97,20.2,35069
43143391,"Customer reports concern related to transmission, repair, fluid. Diagnosis confirmed component failure; full assembly replacement completed under warranty per applicable TSB. Vehicle line V408E TRANSIT CONNECT [13-24]. [synthetic sanitized narrative]",3850.6,16.4,71778
42911284,"Customer reports concern related to long block, block, long. Diagnosis confirmed component failure; full assembly replacement completed under warranty per applicable TSB. Vehicle line P552N F-150 [15-20]. [synthetic sanitized narrative]",12285.81,38.6,32954
42741712,"Customer reports concern related to clutch, replace clutch, transmission. Diagnosis confirmed component failure; full assembly replacement completed under warranty per applicable TSB. Vehicle line C346N FOCUS [12-18]. [synthetic sanitized narrative]",4290.19,7.3,3936
43127653,"Customer reports concern related to main control, main, transmission. Diagnosis confirmed component failure; full assembly replacement completed under warranty per applicable TSB. Vehicle line P552N F-150 [15-20]. [synthetic sanitized narrative]",5279.1,24.9,35069
42554916,"Customer reports concern related to oil, oil pan, pan. Diagnosis performed; minor repair/reseal completed under warranty per applicable TSB. Vehicle line P558N SUPER DUTY [17-22]. [synthetic sanitized narrative]",1743.57,11.5,40109
42826991,"Customer reports concern related to main control, main, transmission. Diagnosis performed; minor repair/reseal completed under warranty per applicable TSB. Vehicle line P552N F-150 [15-20]. [synthetic sanitized narrative]",3117.73,19.1,35069
42546708,"Customer reports concern related to rattle, phasers, cam. Diagnosis confirmed component failure; full assembly replacement completed under warranty per applicable TSB. Vehicle line P552N F-150 [15-20]. [synthetic sanitized narrative]",2256.72,11.4,33030
43098681,"Customer reports concern related to clutch, replace clutch, transmission. Diagnosis confirmed component failure; full assembly replacement completed under warranty per applicable TSB. Vehicle line C346N FOCUS [12-18]. [synthetic sanitized narrative]",3231.48,9.6,3936
37675578,"Customer reports concern related to water pump, water, pump. Diagnosis confirmed component failure; full assembly replacement completed under warranty per applicable TSB. Vehicle line U502N EXPLORER [11-19]. [synthetic sanitized narrative]",2444.91,9.1,53967
42879610,"Customer reports concern related to water pump, water, pump. Diagnosis confirmed component failure; full assembly replacement completed under warranty per applicable TSB. Vehicle line U502N EXPLORER [11-19]. [synthetic sanitized narrative]",3588.52,11.9,53967
42808254,"Customer reports concern related to oil, oil pan, pan. Diagnosis performed; minor repair/reseal completed under warranty per applicable TSB. Vehicle line P558N SUPER DUTY [17-22]. [synthetic sanitized narrative]",1479.25,11.7,40109
43082120,"Customer reports concern related to oil, oil pan, pan. Diagnosis confirmed component failure; full assembly replacement completed under warranty per applicable TSB. Vehicle line P558N SUPER DUTY [17-22]. [synthetic sanitized narrative]",2670.54,13.9,40109
42510812,"Customer reports concern related to rattle, phasers, cam. Diagnosis confirmed component failure; full assembly replacement completed under warranty per applicable TSB. Vehicle line P552N F-150 [15-20]. [synthetic sanitized narrative]",3181.87,23.5,33030
43019803,"Customer reports concern related to rattle, phasers, cam. Diagnosis confirmed component failure; full assembly replacement completed under warranty per applicable TSB. Vehicle line P552N F-150 [15-20]. [synthetic sanitized narrative]",4538.43,19.4,33030
42496962,"Customer reports concern related to rattle, phasers, cam. Diagnosis confirmed component failure; full assembly replacement completed under warranty per applicable TSB. Vehicle line P552N F-150 [15-20]. [synthetic sanitized narrative]",2581.67,13.2,33030
37963499,"Customer reports concern related to long block, block, long. Diagnosis confirmed component failure; full assembly replacement completed under warranty per applicable TSB. Vehicle line P552N F-150 [15-20]. [synthetic sanitized narrative]",12284.35,32.0,32954
42755845,"Customer reports concern related to main control, main, transmission. Diagnosis performed; minor repair/reseal completed under warranty per applicable TSB. Vehicle line P552N F-150 [15-20]. [synthetic sanitized narrative]",2664.43,19.2,35069
38787476,"Customer reports concern related to long block, block, long. Diagnosis confirmed component failure; full assembly replacement completed under warranty per applicable TSB. Vehicle line CD539N EDGE [15-24]. [synthetic sanitized narrative]",5799.3,16.0,14641
39856484,"Customer reports concern related to long block, block, long. Diagnosis confirmed component failure; full assembly replacement completed under warranty per applicable TSB. Vehicle line P552N F-150 [15-20]. [synthetic sanitized narrative]",13375.49,16.4,32954
42646843,"Customer reports concern related to water pump, water, pump. Diagnosis confirmed component failure; full assembly replacement completed under warranty per applicable TSB. Vehicle line U502N EXPLORER [11-19]. [synthetic sanitized narrative]",3284.43,16.2,53967
43127046,"Customer reports concern related to long block, block, long. Diagnosis confirmed component failure; full assembly replacement completed under warranty per applicable TSB. Vehicle line P552N F-150 [15-20]. [synthetic sanitized narrative]",10535.7,21.5,32954
42931775,"Customer reports concern related to long block, block, long. Diagnosis confirmed component failure; full assembly replacement completed under warranty per applicable TSB. Vehicle line CD539N EDGE [15-24]. [synthetic sanitized narrative]",5628.73,13.4,14641
42999468,"Customer reports concern related to main control, main, transmission. Diagnosis confirmed component failure; full assembly replacement completed under warranty per applicable TSB. Vehicle line P552N F-150 [15-20]. [synthetic sanitized narrative]",4431.64,24.6,35069
42611725,"Customer reports concern related to long block, block, long. Diagnosis confirmed component failure; full assembly replacement completed under warranty per applicable TSB. Vehicle line P552N F-150 [15-20]. [synthetic sanitized narrative]",10247.35,18.9,32954
42956467,"Customer reports concern related to long block, block, long. Diagnosis confirmed component failure; full assembly replacement completed under warranty per applicable TSB. Vehicle line P552N F-150 [15-20]. [synthetic sanitized narrative]",8812.57,22.5,32954
37124457,"Customer reports concern related to long block, block, long. Diagnosis performed; minor repair/reseal completed under warranty per applicable TSB. Vehicle line CD539N EDGE [15-24]. [synthetic sanitized narrative]",3840.22,15.4,14641
39133454,"Customer reports concern related to water pump, water, pump. Diagnosis confirmed component failure; full assembly replacement completed under warranty per applicable TSB. Vehicle line U502N EXPLORER [11-19]. [synthetic sanitized narrative]",2226.52,17.5,53967
43056689,"Customer reports concern related to long block, block, long. Diagnosis performed; minor repair/reseal completed under warranty per applicable TSB. Vehicle line P552N F-150 [15-20]. [synthetic sanitized narrative]",8490.23,17.5,32954
40420465,"Customer reports concern related to rattle, phasers, cam. Diagnosis confirmed component failure; full assembly replacement completed under warranty per applicable TSB. Vehicle line P552N F-150 [15-20]. [synthetic sanitized narrative]",2622.03,14.7,33030
42901474,"Customer reports concern related to main control, main, transmission. Diagnosis performed; minor repair/reseal completed under warranty per applicable TSB. Vehicle line P552N F-150 [15-20]. [synthetic sanitized narrative]",3329.83,23.5,35069
42776967,"Customer reports concern related to oil, oil pan, pan. Diagnosis confirmed component failure; full assembly replacement completed under warranty per applicable TSB. Vehicle line P558N SUPER DUTY [17-22]. [synthetic sanitized narrative]",2362.88,14.6,40109
42926820,"Customer reports concern related to main control, main, transmission. Diagnosis confirmed component failure; full assembly replacement completed under warranty per applicable TSB. Vehicle line P552N F-150 [15-20]. [synthetic sanitized narrative]",5170.25,15.4,35069
39844495,"Customer reports concern related to clutch, replace clutch, transmission. Diagnosis performed; minor repair/reseal completed under warranty per applicable TSB. Vehicle line C346N FOCUS [12-18]. [synthetic sanitized narrative]",1145.45,5.8,3936
40138537,"Customer reports concern related to clutch, replace clutch, transmission. Diagnosis confirmed component failure; full assembly replacement completed under warranty per applicable TSB. Vehicle line C346N FOCUS [12-18]. [synthetic sanitized narrative]",1801.42,6.2,3936
43087426,"Customer reports concern related to oil, oil pan, pan. Diagnosis confirmed component failure; full assembly replacement completed under warranty per applicable TSB. Vehicle line P558N SUPER DUTY [17-22]. [synthetic sanitized narrative]",2122.1,10.5,40109
42562932,"Customer reports concern related to clutch, replace clutch, transmission. Diagnosis confirmed component failure; full assembly replacement completed under warranty per applicable TSB. Vehicle line C346N FOCUS [12-18]. [synthetic sanitized narrative]",2021.93,8.7,3936
42716137,"Customer reports concern related to clutch, replace clutch, transmission. Diagnosis confirmed component failure; full assembly replacement completed under warranty per applicable TSB. Vehicle line C346N FOCUS [12-18]. [synthetic sanitized narrative]",1873.31,6.6,3936
40387453,"Customer reports concern related to clutch, replace clutch, transmission. Diagnosis performed; minor repair/reseal completed under warranty per applicable TSB. Vehicle line C346N FOCUS [12-18]. [synthetic sanitized narrative]",1264.82,6.5,3936
39912475,"Customer reports concern related to clutch, replace clutch, transmission. Diagnosis performed; minor repair/reseal completed under warranty per applicable TSB. Vehicle line C346N FOCUS [12-18]. [synthetic sanitized narrative]",1468.23,6.0,3936
39276597,"Customer reports concern related to clutch, replace clutch, transmission. Diagnosis performed; minor repair/reseal completed under warranty per applicable TSB. Vehicle line C346N FOCUS [12-18]. [synthetic sanitized narrative]",1173.05,6.1,3936
42392469,"Customer reports concern related to clutch, replace clutch, transmission. Diagnosis performed; minor repair/reseal completed under warranty per applicable TSB. Vehicle line C346N FOCUS [12-18]. [synthetic sanitized narrative]",1365.52,8.0,3936
42750055,"Customer reports concern related to rattle, phasers, cam. Diagnosis confirmed component failure; full assembly replacement completed under warranty per applicable TSB. Vehicle line P552N F-150 [15-20]. [synthetic sanitized narrative]",3003.29,15.2,33030
42486907,"Customer reports concern related to clutch, replace clutch, transmission. Diagnosis performed; minor repair/reseal completed under warranty per applicable TSB. Vehicle line C346N FOCUS [12-18]. [synthetic sanitized narrative]",1099.19,6.1,3936
42932423,"Customer reports concern related to clutch, replace clutch, transmission. Diagnosis confirmed component failure; full assembly replacement completed under warranty per applicable TSB. Vehicle line C346N FOCUS [12-18]. [synthetic sanitized narrative]",1769.95,14.7,3936
41375491,"Customer reports concern related to clutch, replace clutch, transmission. Diagnosis performed; minor repair/reseal completed under warranty per applicable TSB. Vehicle line C346N FOCUS [12-18]. [synthetic sanitized narrative]",1311.36,5.7,3936
41070460,"Customer reports concern related to water pump, water, pump. Diagnosis confirmed component failure; full assembly replacement completed under warranty per applicable TSB. Vehicle line U502N EXPLORER [11-19]. [synthetic sanitized narrative]",2418.39,12.7,53967
42537851,"Customer reports concern related to clutch, replace clutch, transmission. Diagnosis performed; minor repair/reseal completed under warranty per applicable TSB. Vehicle line C346N FOCUS [12-18]. [synthetic sanitized narrative]",1195.75,6.3,3936
41369561,"Customer reports concern related to clutch, replace clutch, transmission. Diagnosis confirmed component failure; full assembly replacement completed under warranty per applicable TSB. Vehicle line C346N FOCUS [12-18]. [synthetic sanitized narrative]",1723.64,7.2,3936
42465972,"Customer reports concern related to clutch, replace clutch, transmission. Diagnosis confirmed component failure; full assembly replacement completed under warranty per applicable TSB. Vehicle line C346N FOCUS [12-18]. [synthetic sanitized narrative]",1881.26,10.0,3936
40758457,"Customer reports concern related to oil, oil pan, pan. Diagnosis confirmed component failure; full assembly replacement completed under warranty per applicable TSB. Vehicle line P558N SUPER DUTY [17-22]. [synthetic sanitized narrative]",2204.01,12.1,40109
43044634,"Customer reports concern related to rattle, phasers, cam. Diagnosis confirmed component failure; full assembly replacement completed under warranty per applicable TSB. Vehicle line P552N F-150 [15-20]. [synthetic sanitized narrative]",3171.72,15.6,33030
41118623,"Customer reports concern related to clutch, replace clutch, transmission. Diagnosis confirmed component failure; full assembly replacement completed under warranty per applicable TSB. Vehicle line C346N FOCUS [12-18]. [synthetic sanitized narrative]",1598.07,6.1,3936
37971484,"Customer reports concern related to clutch, replace clutch, transmission. Diagnosis confirmed component failure; full assembly replacement completed under warranty per applicable TSB. Vehicle line C346N FOCUS [12-18]. [synthetic sanitized narrative]",1547.7,8.2,3936
41422487,"Customer reports concern related to clutch, replace clutch, transmission. Diagnosis confirmed component failure; full assembly replacement completed under warranty per applicable TSB. Vehicle line C346N FOCUS [12-18]. [synthetic sanitized narrative]",2244.3,6.0,3936
42434037,"Customer reports concern related to clutch, replace clutch, transmission. Diagnosis performed; minor repair/reseal completed under warranty per applicable TSB. Vehicle line C346N FOCUS [12-18]. [synthetic sanitized narrative]",1485.3,8.8,3936
42642883,"Customer reports concern related to clutch, replace clutch, transmission. Diagnosis confirmed component failure; full assembly replacement completed under warranty per applicable TSB. Vehicle line C346N FOCUS [12-18]. [synthetic sanitized narrative]",1754.11,6.5,3936
42489915,"Customer reports concern related to long block, block, long. Diagnosis confirmed component failure; full assembly replacement completed under warranty per applicable TSB. Vehicle line P552N F-150 [15-20]. [synthetic sanitized narrative]",10927.66,15.7,32954
42929055,"Customer reports concern related to long block, block, long. Diagnosis confirmed component failure; full assembly replacement completed under warranty per applicable TSB. Vehicle line P552N F-150 [15-20]. [synthetic sanitized narrative]",10942.53,29.7,32954
40490513,"Customer reports concern related to clutch, replace clutch, transmission. Diagnosis confirmed component failure; full assembly replacement completed under warranty per applicable TSB. Vehicle line C346N FOCUS [12-18]. [synthetic sanitized narrative]",1651.4,6.4,3936
41016460,"Customer reports concern related to clutch, replace clutch, transmission. Diagnosis performed; minor repair/reseal completed under warranty per applicable TSB. Vehicle line C346N FOCUS [12-18]. [synthetic sanitized narrative]",1070.99,6.0,3936
39168464,"Customer reports concern related to clutch, replace clutch, transmission. Diagnosis performed; minor repair/reseal completed under warranty per applicable TSB. Vehicle line C346N FOCUS [12-18]. [synthetic sanitized narrative]",1360.21,8.8,3936
39892486,"Customer reports concern related to clutch, replace clutch, transmission. Diagnosis performed; minor repair/reseal completed under warranty per applicable TSB. Vehicle line C346N FOCUS [12-18]. [synthetic sanitized narrative]",1159.52,6.3,3936
43098149,"Customer reports concern related to clutch, replace clutch, transmission. Diagnosis performed; minor repair/reseal completed under warranty per applicable TSB. Vehicle line C346N FOCUS [12-18]. [synthetic sanitized narrative]",1287.25,6.9,3936
39896482,"Customer reports concern related to clutch, replace clutch, transmission. Diagnosis confirmed component failure; full assembly replacement completed under warranty per applicable TSB. Vehicle line C346N FOCUS [12-18]. [synthetic sanitized narrative]",1684.34,9.3,3936
39208453,"Customer reports concern related to rattle, phasers, cam. Diagnosis performed; minor repair/reseal completed under warranty per applicable TSB. Vehicle line P552N F-150 [15-20]. [synthetic sanitized narrative]",1825.05,10.7,33030
40600467,"Customer reports concern related to clutch, replace clutch, transmission. Diagnosis performed; minor repair/reseal completed under warranty per applicable TSB. Vehicle line C346N FOCUS [12-18]. [synthetic sanitized narrative]",1403.91,6.3,3936
40947492,"Customer reports concern related to clutch, replace clutch, transmission. Diagnosis performed; minor repair/reseal completed under warranty per applicable TSB. Vehicle line C346N FOCUS [12-18]. [synthetic sanitized narrative]",1328.28,6.1,3936
42559854,"Customer reports concern related to clutch, replace clutch, transmission. Diagnosis confirmed component failure; full assembly replacement completed under warranty per applicable TSB. Vehicle line C346N FOCUS [12-18]. [synthetic sanitized narrative]",3642.0,16.0,3936
43098910,"Customer reports concern related to long block, block, long. Diagnosis confirmed component failure; full assembly replacement completed under warranty per applicable TSB. Vehicle line P552N F-150 [15-20]. [synthetic sanitized narrative]",11835.96,23.8,32954
42965400,"Customer reports concern related to clutch, replace clutch, transmission. Diagnosis performed; minor repair/reseal completed under warranty per applicable TSB. Vehicle line C346N FOCUS [12-18]. [synthetic sanitized narrative]",1485.72,6.6,3936
42613708,"Customer reports concern related to long block, block, long. Diagnosis confirmed component failure; full assembly replacement completed under warranty per applicable TSB. Vehicle line CD539N EDGE [15-24]. [synthetic sanitized narrative]",5847.37,16.0,14641
42796167,"Customer reports concern related to oil, oil pan, pan. Diagnosis confirmed component failure; full assembly replacement completed under warranty per applicable TSB. Vehicle line P558N SUPER DUTY [17-22]. [synthetic sanitized narrative]",1988.81,10.8,40109
42767935,"Customer reports concern related to clutch, replace clutch, transmission. Diagnosis confirmed component failure; full assembly replacement completed under warranty per applicable TSB. Vehicle line C346N FOCUS [12-18]. [synthetic sanitized narrative]",1822.45,9.0,3936
38921451,"Customer reports concern related to long block, block, long. Diagnosis confirmed component failure; full assembly replacement completed under warranty per applicable TSB. Vehicle line CD539N EDGE [15-24]. [synthetic sanitized narrative]",4734.74,18.3,14641
42930910,"Customer reports concern related to clutch, replace clutch, transmission. Diagnosis performed; minor repair/reseal completed under warranty per applicable TSB. Vehicle line C346N FOCUS [12-18]. [synthetic sanitized narrative]",1240.85,6.4,3936
36744527,"Customer reports concern related to clutch, replace clutch, transmission. Diagnosis performed; minor repair/reseal completed under warranty per applicable TSB. Vehicle line C346N FOCUS [12-18]. [synthetic sanitized narrative]",1467.97,7.3,3936
42500824,"Customer reports concern related to long block, block, long. Diagnosis confirmed component failure; full assembly replacement completed under warranty per applicable TSB. Vehicle line P552N F-150 [15-20]. [synthetic sanitized narrative]",11073.61,18.2,32954
40406459,"Customer reports concern related to clutch, replace clutch, transmission. Diagnosis performed; minor repair/reseal completed under warranty per applicable TSB. Vehicle line C346N FOCUS [12-18]. [synthetic sanitized narrative]",1461.82,6.1,3936
41615657,"Customer reports concern related to clutch, replace clutch, transmission. Diagnosis confirmed component failure; full assembly replacement completed under warranty per applicable TSB. Vehicle line C346N FOCUS [12-18]. [synthetic sanitized narrative]",1792.1,6.3,3936
37215502,"Customer reports concern related to clutch, replace clutch, transmission. Diagnosis confirmed component failure; full assembly replacement completed under warranty per applicable TSB. Vehicle line C346N FOCUS [12-18]. [synthetic sanitized narrative]",2465.95,7.7,3936
42997828,"Customer reports concern related to clutch, replace clutch, transmission. Diagnosis confirmed component failure; full assembly replacement completed under warranty per applicable TSB. Vehicle line C346N FOCUS [12-18]. [synthetic sanitized narrative]",1920.51,6.6,3936
38728484,"Customer reports concern related to clutch, replace clutch, transmission. Diagnosis performed; minor repair/reseal completed under warranty per applicable TSB. Vehicle line C346N FOCUS [12-18]. [synthetic sanitized narrative]",1012.39,5.9,3936
42317461,"Customer reports concern related to oil, oil pan, pan. Diagnosis confirmed component failure; full assembly replacement completed under warranty per applicable TSB. Vehicle line P558N SUPER DUTY [17-22]. [synthetic sanitized narrative]",4041.69,18.9,40109
42984804,"Customer reports concern related to water pump, water, pump. Diagnosis confirmed component failure; full assembly replacement completed under warranty per applicable TSB. Vehicle line U502N EXPLORER [11-19]. [synthetic sanitized narrative]",2240.52,12.6,53967
41779468,"Customer reports concern related to clutch, replace clutch, transmission. Diagnosis confirmed component failure; full assembly replacement completed under warranty per applicable TSB. Vehicle line C346N FOCUS [12-18]. [synthetic sanitized narrative]",1622.35,6.3,3936
42445908,"Customer reports concern related to clutch, replace clutch, transmission. Diagnosis confirmed component failure; full assembly replacement completed under warranty per applicable TSB. Vehicle line C346N FOCUS [12-18]. [synthetic sanitized narrative]",4787.64,7.4,3936
42895508,"Customer reports concern related to clutch, replace clutch, transmission. Diagnosis confirmed component failure; full assembly replacement completed under warranty per applicable TSB. Vehicle line C346N FOCUS [12-18]. [synthetic sanitized narrative]",1847.73,5.8,3936
43145645,"Customer reports concern related to clutch, replace clutch, transmission. Diagnosis confirmed component failure; full assembly replacement completed under warranty per applicable TSB. Vehicle line C346N FOCUS [12-18]. [synthetic sanitized narrative]",1686.54,5.8,3936
37558486,"Customer reports concern related to water pump, water, pump. Diagnosis confirmed component failure; full assembly replacement completed under warranty per applicable TSB. Vehicle line U502N EXPLORER [11-19]. [synthetic sanitized narrative]",1681.16,9.0,53967
42795640,"Customer reports concern related to rattle, phasers, cam. Diagnosis confirmed component failure; full assembly replacement completed under warranty per applicable TSB. Vehicle line P552N F-150 [15-20]. [synthetic sanitized narrative]",2596.6,13.2,33030
42746468,"Customer reports concern related to oil, oil pan, pan. Diagnosis confirmed component failure; full assembly replacement completed under warranty per applicable TSB. Vehicle line P558N SUPER DUTY [17-22]. [synthetic sanitized narrative]",2433.81,12.3,40109
41243497,"Customer reports concern related to water pump, water, pump. Diagnosis confirmed component failure; full assembly replacement completed under warranty per applicable TSB. Vehicle line U502N EXPLORER [11-19]. [synthetic sanitized narrative]",3215.04,19.2,53967
42746594,"Customer reports concern related to oil, oil pan, pan. Diagnosis performed; minor repair/reseal completed under warranty per applicable TSB. Vehicle line P558N SUPER DUTY [17-22]. [synthetic sanitized narrative]",1698.1,11.3,40109
42681196,"Customer reports concern related to long block, block, long. Diagnosis confirmed component failure; full assembly replacement completed under warranty per applicable TSB. Vehicle line CD539N EDGE [15-24]. [synthetic sanitized narrative]",5214.37,16.7,14641
42963148,"Customer reports concern related to main control, main, transmission. Diagnosis confirmed component failure; full assembly replacement completed under warranty per applicable TSB. Vehicle line P552N F-150 [15-20]. [synthetic sanitized narrative]",8605.1,28.2,35069
42451683,"Customer reports concern related to oil, oil pan, pan. Diagnosis confirmed component failure; full assembly replacement completed under warranty per applicable TSB. Vehicle line P558N SUPER DUTY [17-22]. [synthetic sanitized narrative]",3423.78,22.1,40109
42968365,"Customer reports concern related to main control, main, transmission. Diagnosis confirmed component failure; full assembly replacement completed under warranty per applicable TSB. Vehicle line P552N F-150 [15-20]. [synthetic sanitized narrative]",4349.57,23.2,35069
40359478,"Customer reports concern related to long block, block, long. Diagnosis confirmed component failure; full assembly replacement completed under warranty per applicable TSB. Vehicle line CD539N EDGE [15-24]. [synthetic sanitized narrative]",5099.5,16.6,14641
41906458,"Customer reports concern related to transmission, repair, fluid. Diagnosis performed; minor repair/reseal completed under warranty per applicable TSB. Vehicle line V408E TRANSIT CONNECT [13-24]. [synthetic sanitized narrative]",3123.7,16.9,71778
39556581,"Customer reports concern related to long block, block, long. Diagnosis performed; minor repair/reseal completed under warranty per applicable TSB. Vehicle line CD539N EDGE [15-24]. [synthetic sanitized narrative]",4384.14,16.7,14641
39585454,"Customer reports concern related to long block, block, long. Diagnosis confirmed component failure; full assembly replacement completed under warranty per applicable TSB. Vehicle line CD539N EDGE [15-24]. [synthetic sanitized narrative]",5414.96,13.9,14641
42549678,"Customer reports concern related to water pump, water, pump. Diagnosis confirmed component failure; full assembly replacement completed under warranty per applicable TSB. Vehicle line U502N EXPLORER [11-19]. [synthetic sanitized narrative]",1679.04,8.7,53967
42717147,"Customer reports concern related to oil, oil pan, pan. Diagnosis performed; minor repair/reseal completed under warranty per applicable TSB. Vehicle line P558N SUPER DUTY [17-22]. [synthetic sanitized narrative]",1907.08,10.9,40109
43147371,"Customer reports concern related to oil, oil pan, pan. Diagnosis confirmed component failure; full assembly replacement completed under warranty per applicable TSB. Vehicle line P558N SUPER DUTY [17-22]. [synthetic sanitized narrative]",7797.87,31.4,40109
42626949,"Customer reports concern related to long block, block, long. Diagnosis performed; minor repair/reseal completed under warranty per applicable TSB. Vehicle line CD539N EDGE [15-24]. [synthetic sanitized narrative]",47.89,0.5,14641
43125904,"Customer reports concern related to long block, block, long. Diagnosis confirmed component failure; full assembly replacement completed under warranty per applicable TSB. Vehicle line P552N F-150 [15-20]. [synthetic sanitized narrative]",20172.3,28.4,32954
42866744,"Customer reports concern related to long block, block, long. Diagnosis performed; minor repair/reseal completed under warranty per applicable TSB. Vehicle line CD539N EDGE [15-24]. [synthetic sanitized narrative]",3956.66,13.4,14641
42463831,"Customer reports concern related to long block, block, long. Diagnosis performed; minor repair/reseal completed under warranty per applicable TSB. Vehicle line CD539N EDGE [15-24]. [synthetic sanitized narrative]",4093.68,15.8,14641
37833474,"Customer reports concern related to long block, block, long. Diagnosis confirmed component failure; full assembly replacement completed under warranty per applicable TSB. Vehicle line CD539N EDGE [15-24]. [synthetic sanitized narrative]",4737.23,14.6,14641
42506163,"Customer reports concern related to long block, block, long. Diagnosis confirmed component failure; full assembly replacement completed under warranty per applicable TSB. Vehicle line CD539N EDGE [15-24]. [synthetic sanitized narrative]",5675.75,17.3,14641
42946646,"Customer reports concern related to long block, block, long. Diagnosis performed; minor repair/reseal completed under warranty per applicable TSB. Vehicle line P552N F-150 [15-20]. [synthetic sanitized narrative]",8449.62,16.5,32954
41862473,"Customer reports concern related to long block, block, long. Diagnosis performed; minor repair/reseal completed under warranty per applicable TSB. Vehicle line CD539N EDGE [15-24]. [synthetic sanitized narrative]",4484.87,16.3,14641
38825475,"Customer reports concern related to long block, block, long. Diagnosis confirmed component failure; full assembly replacement completed under warranty per applicable TSB. Vehicle line CD539N EDGE [15-24]. [synthetic sanitized narrative]",4942.55,15.2,14641
42692268,"Customer reports concern related to long block, block, long. Diagnosis confirmed component failure; full assembly replacement completed under warranty per applicable TSB. Vehicle line CD539N EDGE [15-24]. [synthetic sanitized narrative]",4902.57,14.2,14641
40885487,"Customer reports concern related to long block, block, long. Diagnosis confirmed component failure; full assembly replacement completed under warranty per applicable TSB. Vehicle line CD539N EDGE [15-24]. [synthetic sanitized narrative]",5865.74,15.8,14641
42685962,"Customer reports concern related to long block, block, long. Diagnosis confirmed component failure; full assembly replacement completed under warranty per applicable TSB. Vehicle line CD539N EDGE [15-24]. [synthetic sanitized narrative]",4896.51,15.8,14641
37917556,"Customer reports concern related to long block, block, long. Diagnosis performed; minor repair/reseal completed under warranty per applicable TSB. Vehicle line CD539N EDGE [15-24]. [synthetic sanitized narrative]",4090.55,14.8,14641
42395097,"Customer reports concern related to long block, block, long. Diagnosis confirmed component failure; full assembly replacement completed under warranty per applicable TSB. Vehicle line P552N F-150 [15-20]. [synthetic sanitized narrative]",10565.12,20.8,32954
37270533,"Customer reports concern related to long block, block, long. Diagnosis confirmed component failure; full assembly replacement completed under warranty per applicable TSB. Vehicle line CD539N EDGE [15-24]. [synthetic sanitized narrative]",7875.82,14.7,14641
42883148,"Customer reports concern related to long block, block, long. Diagnosis confirmed component failure; full assembly replacement completed under warranty per applicable TSB. Vehicle line CD539N EDGE [15-24]. [synthetic sanitized narrative]",4648.11,13.4,14641
43132185,"Customer reports concern related to long block, block, long. Diagnosis confirmed component failure; full assembly replacement completed under warranty per applicable TSB. Vehicle line P552N F-150 [15-20]. [synthetic sanitized narrative]",9291.52,27.4,32954
42923980,"Customer reports concern related to long block, block, long. Diagnosis performed; minor repair/reseal completed under warranty per applicable TSB. Vehicle line CD539N EDGE [15-24]. [synthetic sanitized narrative]",4147.33,15.2,14641
42934984,"Customer reports concern related to long block, block, long. Diagnosis performed; minor repair/reseal completed under warranty per applicable TSB. Vehicle line CD539N EDGE [15-24]. [synthetic sanitized narrative]",3998.8,15.7,14641
40030466,"Customer reports concern related to long block, block, long. Diagnosis performed; minor repair/reseal completed under warranty per applicable TSB. Vehicle line CD539N EDGE [15-24]. [synthetic sanitized narrative]",3606.68,13.9,14641
42687702,"Customer reports concern related to long block, block, long. Diagnosis performed; minor repair/reseal completed under warranty per applicable TSB. Vehicle line CD539N EDGE [15-24]. [synthetic sanitized narrative]",4405.65,15.8,14641
37310564,"Customer reports concern related to long block, block, long. Diagnosis performed; minor repair/reseal completed under warranty per applicable TSB. Vehicle line CD539N EDGE [15-24]. [synthetic sanitized narrative]",4230.22,16.9,14641
37248500,"Customer reports concern related to long block, block, long. Diagnosis performed; minor repair/reseal completed under warranty per applicable TSB. Vehicle line P552N F-150 [15-20]. [synthetic sanitized narrative]",8138.45,21.2,32954
42730528,"Customer reports concern related to long block, block, long. Diagnosis confirmed component failure; full assembly replacement completed under warranty per applicable TSB. Vehicle line CD539N EDGE [15-24]. [synthetic sanitized narrative]",5098.99,14.0,14641
42537116,"Customer reports concern related to long block, block, long. Diagnosis confirmed component failure; full assembly replacement completed under warranty per applicable TSB. Vehicle line CD539N EDGE [15-24]. [synthetic sanitized narrative]",5529.52,16.0,14641
40287481,"Customer reports concern related to long block, block, long. Diagnosis performed; minor repair/reseal completed under warranty per applicable TSB. Vehicle line CD539N EDGE [15-24]. [synthetic sanitized narrative]",3974.66,16.3,14641
38359535,"Customer reports concern related to long block, block, long. Diagnosis performed; minor repair/reseal completed under warranty per applicable TSB. Vehicle line CD539N EDGE [15-24]. [synthetic sanitized narrative]",3993.07,15.0,14641
37285499,"Customer reports concern related to long block, block, long. Diagnosis confirmed component failure; full assembly replacement completed under warranty per applicable TSB. Vehicle line CD539N EDGE [15-24]. [synthetic sanitized narrative]",4773.31,13.3,14641
39747452,"Customer reports concern related to long block, block, long. Diagnosis confirmed component failure; full assembly replacement completed under warranty per applicable TSB. Vehicle line CD539N EDGE [15-24]. [synthetic sanitized narrative]",4861.46,14.0,14641
42398724,"Customer reports concern related to long block, block, long. Diagnosis performed; minor repair/reseal completed under warranty per applicable TSB. Vehicle line CD539N EDGE [15-24]. [synthetic sanitized narrative]",4004.07,13.4,14641
37673451,"Customer reports concern related to long block, block, long. Diagnosis performed; minor repair/reseal completed under warranty per applicable TSB. Vehicle line CD539N EDGE [15-24]. [synthetic sanitized narrative]",4173.6,16.0,14641
42958820,"Customer reports concern related to long block, block, long. Diagnosis confirmed component failure; full assembly replacement completed under warranty per applicable TSB. Vehicle line CD539N EDGE [15-24]. [synthetic sanitized narrative]",4989.26,15.3,14641
39625454,"Customer reports concern related to long block, block, long. Diagnosis confirmed component failure; full assembly replacement completed under warranty per applicable TSB. Vehicle line CD539N EDGE [15-24]. [synthetic sanitized narrative]",5045.99,13.9,14641
43071437,"Customer reports concern related to long block, block, long. Diagnosis performed; minor repair/reseal completed under warranty per applicable TSB. Vehicle line CD539N EDGE [15-24]. [synthetic sanitized narrative]",4192.72,13.4,14641
42515893,"Customer reports concern related to long block, block, long. Diagnosis confirmed component failure; full assembly replacement completed under warranty per applicable TSB. Vehicle line CD539N EDGE [15-24]. [synthetic sanitized narrative]",4873.99,15.8,14641
42707005,"Customer reports concern related to long block, block, long. Diagnosis confirmed component failure; full assembly replacement completed under warranty per applicable TSB. Vehicle line CD539N EDGE [15-24]. [synthetic sanitized narrative]",6380.93,15.2,14641
42563093,"Customer reports concern related to long block, block, long. Diagnosis confirmed component failure; full assembly replacement completed under warranty per applicable TSB. Vehicle line CD539N EDGE [15-24]. [synthetic sanitized narrative]",5391.19,16.0,14641
39679490,"Customer reports concern related to long block, block, long. Diagnosis performed; minor repair/reseal completed under warranty per applicable TSB. Vehicle line CD539N EDGE [15-24]. [synthetic sanitized narrative]",3383.13,13.9,14641
42683872,"Customer reports concern related to long block, block, long. Diagnosis confirmed component failure; full assembly replacement completed under warranty per applicable TSB. Vehicle line CD539N EDGE [15-24]. [synthetic sanitized narrative]",5287.95,13.4,14641
42825061,"Customer reports concern related to long block, block, long. Diagnosis confirmed component failure; full assembly replacement completed under warranty per applicable TSB. Vehicle line P552N F-150 [15-20]. [synthetic sanitized narrative]",10487.93,17.9,32954
39288547,"Customer reports concern related to long block, block, long. Diagnosis confirmed component failure; full assembly replacement completed under warranty per applicable TSB. Vehicle line CD539N EDGE [15-24]. [synthetic sanitized narrative]",4717.47,14.5,14641
42712099,"Customer reports concern related to long block, block, long. Diagnosis performed; minor repair/reseal completed under warranty per applicable TSB. Vehicle line P552N F-150 [15-20]. [synthetic sanitized narrative]",8033.0,20.2,32954
42865869,"Customer reports concern related to long block, block, long. Diagnosis confirmed component failure; full assembly replacement completed under warranty per applicable TSB. Vehicle line CD539N EDGE [15-24]. [synthetic sanitized narrative]",4613.78,16.6,14641
38045590,"Customer reports concern related to long block, block, long. Diagnosis confirmed component failure; full assembly replacement completed under warranty per applicable TSB. Vehicle line CD539N EDGE [15-24]. [synthetic sanitized narrative]",4726.69,15.0,14641
43030668,"Customer reports concern related to oil, oil pan, pan. Diagnosis performed; minor repair/reseal completed under warranty per applicable TSB. Vehicle line P558N SUPER DUTY [17-22]. [synthetic sanitized narrative]",336.13,2.1,40109
42495687,"Customer reports concern related to long block, block, long. Diagnosis confirmed component failure; full assembly replacement completed under warranty per applicable TSB. Vehicle line P552N F-150 [15-20]. [synthetic sanitized narrative]",14218.42,12.8,32954
43112228,"Customer reports concern related to oil, oil pan, pan. Diagnosis confirmed component failure; full assembly replacement completed under warranty per applicable TSB. Vehicle line P558N SUPER DUTY [17-22]. [synthetic sanitized narrative]",2219.33,13.0,40109
42942674,"Customer reports concern related to rattle, phasers, cam. Diagnosis performed; minor repair/reseal completed under warranty per applicable TSB. Vehicle line P552N F-150 [15-20]. [synthetic sanitized narrative]",1148.02,9.6,33030
40331495,"Customer reports concern related to rattle, phasers, cam. Diagnosis performed; minor repair/reseal completed under warranty per applicable TSB. Vehicle line P552N F-150 [15-20]. [synthetic sanitized narrative]",1274.88,9.6,33030
39445741,"Customer reports concern related to rattle, phasers, cam. Diagnosis performed; minor repair/reseal completed under warranty per applicable TSB. Vehicle line P552N F-150 [15-20]. [synthetic sanitized narrative]",1323.16,9.6,33030
38213493,"Customer reports concern related to rattle, phasers, cam. Diagnosis performed; minor repair/reseal completed under warranty per applicable TSB. Vehicle line P552N F-150 [15-20]. [synthetic sanitized narrative]",1177.28,10.8,33030
42885283,"Customer reports concern related to rattle, phasers, cam. Diagnosis confirmed component failure; full assembly replacement completed under warranty per applicable TSB. Vehicle line P552N F-150 [15-20]. [synthetic sanitized narrative]",2202.58,9.7,33030
42962552,"Customer reports concern related to rattle, phasers, cam. Diagnosis performed; minor repair/reseal completed under warranty per applicable TSB. Vehicle line P552N F-150 [15-20]. [synthetic sanitized narrative]",1428.13,9.6,33030
42989569,"Customer reports concern related to rattle, phasers, cam. Diagnosis confirmed component failure; full assembly replacement completed under warranty per applicable TSB. Vehicle line P552N F-150 [15-20]. [synthetic sanitized narrative]",2567.95,11.3,33030
42449556,"Customer reports concern related to rattle, phasers, cam. Diagnosis performed; minor repair/reseal completed under warranty per applicable TSB. Vehicle line P552N F-150 [15-20]. [synthetic sanitized narrative]",1400.42,9.6,33030
42473836,"Customer reports concern related to rattle, phasers, cam. Diagnosis performed; minor repair/reseal completed under warranty per applicable TSB. Vehicle line P552N F-150 [15-20]. [synthetic sanitized narrative]",1443.79,9.6,33030
41131452,"Customer reports concern related to rattle, phasers, cam. Diagnosis performed; minor repair/reseal completed under warranty per applicable TSB. Vehicle line P552N F-150 [15-20]. [synthetic sanitized narrative]",1759.46,10.1,33030
40483476,"Customer reports concern related to rattle, phasers, cam. Diagnosis performed; minor repair/reseal completed under warranty per applicable TSB. Vehicle line P552N F-150 [15-20]. [synthetic sanitized narrative]",1221.5,9.6,33030
42869743,"Customer reports concern related to rattle, phasers, cam. Diagnosis confirmed component failure; full assembly replacement completed under warranty per applicable TSB. Vehicle line P552N F-150 [15-20]. [synthetic sanitized narrative]",2075.54,9.6,33030
43103101,"Customer reports concern related to rattle, phasers, cam. Diagnosis performed; minor repair/reseal completed under warranty per applicable TSB. Vehicle line P552N F-150 [15-20]. [synthetic sanitized narrative]",1811.67,9.7,33030
40755481,"Customer reports concern related to rattle, phasers, cam. Diagnosis performed; minor repair/reseal completed under warranty per applicable TSB. Vehicle line P552N F-150 [15-20]. [synthetic sanitized narrative]",1758.93,9.7,33030
38707492,"Customer reports concern related to rattle, phasers, cam. Diagnosis confirmed component failure; full assembly replacement completed under warranty per applicable TSB. Vehicle line P552N F-150 [15-20]. [synthetic sanitized narrative]",2658.05,12.6,33030
42781269,"Customer reports concern related to rattle, phasers, cam. Diagnosis confirmed component failure; full assembly replacement completed under warranty per applicable TSB. Vehicle line P552N F-150 [15-20]. [synthetic sanitized narrative]",2267.19,9.7,33030
42745288,"Customer reports concern related to rattle, phasers, cam. Diagnosis performed; minor repair/reseal completed under warranty per applicable TSB. Vehicle line P552N F-150 [15-20]. [synthetic sanitized narrative]",1758.71,9.6,33030
41843500,"Customer reports concern related to rattle, phasers, cam. Diagnosis performed; minor repair/reseal completed under warranty per applicable TSB. Vehicle line P552N F-150 [15-20]. [synthetic sanitized narrative]",1372.7,9.6,33030
43067263,"Customer reports concern related to rattle, phasers, cam. Diagnosis confirmed component failure; full assembly replacement completed under warranty per applicable TSB. Vehicle line P552N F-150 [15-20]. [synthetic sanitized narrative]",9547.13,29.9,33030
42674584,"Customer reports concern related to rattle, phasers, cam. Diagnosis performed; minor repair/reseal completed under warranty per applicable TSB. Vehicle line P552N F-150 [15-20]. [synthetic sanitized narrative]",1207.47,9.6,33030
42745525,"Customer reports concern related to rattle, phasers, cam. Diagnosis confirmed component failure; full assembly replacement completed under warranty per applicable TSB. Vehicle line P552N F-150 [15-20]. [synthetic sanitized narrative]",2118.18,10.5,33030
39051476,"Customer reports concern related to rattle, phasers, cam. Diagnosis confirmed component failure; full assembly replacement completed under warranty per applicable TSB. Vehicle line P552N F-150 [15-20]. [synthetic sanitized narrative]",3663.75,18.3,33030
39959473,"Customer reports concern related to rattle, phasers, cam. Diagnosis performed; minor repair/reseal completed under warranty per applicable TSB. Vehicle line P552N F-150 [15-20]. [synthetic sanitized narrative]",1187.67,9.6,33030
42994408,"Customer reports concern related to rattle, phasers, cam. Diagnosis confirmed component failure; full assembly replacement completed under warranty per applicable TSB. Vehicle line P552N F-150 [15-20]. [synthetic sanitized narrative]",2036.11,10.2,33030
42969188,"Customer reports concern related to rattle, phasers, cam. Diagnosis confirmed component failure; full assembly replacement completed under warranty per applicable TSB. Vehicle line P552N F-150 [15-20]. [synthetic sanitized narrative]",2038.11,9.6,33030
42971004,"Customer reports concern related to main control, main, transmission. Diagnosis confirmed component failure; full assembly replacement completed under warranty per applicable TSB. Vehicle line P552N F-150 [15-20]. [synthetic sanitized narrative]",5570.64,30.3,35069
40040565,"Customer reports concern related to rattle, phasers, cam. Diagnosis performed; minor repair/reseal completed under warranty per applicable TSB. Vehicle line P552N F-150 [15-20]. [synthetic sanitized narrative]",1546.33,9.5,33030
43124443,"Customer reports concern related to rattle, phasers, cam. Diagnosis performed; minor repair/reseal completed under warranty per applicable TSB. Vehicle line P552N F-150 [15-20]. [synthetic sanitized narrative]",1707.34,14.5,33030
39485554,"Customer reports concern related to rattle, phasers, cam. Diagnosis performed; minor repair/reseal completed under warranty per applicable TSB. Vehicle line P552N F-150 [15-20]. [synthetic sanitized narrative]",1194.08,9.6,33030
37824474,"Customer reports concern related to rattle, phasers, cam. Diagnosis confirmed component failure; full assembly replacement completed under warranty per applicable TSB. Vehicle line P552N F-150 [15-20]. [synthetic sanitized narrative]",2762.15,16.4,33030
39836458,"Customer reports concern related to rattle, phasers, cam. Diagnosis performed; minor repair/reseal completed under warranty per applicable TSB. Vehicle line P552N F-150 [15-20]. [synthetic sanitized narrative]",1357.63,9.6,33030
42705253,"Customer reports concern related to rattle, phasers, cam. Diagnosis confirmed component failure; full assembly replacement completed under warranty per applicable TSB. Vehicle line P552N F-150 [15-20]. [synthetic sanitized narrative]",2054.51,9.4,33030
38797468,"Customer reports concern related to rattle, phasers, cam. Diagnosis performed; minor repair/reseal completed under warranty per applicable TSB. Vehicle line P552N F-150 [15-20]. [synthetic sanitized narrative]",1312.71,11.1,33030
42527126,"Customer reports concern related to rattle, phasers, cam. Diagnosis performed; minor repair/reseal completed under warranty per applicable TSB. Vehicle line P552N F-150 [15-20]. [synthetic sanitized narrative]",1376.51,9.6,33030
42776058,"Customer reports concern related to oil, oil pan, pan. Diagnosis performed; minor repair/reseal completed under warranty per applicable TSB. Vehicle line P558N SUPER DUTY [17-22]. [synthetic sanitized narrative]",1773.94,10.3,40109
43132363,"Customer reports concern related to oil, oil pan, pan. Diagnosis performed; minor repair/reseal completed under warranty per applicable TSB. Vehicle line P558N SUPER DUTY [17-22]. [synthetic sanitized narrative]",1923.62,11.0,40109
43012834,"Customer reports concern related to oil, oil pan, pan. Diagnosis confirmed component failure; full assembly replacement completed under warranty per applicable TSB. Vehicle line P558N SUPER DUTY [17-22]. [synthetic sanitized narrative]",2172.74,13.3,40109
42963822,"Customer reports concern related to oil, oil pan, pan. Diagnosis performed; minor repair/reseal completed under warranty per applicable TSB. Vehicle line P558N SUPER DUTY [17-22]. [synthetic sanitized narrative]",1398.26,10.2,40109
42610640,"Customer reports concern related to rattle, phasers, cam. Diagnosis confirmed component failure; full assembly replacement completed under warranty per applicable TSB. Vehicle line P552N F-150 [15-20]. [synthetic sanitized narrative]",2079.9,13.3,33030
42868126,"Customer reports concern related to main control, main, transmission. Diagnosis confirmed component failure; full assembly replacement completed under warranty per applicable TSB. Vehicle line P552N F-150 [15-20]. [synthetic sanitized narrative]",13179.53,49.9,35069
38646461,"Customer reports concern related to oil, oil pan, pan. Diagnosis performed; minor repair/reseal completed under warranty per applicable TSB. Vehicle line P558N SUPER DUTY [17-22]. [synthetic sanitized narrative]",1479.57,12.3,40109
41029056,"Customer reports concern related to oil, oil pan, pan. Diagnosis performed; minor repair/reseal completed under warranty per applicable TSB. Vehicle line P558N SUPER DUTY [17-22]. [synthetic sanitized narrative]",1380.76,10.3,40109
42799113,"Customer reports concern related to main control, main, transmission. Diagnosis confirmed component failure; full assembly replacement completed under warranty per applicable TSB. Vehicle line P552N F-150 [15-20]. [synthetic sanitized narrative]",4849.74,28.1,35069
42545877,"Customer reports concern related to oil, oil pan, pan. Diagnosis performed; minor repair/reseal completed under warranty per applicable TSB. Vehicle line P558N SUPER DUTY [17-22]. [synthetic sanitized narrative]",1092.25,10.3,40109
41901477,"Customer reports concern related to oil, oil pan, pan. Diagnosis performed; minor repair/reseal completed under warranty per applicable TSB. Vehicle line P558N SUPER DUTY [17-22]. [synthetic sanitized narrative]",1417.01,10.5,40109
42816271,"Customer reports concern related to oil, oil pan, pan. Diagnosis performed; minor repair/reseal completed under warranty per applicable TSB. Vehicle line P558N SUPER DUTY [17-22]. [synthetic sanitized narrative]",1595.7,11.8,40109
42799310,"Customer reports concern related to oil, oil pan, pan. Diagnosis performed; minor repair/reseal completed under warranty per applicable TSB. Vehicle line P558N SUPER DUTY [17-22]. [synthetic sanitized narrative]",1811.81,11.4,40109
39466525,"Customer reports concern related to oil, oil pan, pan. Diagnosis performed; minor repair/reseal completed under warranty per applicable TSB. Vehicle line P558N SUPER DUTY [17-22]. [synthetic sanitized narrative]",1362.92,10.7,40109
42704350,"Customer reports concern related to oil, oil pan, pan. Diagnosis performed; minor repair/reseal completed under warranty per applicable TSB. Vehicle line P558N SUPER DUTY [17-22]. [synthetic sanitized narrative]",1441.14,10.2,40109
42723900,"Customer reports concern related to main control, main, transmission. Diagnosis confirmed component failure; full assembly replacement completed under warranty per applicable TSB. Vehicle line P552N F-150 [15-20]. [synthetic sanitized narrative]",6745.21,32.6,35069
42873846,"Customer reports concern related to oil, oil pan, pan. Diagnosis confirmed component failure; full assembly replacement completed under warranty per applicable TSB. Vehicle line P558N SUPER DUTY [17-22]. [synthetic sanitized narrative]",8379.38,14.0,40109
42477547,"Customer reports concern related to rattle, phasers, cam. Diagnosis confirmed component failure; full assembly replacement completed under warranty per applicable TSB. Vehicle line P552N F-150 [15-20]. [synthetic sanitized narrative]",2904.79,14.7,33030
42746181,"Customer reports concern related to oil, oil pan, pan. Diagnosis confirmed component failure; full assembly replacement completed under warranty per applicable TSB. Vehicle line P558N SUPER DUTY [17-22]. [synthetic sanitized narrative]",2608.13,11.7,40109
42486050,"Customer reports concern related to oil, oil pan, pan. Diagnosis performed; minor repair/reseal completed under warranty per applicable TSB. Vehicle line P558N SUPER DUTY [17-22]. [synthetic sanitized narrative]",1929.84,10.6,40109
37455466,"Customer reports concern related to rattle, phasers, cam. Diagnosis confirmed component failure; full assembly replacement completed under warranty per applicable TSB. Vehicle line P552N F-150 [15-20]. [synthetic sanitized narrative]",2488.28,12.4,33030
43120993,"Customer reports concern related to oil, oil pan, pan. Diagnosis confirmed component failure; full assembly replacement completed under warranty per applicable TSB. Vehicle line P558N SUPER DUTY [17-22]. [synthetic sanitized narrative]",2207.59,11.4,40109
42806712,"Customer reports concern related to clutch, replace clutch, transmission. Diagnosis confirmed component failure; full assembly replacement completed under warranty per applicable TSB. Vehicle line C346N FOCUS [12-18]. [synthetic sanitized narrative]",2837.01,14.8,3936
42714903,"Customer reports concern related to oil, oil pan, pan. Diagnosis performed; minor repair/reseal completed under warranty per applicable TSB. Vehicle line P558N SUPER DUTY [17-22]. [synthetic sanitized narrative]",918.43,10.2,40109
42467896,"Customer reports concern related to oil, oil pan, pan. Diagnosis confirmed component failure; full assembly replacement completed under warranty per applicable TSB. Vehicle line P558N SUPER DUTY [17-22]. [synthetic sanitized narrative]",2052.42,15.4,40109
42998286,"Customer reports concern related to oil, oil pan, pan. Diagnosis confirmed component failure; full assembly replacement completed under warranty per applicable TSB. Vehicle line P558N SUPER DUTY [17-22]. [synthetic sanitized narrative]",5405.21,18.7,40109
42878486,"Customer reports concern related to long block, block, long. Diagnosis confirmed component failure; full assembly replacement completed under warranty per applicable TSB. Vehicle line P552N F-150 [15-20]. [synthetic sanitized narrative]",11618.72,18.8,32954
42520048,"Customer reports concern related to long block, block, long. Diagnosis confirmed component failure; full assembly replacement completed under warranty per applicable TSB. Vehicle line P552N F-150 [15-20]. [synthetic sanitized narrative]",9302.49,16.1,32954
43035934,"Customer reports concern related to long block, block, long. Diagnosis performed; minor repair/reseal completed under warranty per applicable TSB. Vehicle line P552N F-150 [15-20]. [synthetic sanitized narrative]",8241.88,13.5,32954
42667097,"Customer reports concern related to long block, block, long. Diagnosis performed; minor repair/reseal completed under warranty per applicable TSB. Vehicle line P552N F-150 [15-20]. [synthetic sanitized narrative]",3421.98,16.9,32954
43143369,"Customer reports concern related to long block, block, long. Diagnosis confirmed component failure; full assembly replacement completed under warranty per applicable TSB. Vehicle line P552N F-150 [15-20]. [synthetic sanitized narrative]",13493.66,28.8,32954
43094030,"Customer reports concern related to long block, block, long. Diagnosis confirmed component failure; full assembly replacement completed under warranty per applicable TSB. Vehicle line P552N F-150 [15-20]. [synthetic sanitized narrative]",10066.06,27.0,32954
42407571,"Customer reports concern related to long block, block, long. Diagnosis confirmed component failure; full assembly replacement completed under warranty per applicable TSB. Vehicle line P552N F-150 [15-20]. [synthetic sanitized narrative]",11056.01,17.2,32954
43026424,"Customer reports concern related to long block, block, long. Diagnosis performed; minor repair/reseal completed under warranty per applicable TSB. Vehicle line P552N F-150 [15-20]. [synthetic sanitized narrative]",7564.83,14.3,32954
42419706,"Customer reports concern related to long block, block, long. Diagnosis confirmed component failure; full assembly replacement completed under warranty per applicable TSB. Vehicle line P552N F-150 [15-20]. [synthetic sanitized narrative]",9344.06,14.7,32954
43110038,"Customer reports concern related to long block, block, long. Diagnosis performed; minor repair/reseal completed under warranty per applicable TSB. Vehicle line P552N F-150 [15-20]. [synthetic sanitized narrative]",8592.44,22.2,32954
42947455,"Customer reports concern related to long block, block, long. Diagnosis performed; minor repair/reseal completed under warranty per applicable TSB. Vehicle line P552N F-150 [15-20]. [synthetic sanitized narrative]",7463.29,17.0,32954
43069869,"Customer reports concern related to long block, block, long. Diagnosis performed; minor repair/reseal completed under warranty per applicable TSB. Vehicle line P552N F-150 [15-20]. [synthetic sanitized narrative]",7189.96,15.3,32954
43072980,"Customer reports concern related to long block, block, long. Diagnosis confirmed component failure; full assembly replacement completed under warranty per applicable TSB. Vehicle line P552N F-150 [15-20]. [synthetic sanitized narrative]",13604.32,15.7,32954
42980689,"Customer reports concern related to long block, block, long. Diagnosis performed; minor repair/reseal completed under warranty per applicable TSB. Vehicle line P552N F-150 [15-20]. [synthetic sanitized narrative]",6892.66,9.1,32954
43071871,"Customer reports concern related to long block, block, long. Diagnosis performed; minor repair/reseal completed under warranty per applicable TSB. Vehicle line P552N F-150 [15-20]. [synthetic sanitized narrative]",7674.65,16.9,32954
42939296,"Customer reports concern related to long block, block, long. Diagnosis confirmed component failure; full assembly replacement completed under warranty per applicable TSB. Vehicle line P552N F-150 [15-20]. [synthetic sanitized narrative]",9022.1,14.2,32954
42978932,"Customer reports concern related to long block, block, long. Diagnosis confirmed component failure; full assembly replacement completed under warranty per applicable TSB. Vehicle line P552N F-150 [15-20]. [synthetic sanitized narrative]",9238.01,16.6,32954
41323475,"Customer reports concern related to long block, block, long. Diagnosis performed; minor repair/reseal completed under warranty per applicable TSB. Vehicle line P552N F-150 [15-20]. [synthetic sanitized narrative]",7370.1,15.7,32954
42417019,"Customer reports concern related to long block, block, long. Diagnosis confirmed component failure; full assembly replacement completed under warranty per applicable TSB. Vehicle line P552N F-150 [15-20]. [synthetic sanitized narrative]",10100.25,14.1,32954
42913443,"Customer reports concern related to long block, block, long. Diagnosis performed; minor repair/reseal completed under warranty per applicable TSB. Vehicle line P552N F-150 [15-20]. [synthetic sanitized narrative]",7898.29,18.3,32954
42588521,"Customer reports concern related to long block, block, long. Diagnosis performed; minor repair/reseal completed under warranty per applicable TSB. Vehicle line P552N F-150 [15-20]. [synthetic sanitized narrative]",8405.1,15.7,32954
43058142,"Customer reports concern related to long block, block, long. Diagnosis performed; minor repair/reseal completed under warranty per applicable TSB. Vehicle line P552N F-150 [15-20]. [synthetic sanitized narrative]",7826.58,14.4,32954
43029268,"Customer reports concern related to long block, block, long. Diagnosis performed; minor repair/reseal completed under warranty per applicable TSB. Vehicle line P552N F-150 [15-20]. [synthetic sanitized narrative]",7437.73,15.3,32954
39952494,"Customer reports concern related to long block, block, long. Diagnosis confirmed component failure; full assembly replacement completed under warranty per applicable TSB. Vehicle line P552N F-150 [15-20]. [synthetic sanitized narrative]",9689.47,15.7,32954
42497469,"Customer reports concern related to long block, block, long. Diagnosis confirmed component failure; full assembly replacement completed under warranty per applicable TSB. Vehicle line P552N F-150 [15-20]. [synthetic sanitized narrative]",10447.48,11.7,32954
42497216,"Customer reports concern related to long block, block, long. Diagnosis performed; minor repair/reseal completed under warranty per applicable TSB. Vehicle line P552N F-150 [15-20]. [synthetic sanitized narrative]",8021.01,11.8,32954
37102544,"Customer reports concern related to rattle, phasers, cam. Diagnosis performed; minor repair/reseal completed under warranty per applicable TSB. Vehicle line P552N F-150 [15-20]. [synthetic sanitized narrative]",23.74,0.3,33030
42882802,"Customer reports concern related to long block, block, long. Diagnosis performed; minor repair/reseal completed under warranty per applicable TSB. Vehicle line P552N F-150 [15-20]. [synthetic sanitized narrative]",8309.01,17.1,32954
42559556,"Customer reports concern related to water pump, water, pump. Diagnosis performed; minor repair/reseal completed under warranty per applicable TSB. Vehicle line U502N EXPLORER [11-19]. [synthetic sanitized narrative]",1312.85,8.6,53967
40944534,"Customer reports concern related to water pump, water, pump. Diagnosis performed; minor repair/reseal completed under warranty per applicable TSB. Vehicle line U502N EXPLORER [11-19]. [synthetic sanitized narrative]",1497.87,9.3,53967
40498462,"Customer reports concern related to water pump, water, pump. Diagnosis performed; minor repair/reseal completed under warranty per applicable TSB. Vehicle line U502N EXPLORER [11-19]. [synthetic sanitized narrative]",1277.37,10.3,53967
38098487,"Customer reports concern related to water pump, water, pump. Diagnosis performed; minor repair/reseal completed under warranty per applicable TSB. Vehicle line U502N EXPLORER [11-19]. [synthetic sanitized narrative]",1234.29,8.8,53967
39627475,"Customer reports concern related to water pump, water, pump. Diagnosis confirmed component failure; full assembly replacement completed under warranty per applicable TSB. Vehicle line U502N EXPLORER [11-19]. [synthetic sanitized narrative]",2074.57,21.2,53967
38465490,"Customer reports concern related to water pump, water, pump. Diagnosis confirmed component failure; full assembly replacement completed under warranty per applicable TSB. Vehicle line U502N EXPLORER [11-19]. [synthetic sanitized narrative]",1785.91,8.6,53967
40834482,"Customer reports concern related to water pump, water, pump. Diagnosis performed; minor repair/reseal completed under warranty per applicable TSB. Vehicle line U502N EXPLORER [11-19]. [synthetic sanitized narrative]",1547.58,9.4,53967
37596492,"Customer reports concern related to water pump, water, pump. Diagnosis performed; minor repair/reseal completed under warranty per applicable TSB. Vehicle line U502N EXPLORER [11-19]. [synthetic sanitized narrative]",1466.06,9.1,53967
37465499,"Customer reports concern related to water pump, water, pump. Diagnosis performed; minor repair/reseal completed under warranty per applicable TSB. Vehicle line U502N EXPLORER [11-19]. [synthetic sanitized narrative]",1421.49,8.6,53967
38806545,"Customer reports concern related to water pump, water, pump. Diagnosis performed; minor repair/reseal completed under warranty per applicable TSB. Vehicle line U502N EXPLORER [11-19]. [synthetic sanitized narrative]",1386.7,9.2,53967
42448770,"Customer reports concern related to water pump, water, pump. Diagnosis performed; minor repair/reseal completed under warranty per applicable TSB. Vehicle line U502N EXPLORER [11-19]. [synthetic sanitized narrative]",1173.73,8.8,53967
37612466,"Customer reports concern related to water pump, water, pump. Diagnosis performed; minor repair/reseal completed under warranty per applicable TSB. Vehicle line U502N EXPLORER [11-19]. [synthetic sanitized narrative]",1255.06,12.2,53967
41073485,"Customer reports concern related to water pump, water, pump. Diagnosis performed; minor repair/reseal completed under warranty per applicable TSB. Vehicle line U502N EXPLORER [11-19]. [synthetic sanitized narrative]",1497.32,8.6,53967
42157460,"Customer reports concern related to water pump, water, pump. Diagnosis confirmed component failure; full assembly replacement completed under warranty per applicable TSB. Vehicle line U502N EXPLORER [11-19]. [synthetic sanitized narrative]",1952.27,9.2,53967
37394459,"Customer reports concern related to water pump, water, pump. Diagnosis performed; minor repair/reseal completed under warranty per applicable TSB. Vehicle line U502N EXPLORER [11-19]. [synthetic sanitized narrative]",1106.89,8.4,53967
42906437,"Customer reports concern related to water pump, water, pump. Diagnosis performed; minor repair/reseal completed under warranty per applicable TSB. Vehicle line U502N EXPLORER [11-19]. [synthetic sanitized narrative]",1279.01,10.7,53967
37927512,"Customer reports concern related to water pump, water, pump. Diagnosis performed; minor repair/reseal completed under warranty per applicable TSB. Vehicle line U502N EXPLORER [11-19]. [synthetic sanitized narrative]",1088.41,8.6,53967
42921006,"Customer reports concern related to water pump, water, pump. Diagnosis performed; minor repair/reseal completed under warranty per applicable TSB. Vehicle line U502N EXPLORER [11-19]. [synthetic sanitized narrative]",1369.98,8.6,53967
40328511,"Customer reports concern related to water pump, water, pump. Diagnosis performed; minor repair/reseal completed under warranty per applicable TSB. Vehicle line U502N EXPLORER [11-19]. [synthetic sanitized narrative]",1454.21,9.4,53967
40372537,"Customer reports concern related to water pump, water, pump. Diagnosis performed; minor repair/reseal completed under warranty per applicable TSB. Vehicle line U502N EXPLORER [11-19]. [synthetic sanitized narrative]",1265.28,8.4,53967
42919882,"Customer reports concern related to water pump, water, pump. Diagnosis performed; minor repair/reseal completed under warranty per applicable TSB. Vehicle line U502N EXPLORER [11-19]. [synthetic sanitized narrative]",1455.08,8.6,53967
42824424,"Customer reports concern related to water pump, water, pump. Diagnosis performed; minor repair/reseal completed under warranty per applicable TSB. Vehicle line U502N EXPLORER [11-19]. [synthetic sanitized narrative]",1359.43,9.4,53967
43006466,"Customer reports concern related to water pump, water, pump. Diagnosis performed; minor repair/reseal completed under warranty per applicable TSB. Vehicle line U502N EXPLORER [11-19]. [synthetic sanitized narrative]",1132.87,8.6,53967
42423863,"Customer reports concern related to water pump, water, pump. Diagnosis confirmed component failure; full assembly replacement completed under warranty per applicable TSB. Vehicle line U502N EXPLORER [11-19]. [synthetic sanitized narrative]",5980.96,22.0,53967
39640477,"Customer reports concern related to water pump, water, pump. Diagnosis performed; minor repair/reseal completed under warranty per applicable TSB. Vehicle line U502N EXPLORER [11-19]. [synthetic sanitized narrative]",1507.68,9.0,53967
38848470,"Customer reports concern related to water pump, water, pump. Diagnosis confirmed component failure; full assembly replacement completed under warranty per applicable TSB. Vehicle line U502N EXPLORER [11-19]. [synthetic sanitized narrative]",3370.68,14.0,53967
42994866,"Customer reports concern related to clutch, replace clutch, transmission. Diagnosis confirmed component failure; full assembly replacement completed under warranty per applicable TSB. Vehicle line C346N FOCUS [12-18]. [synthetic sanitized narrative]",2363.72,9.4,3936
42911959,"Customer reports concern related to water pump, water, pump. Diagnosis performed; minor repair/reseal completed under warranty per applicable TSB. Vehicle line U502N EXPLORER [11-19]. [synthetic sanitized narrative]",1470.41,8.6,53967
42410674,"Customer reports concern related to water pump, water, pump. Diagnosis performed; minor repair/reseal completed under warranty per applicable TSB. Vehicle line U502N EXPLORER [11-19]. [synthetic sanitized narrative]",1391.82,9.2,53967
42408489,"Customer reports concern related to water pump, water, pump. Diagnosis confirmed component failure; full assembly replacement completed under warranty per applicable TSB. Vehicle line U502N EXPLORER [11-19]. [synthetic sanitized narrative]",2134.12,10.3,53967
39143511,"Customer reports concern related to water pump, water, pump. Diagnosis performed; minor repair/reseal completed under warranty per applicable TSB. Vehicle line U502N EXPLORER [11-19]. [synthetic sanitized narrative]",1236.56,8.4,53967
39437471,"Customer reports concern related to water pump, water, pump. Diagnosis performed; minor repair/reseal completed under warranty per applicable TSB. Vehicle line U502N EXPLORER [11-19]. [synthetic sanitized narrative]",1455.16,8.4,53967
42510947,"Customer reports concern related to water pump, water, pump. Diagnosis performed; minor repair/reseal completed under warranty per applicable TSB. Vehicle line U502N EXPLORER [11-19]. [synthetic sanitized narrative]",1589.9,8.2,53967
42674513,"Customer reports concern related to water pump, water, pump. Diagnosis confirmed component failure; full assembly replacement completed under warranty per applicable TSB. Vehicle line U502N EXPLORER [11-19]. [synthetic sanitized narrative]",2539.34,12.0,53967
39305453,"Customer reports concern related to water pump, water, pump. Diagnosis performed; minor repair/reseal completed under warranty per applicable TSB. Vehicle line U502N EXPLORER [11-19]. [synthetic sanitized narrative]",1398.8,9.0,53967
42499492,"Customer reports concern related to water pump, water, pump. Diagnosis performed; minor repair/reseal completed under warranty per applicable TSB. Vehicle line U502N EXPLORER [11-19]. [synthetic sanitized narrative]",1312.94,9.9,53967
43096974,"Customer reports concern related to long block, block, long. Diagnosis confirmed component failure; full assembly replacement completed under warranty per applicable TSB. Vehicle line P552N F-150 [15-20]. [synthetic sanitized narrative]",12812.02,26.8,32954
42770166,"Customer reports concern related to clutch, replace clutch, transmission. Diagnosis confirmed component failure; full assembly replacement completed under warranty per applicable TSB. Vehicle line C346N FOCUS [12-18]. [synthetic sanitized narrative]",1897.13,8.4,3936
42660823,"Customer reports concern related to long block, block, long. Diagnosis confirmed component failure; full assembly replacement completed under warranty per applicable TSB. Vehicle line CD539N EDGE [15-24]. [synthetic sanitized narrative]",6904.61,25.4,14641
43006125,"Customer reports concern related to main control, main, transmission. Diagnosis confirmed component failure; full assembly replacement completed under warranty per applicable TSB. Vehicle line P552N F-150 [15-20]. [synthetic sanitized narrative]",4653.39,20.8,35069
42961574,"Customer reports concern related to transmission, repair, fluid. Diagnosis confirmed component failure; full assembly replacement completed under warranty per applicable TSB. Vehicle line V408E TRANSIT CONNECT [13-24]. [synthetic sanitized narrative]",3989.33,17.5,71778
42960574,"Customer reports concern related to main control, main, transmission. Diagnosis confirmed component failure; full assembly replacement completed under warranty per applicable TSB. Vehicle line P552N F-150 [15-20]. [synthetic sanitized narrative]",6035.72,16.5,35069
42938770,"Customer reports concern related to main control, main, transmission. Diagnosis confirmed component failure; full assembly replacement completed under warranty per applicable TSB. Vehicle line P552N F-150 [15-20]. [synthetic sanitized narrative]",7767.9,14.6,35069
43045061,"Customer reports concern related to main control, main, transmission. Diagnosis performed; minor repair/reseal completed under warranty per applicable TSB. Vehicle line P552N F-150 [15-20]. [synthetic sanitized narrative]",2465.9,17.3,35069
42890402,"Customer reports concern related to main control, main, transmission. Diagnosis performed; minor repair/reseal completed under warranty per applicable TSB. Vehicle line P552N F-150 [15-20]. [synthetic sanitized narrative]",2928.2,17.6,35069
42960854,"Customer reports concern related to main control, main, transmission. Diagnosis confirmed component failure; full assembly replacement completed under warranty per applicable TSB. Vehicle line P552N F-150 [15-20]. [synthetic sanitized narrative]",4216.35,23.5,35069
43110826,"Customer reports concern related to main control, main, transmission. Diagnosis performed; minor repair/reseal completed under warranty per applicable TSB. Vehicle line P552N F-150 [15-20]. [synthetic sanitized narrative]",2959.33,22.5,35069
42988580,"Customer reports concern related to main control, main, transmission. Diagnosis performed; minor repair/reseal completed under warranty per applicable TSB. Vehicle line P552N F-150 [15-20]. [synthetic sanitized narrative]",3378.48,21.1,35069
43046994,"Customer reports concern related to clutch, replace clutch, transmission. Diagnosis confirmed component failure; full assembly replacement completed under warranty per applicable TSB. Vehicle line C346N FOCUS [12-18]. [synthetic sanitized narrative]",2387.16,10.0,3936
42968159,"Customer reports concern related to main control, main, transmission. Diagnosis confirmed component failure; full assembly replacement completed under warranty per applicable TSB. Vehicle line P552N F-150 [15-20]. [synthetic sanitized narrative]",5708.07,24.2,35069
42674036,"Customer reports concern related to transmission, repair, fluid. Diagnosis confirmed component failure; full assembly replacement completed under warranty per applicable TSB. Vehicle line V408E TRANSIT CONNECT [13-24]. [synthetic sanitized narrative]",4620.68,17.5,71778
43044883,"Customer reports concern related to oil, oil pan, pan. Diagnosis performed; minor repair/reseal completed under warranty per applicable TSB. Vehicle line P558N SUPER DUTY [17-22]. [synthetic sanitized narrative]",1671.55,13.9,40109
42839538,"Customer reports concern related to main control, main, transmission. Diagnosis confirmed component failure; full assembly replacement completed under warranty per applicable TSB. Vehicle line P552N F-150 [15-20]. [synthetic sanitized narrative]",4848.06,19.7,35069
42755041,"Customer reports concern related to clutch, replace clutch, transmission. Diagnosis performed; minor repair/reseal completed under warranty per applicable TSB. Vehicle line C346N FOCUS [12-18]. [synthetic sanitized narrative]",1334.9,6.5,3936
42745925,"Customer reports concern related to main control, main, transmission. Diagnosis performed; minor repair/reseal completed under warranty per applicable TSB. Vehicle line P552N F-150 [15-20]. [synthetic sanitized narrative]",3345.73,21.9,35069
43095174,"Customer reports concern related to main control, main, transmission. Diagnosis confirmed component failure; full assembly replacement completed under warranty per applicable TSB. Vehicle line P552N F-150 [15-20]. [synthetic sanitized narrative]",3717.76,21.5,35069
43096776,"Customer reports concern related to main control, main, transmission. Diagnosis performed; minor repair/reseal completed under warranty per applicable TSB. Vehicle line P552N F-150 [15-20]. [synthetic sanitized narrative]",2351.43,20.0,35069
43012008,"Customer reports concern related to main control, main, transmission. Diagnosis confirmed component failure; full assembly replacement completed under warranty per applicable TSB. Vehicle line P552N F-150 [15-20]. [synthetic sanitized narrative]",4959.07,20.7,35069
42911341,"Customer reports concern related to main control, main, transmission. Diagnosis performed; minor repair/reseal completed under warranty per applicable TSB. Vehicle line P552N F-150 [15-20]. [synthetic sanitized narrative]",3578.06,23.1,35069
43000467,"Customer reports concern related to transmission, repair, fluid. Diagnosis performed; minor repair/reseal completed under warranty per applicable TSB. Vehicle line V408E TRANSIT CONNECT [13-24]. [synthetic sanitized narrative]",2407.86,16.9,71778
42878453,"Customer reports concern related to main control, main, transmission. Diagnosis confirmed component failure; full assembly replacement completed under warranty per applicable TSB. Vehicle line P552N F-150 [15-20]. [synthetic sanitized narrative]",3909.81,21.9,35069
42540547,"Customer reports concern related to transmission, repair, fluid. Diagnosis performed; minor repair/reseal completed under warranty per applicable TSB. Vehicle line V408E TRANSIT CONNECT [13-24]. [synthetic sanitized narrative]",2562.2,17.5,71778
42939940,"Customer reports concern related to main control, main, transmission. Diagnosis confirmed component failure; full assembly replacement completed under warranty per applicable TSB. Vehicle line P552N F-150 [15-20]. [synthetic sanitized narrative]",5684.24,10.9,35069
42559502,"Customer reports concern related to transmission, repair, fluid. Diagnosis confirmed component failure; full assembly replacement completed under warranty per applicable TSB. Vehicle line V408E TRANSIT CONNECT [13-24]. [synthetic sanitized narrative]",4425.43,22.0,71778
42508378,"Customer reports concern related to transmission, repair, fluid. Diagnosis performed; minor repair/reseal completed under warranty per applicable TSB. Vehicle line V408E TRANSIT CONNECT [13-24]. [synthetic sanitized narrative]",2849.38,16.4,71778
42511299,"Customer reports concern related to transmission, repair, fluid. Diagnosis performed; minor repair/reseal completed under warranty per applicable TSB. Vehicle line V408E TRANSIT CONNECT [13-24]. [synthetic sanitized narrative]",3199.27,16.9,71778
42687273,"Customer reports concern related to transmission, repair, fluid. Diagnosis performed; minor repair/reseal completed under warranty per applicable TSB. Vehicle line V408E TRANSIT CONNECT [13-24]. [synthetic sanitized narrative]",2623.43,16.4,71778
42915412,"Customer reports concern related to main control, main, transmission. Diagnosis confirmed component failure; full assembly replacement completed under warranty per applicable TSB. Vehicle line P552N F-150 [15-20]. [synthetic sanitized narrative]",3605.53,23.2,35069
42927332,"Customer reports concern related to main control, main, transmission. Diagnosis confirmed component failure; full assembly replacement completed under warranty per applicable TSB. Vehicle line P552N F-150 [15-20]. [synthetic sanitized narrative]",3753.83,21.0,35069
42823405,"Customer reports concern related to main control, main, transmission. Diagnosis performed; minor repair/reseal completed under warranty per applicable TSB. Vehicle line P552N F-150 [15-20]. [synthetic sanitized narrative]",3484.63,20.3,35069
42840206,"Customer reports concern related to main control, main, transmission. Diagnosis confirmed component failure; full assembly replacement completed under warranty per applicable TSB. Vehicle line P552N F-150 [15-20]. [synthetic sanitized narrative]",3813.01,24.0,35069
42974779,"Customer reports concern related to main control, main, transmission. Diagnosis confirmed component failure; full assembly replacement completed under warranty per applicable TSB. Vehicle line P552N F-150 [15-20]. [synthetic sanitized narrative]",3619.56,19.4,35069
42939545,"Customer reports concern related to main control, main, transmission. Diagnosis confirmed component failure; full assembly replacement completed under warranty per applicable TSB. Vehicle line P552N F-150 [15-20]. [synthetic sanitized narrative]",3819.42,23.6,35069
42800384,"Customer reports concern related to main control, main, transmission. Diagnosis performed; minor repair/reseal completed under warranty per applicable TSB. Vehicle line P552N F-150 [15-20]. [synthetic sanitized narrative]",3386.06,19.4,35069
42666788,"Customer reports concern related to main control, main, transmission. Diagnosis performed; minor repair/reseal completed under warranty per applicable TSB. Vehicle line P552N F-150 [15-20]. [synthetic sanitized narrative]",3231.99,19.7,35069
43003527,"Customer reports concern related to main control, main, transmission. Diagnosis confirmed component failure; full assembly replacement completed under warranty per applicable TSB. Vehicle line P552N F-150 [15-20]. [synthetic sanitized narrative]",6266.94,13.4,35069
43132633,"Customer reports concern related to main control, main, transmission. Diagnosis confirmed component failure; full assembly replacement completed under warranty per applicable TSB. Vehicle line P552N F-150 [15-20]. [synthetic sanitized narrative]",5086.96,18.9,35069
43090780,"Customer reports concern related to main control, main, transmission. Diagnosis performed; minor repair/reseal completed under warranty per applicable TSB. Vehicle line P552N F-150 [15-20]. [synthetic sanitized narrative]",2780.39,16.0,35069
42869013,"Customer reports concern related to main control, main, transmission. Diagnosis performed; minor repair/reseal completed under warranty per applicable TSB. Vehicle line P552N F-150 [15-20]. [synthetic sanitized narrative]",3084.92,20.6,35069
43127612,"Customer reports concern related to main control, main, transmission. Diagnosis confirmed component failure; full assembly replacement completed under warranty per applicable TSB. Vehicle line P552N F-150 [15-20]. [synthetic sanitized narrative]",5338.25,25.1,35069
42728249,"Customer reports concern related to main control, main, transmission. Diagnosis performed; minor repair/reseal completed under warranty per applicable TSB. Vehicle line P552N F-150 [15-20]. [synthetic sanitized narrative]",2888.72,21.4,35069
43101816,"Customer reports concern related to long block, block, long. Diagnosis confirmed component failure; full assembly replacement completed under warranty per applicable TSB. Vehicle line P552N F-150 [15-20]. [synthetic sanitized narrative]",11653.83,36.4,32954
43044764,"Customer reports concern related to water pump, water, pump. Diagnosis confirmed component failure; full assembly replacement completed under warranty per applicable TSB. Vehicle line U502N EXPLORER [11-19]. [synthetic sanitized narrative]",2927.85,12.3,53967
42946447,"Customer reports concern related to main control, main, transmission. Diagnosis confirmed component failure; full assembly replacement completed under warranty per applicable TSB. Vehicle line P552N F-150 [15-20]. [synthetic sanitized narrative]",3591.0,19.5,35069
42744207,"Customer reports concern related to main control, main, transmission. Diagnosis performed; minor repair/reseal completed under warranty per applicable TSB. Vehicle line P552N F-150 [15-20]. [synthetic sanitized narrative]",2412.93,18.7,35069
43098199,"Customer reports concern related to main control, main, transmission. Diagnosis confirmed component failure; full assembly replacement completed under warranty per applicable TSB. Vehicle line P552N F-150 [15-20]. [synthetic sanitized narrative]",3641.2,21.9,35069
42938823,"Customer reports concern related to rattle, phasers, cam. Diagnosis confirmed component failure; full assembly replacement completed under warranty per applicable TSB. Vehicle line P552N F-150 [15-20]. [synthetic sanitized narrative]",3810.27,22.9,33030
42853991,"Customer reports concern related to water pump, water, pump. Diagnosis confirmed component failure; full assembly replacement completed under warranty per applicable TSB. Vehicle line U502N EXPLORER [11-19]. [synthetic sanitized narrative]",3256.66,16.2,53967
38663466,"Customer reports concern related to clutch, replace clutch, transmission. Diagnosis confirmed component failure; full assembly replacement completed under warranty per applicable TSB. Vehicle line C346N FOCUS [12-18]. [synthetic sanitized narrative]",1575.34,9.3,3936
38624477,"Customer reports concern related to long block, block, long. Diagnosis performed; minor repair/reseal completed under warranty per applicable TSB. Vehicle line CD539N EDGE [15-24]. [synthetic sanitized narrative]",4475.07,24.6,14641
42485606,"Customer reports concern related to oil, oil pan, pan. Diagnosis confirmed component failure; full assembly replacement completed under warranty per applicable TSB. Vehicle line P558N SUPER DUTY [17-22]. [synthetic sanitized narrative]",2150.81,10.9,40109
42368460,"Customer reports concern related to oil, oil pan, pan. Diagnosis confirmed component failure; full assembly replacement completed under warranty per applicable TSB. Vehicle line P558N SUPER DUTY [17-22]. [synthetic sanitized narrative]",2423.76,13.3,40109
42600108,"Customer reports concern related to oil, oil pan, pan. Diagnosis confirmed component failure; full assembly replacement completed under warranty per applicable TSB. Vehicle line P558N SUPER DUTY [17-22]. [synthetic sanitized narrative]",2200.84,11.8,40109
38547496,"Customer reports concern related to oil, oil pan, pan. Diagnosis confirmed component failure; full assembly replacement completed under warranty per applicable TSB. Vehicle line P558N SUPER DUTY [17-22]. [synthetic sanitized narrative]",4867.17,28.7,40109
42821222,"Customer reports concern related to oil, oil pan, pan. Diagnosis confirmed component failure; full assembly replacement completed under warranty per applicable TSB. Vehicle line P558N SUPER DUTY [17-22]. [synthetic sanitized narrative]",3641.5,20.9,40109
42585259,"Customer reports concern related to oil, oil pan, pan. Diagnosis confirmed component failure; full assembly replacement completed under warranty per applicable TSB. Vehicle line P558N SUPER DUTY [17-22]. [synthetic sanitized narrative]",2395.89,13.4,40109
42826222,"Customer reports concern related to oil, oil pan, pan. Diagnosis confirmed component failure; full assembly replacement completed under warranty per applicable TSB. Vehicle line P558N SUPER DUTY [17-22]. [synthetic sanitized narrative]",5257.18,23.9,40109
42810603,"Customer reports concern related to oil, oil pan, pan. Diagnosis confirmed component failure; full assembly replacement completed under warranty per applicable TSB. Vehicle line P558N SUPER DUTY [17-22]. [synthetic sanitized narrative]",2151.67,11.8,40109
43126661,"Customer reports concern related to main control, main, transmission. Diagnosis confirmed component failure; full assembly replacement completed under warranty per applicable TSB. Vehicle line P552N F-150 [15-20]. [synthetic sanitized narrative]",4620.39,19.6,35069
42441266,"Customer reports concern related to long block, block, long. Diagnosis performed; minor repair/reseal completed under warranty per applicable TSB. Vehicle line P552N F-150 [15-20]. [synthetic sanitized narrative]",8298.37,17.4,32954
42554075,"Customer reports concern related to oil, oil pan, pan. Diagnosis performed; minor repair/reseal completed under warranty per applicable TSB. Vehicle line P558N SUPER DUTY [17-22]. [synthetic sanitized narrative]",1742.43,12.9,40109
42880428,"Customer reports concern related to long block, block, long. Diagnosis performed; minor repair/reseal completed under warranty per applicable TSB. Vehicle line P552N F-150 [15-20]. [synthetic sanitized narrative]",6922.67,17.0,32954
42833516,"Customer reports concern related to oil, oil pan, pan. Diagnosis confirmed component failure; full assembly replacement completed under warranty per applicable TSB. Vehicle line P558N SUPER DUTY [17-22]. [synthetic sanitized narrative]",2357.32,12.4,40109
38316496,"Customer reports concern related to rattle, phasers, cam. Diagnosis confirmed component failure; full assembly replacement completed under warranty per applicable TSB. Vehicle line P552N F-150 [15-20]. [synthetic sanitized narrative]",2220.67,12.8,33030
42956620,"Customer reports concern related to rattle, phasers, cam. Diagnosis confirmed component failure; full assembly replacement completed under warranty per applicable TSB. Vehicle line P552N F-150 [15-20]. [synthetic sanitized narrative]",2319.82,12.6,33030
43102622,"Customer reports concern related to oil, oil pan, pan. Diagnosis confirmed component failure; full assembly replacement completed under warranty per applicable TSB. Vehicle line P558N SUPER DUTY [17-22]. [synthetic sanitized narrative]",7812.37,38.9,40109
41230488,"Customer reports concern related to main control, main, transmission. Diagnosis confirmed component failure; full assembly replacement completed under warranty per applicable TSB. Vehicle line P552N F-150 [15-20]. [synthetic sanitized narrative]",6041.09,20.6,35069
42564122,"Customer reports concern related to long block, block, long. Diagnosis confirmed component failure; full assembly replacement completed under warranty per applicable TSB. Vehicle line CD539N EDGE [15-24]. [synthetic sanitized narrative]",5593.47,15.2,14641
42974067,"Customer reports concern related to long block, block, long. Diagnosis confirmed component failure; full assembly replacement completed under warranty per applicable TSB. Vehicle line P552N F-150 [15-20]. [synthetic sanitized narrative]",9393.08,21.3,32954
42767957,"Customer reports concern related to main control, main, transmission. Diagnosis confirmed component failure; full assembly replacement completed under warranty per applicable TSB. Vehicle line P552N F-150 [15-20]. [synthetic sanitized narrative]",4555.4,24.7,35069
43066584,"Customer reports concern related to long block, block, long. Diagnosis performed; minor repair/reseal completed under warranty per applicable TSB. Vehicle line P552N F-150 [15-20]. [synthetic sanitized narrative]",7663.69,15.3,32954
39287466,"Customer reports concern related to long block, block, long. Diagnosis confirmed component failure; full assembly replacement completed under warranty per applicable TSB. Vehicle line P552N F-150 [15-20]. [synthetic sanitized narrative]",11519.81,22.9,32954
43118327,"Customer reports concern related to main control, main, transmission. Diagnosis performed; minor repair/reseal completed under warranty per applicable TSB. Vehicle line P552N F-150 [15-20]. [synthetic sanitized narrative]",2701.37,22.3,35069
42547920,"Customer reports concern related to oil, oil pan, pan. Diagnosis confirmed component failure; full assembly replacement completed under warranty per applicable TSB. Vehicle line P558N SUPER DUTY [17-22]. [synthetic sanitized narrative]",2432.64,15.9,40109
43135265,"Customer reports concern related to main control, main, transmission. Diagnosis confirmed component failure; full assembly replacement completed under warranty per applicable TSB. Vehicle line P552N F-150 [15-20]. [synthetic sanitized narrative]",3801.08,21.3,35069
41496462,"Customer reports concern related to oil, oil pan, pan. Diagnosis performed; minor repair/reseal completed under warranty per applicable TSB. Vehicle line P558N SUPER DUTY [17-22]. [synthetic sanitized narrative]",1780.17,13.0,40109
43080773,"Customer reports concern related to oil, oil pan, pan. Diagnosis confirmed component failure; full assembly replacement completed under warranty per applicable TSB. Vehicle line P558N SUPER DUTY [17-22]. [synthetic sanitized narrative]",2130.03,10.8,40109
39897475,"Customer reports concern related to oil, oil pan, pan. Diagnosis confirmed component failure; full assembly replacement completed under warranty per applicable TSB. Vehicle line P558N SUPER DUTY [17-22]. [synthetic sanitized narrative]",2909.9,15.5,40109
42984502,"Customer reports concern related to oil, oil pan, pan. Diagnosis performed; minor repair/reseal completed under warranty per applicable TSB. Vehicle line P558N SUPER DUTY [17-22]. [synthetic sanitized narrative]",1153.41,11.2,40109
42014474,"Customer reports concern related to clutch, replace clutch, transmission. Diagnosis performed; minor repair/reseal completed under warranty per applicable TSB. Vehicle line C346N FOCUS [12-18]. [synthetic sanitized narrative]",1203.11,7.0,3936
42441703,"Customer reports concern related to clutch, replace clutch, transmission. Diagnosis performed; minor repair/reseal completed under warranty per applicable TSB. Vehicle line C346N FOCUS [12-18]. [synthetic sanitized narrative]",1159.18,6.8,3936
39103463,"Customer reports concern related to clutch, replace clutch, transmission. Diagnosis performed; minor repair/reseal completed under warranty per applicable TSB. Vehicle line C346N FOCUS [12-18]. [synthetic sanitized narrative]",1203.51,6.7,3936
43063992,"Customer reports concern related to long block, block, long. Diagnosis confirmed component failure; full assembly replacement completed under warranty per applicable TSB. Vehicle line P552N F-150 [15-20]. [synthetic sanitized narrative]",10932.92,18.4,32954
42699594,"Customer reports concern related to clutch, replace clutch, transmission. Diagnosis performed; minor repair/reseal completed under warranty per applicable TSB. Vehicle line C346N FOCUS [12-18]. [synthetic sanitized narrative]",1475.68,6.3,3936
42550573,"Customer reports concern related to oil, oil pan, pan. Diagnosis confirmed component failure; full assembly replacement completed under warranty per applicable TSB. Vehicle line P558N SUPER DUTY [17-22]. [synthetic sanitized narrative]",2091.5,13.7,40109
41206523,"Customer reports concern related to clutch, replace clutch, transmission. Diagnosis performed; minor repair/reseal completed under warranty per applicable TSB. Vehicle line C346N FOCUS [12-18]. [synthetic sanitized narrative]",1236.68,6.3,3936
42678001,"Customer reports concern related to oil, oil pan, pan. Diagnosis performed; minor repair/reseal completed under warranty per applicable TSB. Vehicle line P558N SUPER DUTY [17-22]. [synthetic sanitized narrative]",1930.87,11.6,40109
42442792,"Customer reports concern related to oil, oil pan, pan. Diagnosis performed; minor repair/reseal completed under warranty per applicable TSB. Vehicle line P558N SUPER DUTY [17-22]. [synthetic sanitized narrative]",1578.56,12.4,40109
41709488,"Customer reports concern related to water pump, water, pump. Diagnosis confirmed component failure; full assembly replacement completed under warranty per applicable TSB. Vehicle line U502N EXPLORER [11-19]. [synthetic sanitized narrative]",2006.67,9.7,53967
42436470,"Customer reports concern related to clutch, replace clutch, transmission. Diagnosis performed; minor repair/reseal completed under warranty per applicable TSB. Vehicle line C346N FOCUS [12-18]. [synthetic sanitized narrative]",1107.42,6.3,3936
43056739,"Customer reports concern related to clutch, replace clutch, transmission. Diagnosis confirmed component failure; full assembly replacement completed under warranty per applicable TSB. Vehicle line C346N FOCUS [12-18]. [synthetic sanitized narrative]",2781.3,9.4,3936
43041870,"Customer reports concern related to main control, main, transmission. Diagnosis confirmed component failure; full assembly replacement completed under warranty per applicable TSB. Vehicle line P552N F-150 [15-20]. [synthetic sanitized narrative]",3634.4,20.9,35069
42774541,"Customer reports concern related to clutch, replace clutch, transmission. Diagnosis confirmed component failure; full assembly replacement completed under warranty per applicable TSB. Vehicle line C346N FOCUS [12-18]. [synthetic sanitized narrative]",2929.08,14.4,3936
42663810,"Customer reports concern related to oil, oil pan, pan. Diagnosis confirmed component failure; full assembly replacement completed under warranty per applicable TSB. Vehicle line P558N SUPER DUTY [17-22]. [synthetic sanitized narrative]",4549.19,15.7,40109
38885458,"Customer reports concern related to water pump, water, pump. Diagnosis confirmed component failure; full assembly replacement completed under warranty per applicable TSB. Vehicle line U502N EXPLORER [11-19]. [synthetic sanitized narrative]",3275.95,14.7,53967
39121529,"Customer reports concern related to long block, block, long. Diagnosis confirmed component failure; full assembly replacement completed under warranty per applicable TSB. Vehicle line CD539N EDGE [15-24]. [synthetic sanitized narrative]",5186.21,16.0,14641
40096495,"Customer reports concern related to clutch, replace clutch, transmission. Diagnosis performed; minor repair/reseal completed under warranty per applicable TSB. Vehicle line C346N FOCUS [12-18]. [synthetic sanitized narrative]",1025.96,6.3,3936
42895833,"Customer reports concern related to clutch, replace clutch, transmission. Diagnosis performed; minor repair/reseal completed under warranty per applicable TSB. Vehicle line C346N FOCUS [12-18]. [synthetic sanitized narrative]",1076.78,5.5,3936
43000976,"Customer reports concern related to clutch, replace clutch, transmission. Diagnosis confirmed component failure; full assembly replacement completed under warranty per applicable TSB. Vehicle line C346N FOCUS [12-18]. [synthetic sanitized narrative]",1958.64,6.3,3936
42964933,"Customer reports concern related to clutch, replace clutch, transmission. Diagnosis performed; minor repair/reseal completed under warranty per applicable TSB. Vehicle line C346N FOCUS [12-18]. [synthetic sanitized narrative]",1516.52,9.0,3936
42545734,"Customer reports concern related to oil, oil pan, pan. Diagnosis performed; minor repair/reseal completed under warranty per applicable TSB. Vehicle line P558N SUPER DUTY [17-22]. [synthetic sanitized narrative]",1760.01,11.5,40109
36913489,"Customer reports concern related to clutch, replace clutch, transmission. Diagnosis performed; minor repair/reseal completed under warranty per applicable TSB. Vehicle line C346N FOCUS [12-18]. [synthetic sanitized narrative]",1179.35,6.3,3936
42677500,"Customer reports concern related to clutch, replace clutch, transmission. Diagnosis confirmed component failure; full assembly replacement completed under warranty per applicable TSB. Vehicle line C346N FOCUS [12-18]. [synthetic sanitized narrative]",1659.8,8.7,3936
43044896,"Customer reports concern related to long block, block, long. Diagnosis confirmed component failure; full assembly replacement completed under warranty per applicable TSB. Vehicle line P552N F-150 [15-20]. [synthetic sanitized narrative]",12891.74,16.7,32954
38899474,"Customer reports concern related to clutch, replace clutch, transmission. Diagnosis performed; minor repair/reseal completed under warranty per applicable TSB. Vehicle line C346N FOCUS [12-18]. [synthetic sanitized narrative]",1124.13,5.3,3936
42596585,"Customer reports concern related to clutch, replace clutch, transmission. Diagnosis performed; minor repair/reseal completed under warranty per applicable TSB. Vehicle line C346N FOCUS [12-18]. [synthetic sanitized narrative]",1473.77,6.6,3936
42454805,"Customer reports concern related to clutch, replace clutch, transmission. Diagnosis confirmed component failure; full assembly replacement completed under warranty per applicable TSB. Vehicle line C346N FOCUS [12-18]. [synthetic sanitized narrative]",1734.88,6.1,3936
42778469,"Customer reports concern related to clutch, replace clutch, transmission. Diagnosis performed; minor repair/reseal completed under warranty per applicable TSB. Vehicle line C346N FOCUS [12-18]. [synthetic sanitized narrative]",1500.24,6.4,3936
41385457,"Customer reports concern related to clutch, replace clutch, transmission. Diagnosis performed; minor repair/reseal completed under warranty per applicable TSB. Vehicle line C346N FOCUS [12-18]. [synthetic sanitized narrative]",1086.54,6.3,3936
42474277,"Customer reports concern related to clutch, replace clutch, transmission. Diagnosis performed; minor repair/reseal completed under warranty per applicable TSB. Vehicle line C346N FOCUS [12-18]. [synthetic sanitized narrative]",1497.78,8.0,3936
42922022,"Customer reports concern related to clutch, replace clutch, transmission. Diagnosis confirmed component failure; full assembly replacement completed under warranty per applicable TSB. Vehicle line C346N FOCUS [12-18]. [synthetic sanitized narrative]",2182.95,7.2,3936
42587534,"Customer reports concern related to oil, oil pan, pan. Diagnosis performed; minor repair/reseal completed under warranty per applicable TSB. Vehicle line P558N SUPER DUTY [17-22]. [synthetic sanitized narrative]",1696.89,11.9,40109
42770941,"Customer reports concern related to clutch, replace clutch, transmission. Diagnosis performed; minor repair/reseal completed under warranty per applicable TSB. Vehicle line C346N FOCUS [12-18]. [synthetic sanitized narrative]",1492.3,5.3,3936
40017553,"Customer reports concern related to clutch, replace clutch, transmission. Diagnosis performed; minor repair/reseal completed under warranty per applicable TSB. Vehicle line C346N FOCUS [12-18]. [synthetic sanitized narrative]",974.9,5.8,3936
42948003,"Customer reports concern related to rattle, phasers, cam. Diagnosis confirmed component failure; full assembly replacement completed under warranty per applicable TSB. Vehicle line P552N F-150 [15-20]. [synthetic sanitized narrative]",8727.92,26.7,33030
36939475,"Customer reports concern related to clutch, replace clutch, transmission. Diagnosis performed; minor repair/reseal completed under warranty per applicable TSB. Vehicle line C346N FOCUS [12-18]. [synthetic sanitized narrative]",1497.91,7.1,3936
41970463,"Customer reports concern related to clutch, replace clutch, transmission. Diagnosis performed; minor repair/reseal completed under warranty per applicable TSB. Vehicle line C346N FOCUS [12-18]. [synthetic sanitized narrative]",1423.11,6.6,3936
41363481,"Customer reports concern related to clutch, replace clutch, transmission. Diagnosis performed; minor repair/reseal completed under warranty per applicable TSB. Vehicle line C346N FOCUS [12-18]. [synthetic sanitized narrative]",1098.98,6.2,3936
36875494,"Customer reports concern related to clutch, replace clutch, transmission. Diagnosis performed; minor repair/reseal completed under warranty per applicable TSB. Vehicle line C346N FOCUS [12-18]. [synthetic sanitized narrative]",1157.89,6.6,3936
42776743,"Customer reports concern related to water pump, water, pump. Diagnosis performed; minor repair/reseal completed under warranty per applicable TSB. Vehicle line U502N EXPLORER [11-19]. [synthetic sanitized narrative]",1183.41,9.1,53967
42806150,"Customer reports concern related to clutch, replace clutch, transmission. Diagnosis confirmed component failure; full assembly replacement completed under warranty per applicable TSB. Vehicle line C346N FOCUS [12-18]. [synthetic sanitized narrative]",2145.93,6.6,3936
42413622,"Customer reports concern related to oil, oil pan, pan. Diagnosis performed; minor repair/reseal completed under warranty per applicable TSB. Vehicle line P558N SUPER DUTY [17-22]. [synthetic sanitized narrative]",1594.62,12.0,40109
39276607,"Customer reports concern related to water pump, water, pump. Diagnosis confirmed component failure; full assembly replacement completed under warranty per applicable TSB. Vehicle line U502N EXPLORER [11-19]. [synthetic sanitized narrative]",2699.38,18.6,53967
38235470,"Customer reports concern related to clutch, replace clutch, transmission. Diagnosis performed; minor repair/reseal completed under warranty per applicable TSB. Vehicle line C346N FOCUS [12-18]. [synthetic sanitized narrative]",886.28,6.6,3936
42822891,"Customer reports concern related to oil, oil pan, pan. Diagnosis confirmed component failure; full assembly replacement completed under warranty per applicable TSB. Vehicle line P558N SUPER DUTY [17-22]. [synthetic sanitized narrative]",2050.83,11.1,40109
42603100,"Customer reports concern related to water pump, water, pump. Diagnosis confirmed component failure; full assembly replacement completed under warranty per applicable TSB. Vehicle line U502N EXPLORER [11-19]. [synthetic sanitized narrative]",1831.88,9.1,53967
42565560,"Customer reports concern related to clutch, replace clutch, transmission. Diagnosis confirmed component failure; full assembly replacement completed under warranty per applicable TSB. Vehicle line C346N FOCUS [12-18]. [synthetic sanitized narrative]",1919.38,5.0,3936
42568742,"Customer reports concern related to clutch, replace clutch, transmission. Diagnosis performed; minor repair/reseal completed under warranty per applicable TSB. Vehicle line C346N FOCUS [12-18]. [synthetic sanitized narrative]",987.62,5.5,3936
42445331,"Customer reports concern related to oil, oil pan, pan. Diagnosis confirmed component failure; full assembly replacement completed under warranty per applicable TSB. Vehicle line P558N SUPER DUTY [17-22]. [synthetic sanitized narrative]",5824.48,28.0,40109
42865493,"Customer reports concern related to clutch, replace clutch, transmission. Diagnosis confirmed component failure; full assembly replacement completed under warranty per applicable TSB. Vehicle line C346N FOCUS [12-18]. [synthetic sanitized narrative]",1524.31,6.5,3936
43067432,"Customer reports concern related to water pump, water, pump. Diagnosis confirmed component failure; full assembly replacement completed under warranty per applicable TSB. Vehicle line U502N EXPLORER [11-19]. [synthetic sanitized narrative]",1991.45,10.0,53967
40254486,"Customer reports concern related to clutch, replace clutch, transmission. Diagnosis performed; minor repair/reseal completed under warranty per applicable TSB. Vehicle line C346N FOCUS [12-18]. [synthetic sanitized narrative]",1287.22,6.4,3936
42563686,"Customer reports concern related to oil, oil pan, pan. Diagnosis confirmed component failure; full assembly replacement completed under warranty per applicable TSB. Vehicle line P558N SUPER DUTY [17-22]. [synthetic sanitized narrative]",2467.28,16.6,40109
42688238,"Customer reports concern related to clutch, replace clutch, transmission. Diagnosis performed; minor repair/reseal completed under warranty per applicable TSB. Vehicle line C346N FOCUS [12-18]. [synthetic sanitized narrative]",1461.94,5.8,3936
42575494,"Customer reports concern related to clutch, replace clutch, transmission. Diagnosis performed; minor repair/reseal completed under warranty per applicable TSB. Vehicle line C346N FOCUS [12-18]. [synthetic sanitized narrative]",1432.87,6.7,3936
43091696,"Customer reports concern related to clutch, replace clutch, transmission. Diagnosis confirmed component failure; full assembly replacement completed under warranty per applicable TSB. Vehicle line C346N FOCUS [12-18]. [synthetic sanitized narrative]",1768.53,9.3,3936
42418485,"Customer reports concern related to clutch, replace clutch, transmission. Diagnosis performed; minor repair/reseal completed under warranty per applicable TSB. Vehicle line C346N FOCUS [12-18]. [synthetic sanitized narrative]",1083.7,5.8,3936
42452734,"Customer reports concern related to clutch, replace clutch, transmission. Diagnosis performed; minor repair/reseal completed under warranty per applicable TSB. Vehicle line C346N FOCUS [12-18]. [synthetic sanitized narrative]",1042.72,5.9,3936
42700165,"Customer reports concern related to long block, block, long. Diagnosis confirmed component failure; full assembly replacement completed under warranty per applicable TSB. Vehicle line CD539N EDGE [15-24]. [synthetic sanitized narrative]",5631.34,15.4,14641
42984337,"Customer reports concern related to clutch, replace clutch, transmission. Diagnosis confirmed component failure; full assembly replacement completed under warranty per applicable TSB. Vehicle line C346N FOCUS [12-18]. [synthetic sanitized narrative]",2348.55,8.7,3936
42739392,"Customer reports concern related to main control, main, transmission. Diagnosis performed; minor repair/reseal completed under warranty per applicable TSB. Vehicle line P552N F-150 [15-20]. [synthetic sanitized narrative]",2657.7,16.7,35069
40686470,"Customer reports concern related to clutch, replace clutch, transmission. Diagnosis confirmed component failure; full assembly replacement completed under warranty per applicable TSB. Vehicle line C346N FOCUS [12-18]. [synthetic sanitized narrative]",1834.81,7.5,3936
38678488,"Customer reports concern related to clutch, replace clutch, transmission. Diagnosis performed; minor repair/reseal completed under warranty per applicable TSB. Vehicle line C346N FOCUS [12-18]. [synthetic sanitized narrative]",1116.39,6.0,3936
42695601,"Customer reports concern related to long block, block, long. Diagnosis confirmed component failure; full assembly replacement completed under warranty per applicable TSB. Vehicle line CD539N EDGE [15-24]. [synthetic sanitized narrative]",4919.55,14.7,14641
42906698,"Customer reports concern related to main control, main, transmission. Diagnosis confirmed component failure; full assembly replacement completed under warranty per applicable TSB. Vehicle line P552N F-150 [15-20]. [synthetic sanitized narrative]",3975.46,22.4,35069
43108476,"Customer reports concern related to water pump, water, pump. Diagnosis confirmed component failure; full assembly replacement completed under warranty per applicable TSB. Vehicle line U502N EXPLORER [11-19]. [synthetic sanitized narrative]",2436.64,15.1,53967
38978537,"Customer reports concern related to long block, block, long. Diagnosis confirmed component failure; full assembly replacement completed under warranty per applicable TSB. Vehicle line CD539N EDGE [15-24]. [synthetic sanitized narrative]",4772.65,16.8,14641
42963520,"Customer reports concern related to main control, main, transmission. Diagnosis performed; minor repair/reseal completed under warranty per applicable TSB. Vehicle line P552N F-150 [15-20]. [synthetic sanitized narrative]",3092.37,15.9,35069
42595279,"Customer reports concern related to oil, oil pan, pan. Diagnosis performed; minor repair/reseal completed under warranty per applicable TSB. Vehicle line P558N SUPER DUTY [17-22]. [synthetic sanitized narrative]",1803.05,10.6,40109
43130239,"Customer reports concern related to long block, block, long. Diagnosis performed; minor repair/reseal completed under warranty per applicable TSB. Vehicle line CD539N EDGE [15-24]. [synthetic sanitized narrative]",4206.13,16.3,14641
41167452,"Customer reports concern related to long block, block, long. Diagnosis performed; minor repair/reseal completed under warranty per applicable TSB. Vehicle line CD539N EDGE [15-24]. [synthetic sanitized narrative]",4208.4,16.4,14641
39938458,"Customer reports concern related to long block, block, long. Diagnosis performed; minor repair/reseal completed under warranty per applicable TSB. Vehicle line CD539N EDGE [15-24]. [synthetic sanitized narrative]",3873.56,16.7,14641
38710486,"Customer reports concern related to long block, block, long. Diagnosis performed; minor repair/reseal completed under warranty per applicable TSB. Vehicle line CD539N EDGE [15-24]. [synthetic sanitized narrative]",4287.43,16.8,14641
42764392,"Customer reports concern related to water pump, water, pump. Diagnosis confirmed component failure; full assembly replacement completed under warranty per applicable TSB. Vehicle line U502N EXPLORER [11-19]. [synthetic sanitized narrative]",7192.1,26.6,53967
42125494,"Customer reports concern related to long block, block, long. Diagnosis confirmed component failure; full assembly replacement completed under warranty per applicable TSB. Vehicle line CD539N EDGE [15-24]. [synthetic sanitized narrative]",4821.51,15.7,14641
40404489,"Customer reports concern related to long block, block, long. Diagnosis performed; minor repair/reseal completed under warranty per applicable TSB. Vehicle line CD539N EDGE [15-24]. [synthetic sanitized narrative]",4406.53,15.5,14641
42434157,"Customer reports concern related to oil, oil pan, pan. Diagnosis performed; minor repair/reseal completed under warranty per applicable TSB. Vehicle line P558N SUPER DUTY [17-22]. [synthetic sanitized narrative]",1530.26,13.9,40109
43067336,"Customer reports concern related to oil, oil pan, pan. Diagnosis confirmed component failure; full assembly replacement completed under warranty per applicable TSB. Vehicle line P558N SUPER DUTY [17-22]. [synthetic sanitized narrative]",3072.92,12.8,40109
40976460,"Customer reports concern related to oil, oil pan, pan. Diagnosis performed; minor repair/reseal completed under warranty per applicable TSB. Vehicle line P558N SUPER DUTY [17-22]. [synthetic sanitized narrative]",1390.38,11.7,40109
39378490,"Customer reports concern related to oil, oil pan, pan. Diagnosis performed; minor repair/reseal completed under warranty per applicable TSB. Vehicle line P558N SUPER DUTY [17-22]. [synthetic sanitized narrative]",1717.83,14.1,40109
37441465,"Customer reports concern related to long block, block, long. Diagnosis performed; minor repair/reseal completed under warranty per applicable TSB. Vehicle line CD539N EDGE [15-24]. [synthetic sanitized narrative]",3962.61,13.3,14641
42982508,"Customer reports concern related to long block, block, long. Diagnosis performed; minor repair/reseal completed under warranty per applicable TSB. Vehicle line CD539N EDGE [15-24]. [synthetic sanitized narrative]",4527.53,14.0,14641
42915069,"Customer reports concern related to long block, block, long. Diagnosis performed; minor repair/reseal completed under warranty per applicable TSB. Vehicle line P552N F-150 [15-20]. [synthetic sanitized narrative]",6341.1,9.8,32954
43121228,"Customer reports concern related to long block, block, long. Diagnosis confirmed component failure; full assembly replacement completed under warranty per applicable TSB. Vehicle line P552N F-150 [15-20]. [synthetic sanitized narrative]",11942.98,32.2,32954
42509644,"Customer reports concern related to long block, block, long. Diagnosis confirmed component failure; full assembly replacement completed under warranty per applicable TSB. Vehicle line CD539N EDGE [15-24]. [synthetic sanitized narrative]",4703.68,15.2,14641
42782113,"Customer reports concern related to long block, block, long. Diagnosis performed; minor repair/reseal completed under warranty per applicable TSB. Vehicle line P552N F-150 [15-20]. [synthetic sanitized narrative]",8014.69,16.8,32954
43073704,"Customer reports concern related to long block, block, long. Diagnosis confirmed component failure; full assembly replacement completed under warranty per applicable TSB. Vehicle line P552N F-150 [15-20]. [synthetic sanitized narrative]",10271.88,34.0,32954
43024688,"Customer reports concern related to long block, block, long. Diagnosis confirmed component failure; full assembly replacement completed under warranty per applicable TSB. Vehicle line CD539N EDGE [15-24]. [synthetic sanitized narrative]",5145.48,15.2,14641
40514545,"Customer reports concern related to long block, block, long. Diagnosis confirmed component failure; full assembly replacement completed under warranty per applicable TSB. Vehicle line P552N F-150 [15-20]. [synthetic sanitized narrative]",11038.61,17.5,32954
42535892,"Customer reports concern related to long block, block, long. Diagnosis performed; minor repair/reseal completed under warranty per applicable TSB. Vehicle line CD539N EDGE [15-24]. [synthetic sanitized narrative]",3806.16,13.4,14641
42664359,"Customer reports concern related to long block, block, long. Diagnosis confirmed component failure; full assembly replacement completed under warranty per applicable TSB. Vehicle line CD539N EDGE [15-24]. [synthetic sanitized narrative]",4649.38,13.4,14641
42816405,"Customer reports concern related to long block, block, long. Diagnosis performed; minor repair/reseal completed under warranty per applicable TSB. Vehicle line P552N F-150 [15-20]. [synthetic sanitized narrative]",6905.01,18.9,32954
42653105,"Customer reports concern related to long block, block, long. Diagnosis performed; minor repair/reseal completed under warranty per applicable TSB. Vehicle line CD539N EDGE [15-24]. [synthetic sanitized narrative]",3944.78,15.2,14641
42489485,"Customer reports concern related to long block, block, long. Diagnosis performed; minor repair/reseal completed under warranty per applicable TSB. Vehicle line CD539N EDGE [15-24]. [synthetic sanitized narrative]",3573.07,15.2,14641
42761504,"Customer reports concern related to long block, block, long. Diagnosis confirmed component failure; full assembly replacement completed under warranty per applicable TSB. Vehicle line P552N F-150 [15-20]. [synthetic sanitized narrative]",9648.11,36.5,32954
41192491,"Customer reports concern related to long block, block, long. Diagnosis confirmed component failure; full assembly replacement completed under warranty per applicable TSB. Vehicle line CD539N EDGE [15-24]. [synthetic sanitized narrative]",4616.08,15.8,14641
39556606,"Customer reports concern related to long block, block, long. Diagnosis performed; minor repair/reseal completed under warranty per applicable TSB. Vehicle line CD539N EDGE [15-24]. [synthetic sanitized narrative]",3631.07,13.9,14641
42500184,"Customer reports concern related to long block, block, long. Diagnosis performed; minor repair/reseal completed under warranty per applicable TSB. Vehicle line CD539N EDGE [15-24]. [synthetic sanitized narrative]",4028.5,14.0,14641
39668546,"Customer reports concern related to long block, block, long. Diagnosis confirmed component failure; full assembly replacement completed under warranty per applicable TSB. Vehicle line CD539N EDGE [15-24]. [synthetic sanitized narrative]",4734.51,14.4,14641
39220475,"Customer reports concern related to long block, block, long. Diagnosis confirmed component failure; full assembly replacement completed under warranty per applicable TSB. Vehicle line CD539N EDGE [15-24]. [synthetic sanitized narrative]",5191.61,15.2,14641
40615464,"Customer reports concern related to long block, block, long. Diagnosis confirmed component failure; full assembly replacement completed under warranty per applicable TSB. Vehicle line CD539N EDGE [15-24]. [synthetic sanitized narrative]",4920.94,15.8,14641
42776999,"Customer reports concern related to long block, block, long. Diagnosis performed; minor repair/reseal completed under warranty per applicable TSB. Vehicle line P552N F-150 [15-20]. [synthetic sanitized narrative]",8064.37,15.3,32954
42875437,"Customer reports concern related to long block, block, long. Diagnosis confirmed component failure; full assembly replacement completed under warranty per applicable TSB. Vehicle line CD539N EDGE [15-24]. [synthetic sanitized narrative]",5370.34,14.0,14641
38333469,"Customer reports concern related to long block, block, long. Diagnosis confirmed component failure; full assembly replacement completed under warranty per applicable TSB. Vehicle line CD539N EDGE [15-24]. [synthetic sanitized narrative]",4969.57,16.6,14641
43009057,"Customer reports concern related to long block, block, long. Diagnosis confirmed component failure; full assembly replacement completed under warranty per applicable TSB. Vehicle line CD539N EDGE [15-24]. [synthetic sanitized narrative]",6306.01,20.9,14641
42483626,"Customer reports concern related to long block, block, long. Diagnosis performed; minor repair/reseal completed under warranty per applicable TSB. Vehicle line CD539N EDGE [15-24]. [synthetic sanitized narrative]",4513.12,21.0,14641
41388536,"Customer reports concern related to long block, block, long. Diagnosis confirmed component failure; full assembly replacement completed under warranty per applicable TSB. Vehicle line CD539N EDGE [15-24]. [synthetic sanitized narrative]",5033.18,15.8,14641
43043971,"Customer reports concern related to long block, block, long. Diagnosis confirmed component failure; full assembly replacement completed under warranty per applicable TSB. Vehicle line CD539N EDGE [15-24]. [synthetic sanitized narrative]",5947.48,15.0,14641
42742665,"Customer reports concern related to long block, block, long. Diagnosis performed; minor repair/reseal completed under warranty per applicable TSB. Vehicle line CD539N EDGE [15-24]. [synthetic sanitized narrative]",4100.16,15.8,14641
42898480,"Customer reports concern related to long block, block, long. Diagnosis confirmed component failure; full assembly replacement completed under warranty per applicable TSB. Vehicle line CD539N EDGE [15-24]. [synthetic sanitized narrative]",4598.35,15.2,14641
37560488,"Customer reports concern related to long block, block, long. Diagnosis performed; minor repair/reseal completed under warranty per applicable TSB. Vehicle line CD539N EDGE [15-24]. [synthetic sanitized narrative]",4010.83,17.1,14641
37028490,"Customer reports concern related to long block, block, long. Diagnosis performed; minor repair/reseal completed under warranty per applicable TSB. Vehicle line CD539N EDGE [15-24]. [synthetic sanitized narrative]",4335.51,13.3,14641
41801516,"Customer reports concern related to long block, block, long. Diagnosis confirmed component failure; full assembly replacement completed under warranty per applicable TSB. Vehicle line CD539N EDGE [15-24]. [synthetic sanitized narrative]",5197.3,13.9,14641
42889460,"Customer reports concern related to long block, block, long. Diagnosis confirmed component failure; full assembly replacement completed under warranty per applicable TSB. Vehicle line CD539N EDGE [15-24]. [synthetic sanitized narrative]",5763.56,13.4,14641
42713852,"Customer reports concern related to long block, block, long. Diagnosis confirmed component failure; full assembly replacement completed under warranty per applicable TSB. Vehicle line CD539N EDGE [15-24]. [synthetic sanitized narrative]",5235.6,14.7,14641
37965518,"Customer reports concern related to long block, block, long. Diagnosis confirmed component failure; full assembly replacement completed under warranty per applicable TSB. Vehicle line CD539N EDGE [15-24]. [synthetic sanitized narrative]",5223.03,19.2,14641
39897507,"Customer reports concern related to long block, block, long. Diagnosis confirmed component failure; full assembly replacement completed under warranty per applicable TSB. Vehicle line CD539N EDGE [15-24]. [synthetic sanitized narrative]",4637.27,17.8,14641
42481921,"Customer reports concern related to long block, block, long. Diagnosis confirmed component failure; full assembly replacement completed under warranty per applicable TSB. Vehicle line P552N F-150 [15-20]. [synthetic sanitized narrative]",9663.09,16.0,32954
42826709,"Customer reports concern related to long block, block, long. Diagnosis performed; minor repair/reseal completed under warranty per applicable TSB. Vehicle line P552N F-150 [15-20]. [synthetic sanitized narrative]",7985.07,16.2,32954
42925678,"Customer reports concern related to long block, block, long. Diagnosis confirmed component failure; full assembly replacement completed under warranty per applicable TSB. Vehicle line CD539N EDGE [15-24]. [synthetic sanitized narrative]",5657.26,19.6,14641
39285453,"Customer reports concern related to long block, block, long. Diagnosis confirmed component failure; full assembly replacement completed under warranty per applicable TSB. Vehicle line CD539N EDGE [15-24]. [synthetic sanitized narrative]",4831.23,16.3,14641
42644877,"Customer reports concern related to long block, block, long. Diagnosis confirmed component failure; full assembly replacement completed under warranty per applicable TSB. Vehicle line P552N F-150 [15-20]. [synthetic sanitized narrative]",25281.79,51.3,32954
39973468,"Customer reports concern related to long block, block, long. Diagnosis confirmed component failure; full assembly replacement completed under warranty per applicable TSB. Vehicle line CD539N EDGE [15-24]. [synthetic sanitized narrative]",4600.75,16.7,14641
42845609,"Customer reports concern related to long block, block, long. Diagnosis performed; minor repair/reseal completed under warranty per applicable TSB. Vehicle line P552N F-150 [15-20]. [synthetic sanitized narrative]",5565.31,15.4,32954
42735159,"Customer reports concern related to long block, block, long. Diagnosis confirmed component failure; full assembly replacement completed under warranty per applicable TSB. Vehicle line CD539N EDGE [15-24]. [synthetic sanitized narrative]",4991.5,21.8,14641
42593724,"Customer reports concern related to long block, block, long. Diagnosis confirmed component failure; full assembly replacement completed under warranty per applicable TSB. Vehicle line CD539N EDGE [15-24]. [synthetic sanitized narrative]",4762.76,13.4,14641
42805215,"Customer reports concern related to long block, block, long. Diagnosis performed; minor repair/reseal completed under warranty per applicable TSB. Vehicle line CD539N EDGE [15-24]. [synthetic sanitized narrative]",4369.65,15.1,14641
43129246,"Customer reports concern related to rattle, phasers, cam. Diagnosis performed; minor repair/reseal completed under warranty per applicable TSB. Vehicle line P552N F-150 [15-20]. [synthetic sanitized narrative]",1574.14,9.6,33030
42625982,"Customer reports concern related to rattle, phasers, cam. Diagnosis performed; minor repair/reseal completed under warranty per applicable TSB. Vehicle line P552N F-150 [15-20]. [synthetic sanitized narrative]",1516.13,9.6,33030
38509462,"Customer reports concern related to rattle, phasers, cam. Diagnosis performed; minor repair/reseal completed under warranty per applicable TSB. Vehicle line P552N F-150 [15-20]. [synthetic sanitized narrative]",1673.26,9.5,33030
42673163,"Customer reports concern related to rattle, phasers, cam. Diagnosis performed; minor repair/reseal completed under warranty per applicable TSB. Vehicle line P552N F-150 [15-20]. [synthetic sanitized narrative]",903.36,9.6,33030
43054229,"Customer reports concern related to rattle, phasers, cam. Diagnosis confirmed component failure; full assembly replacement completed under warranty per applicable TSB. Vehicle line P552N F-150 [15-20]. [synthetic sanitized narrative]",2105.07,14.5,33030
40501487,"Customer reports concern related to rattle, phasers, cam. Diagnosis performed; minor repair/reseal completed under warranty per applicable TSB. Vehicle line P552N F-150 [15-20]. [synthetic sanitized narrative]",1672.83,9.6,33030
43142501,"Customer reports concern related to rattle, phasers, cam. Diagnosis confirmed component failure; full assembly replacement completed under warranty per applicable TSB. Vehicle line P552N F-150 [15-20]. [synthetic sanitized narrative]",2149.34,9.6,33030
39502463,"Customer reports concern related to rattle, phasers, cam. Diagnosis performed; minor repair/reseal completed under warranty per applicable TSB. Vehicle line P552N F-150 [15-20]. [synthetic sanitized narrative]",1318.66,9.6,33030
42995995,"Customer reports concern related to rattle, phasers, cam. Diagnosis confirmed component failure; full assembly replacement completed under warranty per applicable TSB. Vehicle line P552N F-150 [15-20]. [synthetic sanitized narrative]",2971.03,12.7,33030
40264484,"Customer reports concern related to rattle, phasers, cam. Diagnosis performed; minor repair/reseal completed under warranty per applicable TSB. Vehicle line P552N F-150 [15-20]. [synthetic sanitized narrative]",1806.77,10.4,33030
42486450,"Customer reports concern related to rattle, phasers, cam. Diagnosis performed; minor repair/reseal completed under warranty per applicable TSB. Vehicle line P552N F-150 [15-20]. [synthetic sanitized narrative]",1322.29,9.6,33030
42517103,"Customer reports concern related to rattle, phasers, cam. Diagnosis performed; minor repair/reseal completed under warranty per applicable TSB. Vehicle line P552N F-150 [15-20]. [synthetic sanitized narrative]",1343.7,9.6,33030
42494886,"Customer reports concern related to rattle, phasers, cam. Diagnosis performed; minor repair/reseal completed under warranty per applicable TSB. Vehicle line P552N F-150 [15-20]. [synthetic sanitized narrative]",1624.87,10.2,33030
42481027,"Customer reports concern related to rattle, phasers, cam. Diagnosis confirmed component failure; full assembly replacement completed under warranty per applicable TSB. Vehicle line P552N F-150 [15-20]. [synthetic sanitized narrative]",2462.51,10.8,33030
42948513,"Customer reports concern related to rattle, phasers, cam. Diagnosis confirmed component failure; full assembly replacement completed under warranty per applicable TSB. Vehicle line P552N F-150 [15-20]. [synthetic sanitized narrative]",2220.64,12.6,33030
43090001,"Customer reports concern related to rattle, phasers, cam. Diagnosis performed; minor repair/reseal completed under warranty per applicable TSB. Vehicle line P552N F-150 [15-20]. [synthetic sanitized narrative]",1821.28,9.6,33030
42999342,"Customer reports concern related to rattle, phasers, cam. Diagnosis performed; minor repair/reseal completed under warranty per applicable TSB. Vehicle line P552N F-150 [15-20]. [synthetic sanitized narrative]",1649.78,9.6,33030
38312488,"Customer reports concern related to rattle, phasers, cam. Diagnosis confirmed component failure; full assembly replacement completed under warranty per applicable TSB. Vehicle line P552N F-150 [15-20]. [synthetic sanitized narrative]",2321.47,11.5,33030
43123642,"Customer reports concern related to rattle, phasers, cam. Diagnosis confirmed component failure; full assembly replacement completed under warranty per applicable TSB. Vehicle line P552N F-150 [15-20]. [synthetic sanitized narrative]",3458.16,14.6,33030
42860196,"Customer reports concern related to rattle, phasers, cam. Diagnosis confirmed component failure; full assembly replacement completed under warranty per applicable TSB. Vehicle line P552N F-150 [15-20]. [synthetic sanitized narrative]",2646.86,12.5,33030
42571593,"Customer reports concern related to rattle, phasers, cam. Diagnosis performed; minor repair/reseal completed under warranty per applicable TSB. Vehicle line P552N F-150 [15-20]. [synthetic sanitized narrative]",1626.14,12.2,33030
42856534,"Customer reports concern related to main control, main, transmission. Diagnosis confirmed component failure; full assembly replacement completed under warranty per applicable TSB. Vehicle line P552N F-150 [15-20]. [synthetic sanitized narrative]",3617.59,29.3,35069
42930180,"Customer reports concern related to rattle, phasers, cam. Diagnosis performed; minor repair/reseal completed under warranty per applicable TSB. Vehicle line P552N F-150 [15-20]. [synthetic sanitized narrative]",1261.71,9.6,33030
39968457,"Customer reports concern related to rattle, phasers, cam. Diagnosis performed; minor repair/reseal completed under warranty per applicable TSB. Vehicle line P552N F-150 [15-20]. [synthetic sanitized narrative]",1383.99,10.7,33030
42485093,"Customer reports concern related to rattle, phasers, cam. Diagnosis performed; minor repair/reseal completed under warranty per applicable TSB. Vehicle line P552N F-150 [15-20]. [synthetic sanitized narrative]",1454.22,9.6,33030
42746465,"Customer reports concern related to rattle, phasers, cam. Diagnosis performed; minor repair/reseal completed under warranty per applicable TSB. Vehicle line P552N F-150 [15-20]. [synthetic sanitized narrative]",1371.7,9.6,33030
42605880,"Customer reports concern related to rattle, phasers, cam. Diagnosis performed; minor repair/reseal completed under warranty per applicable TSB. Vehicle line P552N F-150 [15-20]. [synthetic sanitized narrative]",1737.12,11.0,33030
43025383,"Customer reports concern related to rattle, phasers, cam. Diagnosis confirmed component failure; full assembly replacement completed under warranty per applicable TSB. Vehicle line P552N F-150 [15-20]. [synthetic sanitized narrative]",2006.13,13.8,33030
43060665,"Customer reports concern related to rattle, phasers, cam. Diagnosis performed; minor repair/reseal completed under warranty per applicable TSB. Vehicle line P552N F-150 [15-20]. [synthetic sanitized narrative]",1594.99,9.6,33030
42936874,"Customer reports concern related to rattle, phasers, cam. Diagnosis performed; minor repair/reseal completed under warranty per applicable TSB. Vehicle line P552N F-150 [15-20]. [synthetic sanitized narrative]",1735.18,9.6,33030
36749497,"Customer reports concern related to rattle, phasers, cam. Diagnosis performed; minor repair/reseal completed under warranty per applicable TSB. Vehicle line P552N F-150 [15-20]. [synthetic sanitized narrative]",1436.98,11.2,33030
42922500,"Customer reports concern related to rattle, phasers, cam. Diagnosis confirmed component failure; full assembly replacement completed under warranty per applicable TSB. Vehicle line P552N F-150 [15-20]. [synthetic sanitized narrative]",2292.62,10.7,33030
40396494,"Customer reports concern related to rattle, phasers, cam. Diagnosis performed; minor repair/reseal completed under warranty per applicable TSB. Vehicle line P552N F-150 [15-20]. [synthetic sanitized narrative]",1751.97,10.8,33030
42940822,"Customer reports concern related to rattle, phasers, cam. Diagnosis confirmed component failure; full assembly replacement completed under warranty per applicable TSB. Vehicle line P552N F-150 [15-20]. [synthetic sanitized narrative]",2510.56,13.1,33030
39685466,"Customer reports concern related to rattle, phasers, cam. Diagnosis performed; minor repair/reseal completed under warranty per applicable TSB. Vehicle line P552N F-150 [15-20]. [synthetic sanitized narrative]",1707.18,6.6,33030
42877687,"Customer reports concern related to rattle, phasers, cam. Diagnosis confirmed component failure; full assembly replacement completed under warranty per applicable TSB. Vehicle line P552N F-150 [15-20]. [synthetic sanitized narrative]",2253.14,15.4,33030
42605769,"Customer reports concern related to rattle, phasers, cam. Diagnosis performed; minor repair/reseal completed under warranty per applicable TSB. Vehicle line P552N F-150 [15-20]. [synthetic sanitized narrative]",1340.7,9.6,33030
42824658,"Customer reports concern related to rattle, phasers, cam. Diagnosis confirmed component failure; full assembly replacement completed under warranty per applicable TSB. Vehicle line P552N F-150 [15-20]. [synthetic sanitized narrative]",2869.64,14.6,33030
43031593,"Customer reports concern related to rattle, phasers, cam. Diagnosis confirmed component failure; full assembly replacement completed under warranty per applicable TSB. Vehicle line P552N F-150 [15-20]. [synthetic sanitized narrative]",2952.56,14.1,33030
39379487,"Customer reports concern related to rattle, phasers, cam. Diagnosis performed; minor repair/reseal completed under warranty per applicable TSB. Vehicle line P552N F-150 [15-20]. [synthetic sanitized narrative]",1129.31,9.5,33030
42575485,"Customer reports concern related to rattle, phasers, cam. Diagnosis confirmed component failure; full assembly replacement completed under warranty per applicable TSB. Vehicle line P552N F-150 [15-20]. [synthetic sanitized narrative]",3749.19,15.2,33030
43087451,"Customer reports concern related to oil, oil pan, pan. Diagnosis confirmed component failure; full assembly replacement completed under warranty per applicable TSB. Vehicle line P558N SUPER DUTY [17-22]. [synthetic sanitized narrative]",1940.71,11.9,40109
42473830,"Customer reports concern related to oil, oil pan, pan. Diagnosis confirmed component failure; full assembly replacement completed under warranty per applicable TSB. Vehicle line P558N SUPER DUTY [17-22]. [synthetic sanitized narrative]",2095.18,15.4,40109
42500692,"Customer reports concern related to transmission, repair, fluid. Diagnosis confirmed component failure; full assembly replacement completed under warranty per applicable TSB. Vehicle line V408E TRANSIT CONNECT [13-24]. [synthetic sanitized narrative]",4535.84,27.4,71778
42941287,"Customer reports concern related to oil, oil pan, pan. Diagnosis confirmed component failure; full assembly replacement completed under warranty per applicable TSB. Vehicle line P558N SUPER DUTY [17-22]. [synthetic sanitized narrative]",1979.55,12.3,40109
42933205,"Customer reports concern related to water pump, water, pump. Diagnosis confirmed component failure; full assembly replacement completed under warranty per applicable TSB. Vehicle line U502N EXPLORER [11-19]. [synthetic sanitized narrative]",3263.76,15.5,53967
42394475,"Customer reports concern related to oil, oil pan, pan. Diagnosis performed; minor repair/reseal completed under warranty per applicable TSB. Vehicle line P558N SUPER DUTY [17-22]. [synthetic sanitized narrative]",1335.13,10.2,40109
42776456,"Customer reports concern related to oil, oil pan, pan. Diagnosis performed; minor repair/reseal completed under warranty per applicable TSB. Vehicle line P558N SUPER DUTY [17-22]. [synthetic sanitized narrative]",1331.35,10.2,40109
42473640,"Customer reports concern related to oil, oil pan, pan. Diagnosis confirmed component failure; full assembly replacement completed under warranty per applicable TSB. Vehicle line P558N SUPER DUTY [17-22]. [synthetic sanitized narrative]",2199.63,10.1,40109
38815474,"Customer reports concern related to oil, oil pan, pan. Diagnosis performed; minor repair/reseal completed under warranty per applicable TSB. Vehicle line P558N SUPER DUTY [17-22]. [synthetic sanitized narrative]",1404.75,11.8,40109
42921027,"Customer reports concern related to oil, oil pan, pan. Diagnosis performed; minor repair/reseal completed under warranty per applicable TSB. Vehicle line P558N SUPER DUTY [17-22]. [synthetic sanitized narrative]",1881.74,10.9,40109
40975483,"Customer reports concern related to oil, oil pan, pan. Diagnosis performed; minor repair/reseal completed under warranty per applicable TSB. Vehicle line P558N SUPER DUTY [17-22]. [synthetic sanitized narrative]",1459.3,10.3,40109
40459453,"Customer reports concern related to oil, oil pan, pan. Diagnosis confirmed component failure; full assembly replacement completed under warranty per applicable TSB. Vehicle line P558N SUPER DUTY [17-22]. [synthetic sanitized narrative]",2016.72,11.5,40109
42784075,"Customer reports concern related to main control, main, transmission. Diagnosis performed; minor repair/reseal completed under warranty per applicable TSB. Vehicle line P552N F-150 [15-20]. [synthetic sanitized narrative]",3335.79,22.3,35069
42865459,"Customer reports concern related to oil, oil pan, pan. Diagnosis confirmed component failure; full assembly replacement completed under warranty per applicable TSB. Vehicle line P558N SUPER DUTY [17-22]. [synthetic sanitized narrative]",1991.6,10.2,40109
43081416,"Customer reports concern related to oil, oil pan, pan. Diagnosis performed; minor repair/reseal completed under warranty per applicable TSB. Vehicle line P558N SUPER DUTY [17-22]. [synthetic sanitized narrative]",1768.33,11.1,40109
42993961,"Customer reports concern related to oil, oil pan, pan. Diagnosis performed; minor repair/reseal completed under warranty per applicable TSB. Vehicle line P558N SUPER DUTY [17-22]. [synthetic sanitized narrative]",1560.38,12.1,40109
43062643,"Customer reports concern related to oil, oil pan, pan. Diagnosis confirmed component failure; full assembly replacement completed under warranty per applicable TSB. Vehicle line P558N SUPER DUTY [17-22]. [synthetic sanitized narrative]",2461.27,10.1,40109
42769253,"Customer reports concern related to oil, oil pan, pan. Diagnosis performed; minor repair/reseal completed under warranty per applicable TSB. Vehicle line P558N SUPER DUTY [17-22]. [synthetic sanitized narrative]",1528.8,10.2,40109
42590051,"Customer reports concern related to oil, oil pan, pan. Diagnosis confirmed component failure; full assembly replacement completed under warranty per applicable TSB. Vehicle line P558N SUPER DUTY [17-22]. [synthetic sanitized narrative]",2734.53,13.1,40109
38457470,"Customer reports concern related to oil, oil pan, pan. Diagnosis performed; minor repair/reseal completed under warranty per applicable TSB. Vehicle line P558N SUPER DUTY [17-22]. [synthetic sanitized narrative]",1218.5,10.2,40109
43085091,"Customer reports concern related to main control, main, transmission. Diagnosis confirmed component failure; full assembly replacement completed under warranty per applicable TSB. Vehicle line P552N F-150 [15-20]. [synthetic sanitized narrative]",5000.82,32.0,35069
41582468,"Customer reports concern related to oil, oil pan, pan. Diagnosis performed; minor repair/reseal completed under warranty per applicable TSB. Vehicle line P558N SUPER DUTY [17-22]. [synthetic sanitized narrative]",829.26,10.2,40109
43015866,"Customer reports concern related to oil, oil pan, pan. Diagnosis performed; minor repair/reseal completed under warranty per applicable TSB. Vehicle line P558N SUPER DUTY [17-22]. [synthetic sanitized narrative]",1712.89,10.2,40109
39003452,"Customer reports concern related to oil, oil pan, pan. Diagnosis performed; minor repair/reseal completed under warranty per applicable TSB. Vehicle line P558N SUPER DUTY [17-22]. [synthetic sanitized narrative]",1648.2,11.9,40109
42445937,"Customer reports concern related to water pump, water, pump. Diagnosis performed; minor repair/reseal completed under warranty per applicable TSB. Vehicle line U502N EXPLORER [11-19]. [synthetic sanitized narrative]",1583.87,11.8,53967
42830092,"Customer reports concern related to oil, oil pan, pan. Diagnosis confirmed component failure; full assembly replacement completed under warranty per applicable TSB. Vehicle line P558N SUPER DUTY [17-22]. [synthetic sanitized narrative]",3954.51,19.4,40109
37937630,"Customer reports concern related to rattle, phasers, cam. Diagnosis confirmed component failure; full assembly replacement completed under warranty per applicable TSB. Vehicle line P552N F-150 [15-20]. [synthetic sanitized narrative]",2992.32,13.3,33030
42928436,"Customer reports concern related to oil, oil pan, pan. Diagnosis confirmed component failure; full assembly replacement completed under warranty per applicable TSB. Vehicle line P558N SUPER DUTY [17-22]. [synthetic sanitized narrative]",2149.71,11.0,40109
42960058,"Customer reports concern related to oil, oil pan, pan. Diagnosis performed; minor repair/reseal completed under warranty per applicable TSB. Vehicle line P558N SUPER DUTY [17-22]. [synthetic sanitized narrative]",1632.74,11.0,40109
43017822,"Customer reports concern related to long block, block, long. Diagnosis confirmed component failure; full assembly replacement completed under warranty per applicable TSB. Vehicle line P552N F-150 [15-20]. [synthetic sanitized narrative]",10409.19,26.0,32954
43045872,"Customer reports concern related to oil, oil pan, pan. Diagnosis performed; minor repair/reseal completed under warranty per applicable TSB. Vehicle line P558N SUPER DUTY [17-22]. [synthetic sanitized narrative]",1814.63,11.0,40109
37774541,"Customer reports concern related to rattle, phasers, cam. Diagnosis confirmed component failure; full assembly replacement completed under warranty per applicable TSB. Vehicle line P552N F-150 [15-20]. [synthetic sanitized narrative]",2965.13,19.3,33030
43024977,"Customer reports concern related to long block, block, long. Diagnosis confirmed component failure; full assembly replacement completed under warranty per applicable TSB. Vehicle line P552N F-150 [15-20]. [synthetic sanitized narrative]",9463.69,15.4,32954
42896412,"Customer reports concern related to long block, block, long. Diagnosis performed; minor repair/reseal completed under warranty per applicable TSB. Vehicle line P552N F-150 [15-20]. [synthetic sanitized narrative]",7742.07,13.5,32954
40968474,"Customer reports concern related to long block, block, long. Diagnosis performed; minor repair/reseal completed under warranty per applicable TSB. Vehicle line P552N F-150 [15-20]. [synthetic sanitized narrative]",7457.86,15.7,32954
42889494,"Customer reports concern related to long block, block, long. Diagnosis performed; minor repair/reseal completed under warranty per applicable TSB. Vehicle line P552N F-150 [15-20]. [synthetic sanitized narrative]",7175.69,15.5,32954
42946270,"Customer reports concern related to long block, block, long. Diagnosis performed; minor repair/reseal completed under warranty per applicable TSB. Vehicle line P552N F-150 [15-20]. [synthetic sanitized narrative]",8333.63,17.2,32954
42635730,"Customer reports concern related to long block, block, long. Diagnosis confirmed component failure; full assembly replacement completed under warranty per applicable TSB. Vehicle line P552N F-150 [15-20]. [synthetic sanitized narrative]",8972.59,19.0,32954
43016661,"Customer reports concern related to long block, block, long. Diagnosis performed; minor repair/reseal completed under warranty per applicable TSB. Vehicle line P552N F-150 [15-20]. [synthetic sanitized narrative]",7856.26,15.5,32954
42503094,"Customer reports concern related to long block, block, long. Diagnosis performed; minor repair/reseal completed under warranty per applicable TSB. Vehicle line P552N F-150 [15-20]. [synthetic sanitized narrative]",7466.62,16.1,32954
42198478,"Customer reports concern related to long block, block, long. Diagnosis confirmed component failure; full assembly replacement completed under warranty per applicable TSB. Vehicle line P552N F-150 [15-20]. [synthetic sanitized narrative]",9272.2,30.3,32954
43009519,"Customer reports concern related to long block, block, long. Diagnosis confirmed component failure; full assembly replacement completed under warranty per applicable TSB. Vehicle line P552N F-150 [15-20]. [synthetic sanitized narrative]",9756.58,14.6,32954
42847967,"Customer reports concern related to long block, block, long. Diagnosis performed; minor repair/reseal completed under warranty per applicable TSB. Vehicle line P552N F-150 [15-20]. [synthetic sanitized narrative]",6031.84,15.3,32954
43087984,"Customer reports concern related to long block, block, long. Diagnosis performed; minor repair/reseal completed under warranty per applicable TSB. Vehicle line P552N F-150 [15-20]. [synthetic sanitized narrative]",7493.41,15.6,32954
42923783,"Customer reports concern related to long block, block, long. Diagnosis confirmed component failure; full assembly replacement completed under warranty per applicable TSB. Vehicle line P552N F-150 [15-20]. [synthetic sanitized narrative]",10784.05,23.6,32954
43142691,"Customer reports concern related to long block, block, long. Diagnosis confirmed component failure; full assembly replacement completed under warranty per applicable TSB. Vehicle line P552N F-150 [15-20]. [synthetic sanitized narrative]",11080.97,34.2,32954
42950052,"Customer reports concern related to long block, block, long. Diagnosis confirmed component failure; full assembly replacement completed under warranty per applicable TSB. Vehicle line P552N F-150 [15-20]. [synthetic sanitized narrative]",9089.33,21.9,32954
41756490,"Customer reports concern related to long block, block, long. Diagnosis confirmed component failure; full assembly replacement completed under warranty per applicable TSB. Vehicle line P552N F-150 [15-20]. [synthetic sanitized narrative]",9783.63,19.8,32954
42997736,"Customer reports concern related to clutch, replace clutch, transmission. Diagnosis confirmed component failure; full assembly replacement completed under warranty per applicable TSB. Vehicle line C346N FOCUS [12-18]. [synthetic sanitized narrative]",1580.37,8.9,3936
42572703,"Customer reports concern related to long block, block, long. Diagnosis performed; minor repair/reseal completed under warranty per applicable TSB. Vehicle line P552N F-150 [15-20]. [synthetic sanitized narrative]",8024.68,22.9,32954
43032278,"Customer reports concern related to long block, block, long. Diagnosis confirmed component failure; full assembly replacement completed under warranty per applicable TSB. Vehicle line P552N F-150 [15-20]. [synthetic sanitized narrative]",10884.67,15.3,32954
43052902,"Customer reports concern related to long block, block, long. Diagnosis performed; minor repair/reseal completed under warranty per applicable TSB. Vehicle line P552N F-150 [15-20]. [synthetic sanitized narrative]",8109.0,16.3,32954
42966057,"Customer reports concern related to long block, block, long. Diagnosis performed; minor repair/reseal completed under warranty per applicable TSB. Vehicle line P552N F-150 [15-20]. [synthetic sanitized narrative]",8643.38,19.3,32954
42901577,"Customer reports concern related to long block, block, long. Diagnosis performed; minor repair/reseal completed under warranty per applicable TSB. Vehicle line P552N F-150 [15-20]. [synthetic sanitized narrative]",7531.3,15.7,32954
42715435,"Customer reports concern related to long block, block, long. Diagnosis confirmed component failure; full assembly replacement completed under warranty per applicable TSB. Vehicle line P552N F-150 [15-20]. [synthetic sanitized narrative]",11192.12,26.1,32954
42642844,"Customer reports concern related to long block, block, long. Diagnosis confirmed component failure; full assembly replacement completed under warranty per applicable TSB. Vehicle line P552N F-150 [15-20]. [synthetic sanitized narrative]",10395.19,15.0,32954
43089199,"Customer reports concern related to long block, block, long. Diagnosis performed; minor repair/reseal completed under warranty per applicable TSB. Vehicle line P552N F-150 [15-20]. [synthetic sanitized narrative]",8182.27,21.1,32954
43058719,"Customer reports concern related to long block, block, long. Diagnosis performed; minor repair/reseal completed under warranty per applicable TSB. Vehicle line P552N F-150 [15-20]. [synthetic sanitized narrative]",5581.11,13.5,32954
42440718,"Customer reports concern related to long block, block, long. Diagnosis confirmed component failure; full assembly replacement completed under warranty per applicable TSB. Vehicle line P552N F-150 [15-20]. [synthetic sanitized narrative]",9688.46,16.0,32954
43107408,"Customer reports concern related to long block, block, long. Diagnosis confirmed component failure; full assembly replacement completed under warranty per applicable TSB. Vehicle line CD539N EDGE [15-24]. [synthetic sanitized narrative]",6968.6,25.9,14641
38130498,"Customer reports concern related to rattle, phasers, cam. Diagnosis confirmed component failure; full assembly replacement completed under warranty per applicable TSB. Vehicle line P552N F-150 [15-20]. [synthetic sanitized narrative]",2539.76,13.7,33030
40018477,"Customer reports concern related to water pump, water, pump. Diagnosis performed; minor repair/reseal completed under warranty per applicable TSB. Vehicle line U502N EXPLORER [11-19]. [synthetic sanitized narrative]",1624.27,8.6,53967
42921815,"Customer reports concern related to water pump, water, pump. Diagnosis performed; minor repair/reseal completed under warranty per applicable TSB. Vehicle line U502N EXPLORER [11-19]. [synthetic sanitized narrative]",1284.3,9.1,53967
42771203,"Customer reports concern related to rattle, phasers, cam. Diagnosis confirmed component failure; full assembly replacement completed under warranty per applicable TSB. Vehicle line P552N F-150 [15-20]. [synthetic sanitized narrative]",2011.25,12.2,33030
43102259,"Customer reports concern related to water pump, water, pump. Diagnosis confirmed component failure; full assembly replacement completed under warranty per applicable TSB. Vehicle line U502N EXPLORER [11-19]. [synthetic sanitized narrative]",1796.34,8.6,53967
38459455,"Customer reports concern related to water pump, water, pump. Diagnosis performed; minor repair/reseal completed under warranty per applicable TSB. Vehicle line U502N EXPLORER [11-19]. [synthetic sanitized narrative]",1529.17,9.2,53967
42946117,"Customer reports concern related to water pump, water, pump. Diagnosis confirmed component failure; full assembly replacement completed under warranty per applicable TSB. Vehicle line U502N EXPLORER [11-19]. [synthetic sanitized narrative]",2359.21,15.1,53967
37599488,"Customer reports concern related to water pump, water, pump. Diagnosis performed; minor repair/reseal completed under warranty per applicable TSB. Vehicle line U502N EXPLORER [11-19]. [synthetic sanitized narrative]",1612.54,10.0,53967
40525696,"Customer reports concern related to water pump, water, pump. Diagnosis confirmed component failure; full assembly replacement completed under warranty per applicable TSB. Vehicle line U502N EXPLORER [11-19]. [synthetic sanitized narrative]",1686.14,9.9,53967
42919545,"Customer reports concern related to main control, main, transmission. Diagnosis performed; minor repair/reseal completed under warranty per applicable TSB. Vehicle line P552N F-150 [15-20]. [synthetic sanitized narrative]",1136.77,3.6,35069
39277545,"Customer reports concern related to water pump, water, pump. Diagnosis performed; minor repair/reseal completed under warranty per applicable TSB. Vehicle line U502N EXPLORER [11-19]. [synthetic sanitized narrative]",1149.51,8.8,53967
42434000,"Customer reports concern related to water pump, water, pump. Diagnosis performed; minor repair/reseal completed under warranty per applicable TSB. Vehicle line U502N EXPLORER [11-19]. [synthetic sanitized narrative]",1466.55,8.6,53967
40757496,"Customer reports concern related to water pump, water, pump. Diagnosis performed; minor repair/reseal completed under warranty per applicable TSB. Vehicle line U502N EXPLORER [11-19]. [synthetic sanitized narrative]",1494.9,8.6,53967
42676221,"Customer reports concern related to water pump, water, pump. Diagnosis performed; minor repair/reseal completed under warranty per applicable TSB. Vehicle line U502N EXPLORER [11-19]. [synthetic sanitized narrative]",1524.75,10.1,53967
43134162,"Customer reports concern related to water pump, water, pump. Diagnosis performed; minor repair/reseal completed under warranty per applicable TSB. Vehicle line U502N EXPLORER [11-19]. [synthetic sanitized narrative]",1292.62,8.6,53967
43008934,"Customer reports concern related to water pump, water, pump. Diagnosis performed; minor repair/reseal completed under warranty per applicable TSB. Vehicle line U502N EXPLORER [11-19]. [synthetic sanitized narrative]",1263.11,8.6,53967
39346470,"Customer reports concern related to water pump, water, pump. Diagnosis confirmed component failure; full assembly replacement completed under warranty per applicable TSB. Vehicle line U502N EXPLORER [11-19]. [synthetic sanitized narrative]",1897.21,11.9,53967
41075600,"Customer reports concern related to water pump, water, pump. Diagnosis performed; minor repair/reseal completed under warranty per applicable TSB. Vehicle line U502N EXPLORER [11-19]. [synthetic sanitized narrative]",1411.09,9.1,53967
39265520,"Customer reports concern related to water pump, water, pump. Diagnosis performed; minor repair/reseal completed under warranty per applicable TSB. Vehicle line U502N EXPLORER [11-19]. [synthetic sanitized narrative]",1086.77,8.6,53967
40589498,"Customer reports concern related to water pump, water, pump. Diagnosis confirmed component failure; full assembly replacement completed under warranty per applicable TSB. Vehicle line U502N EXPLORER [11-19]. [synthetic sanitized narrative]",1908.25,9.0,53967
37975452,"Customer reports concern related to water pump, water, pump. Diagnosis confirmed component failure; full assembly replacement completed under warranty per applicable TSB. Vehicle line U502N EXPLORER [11-19]. [synthetic sanitized narrative]",3099.98,14.4,53967
42456559,"Customer reports concern related to water pump, water, pump. Diagnosis performed; minor repair/reseal completed under warranty per applicable TSB. Vehicle line U502N EXPLORER [11-19]. [synthetic sanitized narrative]",1479.76,10.8,53967
43124080,"Customer reports concern related to water pump, water, pump. Diagnosis confirmed component failure; full assembly replacement completed under warranty per applicable TSB. Vehicle line U502N EXPLORER [11-19]. [synthetic sanitized narrative]",2090.14,13.5,53967
42707555,"Customer reports concern related to water pump, water, pump. Diagnosis performed; minor repair/reseal completed under warranty per applicable TSB. Vehicle line U502N EXPLORER [11-19]. [synthetic sanitized narrative]",1410.83,9.7,53967
42452649,"Customer reports concern related to water pump, water, pump. Diagnosis performed; minor repair/reseal completed under warranty per applicable TSB. Vehicle line U502N EXPLORER [11-19]. [synthetic sanitized narrative]",1198.37,8.6,53967
37716488,"Customer reports concern related to water pump, water, pump. Diagnosis performed; minor repair/reseal completed under warranty per applicable TSB. Vehicle line U502N EXPLORER [11-19]. [synthetic sanitized narrative]",1324.75,9.0,53967
42964105,"Customer reports concern related to water pump, water, pump. Diagnosis performed; minor repair/reseal completed under warranty per applicable TSB. Vehicle line U502N EXPLORER [11-19]. [synthetic sanitized narrative]",1425.62,8.6,53967
42991746,"Customer reports concern related to water pump, water, pump. Diagnosis confirmed component failure; full assembly replacement completed under warranty per applicable TSB. Vehicle line U502N EXPLORER [11-19]. [synthetic sanitized narrative]",1687.02,8.6,53967
42614568,"Customer reports concern related to water pump, water, pump. Diagnosis performed; minor repair/reseal completed under warranty per applicable TSB. Vehicle line U502N EXPLORER [11-19]. [synthetic sanitized narrative]",1595.53,9.5,53967
42637113,"Customer reports concern related to water pump, water, pump. Diagnosis performed; minor repair/reseal completed under warranty per applicable TSB. Vehicle line U502N EXPLORER [11-19]. [synthetic sanitized narrative]",1357.49,8.6,53967
42962795,"Customer reports concern related to water pump, water, pump. Diagnosis confirmed component failure; full assembly replacement completed under warranty per applicable TSB. Vehicle line U502N EXPLORER [11-19]. [synthetic sanitized narrative]",1706.64,10.2,53967
43104801,"Customer reports concern related to water pump, water, pump. Diagnosis confirmed component failure; full assembly replacement completed under warranty per applicable TSB. Vehicle line U502N EXPLORER [11-19]. [synthetic sanitized narrative]",1669.04,8.6,53967
40525592,"Customer reports concern related to oil, oil pan, pan. Diagnosis confirmed component failure; full assembly replacement completed under warranty per applicable TSB. Vehicle line P558N SUPER DUTY [17-22]. [synthetic sanitized narrative]",2176.62,13.1,40109
37607469,"Customer reports concern related to clutch, replace clutch, transmission. Diagnosis confirmed component failure; full assembly replacement completed under warranty per applicable TSB. Vehicle line C346N FOCUS [12-18]. [synthetic sanitized narrative]",1755.33,10.2,3936
43060980,"Customer reports concern related to oil, oil pan, pan. Diagnosis confirmed component failure; full assembly replacement completed under warranty per applicable TSB. Vehicle line P558N SUPER DUTY [17-22]. [synthetic sanitized narrative]",3104.84,17.9,40109
42840226,"Customer reports concern related to main control, main, transmission. Diagnosis confirmed component failure; full assembly replacement completed under warranty per applicable TSB. Vehicle line P552N F-150 [15-20]. [synthetic sanitized narrative]",4988.14,28.0,35069
42720420,"Customer reports concern related to long block, block, long. Diagnosis confirmed component failure; full assembly replacement completed under warranty per applicable TSB. Vehicle line CD539N EDGE [15-24]. [synthetic sanitized narrative]",5363.43,13.4,14641
42879081,"Customer reports concern related to main control, main, transmission. Diagnosis performed; minor repair/reseal completed under warranty per applicable TSB. Vehicle line P552N F-150 [15-20]. [synthetic sanitized narrative]",2634.23,18.3,35069
42839311,"Customer reports concern related to transmission, repair, fluid. Diagnosis performed; minor repair/reseal completed under warranty per applicable TSB. Vehicle line V408E TRANSIT CONNECT [13-24]. [synthetic sanitized narrative]",2788.5,17.9,71778
42958081,"Customer reports concern related to main control, main, transmission. Diagnosis confirmed component failure; full assembly replacement completed under warranty per applicable TSB. Vehicle line P552N F-150 [15-20]. [synthetic sanitized narrative]",3649.37,26.0,35069
42599568,"Customer reports concern related to transmission, repair, fluid. Diagnosis performed; minor repair/reseal completed under warranty per applicable TSB. Vehicle line V408E TRANSIT CONNECT [13-24]. [synthetic sanitized narrative]",2705.62,18.0,71778
42675727,"Customer reports concern related to main control, main, transmission. Diagnosis performed; minor repair/reseal completed under warranty per applicable TSB. Vehicle line P552N F-150 [15-20]. [synthetic sanitized narrative]",3052.21,19.2,35069
43098673,"Customer reports concern related to main control, main, transmission. Diagnosis confirmed component failure; full assembly replacement completed under warranty per applicable TSB. Vehicle line P552N F-150 [15-20]. [synthetic sanitized narrative]",4663.42,18.3,35069
42588756,"Customer reports concern related to oil, oil pan, pan. Diagnosis confirmed component failure; full assembly replacement completed under warranty per applicable TSB. Vehicle line P558N SUPER DUTY [17-22]. [synthetic sanitized narrative]",3223.73,15.0,40109
42821706,"Customer reports concern related to transmission, repair, fluid. Diagnosis performed; minor repair/reseal completed under warranty per applicable TSB. Vehicle line V408E TRANSIT CONNECT [13-24]. [synthetic sanitized narrative]",2998.23,16.4,71778
42723152,"Customer reports concern related to main control, main, transmission. Diagnosis confirmed component failure; full assembly replacement completed under warranty per applicable TSB. Vehicle line P552N F-150 [15-20]. [synthetic sanitized narrative]",5514.17,21.5,35069
43118731,"Customer reports concern related to transmission, repair, fluid. Diagnosis performed; minor repair/reseal completed under warranty per applicable TSB. Vehicle line V408E TRANSIT CONNECT [13-24]. [synthetic sanitized narrative]",3108.46,17.5,71778
41802488,"Customer reports concern related to transmission, repair, fluid. Diagnosis confirmed component failure; full assembly replacement completed under warranty per applicable TSB. Vehicle line V408E TRANSIT CONNECT [13-24]. [synthetic sanitized narrative]",3841.38,19.6,71778
43143638,"Customer reports concern related to main control, main, transmission. Diagnosis confirmed component failure; full assembly replacement completed under warranty per applicable TSB. Vehicle line P552N F-150 [15-20]. [synthetic sanitized narrative]",4532.82,21.1,35069
42849262,"Customer reports concern related to transmission, repair, fluid. Diagnosis confirmed component failure; full assembly replacement completed under warranty per applicable TSB. Vehicle line V408E TRANSIT CONNECT [13-24]. [synthetic sanitized narrative]",4057.78,17.5,71778
42696548,"Customer reports concern related to main control, main, transmission. Diagnosis performed; minor repair/reseal completed under warranty per applicable TSB. Vehicle line P552N F-150 [15-20]. [synthetic sanitized narrative]",3383.56,24.9,35069
43026620,"Customer reports concern related to main control, main, transmission. Diagnosis performed; minor repair/reseal completed under warranty per applicable TSB. Vehicle line P552N F-150 [15-20]. [synthetic sanitized narrative]",2514.62,18.0,35069
42853810,"Customer reports concern related to main control, main, transmission. Diagnosis performed; minor repair/reseal completed under warranty per applicable TSB. Vehicle line P552N F-150 [15-20]. [synthetic sanitized narrative]",2659.28,21.6,35069
39381456,"Customer reports concern related to clutch, replace clutch, transmission. Diagnosis confirmed component failure; full assembly replacement completed under warranty per applicable TSB. Vehicle line C346N FOCUS [12-18]. [synthetic sanitized narrative]",2126.12,7.9,3936
42817818,"Customer reports concern related to main control, main, transmission. Diagnosis confirmed component failure; full assembly replacement completed under warranty per applicable TSB. Vehicle line P552N F-150 [15-20]. [synthetic sanitized narrative]",3645.88,17.0,35069
43063472,"Customer reports concern related to main control, main, transmission. Diagnosis confirmed component failure; full assembly replacement completed under warranty per applicable TSB. Vehicle line P552N F-150 [15-20]. [synthetic sanitized narrative]",6123.14,13.9,35069
42801417,"Customer reports concern related to main control, main, transmission. Diagnosis performed; minor repair/reseal completed under warranty per applicable TSB. Vehicle line P552N F-150 [15-20]. [synthetic sanitized narrative]",3167.09,23.4,35069
42950668,"Customer reports concern related to transmission, repair, fluid. Diagnosis confirmed component failure; full assembly replacement completed under warranty per applicable TSB. Vehicle line V408E TRANSIT CONNECT [13-24]. [synthetic sanitized narrative]",12672.66,31.8,71778
42878105,"Customer reports concern related to main control, main, transmission. Diagnosis performed; minor repair/reseal completed under warranty per applicable TSB. Vehicle line P552N F-150 [15-20]. [synthetic sanitized narrative]",2925.51,19.3,35069
42972405,"Customer reports concern related to main control, main, transmission. Diagnosis confirmed component failure; full assembly replacement completed under warranty per applicable TSB. Vehicle line P552N F-150 [15-20]. [synthetic sanitized narrative]",4346.2,21.8,35069
42959254,"Customer reports concern related to main control, main, transmission. Diagnosis performed; minor repair/reseal completed under warranty per applicable TSB. Vehicle line P552N F-150 [15-20]. [synthetic sanitized narrative]",1957.8,15.2,35069
43132793,"Customer reports concern related to transmission, repair, fluid. Diagnosis confirmed component failure; full assembly replacement completed under warranty per applicable TSB. Vehicle line V408E TRANSIT CONNECT [13-24]. [synthetic sanitized narrative]",6256.11,12.4,71778
42754926,"Customer reports concern related to main control, main, transmission. Diagnosis performed; minor repair/reseal completed under warranty per applicable TSB. Vehicle line P552N F-150 [15-20]. [synthetic sanitized narrative]",2834.42,18.5,35069
42710229,"Customer reports concern related to main control, main, transmission. Diagnosis performed; minor repair/reseal completed under warranty per applicable TSB. Vehicle line P552N F-150 [15-20]. [synthetic sanitized narrative]",2889.95,20.3,35069
42555831,"Customer reports concern related to transmission, repair, fluid. Diagnosis performed; minor repair/reseal completed under warranty per applicable TSB. Vehicle line V408E TRANSIT CONNECT [13-24]. [synthetic sanitized narrative]",2281.26,16.4,71778
42754018,"Customer reports concern related to main control, main, transmission. Diagnosis performed; minor repair/reseal completed under warranty per applicable TSB. Vehicle line P552N F-150 [15-20]. [synthetic sanitized narrative]",3213.75,21.2,35069
42985573,"Customer reports concern related to main control, main, transmission. Diagnosis performed; minor repair/reseal completed under warranty per applicable TSB. Vehicle line P552N F-150 [15-20]. [synthetic sanitized narrative]",3507.97,21.7,35069
42748478,"Customer reports concern related to main control, main, transmission. Diagnosis performed; minor repair/reseal completed under warranty per applicable TSB. Vehicle line P552N F-150 [15-20]. [synthetic sanitized narrative]",2301.18,18.9,35069
42973374,"Customer reports concern related to main control, main, transmission. Diagnosis performed; minor repair/reseal completed under warranty per applicable TSB. Vehicle line P552N F-150 [15-20]. [synthetic sanitized narrative]",2403.88,18.3,35069
42939282,"Customer reports concern related to transmission, repair, fluid. Diagnosis confirmed component failure; full assembly replacement completed under warranty per applicable TSB. Vehicle line V408E TRANSIT CONNECT [13-24]. [synthetic sanitized narrative]",5462.98,21.6,71778
42948152,"Customer reports concern related to main control, main, transmission. Diagnosis performed; minor repair/reseal completed under warranty per applicable TSB. Vehicle line P552N F-150 [15-20]. [synthetic sanitized narrative]",2842.72,20.1,35069
42738632,"Customer reports concern related to main control, main, transmission. Diagnosis performed; minor repair/reseal completed under warranty per applicable TSB. Vehicle line P552N F-150 [15-20]. [synthetic sanitized narrative]",3124.71,16.1,35069
42818502,"Customer reports concern related to main control, main, transmission. Diagnosis confirmed component failure; full assembly replacement completed under warranty per applicable TSB. Vehicle line P552N F-150 [15-20]. [synthetic sanitized narrative]",4161.19,21.9,35069
42976694,"Customer reports concern related to main control, main, transmission. Diagnosis performed; minor repair/reseal completed under warranty per applicable TSB. Vehicle line P552N F-150 [15-20]. [synthetic sanitized narrative]",3261.51,19.4,35069
42939147,"Customer reports concern related to main control, main, transmission. Diagnosis confirmed component failure; full assembly replacement completed under warranty per applicable TSB. Vehicle line P552N F-150 [15-20]. [synthetic sanitized narrative]",3764.5,20.3,35069
42921547,"Customer reports concern related to transmission, repair, fluid. Diagnosis performed; minor repair/reseal completed under warranty per applicable TSB. Vehicle line V408E TRANSIT CONNECT [13-24]. [synthetic sanitized narrative]",3079.64,17.5,71778
38363498,"Customer reports concern related to clutch, replace clutch, transmission. Diagnosis performed; minor repair/reseal completed under warranty per applicable TSB. Vehicle line C346N FOCUS [12-18]. [synthetic sanitized narrative]",1335.62,8.9,3936
42883154,"Customer reports concern related to main control, main, transmission. Diagnosis confirmed component failure; full assembly replacement completed under warranty per applicable TSB. Vehicle line P552N F-150 [15-20]. [synthetic sanitized narrative]",4271.07,23.2,35069
42550575,"Customer reports concern related to main control, main, transmission. Diagnosis performed; minor repair/reseal completed under warranty per applicable TSB. Vehicle line P552N F-150 [15-20]. [synthetic sanitized narrative]",2160.91,16.1,35069
42920777,"Customer reports concern related to main control, main, transmission. Diagnosis performed; minor repair/reseal completed under warranty per applicable TSB. Vehicle line P552N F-150 [15-20]. [synthetic sanitized narrative]",2726.7,19.9,35069
42582864,"Customer reports concern related to rattle, phasers, cam. Diagnosis performed; minor repair/reseal completed under warranty per applicable TSB. Vehicle line P552N F-150 [15-20]. [synthetic sanitized narrative]",1722.04,11.6,33030
42682200,"Customer reports concern related to main control, main, transmission. Diagnosis performed; minor repair/reseal completed under warranty per applicable TSB. Vehicle line P552N F-150 [15-20]. [synthetic sanitized narrative]",3203.8,17.2,35069
42698456,"Customer reports concern related to main control, main, transmission. Diagnosis performed; minor repair/reseal completed under warranty per applicable TSB. Vehicle line P552N F-150 [15-20]. [synthetic sanitized narrative]",2215.56,17.1,35069
42821270,"Customer reports concern related to main control, main, transmission. Diagnosis performed; minor repair/reseal completed under warranty per applicable TSB. Vehicle line P552N F-150 [15-20]. [synthetic sanitized narrative]",2915.02,19.7,35069
43039632,"Customer reports concern related to transmission, repair, fluid. Diagnosis performed; minor repair/reseal completed under warranty per applicable TSB. Vehicle line V408E TRANSIT CONNECT [13-24]. [synthetic sanitized narrative]",2450.76,16.4,71778
42894046,"Customer reports concern related to main control, main, transmission. Diagnosis confirmed component failure; full assembly replacement completed under warranty per applicable TSB. Vehicle line P552N F-150 [15-20]. [synthetic sanitized narrative]",4427.19,12.1,35069
42902295,"Customer reports concern related to main control, main, transmission. Diagnosis confirmed component failure; full assembly replacement completed under warranty per applicable TSB. Vehicle line P552N F-150 [15-20]. [synthetic sanitized narrative]",5528.32,35.4,35069
42457064,"Customer reports concern related to transmission, repair, fluid. Diagnosis confirmed component failure; full assembly replacement completed under warranty per applicable TSB. Vehicle line V408E TRANSIT CONNECT [13-24]. [synthetic sanitized narrative]",3413.24,16.4,71778
42753840,"Customer reports concern related to main control, main, transmission. Diagnosis performed; minor repair/reseal completed under warranty per applicable TSB. Vehicle line P552N F-150 [15-20]. [synthetic sanitized narrative]",2836.97,20.0,35069
41371490,"Customer reports concern related to transmission, repair, fluid. Diagnosis confirmed component failure; full assembly replacement completed under warranty per applicable TSB. Vehicle line V408E TRANSIT CONNECT [13-24]. [synthetic sanitized narrative]",4549.77,35.6,71778
43049255,"Customer reports concern related to main control, main, transmission. Diagnosis confirmed component failure; full assembly replacement completed under warranty per applicable TSB. Vehicle line P552N F-150 [15-20]. [synthetic sanitized narrative]",3847.61,20.7,35069
42527148,"Customer reports concern related to transmission, repair, fluid. Diagnosis confirmed component failure; full assembly replacement completed under warranty per applicable TSB. Vehicle line V408E TRANSIT CONNECT [13-24]. [synthetic sanitized narrative]",4419.1,16.9,71778
42949858,"Customer reports concern related to main control, main, transmission. Diagnosis confirmed component failure; full assembly replacement completed under warranty per applicable TSB. Vehicle line P552N F-150 [15-20]. [synthetic sanitized narrative]",5941.3,17.4,35069
42661264,"Customer reports concern related to main control, main, transmission. Diagnosis performed; minor repair/reseal completed under warranty per applicable TSB. Vehicle line P552N F-150 [15-20]. [synthetic sanitized narrative]",3413.58,19.2,35069
43092027,"Customer reports concern related to main control, main, transmission. Diagnosis confirmed component failure; full assembly replacement completed under warranty per applicable TSB. Vehicle line P552N F-150 [15-20]. [synthetic sanitized narrative]",3951.82,17.7,35069
43125891,"Customer reports concern related to long block, block, long. Diagnosis performed; minor repair/reseal completed under warranty per applicable TSB. Vehicle line P552N F-150 [15-20]. [synthetic sanitized narrative]",8152.32,15.4,32954
43122396,"Customer reports concern related to long block, block, long. Diagnosis performed; minor repair/reseal completed under warranty per applicable TSB. Vehicle line P552N F-150 [15-20]. [synthetic sanitized narrative]",7367.85,16.2,32954
43143636,"Customer reports concern related to main control, main, transmission. Diagnosis confirmed component failure; full assembly replacement completed under warranty per applicable TSB. Vehicle line P552N F-150 [15-20]. [synthetic sanitized narrative]",4226.31,27.7,35069
42759417,"Customer reports concern related to rattle, phasers, cam. Diagnosis confirmed component failure; full assembly replacement completed under warranty per applicable TSB. Vehicle line P552N F-150 [15-20]. [synthetic sanitized narrative]",2115.25,11.4,33030
36840559,"Customer reports concern related to rattle, phasers, cam. Diagnosis confirmed component failure; full assembly replacement completed under warranty per applicable TSB. Vehicle line P552N F-150 [15-20]. [synthetic sanitized narrative]",2538.97,12.9,33030
42711300,"Customer reports concern related to long block, block, long. Diagnosis confirmed component failure; full assembly replacement completed under warranty per applicable TSB. Vehicle line CD539N EDGE [15-24]. [synthetic sanitized narrative]",6046.57,15.0,14641
42984538,"Customer reports concern related to long block, block, long. Diagnosis performed; minor repair/reseal completed under warranty per applicable TSB. Vehicle line P552N F-150 [15-20]. [synthetic sanitized narrative]",8328.71,17.7,32954
41021546,"Customer reports concern related to long block, block, long. Diagnosis performed; minor repair/reseal completed under warranty per applicable TSB. Vehicle line CD539N EDGE [15-24]. [synthetic sanitized narrative]",3882.71,18.4,14641
42677976,"Customer reports concern related to main control, main, transmission. Diagnosis confirmed component failure; full assembly replacement completed under warranty per applicable TSB. Vehicle line P552N F-150 [15-20]. [synthetic sanitized narrative]",3822.75,26.1,35069
42892893,"Customer reports concern related to rattle, phasers, cam. Diagnosis confirmed component failure; full assembly replacement completed under warranty per applicable TSB. Vehicle line P552N F-150 [15-20]. [synthetic sanitized narrative]",3136.58,15.1,33030
42925339,"Customer reports concern related to main control, main, transmission. Diagnosis confirmed component failure; full assembly replacement completed under warranty per applicable TSB. Vehicle line P552N F-150 [15-20]. [synthetic sanitized narrative]",6766.45,14.6,35069
39050455,"Customer reports concern related to oil, oil pan, pan. Diagnosis performed; minor repair/reseal completed under warranty per applicable TSB. Vehicle line P558N SUPER DUTY [17-22]. [synthetic sanitized narrative]",406.64,1.4,40109
42520760,"Customer reports concern related to water pump, water, pump. Diagnosis confirmed component failure; full assembly replacement completed under warranty per applicable TSB. Vehicle line U502N EXPLORER [11-19]. [synthetic sanitized narrative]",1697.09,10.7,53967
38985507,"Customer reports concern related to long block, block, long. Diagnosis confirmed component failure; full assembly replacement completed under warranty per applicable TSB. Vehicle line CD539N EDGE [15-24]. [synthetic sanitized narrative]",4652.0,15.9,14641
42739039,"Customer reports concern related to oil, oil pan, pan. Diagnosis confirmed component failure; full assembly replacement completed under warranty per applicable TSB. Vehicle line P558N SUPER DUTY [17-22]. [synthetic sanitized narrative]",3624.9,20.7,40109
42555568,"Customer reports concern related to oil, oil pan, pan. Diagnosis performed; minor repair/reseal completed under warranty per applicable TSB. Vehicle line P558N SUPER DUTY [17-22]. [synthetic sanitized narrative]",1473.53,10.6,40109
42739631,"Customer reports concern related to clutch, replace clutch, transmission. Diagnosis performed; minor repair/reseal completed under warranty per applicable TSB. Vehicle line C346N FOCUS [12-18]. [synthetic sanitized narrative]",1485.3,5.8,3936
41156453,"Customer reports concern related to oil, oil pan, pan. Diagnosis confirmed component failure; full assembly replacement completed under warranty per applicable TSB. Vehicle line P558N SUPER DUTY [17-22]. [synthetic sanitized narrative]",11272.95,36.1,40109
42787373,"Customer reports concern related to rattle, phasers, cam. Diagnosis confirmed component failure; full assembly replacement completed under warranty per applicable TSB. Vehicle line P552N F-150 [15-20]. [synthetic sanitized narrative]",2936.92,14.6,33030
42803996,"Customer reports concern related to clutch, replace clutch, transmission. Diagnosis confirmed component failure; full assembly replacement completed under warranty per applicable TSB. Vehicle line C346N FOCUS [12-18]. [synthetic sanitized narrative]",2477.05,6.1,3936
38443464,"Customer reports concern related to long block, block, long. Diagnosis performed; minor repair/reseal completed under warranty per applicable TSB. Vehicle line CD539N EDGE [15-24]. [synthetic sanitized narrative]",3544.91,15.8,14641
43032007,"Customer reports concern related to long block, block, long. Diagnosis confirmed component failure; full assembly replacement completed under warranty per applicable TSB. Vehicle line P552N F-150 [15-20]. [synthetic sanitized narrative]",17555.56,27.6,32954
39552468,"Customer reports concern related to rattle, phasers, cam. Diagnosis confirmed component failure; full assembly replacement completed under warranty per applicable TSB. Vehicle line P552N F-150 [15-20]. [synthetic sanitized narrative]",4195.24,15.2,33030
43077101,"Customer reports concern related to oil, oil pan, pan. Diagnosis confirmed component failure; full assembly replacement completed under warranty per applicable TSB. Vehicle line P558N SUPER DUTY [17-22]. [synthetic sanitized narrative]",2361.8,13.7,40109
42973826,"Customer reports concern related to rattle, phasers, cam. Diagnosis confirmed component failure; full assembly replacement completed under warranty per applicable TSB. Vehicle line P552N F-150 [15-20]. [synthetic sanitized narrative]",2183.28,12.1,33030
42508124,"Customer reports concern related to water pump, water, pump. Diagnosis confirmed component failure; full assembly replacement completed under warranty per applicable TSB. Vehicle line U502N EXPLORER [11-19]. [synthetic sanitized narrative]",1850.03,13.4,53967
42565877,"Customer reports concern related to water pump, water, pump. Diagnosis confirmed component failure; full assembly replacement completed under warranty per applicable TSB. Vehicle line U502N EXPLORER [11-19]. [synthetic sanitized narrative]",1893.55,14.0,53967
37323473,"Customer reports concern related to water pump, water, pump. Diagnosis confirmed component failure; full assembly replacement completed under warranty per applicable TSB. Vehicle line U502N EXPLORER [11-19]. [synthetic sanitized narrative]",2019.69,20.9,53967
42805326,"Customer reports concern related to clutch, replace clutch, transmission. Diagnosis confirmed component failure; full assembly replacement completed under warranty per applicable TSB. Vehicle line C346N FOCUS [12-18]. [synthetic sanitized narrative]",2181.07,6.5,3936
42833946,"Customer reports concern related to oil, oil pan, pan. Diagnosis confirmed component failure; full assembly replacement completed under warranty per applicable TSB. Vehicle line P558N SUPER DUTY [17-22]. [synthetic sanitized narrative]",2483.02,13.7,40109
42795940,"Customer reports concern related to main control, main, transmission. Diagnosis confirmed component failure; full assembly replacement completed under warranty per applicable TSB. Vehicle line P552N F-150 [15-20]. [synthetic sanitized narrative]",4599.95,21.3,35069
42776471,"Customer reports concern related to oil, oil pan, pan. Diagnosis confirmed component failure; full assembly replacement completed under warranty per applicable TSB. Vehicle line P558N SUPER DUTY [17-22]. [synthetic sanitized narrative]",2867.62,12.7,40109
37278482,"Customer reports concern related to long block, block, long. Diagnosis confirmed component failure; full assembly replacement completed under warranty per applicable TSB. Vehicle line CD539N EDGE [15-24]. [synthetic sanitized narrative]",4952.24,18.0,14641
42808375,"Customer reports concern related to main control, main, transmission. Diagnosis confirmed component failure; full assembly replacement completed under warranty per applicable TSB. Vehicle line P552N F-150 [15-20]. [synthetic sanitized narrative]",3907.95,21.3,35069
43056490,"Customer reports concern related to oil, oil pan, pan. Diagnosis confirmed component failure; full assembly replacement completed under warranty per applicable TSB. Vehicle line P558N SUPER DUTY [17-22]. [synthetic sanitized narrative]",2239.96,12.3,40109
43097983,"Customer reports concern related to rattle, phasers, cam. Diagnosis performed; minor repair/reseal completed under warranty per applicable TSB. Vehicle line P552N F-150 [15-20]. [synthetic sanitized narrative]",1891.53,10.0,33030
43038485,"Customer reports concern related to oil, oil pan, pan. Diagnosis confirmed component failure; full assembly replacement completed under warranty per applicable TSB. Vehicle line P558N SUPER DUTY [17-22]. [synthetic sanitized narrative]",8109.14,28.9,40109
40948480,"Customer reports concern related to clutch, replace clutch, transmission. Diagnosis performed; minor repair/reseal completed under warranty per applicable TSB. Vehicle line C346N FOCUS [12-18]. [synthetic sanitized narrative]",1033.76,5.8,3936
42871881,"Customer reports concern related to clutch, replace clutch, transmission. Diagnosis performed; minor repair/reseal completed under warranty per applicable TSB. Vehicle line C346N FOCUS [12-18]. [synthetic sanitized narrative]",1241.02,6.3,3936
42934956,"Customer reports concern related to clutch, replace clutch, transmission. Diagnosis confirmed component failure; full assembly replacement completed under warranty per applicable TSB. Vehicle line C346N FOCUS [12-18]. [synthetic sanitized narrative]",1699.86,6.1,3936
38798489,"Customer reports concern related to clutch, replace clutch, transmission. Diagnosis confirmed component failure; full assembly replacement completed under warranty per applicable TSB. Vehicle line C346N FOCUS [12-18]. [synthetic sanitized narrative]",1939.49,8.7,3936
42703351,"Customer reports concern related to clutch, replace clutch, transmission. Diagnosis confirmed component failure; full assembly replacement completed under warranty per applicable TSB. Vehicle line C346N FOCUS [12-18]. [synthetic sanitized narrative]",1622.25,8.0,3936
41990541,"Customer reports concern related to oil, oil pan, pan. Diagnosis confirmed component failure; full assembly replacement completed under warranty per applicable TSB. Vehicle line P558N SUPER DUTY [17-22]. [synthetic sanitized narrative]",2653.05,15.9,40109
42747429,"Customer reports concern related to clutch, replace clutch, transmission. Diagnosis confirmed component failure; full assembly replacement completed under warranty per applicable TSB. Vehicle line C346N FOCUS [12-18]. [synthetic sanitized narrative]",1641.2,5.2,3936
38308521,"Customer reports concern related to clutch, replace clutch, transmission. Diagnosis confirmed component failure; full assembly replacement completed under warranty per applicable TSB. Vehicle line C346N FOCUS [12-18]. [synthetic sanitized narrative]",1609.41,6.5,3936
37012527,"Customer reports concern related to clutch, replace clutch, transmission. Diagnosis performed; minor repair/reseal completed under warranty per applicable TSB. Vehicle line C346N FOCUS [12-18]. [synthetic sanitized narrative]",1271.09,5.9,3936
42753449,"Customer reports concern related to clutch, replace clutch, transmission. Diagnosis confirmed component failure; full assembly replacement completed under warranty per applicable TSB. Vehicle line C346N FOCUS [12-18]. [synthetic sanitized narrative]",2294.47,8.5,3936
42469629,"Customer reports concern related to clutch, replace clutch, transmission. Diagnosis performed; minor repair/reseal completed under warranty per applicable TSB. Vehicle line C346N FOCUS [12-18]. [synthetic sanitized narrative]",1352.2,9.3,3936
42111461,"Customer reports concern related to water pump, water, pump. Diagnosis confirmed component failure; full assembly replacement completed under warranty per applicable TSB. Vehicle line U502N EXPLORER [11-19]. [synthetic sanitized narrative]",1787.7,10.8,53967
39197599,"Customer reports concern related to water pump, water, pump. Diagnosis confirmed component failure; full assembly replacement completed under warranty per applicable TSB. Vehicle line U502N EXPLORER [11-19]. [synthetic sanitized narrative]",2992.19,13.6,53967
40948520,"Customer reports concern related to clutch, replace clutch, transmission. Diagnosis performed; minor repair/reseal completed under warranty per applicable TSB. Vehicle line C346N FOCUS [12-18]. [synthetic sanitized narrative]",1355.32,7.8,3936
42955499,"Customer reports concern related to clutch, replace clutch, transmission. Diagnosis confirmed component failure; full assembly replacement completed under warranty per applicable TSB. Vehicle line C346N FOCUS [12-18]. [synthetic sanitized narrative]",2176.14,11.8,3936
42651826,"Customer reports concern related to rattle, phasers, cam. Diagnosis confirmed component failure; full assembly replacement completed under warranty per applicable TSB. Vehicle line P552N F-150 [15-20]. [synthetic sanitized narrative]",3260.05,11.3,33030
42688482,"Customer reports concern related to oil, oil pan, pan. Diagnosis confirmed component failure; full assembly replacement completed under warranty per applicable TSB. Vehicle line P558N SUPER DUTY [17-22]. [synthetic sanitized narrative]",2667.02,16.1,40109
42786624,"Customer reports concern related to clutch, replace clutch, transmission. Diagnosis performed; minor repair/reseal completed under warranty per applicable TSB. Vehicle line C346N FOCUS [12-18]. [synthetic sanitized narrative]",1033.47,7.2,3936
42484972,"Customer reports concern related to oil, oil pan, pan. Diagnosis confirmed component failure; full assembly replacement completed under warranty per applicable TSB. Vehicle line P558N SUPER DUTY [17-22]. [synthetic sanitized narrative]",2040.89,15.1,40109
42703329,"Customer reports concern related to clutch, replace clutch, transmission. Diagnosis performed; minor repair/reseal completed under warranty per applicable TSB. Vehicle line C346N FOCUS [12-18]. [synthetic sanitized narrative]",1308.49,6.3,3936
37629496,"Customer reports concern related to clutch, replace clutch, transmission. Diagnosis performed; minor repair/reseal completed under warranty per applicable TSB. Vehicle line C346N FOCUS [12-18]. [synthetic sanitized narrative]",1480.96,5.7,3936
40753466,"Customer reports concern related to clutch, replace clutch, transmission. Diagnosis performed; minor repair/reseal completed under warranty per applicable TSB. Vehicle line C346N FOCUS [12-18]. [synthetic sanitized narrative]",1213.02,6.3,3936
43118905,"Customer reports concern related to clutch, replace clutch, transmission. Diagnosis performed; minor repair/reseal completed under warranty per applicable TSB. Vehicle line C346N FOCUS [12-18]. [synthetic sanitized narrative]",1301.9,6.3,3936
42538628,"Customer reports concern related to clutch, replace clutch, transmission. Diagnosis confirmed component failure; full assembly replacement completed under warranty per applicable TSB. Vehicle line C346N FOCUS [12-18]. [synthetic sanitized narrative]",1691.25,18.3,3936
43065558,"Customer reports concern related to clutch, replace clutch, transmission. Diagnosis confirmed component failure; full assembly replacement completed under warranty per applicable TSB. Vehicle line C346N FOCUS [12-18]. [synthetic sanitized narrative]",1806.53,5.8,3936
42600526,"Customer reports concern related to clutch, replace clutch, transmission. Diagnosis performed; minor repair/reseal completed under warranty per applicable TSB. Vehicle line C346N FOCUS [12-18]. [synthetic sanitized narrative]",1473.18,5.8,3936
40644463,"Customer reports concern related to clutch, replace clutch, transmission. Diagnosis confirmed component failure; full assembly replacement completed under warranty per applicable TSB. Vehicle line C346N FOCUS [12-18]. [synthetic sanitized narrative]",1950.88,6.3,3936
43046855,"Customer reports concern related to long block, block, long. Diagnosis confirmed component failure; full assembly replacement completed under warranty per applicable TSB. Vehicle line P552N F-150 [15-20]. [synthetic sanitized narrative]",10007.61,15.6,32954
41254500,"Customer reports concern related to oil, oil pan, pan. Diagnosis confirmed component failure; full assembly replacement completed under warranty per applicable TSB. Vehicle line P558N SUPER DUTY [17-22]. [synthetic sanitized narrative]",4208.77,17.6,40109
38416482,"Customer reports concern related to clutch, replace clutch, transmission. Diagnosis performed; minor repair/reseal completed under warranty per applicable TSB. Vehicle line C346N FOCUS [12-18]. [synthetic sanitized narrative]",1142.73,6.3,3936
40830484,"Customer reports concern related to clutch, replace clutch, transmission. Diagnosis performed; minor repair/reseal completed under warranty per applicable TSB. Vehicle line C346N FOCUS [12-18]. [synthetic sanitized narrative]",1157.8,5.2,3936
42533828,"Customer reports concern related to clutch, replace clutch, transmission. Diagnosis confirmed component failure; full assembly replacement completed under warranty per applicable TSB. Vehicle line C346N FOCUS [12-18]. [synthetic sanitized narrative]",1666.76,8.0,3936
42840281,"Customer reports concern related to clutch, replace clutch, transmission. Diagnosis confirmed component failure; full assembly replacement completed under warranty per applicable TSB. Vehicle line C346N FOCUS [12-18]. [synthetic sanitized narrative]",2562.28,13.5,3936
41241461,"Customer reports concern related to water pump, water, pump. Diagnosis performed; minor repair/reseal completed under warranty per applicable TSB. Vehicle line U502N EXPLORER [11-19]. [synthetic sanitized narrative]",1192.91,9.1,53967
40019476,"Customer reports concern related to clutch, replace clutch, transmission. Diagnosis performed; minor repair/reseal completed under warranty per applicable TSB. Vehicle line C346N FOCUS [12-18]. [synthetic sanitized narrative]",1078.14,6.6,3936
42859743,"Customer reports concern related to clutch, replace clutch, transmission. Diagnosis confirmed component failure; full assembly replacement completed under warranty per applicable TSB. Vehicle line C346N FOCUS [12-18]. [synthetic sanitized narrative]",1690.21,5.8,3936
40975451,"Customer reports concern related to oil, oil pan, pan. Diagnosis confirmed component failure; full assembly replacement completed under warranty per applicable TSB. Vehicle line P558N SUPER DUTY [17-22]. [synthetic sanitized narrative]",5278.89,29.6,40109
42900787,"Customer reports concern related to clutch, replace clutch, transmission. Diagnosis confirmed component failure; full assembly replacement completed under warranty per applicable TSB. Vehicle line C346N FOCUS [12-18]. [synthetic sanitized narrative]",1797.68,5.6,3936
38703465,"Customer reports concern related to clutch, replace clutch, transmission. Diagnosis performed; minor repair/reseal completed under warranty per applicable TSB. Vehicle line C346N FOCUS [12-18]. [synthetic sanitized narrative]",1422.32,6.9,3936
36996484,"Customer reports concern related to clutch, replace clutch, transmission. Diagnosis performed; minor repair/reseal completed under warranty per applicable TSB. Vehicle line C346N FOCUS [12-18]. [synthetic sanitized narrative]",1212.69,6.0,3936
38050455,"Customer reports concern related to clutch, replace clutch, transmission. Diagnosis performed; minor repair/reseal completed under warranty per applicable TSB. Vehicle line C346N FOCUS [12-18]. [synthetic sanitized narrative]",941.03,6.3,3936
43019043,"Customer reports concern related to clutch, replace clutch, transmission. Diagnosis confirmed component failure; full assembly replacement completed under warranty per applicable TSB. Vehicle line C346N FOCUS [12-18]. [synthetic sanitized narrative]",1762.38,6.5,3936
43108263,"Customer reports concern related to clutch, replace clutch, transmission. Diagnosis confirmed component failure; full assembly replacement completed under warranty per applicable TSB. Vehicle line C346N FOCUS [12-18]. [synthetic sanitized narrative]",3216.85,7.9,3936
38667463,"Customer reports concern related to rattle, phasers, cam. Diagnosis confirmed component failure; full assembly replacement completed under warranty per applicable TSB. Vehicle line P552N F-150 [15-20]. [synthetic sanitized narrative]",2502.77,13.5,33030
39613456,"Customer reports concern related to long block, block, long. Diagnosis performed; minor repair/reseal completed under warranty per applicable TSB. Vehicle line CD539N EDGE [15-24]. [synthetic sanitized narrative]",4268.47,17.3,14641
37129465,"Customer reports concern related to long block, block, long. Diagnosis performed; minor repair/reseal completed under warranty per applicable TSB. Vehicle line CD539N EDGE [15-24]. [synthetic sanitized narrative]",3511.05,15.7,14641
39550996,"Customer reports concern related to rattle, phasers, cam. Diagnosis confirmed component failure; full assembly replacement completed under warranty per applicable TSB. Vehicle line P552N F-150 [15-20]. [synthetic sanitized narrative]",2361.6,15.7,33030
42786948,"Customer reports concern related to oil, oil pan, pan. Diagnosis confirmed component failure; full assembly replacement completed under warranty per applicable TSB. Vehicle line P558N SUPER DUTY [17-22]. [synthetic sanitized narrative]",2518.48,13.4,40109
43145279,"Customer reports concern related to oil, oil pan, pan. Diagnosis performed; minor repair/reseal completed under warranty per applicable TSB. Vehicle line P558N SUPER DUTY [17-22]. [synthetic sanitized narrative]",1756.09,11.3,40109
36619457,"Customer reports concern related to water pump, water, pump. Diagnosis confirmed component failure; full assembly replacement completed under warranty per applicable TSB. Vehicle line U502N EXPLORER [11-19]. [synthetic sanitized narrative]",1987.08,14.2,53967
36824491,"Customer reports concern related to water pump, water, pump. Diagnosis performed; minor repair/reseal completed under warranty per applicable TSB. Vehicle line U502N EXPLORER [11-19]. [synthetic sanitized narrative]",1402.35,8.9,53967
42853769,"Customer reports concern related to oil, oil pan, pan. Diagnosis confirmed component failure; full assembly replacement completed under warranty per applicable TSB. Vehicle line P558N SUPER DUTY [17-22]. [synthetic sanitized narrative]",2639.64,12.6,40109
40432544,"Customer reports concern related to long block, block, long. Diagnosis performed; minor repair/reseal completed under warranty per applicable TSB. Vehicle line CD539N EDGE [15-24]. [synthetic sanitized narrative]",4047.95,14.9,14641
41493467,"Customer reports concern related to long block, block, long. Diagnosis confirmed component failure; full assembly replacement completed under warranty per applicable TSB. Vehicle line CD539N EDGE [15-24]. [synthetic sanitized narrative]",5322.5,14.7,14641
42718206,"Customer reports concern related to transmission, repair, fluid. Diagnosis confirmed component failure; full assembly replacement completed under warranty per applicable TSB. Vehicle line V408E TRANSIT CONNECT [13-24]. [synthetic sanitized narrative]",3490.9,17.8,71778
42363479,"Customer reports concern related to water pump, water, pump. Diagnosis confirmed component failure; full assembly replacement completed under warranty per applicable TSB. Vehicle line U502N EXPLORER [11-19]. [synthetic sanitized narrative]",1711.32,9.7,53967
42511287,"Customer reports concern related to transmission, repair, fluid. Diagnosis performed; minor repair/reseal completed under warranty per applicable TSB. Vehicle line V408E TRANSIT CONNECT [13-24]. [synthetic sanitized narrative]",3205.36,17.7,71778
42686185,"Customer reports concern related to oil, oil pan, pan. Diagnosis performed; minor repair/reseal completed under warranty per applicable TSB. Vehicle line P558N SUPER DUTY [17-22]. [synthetic sanitized narrative]",1478.3,10.9,40109
37572575,"Customer reports concern related to clutch, replace clutch, transmission. Diagnosis confirmed component failure; full assembly replacement completed under warranty per applicable TSB. Vehicle line C346N FOCUS [12-18]. [synthetic sanitized narrative]",2468.43,8.3,3936
42827279,"Customer reports concern related to oil, oil pan, pan. Diagnosis confirmed component failure; full assembly replacement completed under warranty per applicable TSB. Vehicle line P558N SUPER DUTY [17-22]. [synthetic sanitized narrative]",2184.14,12.2,40109
42934942,"Customer reports concern related to oil, oil pan, pan. Diagnosis confirmed component failure; full assembly replacement completed under warranty per applicable TSB. Vehicle line P558N SUPER DUTY [17-22]. [synthetic sanitized narrative]",5890.87,19.9,40109
41291469,"Customer reports concern related to long block, block, long. Diagnosis confirmed component failure; full assembly replacement completed under warranty per applicable TSB. Vehicle line CD539N EDGE [15-24]. [synthetic sanitized narrative]",6274.5,19.4,14641
43077228,"Customer reports concern related to long block, block, long. Diagnosis confirmed component failure; full assembly replacement completed under warranty per applicable TSB. Vehicle line P552N F-150 [15-20]. [synthetic sanitized narrative]",12254.14,34.0,32954
39966489,"Customer reports concern related to long block, block, long. Diagnosis performed; minor repair/reseal completed under warranty per applicable TSB. Vehicle line CD539N EDGE [15-24]. [synthetic sanitized narrative]",3643.39,16.3,14641
41802477,"Customer reports concern related to transmission, repair, fluid. Diagnosis performed; minor repair/reseal completed under warranty per applicable TSB. Vehicle line V408E TRANSIT CONNECT [13-24]. [synthetic sanitized narrative]",2380.7,16.9,71778
37835497,"Customer reports concern related to long block, block, long. Diagnosis confirmed component failure; full assembly replacement completed under warranty per applicable TSB. Vehicle line CD539N EDGE [15-24]. [synthetic sanitized narrative]",5001.18,16.6,14641
42995195,"Customer reports concern related to long block, block, long. Diagnosis performed; minor repair/reseal completed under warranty per applicable TSB. Vehicle line CD539N EDGE [15-24]. [synthetic sanitized narrative]",4253.6,14.7,14641
42640145,"Customer reports concern related to oil, oil pan, pan. Diagnosis confirmed component failure; full assembly replacement completed under warranty per applicable TSB. Vehicle line P558N SUPER DUTY [17-22]. [synthetic sanitized narrative]",2005.6,10.9,40109
42704068,"Customer reports concern related to transmission, repair, fluid. Diagnosis performed; minor repair/reseal completed under warranty per applicable TSB. Vehicle line V408E TRANSIT CONNECT [13-24]. [synthetic sanitized narrative]",2436.86,16.9,71778
42417039,"Customer reports concern related to transmission, repair, fluid. Diagnosis confirmed component failure; full assembly replacement completed under warranty per applicable TSB. Vehicle line V408E TRANSIT CONNECT [13-24]. [synthetic sanitized narrative]",3620.91,21.1,71778
39097567,"Customer reports concern related to long block, block, long. Diagnosis performed; minor repair/reseal completed under warranty per applicable TSB. Vehicle line CD539N EDGE [15-24]. [synthetic sanitized narrative]",3197.49,13.9,14641
42594710,"Customer reports concern related to long block, block, long. Diagnosis performed; minor repair/reseal completed under warranty per applicable TSB. Vehicle line P552N F-150 [15-20]. [synthetic sanitized narrative]",8497.93,15.5,32954
42742364,"Customer reports concern related to long block, block, long. Diagnosis performed; minor repair/reseal completed under warranty per applicable TSB. Vehicle line CD539N EDGE [15-24]. [synthetic sanitized narrative]",3721.65,14.0,14641
42700093,"Customer reports concern related to long block, block, long. Diagnosis performed; minor repair/reseal completed under warranty per applicable TSB. Vehicle line CD539N EDGE [15-24]. [synthetic sanitized narrative]",4505.88,16.4,14641
38382464,"Customer reports concern related to long block, block, long. Diagnosis performed; minor repair/reseal completed under warranty per applicable TSB. Vehicle line CD539N EDGE [15-24]. [synthetic sanitized narrative]",4144.4,15.8,14641
38578459,"Customer reports concern related to long block, block, long. Diagnosis confirmed component failure; full assembly replacement completed under warranty per applicable TSB. Vehicle line CD539N EDGE [15-24]. [synthetic sanitized narrative]",4940.52,14.4,14641
43041686,"Customer reports concern related to long block, block, long. Diagnosis confirmed component failure; full assembly replacement completed under warranty per applicable TSB. Vehicle line CD539N EDGE [15-24]. [synthetic sanitized narrative]",5292.54,15.9,14641
43079758,"Customer reports concern related to long block, block, long. Diagnosis performed; minor repair/reseal completed under warranty per applicable TSB. Vehicle line CD539N EDGE [15-24]. [synthetic sanitized narrative]",4113.75,15.2,14641
37864490,"Customer reports concern related to long block, block, long. Diagnosis performed; minor repair/reseal completed under warranty per applicable TSB. Vehicle line CD539N EDGE [15-24]. [synthetic sanitized narrative]",3806.01,13.9,14641
43111018,"Customer reports concern related to long block, block, long. Diagnosis performed; minor repair/reseal completed under warranty per applicable TSB. Vehicle line P552N F-150 [15-20]. [synthetic sanitized narrative]",8114.7,15.3,32954
42620202,"Customer reports concern related to long block, block, long. Diagnosis performed; minor repair/reseal completed under warranty per applicable TSB. Vehicle line CD539N EDGE [15-24]. [synthetic sanitized narrative]",3864.04,15.8,14641
42930090,"Customer reports concern related to long block, block, long. Diagnosis performed; minor repair/reseal completed under warranty per applicable TSB. Vehicle line P552N F-150 [15-20]. [synthetic sanitized narrative]",8089.15,16.2,32954
42898801,"Customer reports concern related to long block, block, long. Diagnosis performed; minor repair/reseal completed under warranty per applicable TSB. Vehicle line P552N F-150 [15-20]. [synthetic sanitized narrative]",8092.43,17.6,32954
42886515,"Customer reports concern related to long block, block, long. Diagnosis performed; minor repair/reseal completed under warranty per applicable TSB. Vehicle line CD539N EDGE [15-24]. [synthetic sanitized narrative]",4522.54,13.4,14641
42570569,"Customer reports concern related to long block, block, long. Diagnosis confirmed component failure; full assembly replacement completed under warranty per applicable TSB. Vehicle line P552N F-150 [15-20]. [synthetic sanitized narrative]",9917.35,21.1,32954
37356451,"Customer reports concern related to long block, block, long. Diagnosis performed; minor repair/reseal completed under warranty per applicable TSB. Vehicle line CD539N EDGE [15-24]. [synthetic sanitized narrative]",4563.46,16.5,14641
39301467,"Customer reports concern related to long block, block, long. Diagnosis performed; minor repair/reseal completed under warranty per applicable TSB. Vehicle line CD539N EDGE [15-24]. [synthetic sanitized narrative]",3726.44,15.8,14641
42450596,"Customer reports concern related to long block, block, long. Diagnosis confirmed component failure; full assembly replacement completed under warranty per applicable TSB. Vehicle line P552N F-150 [15-20]. [synthetic sanitized narrative]",11050.05,15.7,32954
42814992,"Customer reports concern related to long block, block, long. Diagnosis performed; minor repair/reseal completed under warranty per applicable TSB. Vehicle line P552N F-150 [15-20]. [synthetic sanitized narrative]",7512.84,15.3,32954
40362483,"Customer reports concern related to long block, block, long. Diagnosis confirmed component failure; full assembly replacement completed under warranty per applicable TSB. Vehicle line P552N F-150 [15-20]. [synthetic sanitized narrative]",10007.89,12.7,32954
42750405,"Customer reports concern related to long block, block, long. Diagnosis confirmed component failure; full assembly replacement completed under warranty per applicable TSB. Vehicle line CD539N EDGE [15-24]. [synthetic sanitized narrative]",4791.23,15.2,14641
42520970,"Customer reports concern related to long block, block, long. Diagnosis confirmed component failure; full assembly replacement completed under warranty per applicable TSB. Vehicle line CD539N EDGE [15-24]. [synthetic sanitized narrative]",4735.14,15.8,14641
42743403,"Customer reports concern related to long block, block, long. Diagnosis confirmed component failure; full assembly replacement completed under warranty per applicable TSB. Vehicle line CD539N EDGE [15-24]. [synthetic sanitized narrative]",4598.04,13.4,14641
43033619,"Customer reports concern related to long block, block, long. Diagnosis confirmed component failure; full assembly replacement completed under warranty per applicable TSB. Vehicle line P552N F-150 [15-20]. [synthetic sanitized narrative]",9151.79,18.3,32954
42993931,"Customer reports concern related to long block, block, long. Diagnosis confirmed component failure; full assembly replacement completed under warranty per applicable TSB. Vehicle line CD539N EDGE [15-24]. [synthetic sanitized narrative]",5001.22,14.0,14641
38781453,"Customer reports concern related to long block, block, long. Diagnosis confirmed component failure; full assembly replacement completed under warranty per applicable TSB. Vehicle line CD539N EDGE [15-24]. [synthetic sanitized narrative]",4640.04,14.0,14641
42113465,"Customer reports concern related to long block, block, long. Diagnosis confirmed component failure; full assembly replacement completed under warranty per applicable TSB. Vehicle line CD539N EDGE [15-24]. [synthetic sanitized narrative]",6534.62,20.7,14641
42748370,"Customer reports concern related to long block, block, long. Diagnosis performed; minor repair/reseal completed under warranty per applicable TSB. Vehicle line CD539N EDGE [15-24]. [synthetic sanitized narrative]",4207.24,16.5,14641
42915689,"Customer reports concern related to long block, block, long. Diagnosis performed; minor repair/reseal completed under warranty per applicable TSB. Vehicle line P552N F-150 [15-20]. [synthetic sanitized narrative]",7595.48,18.6,32954
42836390,"Customer reports concern related to long block, block, long. Diagnosis confirmed component failure; full assembly replacement completed under warranty per applicable TSB. Vehicle line CD539N EDGE [15-24]. [synthetic sanitized narrative]",4949.51,15.8,14641
41533479,"Customer reports concern related to long block, block, long. Diagnosis confirmed component failure; full assembly replacement completed under warranty per applicable TSB. Vehicle line CD539N EDGE [15-24]. [synthetic sanitized narrative]",5178.45,17.0,14641
43108934,"Customer reports concern related to long block, block, long. Diagnosis performed; minor repair/reseal completed under warranty per applicable TSB. Vehicle line P552N F-150 [15-20]. [synthetic sanitized narrative]",6118.57,18.2,32954
37178494,"Customer reports concern related to long block, block, long. Diagnosis performed; minor repair/reseal completed under warranty per applicable TSB. Vehicle line P552N F-150 [15-20]. [synthetic sanitized narrative]",7079.51,14.0,32954
43138360,"Customer reports concern related to long block, block, long. Diagnosis performed; minor repair/reseal completed under warranty per applicable TSB. Vehicle line CD539N EDGE [15-24]. [synthetic sanitized narrative]",3960.53,15.8,14641
42819441,"Customer reports concern related to long block, block, long. Diagnosis confirmed component failure; full assembly replacement completed under warranty per applicable TSB. Vehicle line CD539N EDGE [15-24]. [synthetic sanitized narrative]",4843.22,16.7,14641
42605329,"Customer reports concern related to long block, block, long. Diagnosis confirmed component failure; full assembly replacement completed under warranty per applicable TSB. Vehicle line CD539N EDGE [15-24]. [synthetic sanitized narrative]",5211.39,15.8,14641
40916471,"Customer reports concern related to long block, block, long. Diagnosis performed; minor repair/reseal completed under warranty per applicable TSB. Vehicle line CD539N EDGE [15-24]. [synthetic sanitized narrative]",4340.22,14.0,14641
42788955,"Customer reports concern related to long block, block, long. Diagnosis confirmed component failure; full assembly replacement completed under warranty per applicable TSB. Vehicle line CD539N EDGE [15-24]. [synthetic sanitized narrative]",5475.2,17.0,14641
42638469,"Customer reports concern related to long block, block, long. Diagnosis performed; minor repair/reseal completed under warranty per applicable TSB. Vehicle line CD539N EDGE [15-24]. [synthetic sanitized narrative]",4248.73,14.0,14641
38850488,"Customer reports concern related to long block, block, long. Diagnosis performed; minor repair/reseal completed under warranty per applicable TSB. Vehicle line CD539N EDGE [15-24]. [synthetic sanitized narrative]",3995.36,15.2,14641
42584564,"Customer reports concern related to long block, block, long. Diagnosis performed; minor repair/reseal completed under warranty per applicable TSB. Vehicle line CD539N EDGE [15-24]. [synthetic sanitized narrative]",3788.02,14.9,14641
38928498,"Customer reports concern related to rattle, phasers, cam. Diagnosis confirmed component failure; full assembly replacement completed under warranty per applicable TSB. Vehicle line P552N F-150 [15-20]. [synthetic sanitized narrative]",6082.17,16.6,33030
42616477,"Customer reports concern related to long block, block, long. Diagnosis confirmed component failure; full assembly replacement completed under warranty per applicable TSB. Vehicle line CD539N EDGE [15-24]. [synthetic sanitized narrative]",4851.26,13.4,14641
43043999,"Customer reports concern related to long block, block, long. Diagnosis performed; minor repair/reseal completed under warranty per applicable TSB. Vehicle line CD539N EDGE [15-24]. [synthetic sanitized narrative]",4405.11,15.8,14641
38515474,"Customer reports concern related to long block, block, long. Diagnosis confirmed component failure; full assembly replacement completed under warranty per applicable TSB. Vehicle line CD539N EDGE [15-24]. [synthetic sanitized narrative]",5358.16,13.4,14641
42778230,"Customer reports concern related to long block, block, long. Diagnosis performed; minor repair/reseal completed under warranty per applicable TSB. Vehicle line CD539N EDGE [15-24]. [synthetic sanitized narrative]",4429.84,13.4,14641
42700396,"Customer reports concern related to long block, block, long. Diagnosis confirmed component failure; full assembly replacement completed under warranty per applicable TSB. Vehicle line CD539N EDGE [15-24]. [synthetic sanitized narrative]",5003.39,14.0,14641
43078554,"Customer reports concern related to long block, block, long. Diagnosis confirmed component failure; full assembly replacement completed under warranty per applicable TSB. Vehicle line P552N F-150 [15-20]. [synthetic sanitized narrative]",10420.06,14.5,32954
43050351,"Customer reports concern related to long block, block, long. Diagnosis performed; minor repair/reseal completed under warranty per applicable TSB. Vehicle line CD539N EDGE [15-24]. [synthetic sanitized narrative]",4116.55,13.4,14641
42364496,"Customer reports concern related to long block, block, long. Diagnosis confirmed component failure; full assembly replacement completed under warranty per applicable TSB. Vehicle line P552N F-150 [15-20]. [synthetic sanitized narrative]",10140.23,16.0,32954
42643272,"Customer reports concern related to long block, block, long. Diagnosis performed; minor repair/reseal completed under warranty per applicable TSB. Vehicle line CD539N EDGE [15-24]. [synthetic sanitized narrative]",4201.84,14.0,14641
39942463,"Customer reports concern related to long block, block, long. Diagnosis confirmed component failure; full assembly replacement completed under warranty per applicable TSB. Vehicle line CD539N EDGE [15-24]. [synthetic sanitized narrative]",5064.89,15.2,14641
39047474,"Customer reports concern related to rattle, phasers, cam. Diagnosis performed; minor repair/reseal completed under warranty per applicable TSB. Vehicle line P552N F-150 [15-20]. [synthetic sanitized narrative]",1824.44,13.3,33030
38089509,"Customer reports concern related to rattle, phasers, cam. Diagnosis confirmed component failure; full assembly replacement completed under warranty per applicable TSB. Vehicle line P552N F-150 [15-20]. [synthetic sanitized narrative]",2346.85,17.2,33030
42940595,"Customer reports concern related to rattle, phasers, cam. Diagnosis confirmed component failure; full assembly replacement completed under warranty per applicable TSB. Vehicle line P552N F-150 [15-20]. [synthetic sanitized narrative]",4221.49,28.0,33030
42769725,"Customer reports concern related to rattle, phasers, cam. Diagnosis performed; minor repair/reseal completed under warranty per applicable TSB. Vehicle line P552N F-150 [15-20]. [synthetic sanitized narrative]",1500.48,9.7,33030
42991568,"Customer reports concern related to rattle, phasers, cam. Diagnosis confirmed component failure; full assembly replacement completed under warranty per applicable TSB. Vehicle line P552N F-150 [15-20]. [synthetic sanitized narrative]",8280.3,36.0,33030
42708490,"Customer reports concern related to rattle, phasers, cam. Diagnosis confirmed component failure; full assembly replacement completed under warranty per applicable TSB. Vehicle line P552N F-150 [15-20]. [synthetic sanitized narrative]",2359.46,9.4,33030
43069079,"Customer reports concern related to rattle, phasers, cam. Diagnosis performed; minor repair/reseal completed under warranty per applicable TSB. Vehicle line P552N F-150 [15-20]. [synthetic sanitized narrative]",1884.45,14.4,33030
39719475,"Customer reports concern related to rattle, phasers, cam. Diagnosis confirmed component failure; full assembly replacement completed under warranty per applicable TSB. Vehicle line P552N F-150 [15-20]. [synthetic sanitized narrative]",2152.52,12.6,33030
42536852,"Customer reports concern related to rattle, phasers, cam. Diagnosis performed; minor repair/reseal completed under warranty per applicable TSB. Vehicle line P552N F-150 [15-20]. [synthetic sanitized narrative]",1832.44,9.6,33030
38950482,"Customer reports concern related to rattle, phasers, cam. Diagnosis performed; minor repair/reseal completed under warranty per applicable TSB. Vehicle line P552N F-150 [15-20]. [synthetic sanitized narrative]",1419.42,9.5,33030
42503648,"Customer reports concern related to rattle, phasers, cam. Diagnosis performed; minor repair/reseal completed under warranty per applicable TSB. Vehicle line P552N F-150 [15-20]. [synthetic sanitized narrative]",1555.32,9.6,33030
42929955,"Customer reports concern related to rattle, phasers, cam. Diagnosis performed; minor repair/reseal completed under warranty per applicable TSB. Vehicle line P552N F-150 [15-20]. [synthetic sanitized narrative]",1777.31,9.6,33030
38365480,"Customer reports concern related to rattle, phasers, cam. Diagnosis performed; minor repair/reseal completed under warranty per applicable TSB. Vehicle line P552N F-150 [15-20]. [synthetic sanitized narrative]",1443.32,9.6,33030
42915449,"Customer reports concern related to rattle, phasers, cam. Diagnosis performed; minor repair/reseal completed under warranty per applicable TSB. Vehicle line P552N F-150 [15-20]. [synthetic sanitized narrative]",1766.77,10.7,33030
43087331,"Customer reports concern related to water pump, water, pump. Diagnosis confirmed component failure; full assembly replacement completed under warranty per applicable TSB. Vehicle line U502N EXPLORER [11-19]. [synthetic sanitized narrative]",2626.42,13.8,53967
42841017,"Customer reports concern related to rattle, phasers, cam. Diagnosis performed; minor repair/reseal completed under warranty per applicable TSB. Vehicle line P552N F-150 [15-20]. [synthetic sanitized narrative]",1690.64,9.6,33030
43139285,"Customer reports concern related to rattle, phasers, cam. Diagnosis confirmed component failure; full assembly replacement completed under warranty per applicable TSB. Vehicle line P552N F-150 [15-20]. [synthetic sanitized narrative]",2306.86,9.6,33030
42795113,"Customer reports concern related to rattle, phasers, cam. Diagnosis performed; minor repair/reseal completed under warranty per applicable TSB. Vehicle line P552N F-150 [15-20]. [synthetic sanitized narrative]",1774.52,9.6,33030
43008507,"Customer reports concern related to rattle, phasers, cam. Diagnosis performed; minor repair/reseal completed under warranty per applicable TSB. Vehicle line P552N F-150 [15-20]. [synthetic sanitized narrative]",1465.58,9.6,33030
38790598,"Customer reports concern related to rattle, phasers, cam. Diagnosis confirmed component failure; full assembly replacement completed under warranty per applicable TSB. Vehicle line P552N F-150 [15-20]. [synthetic sanitized narrative]",1959.43,10.4,33030
43002230,"Customer reports concern related to rattle, phasers, cam. Diagnosis confirmed component failure; full assembly replacement completed under warranty per applicable TSB. Vehicle line P552N F-150 [15-20]. [synthetic sanitized narrative]",2107.93,12.8,33030
42944753,"Customer reports concern related to rattle, phasers, cam. Diagnosis performed; minor repair/reseal completed under warranty per applicable TSB. Vehicle line P552N F-150 [15-20]. [synthetic sanitized narrative]",1697.75,9.6,33030
42982913,"Customer reports concern related to rattle, phasers, cam. Diagnosis confirmed component failure; full assembly replacement completed under warranty per applicable TSB. Vehicle line P552N F-150 [15-20]. [synthetic sanitized narrative]",2398.55,10.1,33030
42533832,"Customer reports concern related to rattle, phasers, cam. Diagnosis confirmed component failure; full assembly replacement completed under warranty per applicable TSB. Vehicle line P552N F-150 [15-20]. [synthetic sanitized narrative]",2081.95,9.6,33030
43133697,"Customer reports concern related to rattle, phasers, cam. Diagnosis confirmed component failure; full assembly replacement completed under warranty per applicable TSB. Vehicle line P552N F-150 [15-20]. [synthetic sanitized narrative]",1924.65,9.6,33030
43080099,"Customer reports concern related to rattle, phasers, cam. Diagnosis confirmed component failure; full assembly replacement completed under warranty per applicable TSB. Vehicle line P552N F-150 [15-20]. [synthetic sanitized narrative]",2280.98,10.8,33030
36847468,"Customer reports concern related to rattle, phasers, cam. Diagnosis confirmed component failure; full assembly replacement completed under warranty per applicable TSB. Vehicle line P552N F-150 [15-20]. [synthetic sanitized narrative]",2040.0,11.3,33030
42930541,"Customer reports concern related to rattle, phasers, cam. Diagnosis performed; minor repair/reseal completed under warranty per applicable TSB. Vehicle line P552N F-150 [15-20]. [synthetic sanitized narrative]",1806.96,9.6,33030
42984431,"Customer reports concern related to rattle, phasers, cam. Diagnosis performed; minor repair/reseal completed under warranty per applicable TSB. Vehicle line P552N F-150 [15-20]. [synthetic sanitized narrative]",1815.15,11.8,33030
37792464,"Customer reports concern related to rattle, phasers, cam. Diagnosis performed; minor repair/reseal completed under warranty per applicable TSB. Vehicle line P552N F-150 [15-20]. [synthetic sanitized narrative]",1430.9,9.6,33030
42972592,"Customer reports concern related to main control, main, transmission. Diagnosis confirmed component failure; full assembly replacement completed under warranty per applicable TSB. Vehicle line P552N F-150 [15-20]. [synthetic sanitized narrative]",9054.13,25.4,35069
43122004,"Customer reports concern related to rattle, phasers, cam. Diagnosis confirmed component failure; full assembly replacement completed under warranty per applicable TSB. Vehicle line P552N F-150 [15-20]. [synthetic sanitized narrative]",2449.61,11.3,33030
42743243,"Customer reports concern related to rattle, phasers, cam. Diagnosis performed; minor repair/reseal completed under warranty per applicable TSB. Vehicle line P552N F-150 [15-20]. [synthetic sanitized narrative]",1740.26,9.6,33030
38287480,"Customer reports concern related to rattle, phasers, cam. Diagnosis performed; minor repair/reseal completed under warranty per applicable TSB. Vehicle line P552N F-150 [15-20]. [synthetic sanitized narrative]",1887.26,14.0,33030
42731070,"Customer reports concern related to rattle, phasers, cam. Diagnosis confirmed component failure; full assembly replacement completed under warranty per applicable TSB. Vehicle line P552N F-150 [15-20]. [synthetic sanitized narrative]",7511.46,31.3,33030
38069485,"Customer reports concern related to rattle, phasers, cam. Diagnosis confirmed component failure; full assembly replacement completed under warranty per applicable TSB. Vehicle line P552N F-150 [15-20]. [synthetic sanitized narrative]",2318.75,12.3,33030
42990945,"Customer reports concern related to rattle, phasers, cam. Diagnosis confirmed component failure; full assembly replacement completed under warranty per applicable TSB. Vehicle line P552N F-150 [15-20]. [synthetic sanitized narrative]",2432.7,9.6,33030
43065865,"Customer reports concern related to oil, oil pan, pan. Diagnosis confirmed component failure; full assembly replacement completed under warranty per applicable TSB. Vehicle line P558N SUPER DUTY [17-22]. [synthetic sanitized narrative]",2362.39,12.1,40109
42508271,"Customer reports concern related to oil, oil pan, pan. Diagnosis confirmed component failure; full assembly replacement completed under warranty per applicable TSB. Vehicle line P558N SUPER DUTY [17-22]. [synthetic sanitized narrative]",2325.26,11.7,40109
43060999,"Customer reports concern related to main control, main, transmission. Diagnosis confirmed component failure; full assembly replacement completed under warranty per applicable TSB. Vehicle line P552N F-150 [15-20]. [synthetic sanitized narrative]",5070.81,23.0,35069
39463509,"Customer reports concern related to oil, oil pan, pan. Diagnosis confirmed component failure; full assembly replacement completed under warranty per applicable TSB. Vehicle line P558N SUPER DUTY [17-22]. [synthetic sanitized narrative]",2121.19,16.0,40109
40519530,"Customer reports concern related to rattle, phasers, cam. Diagnosis performed; minor repair/reseal completed under warranty per applicable TSB. Vehicle line P552N F-150 [15-20]. [synthetic sanitized narrative]",1806.1,13.2,33030
42712567,"Customer reports concern related to water pump, water, pump. Diagnosis performed; minor repair/reseal completed under warranty per applicable TSB. Vehicle line U502N EXPLORER [11-19]. [synthetic sanitized narrative]",1152.13,9.1,53967
43121279,"Customer reports concern related to oil, oil pan, pan. Diagnosis confirmed component failure; full assembly replacement completed under warranty per applicable TSB. Vehicle line P558N SUPER DUTY [17-22]. [synthetic sanitized narrative]",2733.76,15.1,40109
42901562,"Customer reports concern related to oil, oil pan, pan. Diagnosis performed; minor repair/reseal completed under warranty per applicable TSB. Vehicle line P558N SUPER DUTY [17-22]. [synthetic sanitized narrative]",1810.34,10.2,40109
40789482,"Customer reports concern related to oil, oil pan, pan. Diagnosis performed; minor repair/reseal completed under warranty per applicable TSB. Vehicle line P558N SUPER DUTY [17-22]. [synthetic sanitized narrative]",1272.61,11.6,40109
40525540,"Customer reports concern related to oil, oil pan, pan. Diagnosis performed; minor repair/reseal completed under warranty per applicable TSB. Vehicle line P558N SUPER DUTY [17-22]. [synthetic sanitized narrative]",1884.7,9.6,40109
42929190,"Customer reports concern related to oil, oil pan, pan. Diagnosis performed; minor repair/reseal completed under warranty per applicable TSB. Vehicle line P558N SUPER DUTY [17-22]. [synthetic sanitized narrative]",1323.07,10.2,40109
42797604,"Customer reports concern related to oil, oil pan, pan. Diagnosis confirmed component failure; full assembly replacement completed under warranty per applicable TSB. Vehicle line P558N SUPER DUTY [17-22]. [synthetic sanitized narrative]",2165.32,13.0,40109
42585944,"Customer reports concern related to oil, oil pan, pan. Diagnosis performed; minor repair/reseal completed under warranty per applicable TSB. Vehicle line P558N SUPER DUTY [17-22]. [synthetic sanitized narrative]",1593.49,10.2,40109
40658489,"Customer reports concern related to oil, oil pan, pan. Diagnosis confirmed component failure; full assembly replacement completed under warranty per applicable TSB. Vehicle line P558N SUPER DUTY [17-22]. [synthetic sanitized narrative]",1938.19,12.5,40109
42942791,"Customer reports concern related to oil, oil pan, pan. Diagnosis confirmed component failure; full assembly replacement completed under warranty per applicable TSB. Vehicle line P558N SUPER DUTY [17-22]. [synthetic sanitized narrative]",2192.17,12.9,40109
41533481,"Customer reports concern related to oil, oil pan, pan. Diagnosis performed; minor repair/reseal completed under warranty per applicable TSB. Vehicle line P558N SUPER DUTY [17-22]. [synthetic sanitized narrative]",1531.62,11.9,40109
41449478,"Customer reports concern related to oil, oil pan, pan. Diagnosis performed; minor repair/reseal completed under warranty per applicable TSB. Vehicle line P558N SUPER DUTY [17-22]. [synthetic sanitized narrative]",1505.91,9.8,40109
42603092,"Customer reports concern related to oil, oil pan, pan. Diagnosis confirmed component failure; full assembly replacement completed under warranty per applicable TSB. Vehicle line P558N SUPER DUTY [17-22]. [synthetic sanitized narrative]",1941.78,10.5,40109
42699339,"Customer reports concern related to oil, oil pan, pan. Diagnosis performed; minor repair/reseal completed under warranty per applicable TSB. Vehicle line P558N SUPER DUTY [17-22]. [synthetic sanitized narrative]",1446.23,10.2,40109
40012482,"Customer reports concern related to oil, oil pan, pan. Diagnosis confirmed component failure; full assembly replacement completed under warranty per applicable TSB. Vehicle line P558N SUPER DUTY [17-22]. [synthetic sanitized narrative]",2493.07,11.2,40109
42755901,"Customer reports concern related to oil, oil pan, pan. Diagnosis performed; minor repair/reseal completed under warranty per applicable TSB. Vehicle line P558N SUPER DUTY [17-22]. [synthetic sanitized narrative]",1486.49,10.7,40109
38221491,"Customer reports concern related to oil, oil pan, pan. Diagnosis performed; minor repair/reseal completed under warranty per applicable TSB. Vehicle line P558N SUPER DUTY [17-22]. [synthetic sanitized narrative]",1537.71,10.2,40109
42780652,"Customer reports concern related to rattle, phasers, cam. Diagnosis confirmed component failure; full assembly replacement completed under warranty per applicable TSB. Vehicle line P552N F-150 [15-20]. [synthetic sanitized narrative]",2520.3,13.2,33030
42870767,"Customer reports concern related to oil, oil pan, pan. Diagnosis performed; minor repair/reseal completed under warranty per applicable TSB. Vehicle line P558N SUPER DUTY [17-22]. [synthetic sanitized narrative]",1596.44,11.5,40109
42998841,"Customer reports concern related to oil, oil pan, pan. Diagnosis confirmed component failure; full assembly replacement completed under warranty per applicable TSB. Vehicle line P558N SUPER DUTY [17-22]. [synthetic sanitized narrative]",1959.36,11.0,40109
40330460,"Customer reports concern related to oil, oil pan, pan. Diagnosis confirmed component failure; full assembly replacement completed under warranty per applicable TSB. Vehicle line P558N SUPER DUTY [17-22]. [synthetic sanitized narrative]",2117.58,11.3,40109
42814020,"Customer reports concern related to oil, oil pan, pan. Diagnosis performed; minor repair/reseal completed under warranty per applicable TSB. Vehicle line P558N SUPER DUTY [17-22]. [synthetic sanitized narrative]",1554.07,11.3,40109
42805696,"Customer reports concern related to oil, oil pan, pan. Diagnosis performed; minor repair/reseal completed under warranty per applicable TSB. Vehicle line P558N SUPER DUTY [17-22]. [synthetic sanitized narrative]",1398.89,10.1,40109
42928722,"Customer reports concern related to oil, oil pan, pan. Diagnosis confirmed component failure; full assembly replacement completed under warranty per applicable TSB. Vehicle line P558N SUPER DUTY [17-22]. [synthetic sanitized narrative]",2159.89,10.3,40109
39704545,"Customer reports concern related to oil, oil pan, pan. Diagnosis performed; minor repair/reseal completed under warranty per applicable TSB. Vehicle line P558N SUPER DUTY [17-22]. [synthetic sanitized narrative]",1715.99,10.6,40109
39955473,"Customer reports concern related to oil, oil pan, pan. Diagnosis performed; minor repair/reseal completed under warranty per applicable TSB. Vehicle line P558N SUPER DUTY [17-22]. [synthetic sanitized narrative]",1622.41,10.2,40109
42898711,"Customer reports concern related to main control, main, transmission. Diagnosis performed; minor repair/reseal completed under warranty per applicable TSB. Vehicle line P552N F-150 [15-20]. [synthetic sanitized narrative]",3335.5,22.5,35069
42589224,"Customer reports concern related to oil, oil pan, pan. Diagnosis performed; minor repair/reseal completed under warranty per applicable TSB. Vehicle line P558N SUPER DUTY [17-22]. [synthetic sanitized narrative]",1489.14,10.2,40109
42427764,"Customer reports concern related to oil, oil pan, pan. Diagnosis performed; minor repair/reseal completed under warranty per applicable TSB. Vehicle line P558N SUPER DUTY [17-22]. [synthetic sanitized narrative]",1525.46,10.2,40109
39501480,"Customer reports concern related to oil, oil pan, pan. Diagnosis confirmed component failure; full assembly replacement completed under warranty per applicable TSB. Vehicle line P558N SUPER DUTY [17-22]. [synthetic sanitized narrative]",1981.94,12.1,40109
42786181,"Customer reports concern related to main control, main, transmission. Diagnosis performed; minor repair/reseal completed under warranty per applicable TSB. Vehicle line P552N F-150 [15-20]. [synthetic sanitized narrative]",3468.08,22.1,35069
37822471,"Customer reports concern related to rattle, phasers, cam. Diagnosis confirmed component failure; full assembly replacement completed under warranty per applicable TSB. Vehicle line P552N F-150 [15-20]. [synthetic sanitized narrative]",3255.7,22.2,33030
38839464,"Customer reports concern related to oil, oil pan, pan. Diagnosis confirmed component failure; full assembly replacement completed under warranty per applicable TSB. Vehicle line P558N SUPER DUTY [17-22]. [synthetic sanitized narrative]",4408.6,23.2,40109
42818943,"Customer reports concern related to long block, block, long. Diagnosis confirmed component failure; full assembly replacement completed under warranty per applicable TSB. Vehicle line P552N F-150 [15-20]. [synthetic sanitized narrative]",12128.2,16.0,32954
42994014,"Customer reports concern related to long block, block, long. Diagnosis performed; minor repair/reseal completed under warranty per applicable TSB. Vehicle line P552N F-150 [15-20]. [synthetic sanitized narrative]",7901.68,14.6,32954
42823668,"Customer reports concern related to long block, block, long. Diagnosis confirmed component failure; full assembly replacement completed under warranty per applicable TSB. Vehicle line P552N F-150 [15-20]. [synthetic sanitized narrative]",10484.9,14.2,32954
42970478,"Customer reports concern related to long block, block, long. Diagnosis confirmed component failure; full assembly replacement completed under warranty per applicable TSB. Vehicle line P552N F-150 [15-20]. [synthetic sanitized narrative]",9464.05,14.5,32954
43071217,"Customer reports concern related to long block, block, long. Diagnosis confirmed component failure; full assembly replacement completed under warranty per applicable TSB. Vehicle line P552N F-150 [15-20]. [synthetic sanitized narrative]",11229.96,17.9,32954
42752035,"Customer reports concern related to long block, block, long. Diagnosis performed; minor repair/reseal completed under warranty per applicable TSB. Vehicle line P552N F-150 [15-20]. [synthetic sanitized narrative]",7600.67,15.1,32954
42536081,"Customer reports concern related to long block, block, long. Diagnosis confirmed component failure; full assembly replacement completed under warranty per applicable TSB. Vehicle line P552N F-150 [15-20]. [synthetic sanitized narrative]",10643.75,15.1,32954
42431693,"Customer reports concern related to long block, block, long. Diagnosis confirmed component failure; full assembly replacement completed under warranty per applicable TSB. Vehicle line P552N F-150 [15-20]. [synthetic sanitized narrative]",11868.75,17.7,32954
42839146,"Customer reports concern related to long block, block, long. Diagnosis performed; minor repair/reseal completed under warranty per applicable TSB. Vehicle line P552N F-150 [15-20]. [synthetic sanitized narrative]",7528.83,15.3,32954
42981339,"Customer reports concern related to long block, block, long. Diagnosis confirmed component failure; full assembly replacement completed under warranty per applicable TSB. Vehicle line P552N F-150 [15-20]. [synthetic sanitized narrative]",11326.29,13.5,32954
42872479,"Customer reports concern related to long block, block, long. Diagnosis performed; minor repair/reseal completed under warranty per applicable TSB. Vehicle line P552N F-150 [15-20]. [synthetic sanitized narrative]",7711.72,16.6,32954
42585147,"Customer reports concern related to long block, block, long. Diagnosis confirmed component failure; full assembly replacement completed under warranty per applicable TSB. Vehicle line P552N F-150 [15-20]. [synthetic sanitized narrative]",14728.87,14.2,32954
40117480,"Customer reports concern related to long block, block, long. Diagnosis confirmed component failure; full assembly replacement completed under warranty per applicable TSB. Vehicle line P552N F-150 [15-20]. [synthetic sanitized narrative]",9602.98,14.0,32954
42968715,"Customer reports concern related to long block, block, long. Diagnosis performed; minor repair/reseal completed under warranty per applicable TSB. Vehicle line P552N F-150 [15-20]. [synthetic sanitized narrative]",7490.42,15.3,32954
42810759,"Customer reports concern related to long block, block, long. Diagnosis confirmed component failure; full assembly replacement completed under warranty per applicable TSB. Vehicle line P552N F-150 [15-20]. [synthetic sanitized narrative]",10021.78,30.3,32954
42046464,"Customer reports concern related to long block, block, long. Diagnosis confirmed component failure; full assembly replacement completed under warranty per applicable TSB. Vehicle line P552N F-150 [15-20]. [synthetic sanitized narrative]",12065.8,14.0,32954
43041816,"Customer reports concern related to long block, block, long. Diagnosis performed; minor repair/reseal completed under warranty per applicable TSB. Vehicle line P552N F-150 [15-20]. [synthetic sanitized narrative]",8241.19,16.9,32954
42417483,"Customer reports concern related to long block, block, long. Diagnosis confirmed component failure; full assembly replacement completed under warranty per applicable TSB. Vehicle line P552N F-150 [15-20]. [synthetic sanitized narrative]",9288.68,15.1,32954
42926839,"Customer reports concern related to long block, block, long. Diagnosis confirmed component failure; full assembly replacement completed under warranty per applicable TSB. Vehicle line P552N F-150 [15-20]. [synthetic sanitized narrative]",9372.4,15.0,32954
42968079,"Customer reports concern related to long block, block, long. Diagnosis performed; minor repair/reseal completed under warranty per applicable TSB. Vehicle line P552N F-150 [15-20]. [synthetic sanitized narrative]",7409.24,15.3,32954
42552883,"Customer reports concern related to long block, block, long. Diagnosis confirmed component failure; full assembly replacement completed under warranty per applicable TSB. Vehicle line P552N F-150 [15-20]. [synthetic sanitized narrative]",9022.0,14.2,32954
43034317,"Customer reports concern related to long block, block, long. Diagnosis confirmed component failure; full assembly replacement completed under warranty per applicable TSB. Vehicle line P552N F-150 [15-20]. [synthetic sanitized narrative]",10768.88,20.0,32954
43120023,"Customer reports concern related to long block, block, long. Diagnosis performed; minor repair/reseal completed under warranty per applicable TSB. Vehicle line P552N F-150 [15-20]. [synthetic sanitized narrative]",7277.03,15.3,32954
42742275,"Customer reports concern related to long block, block, long. Diagnosis confirmed component failure; full assembly replacement completed under warranty per applicable TSB. Vehicle line P552N F-150 [15-20]. [synthetic sanitized narrative]",9374.86,14.2,32954
43009580,"Customer reports concern related to long block, block, long. Diagnosis confirmed component failure; full assembly replacement completed under warranty per applicable TSB. Vehicle line P552N F-150 [15-20]. [synthetic sanitized narrative]",11234.07,16.2,32954
42614421,"Customer reports concern related to long block, block, long. Diagnosis performed; minor repair/reseal completed under warranty per applicable TSB. Vehicle line P552N F-150 [15-20]. [synthetic sanitized narrative]",7948.33,19.2,32954
43072836,"Customer reports concern related to long block, block, long. Diagnosis confirmed component failure; full assembly replacement completed under warranty per applicable TSB. Vehicle line P552N F-150 [15-20]. [synthetic sanitized narrative]",9222.97,17.5,32954
42787636,"Customer reports concern related to long block, block, long. Diagnosis performed; minor repair/reseal completed under warranty per applicable TSB. Vehicle line P552N F-150 [15-20]. [synthetic sanitized narrative]",8229.37,16.9,32954
42850141,"Customer reports concern related to long block, block, long. Diagnosis confirmed component failure; full assembly replacement completed under warranty per applicable TSB. Vehicle line P552N F-150 [15-20]. [synthetic sanitized narrative]",10134.08,24.2,32954
43046463,"Customer reports concern related to long block, block, long. Diagnosis performed; minor repair/reseal completed under warranty per applicable TSB. Vehicle line P552N F-150 [15-20]. [synthetic sanitized narrative]",7992.59,15.4,32954
42448858,"Customer reports concern related to long block, block, long. Diagnosis performed; minor repair/reseal completed under warranty per applicable TSB. Vehicle line P552N F-150 [15-20]. [synthetic sanitized narrative]",8306.5,26.5,32954
42925780,"Customer reports concern related to long block, block, long. Diagnosis confirmed component failure; full assembly replacement completed under warranty per applicable TSB. Vehicle line P552N F-150 [15-20]. [synthetic sanitized narrative]",8883.82,24.2,32954
42642635,"Customer reports concern related to long block, block, long. Diagnosis confirmed component failure; full assembly replacement completed under warranty per applicable TSB. Vehicle line CD539N EDGE [15-24]. [synthetic sanitized narrative]",6150.07,26.3,14641
43016085,"Customer reports concern related to long block, block, long. Diagnosis performed; minor repair/reseal completed under warranty per applicable TSB. Vehicle line P552N F-150 [15-20]. [synthetic sanitized narrative]",7566.93,16.9,32954
43086744,"Customer reports concern related to long block, block, long. Diagnosis confirmed component failure; full assembly replacement completed under warranty per applicable TSB. Vehicle line P552N F-150 [15-20]. [synthetic sanitized narrative]",10577.02,15.3,32954
43062456,"Customer reports concern related to long block, block, long. Diagnosis confirmed component failure; full assembly replacement completed under warranty per applicable TSB. Vehicle line P552N F-150 [15-20]. [synthetic sanitized narrative]",12790.01,18.5,32954
42693235,"Customer reports concern related to long block, block, long. Diagnosis performed; minor repair/reseal completed under warranty per applicable TSB. Vehicle line P552N F-150 [15-20]. [synthetic sanitized narrative]",8135.65,16.2,32954
43053487,"Customer reports concern related to long block, block, long. Diagnosis confirmed component failure; full assembly replacement completed under warranty per applicable TSB. Vehicle line P552N F-150 [15-20]. [synthetic sanitized narrative]",9837.74,16.6,32954
42857056,"Customer reports concern related to long block, block, long. Diagnosis performed; minor repair/reseal completed under warranty per applicable TSB. Vehicle line P552N F-150 [15-20]. [synthetic sanitized narrative]",7953.11,15.0,32954
42956643,"Customer reports concern related to oil, oil pan, pan. Diagnosis confirmed component failure; full assembly replacement completed under warranty per applicable TSB. Vehicle line P558N SUPER DUTY [17-22]. [synthetic sanitized narrative]",3122.87,17.0,40109
42184493,"Customer reports concern related to clutch, replace clutch, transmission. Diagnosis confirmed component failure; full assembly replacement completed under warranty per applicable TSB. Vehicle line C346N FOCUS [12-18]. [synthetic sanitized narrative]",2535.39,7.6,3936
37605477,"Customer reports concern related to oil, oil pan, pan. Diagnosis confirmed component failure; full assembly replacement completed under warranty per applicable TSB. Vehicle line P558N SUPER DUTY [17-22]. [synthetic sanitized narrative]",1985.96,16.6,40109
38924499,"Customer reports concern related to water pump, water, pump. Diagnosis performed; minor repair/reseal completed under warranty per applicable TSB. Vehicle line U502N EXPLORER [11-19]. [synthetic sanitized narrative]",1406.1,8.4,53967
43016041,"Customer reports concern related to water pump, water, pump. Diagnosis performed; minor repair/reseal completed under warranty per applicable TSB. Vehicle line U502N EXPLORER [11-19]. [synthetic sanitized narrative]",1416.21,8.6,53967
42737144,"Customer reports concern related to water pump, water, pump. Diagnosis confirmed component failure; full assembly replacement completed under warranty per applicable TSB. Vehicle line U502N EXPLORER [11-19]. [synthetic sanitized narrative]",2025.55,9.2,53967
41132492,"Customer reports concern related to water pump, water, pump. Diagnosis performed; minor repair/reseal completed under warranty per applicable TSB. Vehicle line U502N EXPLORER [11-19]. [synthetic sanitized narrative]",1662.21,9.8,53967
43007352,"Customer reports concern related to water pump, water, pump. Diagnosis performed; minor repair/reseal completed under warranty per applicable TSB. Vehicle line U502N EXPLORER [11-19]. [synthetic sanitized narrative]",1375.74,8.6,53967
37917561,"Customer reports concern related to water pump, water, pump. Diagnosis confirmed component failure; full assembly replacement completed under warranty per applicable TSB. Vehicle line U502N EXPLORER [11-19]. [synthetic sanitized narrative]",1732.76,9.6,53967
43111042,"Customer reports concern related to water pump, water, pump. Diagnosis confirmed component failure; full assembly replacement completed under warranty per applicable TSB. Vehicle line U502N EXPLORER [11-19]. [synthetic sanitized narrative]",2193.26,13.4,53967
42866395,"Customer reports concern related to water pump, water, pump. Diagnosis confirmed component failure; full assembly replacement completed under warranty per applicable TSB. Vehicle line U502N EXPLORER [11-19]. [synthetic sanitized narrative]",2311.7,13.5,53967
42728169,"Customer reports concern related to water pump, water, pump. Diagnosis confirmed component failure; full assembly replacement completed under warranty per applicable TSB. Vehicle line U502N EXPLORER [11-19]. [synthetic sanitized narrative]",1731.9,8.6,53967
40183491,"Customer reports concern related to water pump, water, pump. Diagnosis performed; minor repair/reseal completed under warranty per applicable TSB. Vehicle line U502N EXPLORER [11-19]. [synthetic sanitized narrative]",1389.37,9.4,53967
41697459,"Customer reports concern related to water pump, water, pump. Diagnosis confirmed component failure; full assembly replacement completed under warranty per applicable TSB. Vehicle line U502N EXPLORER [11-19]. [synthetic sanitized narrative]",2402.86,11.0,53967
40784510,"Customer reports concern related to water pump, water, pump. Diagnosis performed; minor repair/reseal completed under warranty per applicable TSB. Vehicle line U502N EXPLORER [11-19]. [synthetic sanitized narrative]",1151.29,8.6,53967
40473504,"Customer reports concern related to long block, block, long. Diagnosis confirmed component failure; full assembly replacement completed under warranty per applicable TSB. Vehicle line CD539N EDGE [15-24]. [synthetic sanitized narrative]",5583.1,16.9,14641
42702056,"Customer reports concern related to water pump, water, pump. Diagnosis performed; minor repair/reseal completed under warranty per applicable TSB. Vehicle line U502N EXPLORER [11-19]. [synthetic sanitized narrative]",1494.74,8.6,53967
43033088,"Customer reports concern related to water pump, water, pump. Diagnosis performed; minor repair/reseal completed under warranty per applicable TSB. Vehicle line U502N EXPLORER [11-19]. [synthetic sanitized narrative]",1663.14,10.0,53967
36718483,"Customer reports concern related to water pump, water, pump. Diagnosis performed; minor repair/reseal completed under warranty per applicable TSB. Vehicle line U502N EXPLORER [11-19]. [synthetic sanitized narrative]",1400.31,10.4,53967
42605907,"Customer reports concern related to water pump, water, pump. Diagnosis performed; minor repair/reseal completed under warranty per applicable TSB. Vehicle line U502N EXPLORER [11-19]. [synthetic sanitized narrative]",1536.33,8.6,53967
43031417,"Customer reports concern related to water pump, water, pump. Diagnosis confirmed component failure; full assembly replacement completed under warranty per applicable TSB. Vehicle line U502N EXPLORER [11-19]. [synthetic sanitized narrative]",1824.64,8.6,53967
36883490,"Customer reports concern related to water pump, water, pump. Diagnosis performed; minor repair/reseal completed under warranty per applicable TSB. Vehicle line U502N EXPLORER [11-19]. [synthetic sanitized narrative]",951.7,9.1,53967
39617491,"Customer reports concern related to water pump, water, pump. Diagnosis confirmed component failure; full assembly replacement completed under warranty per applicable TSB. Vehicle line U502N EXPLORER [11-19]. [synthetic sanitized narrative]",2105.22,9.5,53967
43073573,"Customer reports concern related to water pump, water, pump. Diagnosis performed; minor repair/reseal completed under warranty per applicable TSB. Vehicle line U502N EXPLORER [11-19]. [synthetic sanitized narrative]",1611.2,9.2,53967
37671475,"Customer reports concern related to water pump, water, pump. Diagnosis performed; minor repair/reseal completed under warranty per applicable TSB. Vehicle line U502N EXPLORER [11-19]. [synthetic sanitized narrative]",1662.7,8.6,53967
42731637,"Customer reports concern related to water pump, water, pump. Diagnosis performed; minor repair/reseal completed under warranty per applicable TSB. Vehicle line U502N EXPLORER [11-19]. [synthetic sanitized narrative]",1611.51,9.6,53967
43050331,"Customer reports concern related to water pump, water, pump. Diagnosis confirmed component failure; full assembly replacement completed under warranty per applicable TSB. Vehicle line U502N EXPLORER [11-19]. [synthetic sanitized narrative]",1825.55,14.4,53967
41743497,"Customer reports concern related to oil, oil pan, pan. Diagnosis performed; minor repair/reseal completed under warranty per applicable TSB. Vehicle line P558N SUPER DUTY [17-22]. [synthetic sanitized narrative]",1133.76,11.4,40109
38513496,"Customer reports concern related to water pump, water, pump. Diagnosis performed; minor repair/reseal completed under warranty per applicable TSB. Vehicle line U502N EXPLORER [11-19]. [synthetic sanitized narrative]",1247.66,8.4,53967
42797378,"Customer reports concern related to water pump, water, pump. Diagnosis performed; minor repair/reseal completed under warranty per applicable TSB. Vehicle line U502N EXPLORER [11-19]. [synthetic sanitized narrative]",1517.21,8.6,53967
43044900,"Customer reports concern related to water pump, water, pump. Diagnosis confirmed component failure; full assembly replacement completed under warranty per applicable TSB. Vehicle line U502N EXPLORER [11-19]. [synthetic sanitized narrative]",3003.93,11.2,53967
42986632,"Customer reports concern related to water pump, water, pump. Diagnosis confirmed component failure; full assembly replacement completed under warranty per applicable TSB. Vehicle line U502N EXPLORER [11-19]. [synthetic sanitized narrative]",1841.27,11.2,53967
43071458,"Customer reports concern related to water pump, water, pump. Diagnosis performed; minor repair/reseal completed under warranty per applicable TSB. Vehicle line U502N EXPLORER [11-19]. [synthetic sanitized narrative]",1347.47,8.6,53967
37287494,"Customer reports concern related to water pump, water, pump. Diagnosis performed; minor repair/reseal completed under warranty per applicable TSB. Vehicle line U502N EXPLORER [11-19]. [synthetic sanitized narrative]",1127.97,8.9,53967
37207500,"Customer reports concern related to water pump, water, pump. Diagnosis confirmed component failure; full assembly replacement completed under warranty per applicable TSB. Vehicle line U502N EXPLORER [11-19]. [synthetic sanitized narrative]",2420.37,14.2,53967
42796229,"Customer reports concern related to water pump, water, pump. Diagnosis confirmed component failure; full assembly replacement completed under warranty per applicable TSB. Vehicle line U502N EXPLORER [11-19]. [synthetic sanitized narrative]",4396.15,25.3,53967
42479693,"Customer reports concern related to water pump, water, pump. Diagnosis confirmed component failure; full assembly replacement completed under warranty per applicable TSB. Vehicle line U502N EXPLORER [11-19]. [synthetic sanitized narrative]",1891.21,14.0,53967
40978500,"Customer reports concern related to water pump, water, pump. Diagnosis performed; minor repair/reseal completed under warranty per applicable TSB. Vehicle line U502N EXPLORER [11-19]. [synthetic sanitized narrative]",1091.72,8.6,53967
42831758,"Customer reports concern related to water pump, water, pump. Diagnosis confirmed component failure; full assembly replacement completed under warranty per applicable TSB. Vehicle line U502N EXPLORER [11-19]. [synthetic sanitized narrative]",2533.86,15.1,53967
42493494,"Customer reports concern related to oil, oil pan, pan. Diagnosis confirmed component failure; full assembly replacement completed under warranty per applicable TSB. Vehicle line P558N SUPER DUTY [17-22]. [synthetic sanitized narrative]",2624.87,16.4,40109
40503521,"Customer reports concern related to water pump, water, pump. Diagnosis performed; minor repair/reseal completed under warranty per applicable TSB. Vehicle line U502N EXPLORER [11-19]. [synthetic sanitized narrative]",1497.15,10.1,53967
42806824,"Customer reports concern related to oil, oil pan, pan. Diagnosis confirmed component failure; full assembly replacement completed under warranty per applicable TSB. Vehicle line P558N SUPER DUTY [17-22]. [synthetic sanitized narrative]",2978.86,13.9,40109
42924987,"Customer reports concern related to main control, main, transmission. Diagnosis performed; minor repair/reseal completed under warranty per applicable TSB. Vehicle line P552N F-150 [15-20]. [synthetic sanitized narrative]",2808.99,20.9,35069
42872820,"Customer reports concern related to transmission, repair, fluid. Diagnosis performed; minor repair/reseal completed under warranty per applicable TSB. Vehicle line V408E TRANSIT CONNECT [13-24]. [synthetic sanitized narrative]",2929.26,18.0,71778
43017253,"Customer reports concern related to transmission, repair, fluid. Diagnosis confirmed component failure; full assembly replacement completed under warranty per applicable TSB. Vehicle line V408E TRANSIT CONNECT [13-24]. [synthetic sanitized narrative]",3679.03,21.2,71778
42764398,"Customer reports concern related to main control, main, transmission. Diagnosis confirmed component failure; full assembly replacement completed under warranty per applicable TSB. Vehicle line P552N F-150 [15-20]. [synthetic sanitized narrative]",4085.28,20.4,35069
42798758,"Customer reports concern related to transmission, repair, fluid. Diagnosis confirmed component failure; full assembly replacement completed under warranty per applicable TSB. Vehicle line V408E TRANSIT CONNECT [13-24]. [synthetic sanitized narrative]",3519.45,17.5,71778
43112906,"Customer reports concern related to main control, main, transmission. Diagnosis performed; minor repair/reseal completed under warranty per applicable TSB. Vehicle line P552N F-150 [15-20]. [synthetic sanitized narrative]",2586.05,15.7,35069
42939301,"Customer reports concern related to main control, main, transmission. Diagnosis confirmed component failure; full assembly replacement completed under warranty per applicable TSB. Vehicle line P552N F-150 [15-20]. [synthetic sanitized narrative]",4462.57,21.9,35069
43069601,"Customer reports concern related to main control, main, transmission. Diagnosis performed; minor repair/reseal completed under warranty per applicable TSB. Vehicle line P552N F-150 [15-20]. [synthetic sanitized narrative]",1860.37,16.1,35069
42864705,"Customer reports concern related to transmission, repair, fluid. Diagnosis performed; minor repair/reseal completed under warranty per applicable TSB. Vehicle line V408E TRANSIT CONNECT [13-24]. [synthetic sanitized narrative]",2598.7,17.7,71778
43067967,"Customer reports concern related to main control, main, transmission. Diagnosis performed; minor repair/reseal completed under warranty per applicable TSB. Vehicle line P552N F-150 [15-20]. [synthetic sanitized narrative]",2507.8,17.5,35069
43110598,"Customer reports concern related to main control, main, transmission. Diagnosis confirmed component failure; full assembly replacement completed under warranty per applicable TSB. Vehicle line P552N F-150 [15-20]. [synthetic sanitized narrative]",3898.53,21.6,35069
42473821,"Customer reports concern related to transmission, repair, fluid. Diagnosis confirmed component failure; full assembly replacement completed under warranty per applicable TSB. Vehicle line V408E TRANSIT CONNECT [13-24]. [synthetic sanitized narrative]",6572.71,29.1,71778
43129385,"Customer reports concern related to transmission, repair, fluid. Diagnosis performed; minor repair/reseal completed under warranty per applicable TSB. Vehicle line V408E TRANSIT CONNECT [13-24]. [synthetic sanitized narrative]",2400.81,17.5,71778
42745523,"Customer reports concern related to main control, main, transmission. Diagnosis performed; minor repair/reseal completed under warranty per applicable TSB. Vehicle line P552N F-150 [15-20]. [synthetic sanitized narrative]",2666.32,17.2,35069
42684269,"Customer reports concern related to transmission, repair, fluid. Diagnosis confirmed component failure; full assembly replacement completed under warranty per applicable TSB. Vehicle line V408E TRANSIT CONNECT [13-24]. [synthetic sanitized narrative]",5334.18,21.0,71778
43052964,"Customer reports concern related to main control, main, transmission. Diagnosis confirmed component failure; full assembly replacement completed under warranty per applicable TSB. Vehicle line P552N F-150 [15-20]. [synthetic sanitized narrative]",10905.47,39.4,35069
43062666,"Customer reports concern related to water pump, water, pump. Diagnosis confirmed component failure; full assembly replacement completed under warranty per applicable TSB. Vehicle line U502N EXPLORER [11-19]. [synthetic sanitized narrative]",5676.22,25.3,53967
42976859,"Customer reports concern related to main control, main, transmission. Diagnosis performed; minor repair/reseal completed under warranty per applicable TSB. Vehicle line P552N F-150 [15-20]. [synthetic sanitized narrative]",2991.62,21.3,35069
42782437,"Customer reports concern related to main control, main, transmission. Diagnosis performed; minor repair/reseal completed under warranty per applicable TSB. Vehicle line P552N F-150 [15-20]. [synthetic sanitized narrative]",2811.91,16.7,35069
42804486,"Customer reports concern related to main control, main, transmission. Diagnosis confirmed component failure; full assembly replacement completed under warranty per applicable TSB. Vehicle line P552N F-150 [15-20]. [synthetic sanitized narrative]",4878.82,25.7,35069
43070068,"Customer reports concern related to transmission, repair, fluid. Diagnosis performed; minor repair/reseal completed under warranty per applicable TSB. Vehicle line V408E TRANSIT CONNECT [13-24]. [synthetic sanitized narrative]",2544.22,16.4,71778
42317524,"Customer reports concern related to main control, main, transmission. Diagnosis confirmed component failure; full assembly replacement completed under warranty per applicable TSB. Vehicle line P552N F-150 [15-20]. [synthetic sanitized narrative]",4196.27,17.9,35069
42762249,"Customer reports concern related to main control, main, transmission. Diagnosis performed; minor repair/reseal completed under warranty per applicable TSB. Vehicle line P552N F-150 [15-20]. [synthetic sanitized narrative]",2885.93,22.1,35069
43143580,"Customer reports concern related to main control, main, transmission. Diagnosis performed; minor repair/reseal completed under warranty per applicable TSB. Vehicle line P552N F-150 [15-20]. [synthetic sanitized narrative]",2583.97,22.3,35069
42888251,"Customer reports concern related to main control, main, transmission. Diagnosis confirmed component failure; full assembly replacement completed under warranty per applicable TSB. Vehicle line P552N F-150 [15-20]. [synthetic sanitized narrative]",6167.46,31.0,35069
42805294,"Customer reports concern related to main control, main, transmission. Diagnosis confirmed component failure; full assembly replacement completed under warranty per applicable TSB. Vehicle line P552N F-150 [15-20]. [synthetic sanitized narrative]",4221.76,18.2,35069
43038954,"Customer reports concern related to main control, main, transmission. Diagnosis confirmed component failure; full assembly replacement completed under warranty per applicable TSB. Vehicle line P552N F-150 [15-20]. [synthetic sanitized narrative]",6797.29,34.5,35069
42922025,"Customer reports concern related to main control, main, transmission. Diagnosis performed; minor repair/reseal completed under warranty per applicable TSB. Vehicle line P552N F-150 [15-20]. [synthetic sanitized narrative]",538.92,4.9,35069
42500716,"Customer reports concern related to water pump, water, pump. Diagnosis confirmed component failure; full assembly replacement completed under warranty per applicable TSB. Vehicle line U502N EXPLORER [11-19]. [synthetic sanitized narrative]",3179.38,18.6,53967
42817684,"Customer reports concern related to main control, main, transmission. Diagnosis confirmed component failure; full assembly replacement completed under warranty per applicable TSB. Vehicle line P552N F-150 [15-20]. [synthetic sanitized narrative]",3764.52,19.4,35069
43121096,"Customer reports concern related to rattle, phasers, cam. Diagnosis confirmed component failure; full assembly replacement completed under warranty per applicable TSB. Vehicle line P552N F-150 [15-20]. [synthetic sanitized narrative]",2024.37,10.8,33030
42936533,"Customer reports concern related to main control, main, transmission. Diagnosis performed; minor repair/reseal completed under warranty per applicable TSB. Vehicle line P552N F-150 [15-20]. [synthetic sanitized narrative]",3003.53,21.3,35069
41428481,"Customer reports concern related to transmission, repair, fluid. Diagnosis performed; minor repair/reseal completed under warranty per applicable TSB. Vehicle line V408E TRANSIT CONNECT [13-24]. [synthetic sanitized narrative]",2329.77,22.0,71778
42436598,"Customer reports concern related to transmission, repair, fluid. Diagnosis performed; minor repair/reseal completed under warranty per applicable TSB. Vehicle line V408E TRANSIT CONNECT [13-24]. [synthetic sanitized narrative]",2962.45,16.9,71778
43004190,"Customer reports concern related to main control, main, transmission. Diagnosis performed; minor repair/reseal completed under warranty per applicable TSB. Vehicle line P552N F-150 [15-20]. [synthetic sanitized narrative]",2266.1,19.6,35069
42711725,"Customer reports concern related to transmission, repair, fluid. Diagnosis confirmed component failure; full assembly replacement completed under warranty per applicable TSB. Vehicle line V408E TRANSIT CONNECT [13-24]. [synthetic sanitized narrative]",3521.71,20.0,71778
42780605,"Customer reports concern related to transmission, repair, fluid. Diagnosis performed; minor repair/reseal completed under warranty per applicable TSB. Vehicle line V408E TRANSIT CONNECT [13-24]. [synthetic sanitized narrative]",2999.12,18.4,71778
42877634,"Customer reports concern related to main control, main, transmission. Diagnosis confirmed component failure; full assembly replacement completed under warranty per applicable TSB. Vehicle line P552N F-150 [15-20]. [synthetic sanitized narrative]",3836.74,26.5,35069
42667678,"Customer reports concern related to rattle, phasers, cam. Diagnosis confirmed component failure; full assembly replacement completed under warranty per applicable TSB. Vehicle line P552N F-150 [15-20]. [synthetic sanitized narrative]",3846.21,30.9,33030
42933985,"Customer reports concern related to main control, main, transmission. Diagnosis confirmed component failure; full assembly replacement completed under warranty per applicable TSB. Vehicle line P552N F-150 [15-20]. [synthetic sanitized narrative]",7703.19,14.5,35069
43002378,"Customer reports concern related to main control, main, transmission. Diagnosis performed; minor repair/reseal completed under warranty per applicable TSB. Vehicle line P552N F-150 [15-20]. [synthetic sanitized narrative]",2885.01,15.6,35069
43010908,"Customer reports concern related to main control, main, transmission. Diagnosis performed; minor repair/reseal completed under warranty per applicable TSB. Vehicle line P552N F-150 [15-20]. [synthetic sanitized narrative]",2115.15,17.4,35069
43019226,"Customer reports concern related to main control, main, transmission. Diagnosis performed; minor repair/reseal completed under warranty per applicable TSB. Vehicle line P552N F-150 [15-20]. [synthetic sanitized narrative]",2629.32,20.6,35069
42997170,"Customer reports concern related to long block, block, long. Diagnosis confirmed component failure; full assembly replacement completed under warranty per applicable TSB. Vehicle line CD539N EDGE [15-24]. [synthetic sanitized narrative]",7547.53,38.3,14641
43109236,"Customer reports concern related to main control, main, transmission. Diagnosis confirmed component failure; full assembly replacement completed under warranty per applicable TSB. Vehicle line P552N F-150 [15-20]. [synthetic sanitized narrative]",5299.03,32.5,35069
43072878,"Customer reports concern related to main control, main, transmission. Diagnosis performed; minor repair/reseal completed under warranty per applicable TSB. Vehicle line P552N F-150 [15-20]. [synthetic sanitized narrative]",2846.25,18.7,35069
42915950,"Customer reports concern related to main control, main, transmission. Diagnosis confirmed component failure; full assembly replacement completed under warranty per applicable TSB. Vehicle line P552N F-150 [15-20]. [synthetic sanitized narrative]",6649.51,14.6,35069
42807938,"Customer reports concern related to transmission, repair, fluid. Diagnosis confirmed component failure; full assembly replacement completed under warranty per applicable TSB. Vehicle line V408E TRANSIT CONNECT [13-24]. [synthetic sanitized narrative]",4389.82,16.4,71778
42845648,"Customer reports concern related to main control, main, transmission. Diagnosis performed; minor repair/reseal completed under warranty per applicable TSB. Vehicle line P552N F-150 [15-20]. [synthetic sanitized narrative]",3207.52,23.1,35069
42814842,"Customer reports concern related to main control, main, transmission. Diagnosis performed; minor repair/reseal completed under warranty per applicable TSB. Vehicle line P552N F-150 [15-20]. [synthetic sanitized narrative]",2844.35,22.4,35069
42770397,"Customer reports concern related to main control, main, transmission. Diagnosis performed; minor repair/reseal completed under warranty per applicable TSB. Vehicle line P552N F-150 [15-20]. [synthetic sanitized narrative]",2351.71,17.9,35069
39714453,"Customer reports concern related to oil, oil pan, pan. Diagnosis confirmed component failure; full assembly replacement completed under warranty per applicable TSB. Vehicle line P558N SUPER DUTY [17-22]. [synthetic sanitized narrative]",4687.81,30.2,40109
42454562,"Customer reports concern related to transmission, repair, fluid. Diagnosis performed; minor repair/reseal completed under warranty per applicable TSB. Vehicle line V408E TRANSIT CONNECT [13-24]. [synthetic sanitized narrative]",2667.5,17.5,71778
43029568,"Customer reports concern related to main control, main, transmission. Diagnosis performed; minor repair/reseal completed under warranty per applicable TSB. Vehicle line P552N F-150 [15-20]. [synthetic sanitized narrative]",3226.73,20.3,35069
41258475,"Customer reports concern related to main control, main, transmission. Diagnosis performed; minor repair/reseal completed under warranty per applicable TSB. Vehicle line P552N F-150 [15-20]. [synthetic sanitized narrative]",2988.62,20.5,35069
43018620,"Customer reports concern related to main control, main, transmission. Diagnosis confirmed component failure; full assembly replacement completed under warranty per applicable TSB. Vehicle line P552N F-150 [15-20]. [synthetic sanitized narrative]",5508.16,34.7,35069
42664009,"Customer reports concern related to long block, block, long. Diagnosis confirmed component failure; full assembly replacement completed under warranty per applicable TSB. Vehicle line CD539N EDGE [15-24]. [synthetic sanitized narrative]",5405.01,16.3,14641
42955449,"Customer reports concern related to rattle, phasers, cam. Diagnosis confirmed component failure; full assembly replacement completed under warranty per applicable TSB. Vehicle line P552N F-150 [15-20]. [synthetic sanitized narrative]",2027.54,11.2,33030
42673810,"Customer reports concern related to clutch, replace clutch, transmission. Diagnosis confirmed component failure; full assembly replacement completed under warranty per applicable TSB. Vehicle line C346N FOCUS [12-18]. [synthetic sanitized narrative]",1521.74,6.7,3936
42922856,"Customer reports concern related to long block, block, long. Diagnosis performed; minor repair/reseal completed under warranty per applicable TSB. Vehicle line P552N F-150 [15-20]. [synthetic sanitized narrative]",8641.78,23.2,32954
42585391,"Customer reports concern related to water pump, water, pump. Diagnosis performed; minor repair/reseal completed under warranty per applicable TSB. Vehicle line U502N EXPLORER [11-19]. [synthetic sanitized narrative]",1649.13,10.5,53967
42721086,"Customer reports concern related to long block, block, long. Diagnosis performed; minor repair/reseal completed under warranty per applicable TSB. Vehicle line P552N F-150 [15-20]. [synthetic sanitized narrative]",820.11,3.8,32954
42886486,"Customer reports concern related to main control, main, transmission. Diagnosis performed; minor repair/reseal completed under warranty per applicable TSB. Vehicle line P552N F-150 [15-20]. [synthetic sanitized narrative]",2543.46,18.9,35069
41167570,"Customer reports concern related to long block, block, long. Diagnosis confirmed component failure; full assembly replacement completed under warranty per applicable TSB. Vehicle line P552N F-150 [15-20]. [synthetic sanitized narrative]",11252.59,22.8,32954
42872588,"Customer reports concern related to main control, main, transmission. Diagnosis performed; minor repair/reseal completed under warranty per applicable TSB. Vehicle line P552N F-150 [15-20]. [synthetic sanitized narrative]",1514.54,9.7,35069
43120219,"Customer reports concern related to oil, oil pan, pan. Diagnosis confirmed component failure; full assembly replacement completed under warranty per applicable TSB. Vehicle line P558N SUPER DUTY [17-22]. [synthetic sanitized narrative]",4009.92,16.6,40109
42739942,"Customer reports concern related to oil, oil pan, pan. Diagnosis confirmed component failure; full assembly replacement completed under warranty per applicable TSB. Vehicle line P558N SUPER DUTY [17-22]. [synthetic sanitized narrative]",4385.82,16.8,40109
42823841,"Customer reports concern related to long block, block, long. Diagnosis performed; minor repair/reseal completed under warranty per applicable TSB. Vehicle line P552N F-150 [15-20]. [synthetic sanitized narrative]",7516.4,15.5,32954
42569855,"Customer reports concern related to oil, oil pan, pan. Diagnosis performed; minor repair/reseal completed under warranty per applicable TSB. Vehicle line P558N SUPER DUTY [17-22]. [synthetic sanitized narrative]",1625.19,10.5,40109
42997402,"Customer reports concern related to oil, oil pan, pan. Diagnosis confirmed component failure; full assembly replacement completed under warranty per applicable TSB. Vehicle line P558N SUPER DUTY [17-22]. [synthetic sanitized narrative]",4406.74,15.9,40109
38962505,"Customer reports concern related to clutch, replace clutch, transmission. Diagnosis performed; minor repair/reseal completed under warranty per applicable TSB. Vehicle line C346N FOCUS [12-18]. [synthetic sanitized narrative]",1318.47,7.2,3936
39442454,"Customer reports concern related to rattle, phasers, cam. Diagnosis confirmed component failure; full assembly replacement completed under warranty per applicable TSB. Vehicle line P552N F-150 [15-20]. [synthetic sanitized narrative]",2350.67,11.2,33030
42856840,"Customer reports concern related to oil, oil pan, pan. Diagnosis performed; minor repair/reseal completed under warranty per applicable TSB. Vehicle line P558N SUPER DUTY [17-22]. [synthetic sanitized narrative]",1574.83,12.2,40109
43125316,"Customer reports concern related to clutch, replace clutch, transmission. Diagnosis confirmed component failure; full assembly replacement completed under warranty per applicable TSB. Vehicle line C346N FOCUS [12-18]. [synthetic sanitized narrative]",3333.91,14.7,3936
40659632,"Customer reports concern related to clutch, replace clutch, transmission. Diagnosis confirmed component failure; full assembly replacement completed under warranty per applicable TSB. Vehicle line C346N FOCUS [12-18]. [synthetic sanitized narrative]",1633.25,7.2,3936
43049467,"Customer reports concern related to rattle, phasers, cam. Diagnosis performed; minor repair/reseal completed under warranty per applicable TSB. Vehicle line P552N F-150 [15-20]. [synthetic sanitized narrative]",1670.41,10.6,33030
42808139,"Customer reports concern related to water pump, water, pump. Diagnosis confirmed component failure; full assembly replacement completed under warranty per applicable TSB. Vehicle line U502N EXPLORER [11-19]. [synthetic sanitized narrative]",5900.55,22.7,53967
42775308,"Customer reports concern related to rattle, phasers, cam. Diagnosis confirmed component failure; full assembly replacement completed under warranty per applicable TSB. Vehicle line P552N F-150 [15-20]. [synthetic sanitized narrative]",3784.01,18.4,33030
43033338,"Customer reports concern related to rattle, phasers, cam. Diagnosis confirmed component failure; full assembly replacement completed under warranty per applicable TSB. Vehicle line P552N F-150 [15-20]. [synthetic sanitized narrative]",2579.45,14.2,33030
43075744,"Customer reports concern related to long block, block, long. Diagnosis confirmed component failure; full assembly replacement completed under warranty per applicable TSB. Vehicle line CD539N EDGE [15-24]. [synthetic sanitized narrative]",5340.89,17.9,14641
42943658,"Customer reports concern related to main control, main, transmission. Diagnosis confirmed component failure; full assembly replacement completed under warranty per applicable TSB. Vehicle line P552N F-150 [15-20]. [synthetic sanitized narrative]",7335.88,18.2,35069
42488458,"Customer reports concern related to oil, oil pan, pan. Diagnosis confirmed component failure; full assembly replacement completed under warranty per applicable TSB. Vehicle line P558N SUPER DUTY [17-22]. [synthetic sanitized narrative]",8992.81,46.6,40109
42675605,"Customer reports concern related to clutch, replace clutch, transmission. Diagnosis confirmed component failure; full assembly replacement completed under warranty per applicable TSB. Vehicle line C346N FOCUS [12-18]. [synthetic sanitized narrative]",1539.77,7.2,3936
43070278,"Customer reports concern related to main control, main, transmission. Diagnosis performed; minor repair/reseal completed under warranty per applicable TSB. Vehicle line P552N F-150 [15-20]. [synthetic sanitized narrative]",3378.02,23.5,35069
42538494,"Customer reports concern related to water pump, water, pump. Diagnosis confirmed component failure; full assembly replacement completed under warranty per applicable TSB. Vehicle line U502N EXPLORER [11-19]. [synthetic sanitized narrative]",1891.68,10.3,53967
40042527,"Customer reports concern related to oil, oil pan, pan. Diagnosis confirmed component failure; full assembly replacement completed under warranty per applicable TSB. Vehicle line P558N SUPER DUTY [17-22]. [synthetic sanitized narrative]",2944.51,15.1,40109
43128347,"Customer reports concern related to clutch, replace clutch, transmission. Diagnosis confirmed component failure; full assembly replacement completed under warranty per applicable TSB. Vehicle line C346N FOCUS [12-18]. [synthetic sanitized narrative]",3316.16,7.9,3936
42930483,"Customer reports concern related to water pump, water, pump. Diagnosis confirmed component failure; full assembly replacement completed under warranty per applicable TSB. Vehicle line U502N EXPLORER [11-19]. [synthetic sanitized narrative]",3042.85,14.0,53967
43123238,"Customer reports concern related to water pump, water, pump. Diagnosis confirmed component failure; full assembly replacement completed under warranty per applicable TSB. Vehicle line U502N EXPLORER [11-19]. [synthetic sanitized narrative]",2463.93,13.4,53967
37531492,"Customer reports concern related to clutch, replace clutch, transmission. Diagnosis confirmed component failure; full assembly replacement completed under warranty per applicable TSB. Vehicle line C346N FOCUS [12-18]. [synthetic sanitized narrative]",2658.0,13.7,3936
43134211,"Customer reports concern related to main control, main, transmission. Diagnosis confirmed component failure; full assembly replacement completed under warranty per applicable TSB. Vehicle line P552N F-150 [15-20]. [synthetic sanitized narrative]",4761.74,23.0,35069
42575961,"Customer reports concern related to rattle, phasers, cam. Diagnosis confirmed component failure; full assembly replacement completed under warranty per applicable TSB. Vehicle line P552N F-150 [15-20]. [synthetic sanitized narrative]",1924.11,11.5,33030
42743741,"Customer reports concern related to long block, block, long. Diagnosis performed; minor repair/reseal completed under warranty per applicable TSB. Vehicle line P552N F-150 [15-20]. [synthetic sanitized narrative]",7330.53,17.5,32954
41511483,"Customer reports concern related to oil, oil pan, pan. Diagnosis confirmed component failure; full assembly replacement completed under warranty per applicable TSB. Vehicle line P558N SUPER DUTY [17-22]. [synthetic sanitized narrative]",2242.16,12.2,40109
41370495,"Customer reports concern related to transmission, repair, fluid. Diagnosis performed; minor repair/reseal completed under warranty per applicable TSB. Vehicle line V408E TRANSIT CONNECT [13-24]. [synthetic sanitized narrative]",2920.27,20.2,71778
42733401,"Customer reports concern related to long block, block, long. Diagnosis confirmed component failure; full assembly replacement completed under warranty per applicable TSB. Vehicle line P552N F-150 [15-20]. [synthetic sanitized narrative]",10077.39,19.0,32954
42817810,"Customer reports concern related to oil, oil pan, pan. Diagnosis confirmed component failure; full assembly replacement completed under warranty per applicable TSB. Vehicle line P558N SUPER DUTY [17-22]. [synthetic sanitized narrative]",3532.27,16.0,40109
42969506,"Customer reports concern related to long block, block, long. Diagnosis performed; minor repair/reseal completed under warranty per applicable TSB. Vehicle line P552N F-150 [15-20]. [synthetic sanitized narrative]",8191.06,19.4,32954
42278478,"Customer reports concern related to oil, oil pan, pan. Diagnosis performed; minor repair/reseal completed under warranty per applicable TSB. Vehicle line P558N SUPER DUTY [17-22]. [synthetic sanitized narrative]",1763.53,12.9,40109
43141357,"Customer reports concern related to long block, block, long. Diagnosis confirmed component failure; full assembly replacement completed under warranty per applicable TSB. Vehicle line P552N F-150 [15-20]. [synthetic sanitized narrative]",9304.91,18.1,32954
42304497,"Customer reports concern related to clutch, replace clutch, transmission. Diagnosis confirmed component failure; full assembly replacement completed under warranty per applicable TSB. Vehicle line C346N FOCUS [12-18]. [synthetic sanitized narrative]",2330.51,8.8,3936
43066938,"Customer reports concern related to long block, block, long. Diagnosis confirmed component failure; full assembly replacement completed under warranty per applicable TSB. Vehicle line P552N F-150 [15-20]. [synthetic sanitized narrative]",9853.52,15.6,32954
42920893,"Customer reports concern related to long block, block, long. Diagnosis confirmed component failure; full assembly replacement completed under warranty per applicable TSB. Vehicle line P552N F-150 [15-20]. [synthetic sanitized narrative]",9129.64,26.8,32954
42544790,"Customer reports concern related to long block, block, long. Diagnosis performed; minor repair/reseal completed under warranty per applicable TSB. Vehicle line P552N F-150 [15-20]. [synthetic sanitized narrative]",6299.37,16.0,32954
43057499,"Customer reports concern related to long block, block, long. Diagnosis confirmed component failure; full assembly replacement completed under warranty per applicable TSB. Vehicle line P552N F-150 [15-20]. [synthetic sanitized narrative]",14265.15,21.3,32954
42867711,"Customer reports concern related to clutch, replace clutch, transmission. Diagnosis confirmed component failure; full assembly replacement completed under warranty per applicable TSB. Vehicle line C346N FOCUS [12-18]. [synthetic sanitized narrative]",2088.35,9.1,3936
43056634,"Customer reports concern related to long block, block, long. Diagnosis confirmed component failure; full assembly replacement completed under warranty per applicable TSB. Vehicle line P552N F-150 [15-20]. [synthetic sanitized narrative]",8928.34,12.2,32954
42911905,"Customer reports concern related to long block, block, long. Diagnosis performed; minor repair/reseal completed under warranty per applicable TSB. Vehicle line P552N F-150 [15-20]. [synthetic sanitized narrative]",8511.44,20.3,32954
41584451,"Customer reports concern related to clutch, replace clutch, transmission. Diagnosis performed; minor repair/reseal completed under warranty per applicable TSB. Vehicle line C346N FOCUS [12-18]. [synthetic sanitized narrative]",1103.05,7.0,3936
43099443,"Customer reports concern related to transmission, repair, fluid. Diagnosis performed; minor repair/reseal completed under warranty per applicable TSB. Vehicle line V408E TRANSIT CONNECT [13-24]. [synthetic sanitized narrative]",2369.28,16.4,71778
42912999,"Customer reports concern related to transmission, repair, fluid. Diagnosis confirmed component failure; full assembly replacement completed under warranty per applicable TSB. Vehicle line V408E TRANSIT CONNECT [13-24]. [synthetic sanitized narrative]",3552.45,22.6,71778
42883251,"Customer reports concern related to main control, main, transmission. Diagnosis performed; minor repair/reseal completed under warranty per applicable TSB. Vehicle line P552N F-150 [15-20]. [synthetic sanitized narrative]",3499.96,18.5,35069
36764464,"Customer reports concern related to clutch, replace clutch, transmission. Diagnosis performed; minor repair/reseal completed under warranty per applicable TSB. Vehicle line C346N FOCUS [12-18]. [synthetic sanitized narrative]",922.14,6.2,3936
42601788,"Customer reports concern related to clutch, replace clutch, transmission. Diagnosis confirmed component failure; full assembly replacement completed under warranty per applicable TSB. Vehicle line C346N FOCUS [12-18]. [synthetic sanitized narrative]",1577.43,6.4,3936
43132556,"Customer reports concern related to long block, block, long. Diagnosis confirmed component failure; full assembly replacement completed under warranty per applicable TSB. Vehicle line P552N F-150 [15-20]. [synthetic sanitized narrative]",9829.97,23.0,32954
41935452,"Customer reports concern related to clutch, replace clutch, transmission. Diagnosis performed; minor repair/reseal completed under warranty per applicable TSB. Vehicle line C346N FOCUS [12-18]. [synthetic sanitized narrative]",1204.15,7.5,3936
42603129,"Customer reports concern related to oil, oil pan, pan. Diagnosis confirmed component failure; full assembly replacement completed under warranty per applicable TSB. Vehicle line P558N SUPER DUTY [17-22]. [synthetic sanitized narrative]",2608.59,13.0,40109
42672938,"Customer reports concern related to clutch, replace clutch, transmission. Diagnosis confirmed component failure; full assembly replacement completed under warranty per applicable TSB. Vehicle line C346N FOCUS [12-18]. [synthetic sanitized narrative]",1811.31,6.8,3936
42808203,"Customer reports concern related to clutch, replace clutch, transmission. Diagnosis performed; minor repair/reseal completed under warranty per applicable TSB. Vehicle line C346N FOCUS [12-18]. [synthetic sanitized narrative]",1293.98,6.3,3936
42742454,"Customer reports concern related to oil, oil pan, pan. Diagnosis performed; minor repair/reseal completed under warranty per applicable TSB. Vehicle line P558N SUPER DUTY [17-22]. [synthetic sanitized narrative]",1802.66,12.9,40109
42924116,"Customer reports concern related to water pump, water, pump. Diagnosis confirmed component failure; full assembly replacement completed under warranty per applicable TSB. Vehicle line U502N EXPLORER [11-19]. [synthetic sanitized narrative]",3950.29,21.8,53967
43106860,"Customer reports concern related to clutch, replace clutch, transmission. Diagnosis confirmed component failure; full assembly replacement completed under warranty per applicable TSB. Vehicle line C346N FOCUS [12-18]. [synthetic sanitized narrative]",1681.52,10.2,3936
42988507,"Customer reports concern related to long block, block, long. Diagnosis performed; minor repair/reseal completed under warranty per applicable TSB. Vehicle line P552N F-150 [15-20]. [synthetic sanitized narrative]",8579.58,15.5,32954
39579557,"Customer reports concern related to clutch, replace clutch, transmission. Diagnosis performed; minor repair/reseal completed under warranty per applicable TSB. Vehicle line C346N FOCUS [12-18]. [synthetic sanitized narrative]",1112.38,6.7,3936
42812190,"Customer reports concern related to long block, block, long. Diagnosis confirmed component failure; full assembly replacement completed under warranty per applicable TSB. Vehicle line P552N F-150 [15-20]. [synthetic sanitized narrative]",9033.68,19.6,32954
42507445,"Customer reports concern related to clutch, replace clutch, transmission. Diagnosis performed; minor repair/reseal completed under warranty per applicable TSB. Vehicle line C346N FOCUS [12-18]. [synthetic sanitized narrative]",1408.72,6.0,3936
41811549,"Customer reports concern related to rattle, phasers, cam. Diagnosis performed; minor repair/reseal completed under warranty per applicable TSB. Vehicle line P552N F-150 [15-20]. [synthetic sanitized narrative]",1487.01,12.9,33030
42901904,"Customer reports concern related to main control, main, transmission. Diagnosis confirmed component failure; full assembly replacement completed under warranty per applicable TSB. Vehicle line P552N F-150 [15-20]. [synthetic sanitized narrative]",4313.52,23.7,35069
43009246,"Customer reports concern related to long block, block, long. Diagnosis confirmed component failure; full assembly replacement completed under warranty per applicable TSB. Vehicle line P552N F-150 [15-20]. [synthetic sanitized narrative]",9067.99,16.7,32954
42527724,"Customer reports concern related to clutch, replace clutch, transmission. Diagnosis performed; minor repair/reseal completed under warranty per applicable TSB. Vehicle line C346N FOCUS [12-18]. [synthetic sanitized narrative]",1148.83,6.6,3936
43069325,"Customer reports concern related to oil, oil pan, pan. Diagnosis performed; minor repair/reseal completed under warranty per applicable TSB. Vehicle line P558N SUPER DUTY [17-22]. [synthetic sanitized narrative]",1116.08,4.3,40109
42073494,"Customer reports concern related to clutch, replace clutch, transmission. Diagnosis performed; minor repair/reseal completed under warranty per applicable TSB. Vehicle line C346N FOCUS [12-18]. [synthetic sanitized narrative]",1266.16,5.8,3936
42769326,"Customer reports concern related to long block, block, long. Diagnosis performed; minor repair/reseal completed under warranty per applicable TSB. Vehicle line P552N F-150 [15-20]. [synthetic sanitized narrative]",7396.95,15.3,32954
42604807,"Customer reports concern related to clutch, replace clutch, transmission. Diagnosis confirmed component failure; full assembly replacement completed under warranty per applicable TSB. Vehicle line C346N FOCUS [12-18]. [synthetic sanitized narrative]",1787.45,5.5,3936
37678557,"Customer reports concern related to water pump, water, pump. Diagnosis confirmed component failure; full assembly replacement completed under warranty per applicable TSB. Vehicle line U502N EXPLORER [11-19]. [synthetic sanitized narrative]",2036.81,11.0,53967
42764431,"Customer reports concern related to main control, main, transmission. Diagnosis confirmed component failure; full assembly replacement completed under warranty per applicable TSB. Vehicle line P552N F-150 [15-20]. [synthetic sanitized narrative]",5329.75,25.0,35069
42896990,"Customer reports concern related to long block, block, long. Diagnosis confirmed component failure; full assembly replacement completed under warranty per applicable TSB. Vehicle line P552N F-150 [15-20]. [synthetic sanitized narrative]",16597.85,27.9,32954
42948404,"Customer reports concern related to long block, block, long. Diagnosis confirmed component failure; full assembly replacement completed under warranty per applicable TSB. Vehicle line P552N F-150 [15-20]. [synthetic sanitized narrative]",13658.98,19.5,32954
42473840,"Customer reports concern related to long block, block, long. Diagnosis performed; minor repair/reseal completed under warranty per applicable TSB. Vehicle line P552N F-150 [15-20]. [synthetic sanitized narrative]",8703.66,17.3,32954
42873090,"Customer reports concern related to long block, block, long. Diagnosis performed; minor repair/reseal completed under warranty per applicable TSB. Vehicle line P552N F-150 [15-20]. [synthetic sanitized narrative]",7537.05,15.3,32954
42509916,"Customer reports concern related to long block, block, long. Diagnosis confirmed component failure; full assembly replacement completed under warranty per applicable TSB. Vehicle line P552N F-150 [15-20]. [synthetic sanitized narrative]",10723.88,20.3,32954
43085886,"Customer reports concern related to water pump, water, pump. Diagnosis confirmed component failure; full assembly replacement completed under warranty per applicable TSB. Vehicle line U502N EXPLORER [11-19]. [synthetic sanitized narrative]",1812.81,9.9,53967
41003480,"Customer reports concern related to long block, block, long. Diagnosis performed; minor repair/reseal completed under warranty per applicable TSB. Vehicle line P552N F-150 [15-20]. [synthetic sanitized narrative]",6890.15,19.1,32954
38689479,"Customer reports concern related to transmission, repair, fluid. Diagnosis confirmed component failure; full assembly replacement completed under warranty per applicable TSB. Vehicle line V408E TRANSIT CONNECT [13-24]. [synthetic sanitized narrative]",4661.6,20.0,71778
42552365,"Customer reports concern related to clutch, replace clutch, transmission. Diagnosis performed; minor repair/reseal completed under warranty per applicable TSB. Vehicle line C346N FOCUS [12-18]. [synthetic sanitized narrative]",1158.33,5.7,3936
41534470,"Customer reports concern related to clutch, replace clutch, transmission. Diagnosis performed; minor repair/reseal completed under warranty per applicable TSB. Vehicle line C346N FOCUS [12-18]. [synthetic sanitized narrative]",1221.15,5.3,3936
42533504,"Customer reports concern related to clutch, replace clutch, transmission. Diagnosis performed; minor repair/reseal completed under warranty per applicable TSB. Vehicle line C346N FOCUS [12-18]. [synthetic sanitized narrative]",1079.63,6.0,3936
42855089,"Customer reports concern related to oil, oil pan, pan. Diagnosis confirmed component failure; full assembly replacement completed under warranty per applicable TSB. Vehicle line P558N SUPER DUTY [17-22]. [synthetic sanitized narrative]",2204.08,12.3,40109
43033340,"Customer reports concern related to long block, block, long. Diagnosis confirmed component failure; full assembly replacement completed under warranty per applicable TSB. Vehicle line CD539N EDGE [15-24]. [synthetic sanitized narrative]",5782.0,23.8,14641
42902366,"Customer reports concern related to long block, block, long. Diagnosis performed; minor repair/reseal completed under warranty per applicable TSB. Vehicle line P552N F-150 [15-20]. [synthetic sanitized narrative]",7989.6,15.6,32954
42500905,"Customer reports concern related to clutch, replace clutch, transmission. Diagnosis confirmed component failure; full assembly replacement completed under warranty per applicable TSB. Vehicle line C346N FOCUS [12-18]. [synthetic sanitized narrative]",1709.72,10.2,3936
41749497,"Customer reports concern related to oil, oil pan, pan. Diagnosis confirmed component failure; full assembly replacement completed under warranty per applicable TSB. Vehicle line P558N SUPER DUTY [17-22]. [synthetic sanitized narrative]",3033.37,17.1,40109
42954863,"Customer reports concern related to long block, block, long. Diagnosis confirmed component failure; full assembly replacement completed under warranty per applicable TSB. Vehicle line P552N F-150 [15-20]. [synthetic sanitized narrative]",9693.28,17.7,32954
42597191,"Customer reports concern related to transmission, repair, fluid. Diagnosis confirmed component failure; full assembly replacement completed under warranty per applicable TSB. Vehicle line V408E TRANSIT CONNECT [13-24]. [synthetic sanitized narrative]",3800.48,16.4,71778
42970758,"Customer reports concern related to long block, block, long. Diagnosis performed; minor repair/reseal completed under warranty per applicable TSB. Vehicle line P552N F-150 [15-20]. [synthetic sanitized narrative]",8220.79,18.1,32954
42661661,"Customer reports concern related to water pump, water, pump. Diagnosis confirmed component failure; full assembly replacement completed under warranty per applicable TSB. Vehicle line U502N EXPLORER [11-19]. [synthetic sanitized narrative]",1813.76,9.2,53967
42796694,"Customer reports concern related to long block, block, long. Diagnosis performed; minor repair/reseal completed under warranty per applicable TSB. Vehicle line P552N F-150 [15-20]. [synthetic sanitized narrative]",7808.87,14.5,32954
37271531,"Customer reports concern related to clutch, replace clutch, transmission. Diagnosis performed; minor repair/reseal completed under warranty per applicable TSB. Vehicle line C346N FOCUS [12-18]. [synthetic sanitized narrative]",1016.07,7.6,3936
36987485,"Customer reports concern related to clutch, replace clutch, transmission. Diagnosis performed; minor repair/reseal completed under warranty per applicable TSB. Vehicle line C346N FOCUS [12-18]. [synthetic sanitized narrative]",1026.73,6.3,3936
36637455,"Customer reports concern related to clutch, replace clutch, transmission. Diagnosis confirmed component failure; full assembly replacement completed under warranty per applicable TSB. Vehicle line C346N FOCUS [12-18]. [synthetic sanitized narrative]",2480.25,15.7,3936
42976482,"Customer reports concern related to clutch, replace clutch, transmission. Diagnosis performed; minor repair/reseal completed under warranty per applicable TSB. Vehicle line C346N FOCUS [12-18]. [synthetic sanitized narrative]",1369.24,6.4,3936
38271465,"Customer reports concern related to clutch, replace clutch, transmission. Diagnosis performed; minor repair/reseal completed under warranty per applicable TSB. Vehicle line C346N FOCUS [12-18]. [synthetic sanitized narrative]",1114.34,6.8,3936
42422657,"Customer reports concern related to clutch, replace clutch, transmission. Diagnosis confirmed component failure; full assembly replacement completed under warranty per applicable TSB. Vehicle line C346N FOCUS [12-18]. [synthetic sanitized narrative]",2419.51,9.5,3936
40199548,"Customer reports concern related to clutch, replace clutch, transmission. Diagnosis confirmed component failure; full assembly replacement completed under warranty per applicable TSB. Vehicle line C346N FOCUS [12-18]. [synthetic sanitized narrative]",1613.5,7.0,3936
42423573,"Customer reports concern related to clutch, replace clutch, transmission. Diagnosis confirmed component failure; full assembly replacement completed under warranty per applicable TSB. Vehicle line C346N FOCUS [12-18]. [synthetic sanitized narrative]",1538.53,6.3,3936
40128483,"Customer reports concern related to clutch, replace clutch, transmission. Diagnosis performed; minor repair/reseal completed under warranty per applicable TSB. Vehicle line C346N FOCUS [12-18]. [synthetic sanitized narrative]",937.88,6.3,3936
42640225,"Customer reports concern related to oil, oil pan, pan. Diagnosis confirmed component failure; full assembly replacement completed under warranty per applicable TSB. Vehicle line P558N SUPER DUTY [17-22]. [synthetic sanitized narrative]",2917.06,15.9,40109
43074675,"Customer reports concern related to long block, block, long. Diagnosis confirmed component failure; full assembly replacement completed under warranty per applicable TSB. Vehicle line P552N F-150 [15-20]. [synthetic sanitized narrative]",8824.77,20.5,32954
41739465,"Customer reports concern related to transmission, repair, fluid. Diagnosis performed; minor repair/reseal completed under warranty per applicable TSB. Vehicle line V408E TRANSIT CONNECT [13-24]. [synthetic sanitized narrative]",2536.28,16.4,71778
39200471,"Customer reports concern related to rattle, phasers, cam. Diagnosis confirmed component failure; full assembly replacement completed under warranty per applicable TSB. Vehicle line P552N F-150 [15-20]. [synthetic sanitized narrative]",2480.91,10.7,33030
38741535,"Customer reports concern related to clutch, replace clutch, transmission. Diagnosis performed; minor repair/reseal completed under warranty per applicable TSB. Vehicle line C346N FOCUS [12-18]. [synthetic sanitized narrative]",1000.69,6.4,3936
43040577,"Customer reports concern related to clutch, replace clutch, transmission. Diagnosis performed; minor repair/reseal completed under warranty per applicable TSB. Vehicle line C346N FOCUS [12-18]. [synthetic sanitized narrative]",849.28,4.8,3936
42826085,"Customer reports concern related to long block, block, long. Diagnosis performed; minor repair/reseal completed under warranty per applicable TSB. Vehicle line P552N F-150 [15-20]. [synthetic sanitized narrative]",8126.89,25.4,32954
42950388,"Customer reports concern related to rattle, phasers, cam. Diagnosis confirmed component failure; full assembly replacement completed under warranty per applicable TSB. Vehicle line P552N F-150 [15-20]. [synthetic sanitized narrative]",1980.66,8.8,33030
39799470,"Customer reports concern related to clutch, replace clutch, transmission. Diagnosis confirmed component failure; full assembly replacement completed under warranty per applicable TSB. Vehicle line C346N FOCUS [12-18]. [synthetic sanitized narrative]",2626.12,9.6,3936
40197471,"Customer reports concern related to clutch, replace clutch, transmission. Diagnosis performed; minor repair/reseal completed under warranty per applicable TSB. Vehicle line C346N FOCUS [12-18]. [synthetic sanitized narrative]",1500.15,9.3,3936
42964713,"Customer reports concern related to rattle, phasers, cam. Diagnosis confirmed component failure; full assembly replacement completed under warranty per applicable TSB. Vehicle line P552N F-150 [15-20]. [synthetic sanitized narrative]",6616.19,23.7,33030
42959467,"Customer reports concern related to oil, oil pan, pan. Diagnosis performed; minor repair/reseal completed under warranty per applicable TSB. Vehicle line P558N SUPER DUTY [17-22]. [synthetic sanitized narrative]",1919.0,12.3,40109
43094910,"Customer reports concern related to long block, block, long. Diagnosis performed; minor repair/reseal completed under warranty per applicable TSB. Vehicle line P552N F-150 [15-20]. [synthetic sanitized narrative]",8600.88,22.9,32954
38455464,"Customer reports concern related to clutch, replace clutch, transmission. Diagnosis performed; minor repair/reseal completed under warranty per applicable TSB. Vehicle line C346N FOCUS [12-18]. [synthetic sanitized narrative]",1460.88,7.0,3936
42411744,"Customer reports concern related to clutch, replace clutch, transmission. Diagnosis performed; minor repair/reseal completed under warranty per applicable TSB. Vehicle line C346N FOCUS [12-18]. [synthetic sanitized narrative]",1401.64,6.9,3936
42463355,"Customer reports concern related to clutch, replace clutch, transmission. Diagnosis performed; minor repair/reseal completed under warranty per applicable TSB. Vehicle line C346N FOCUS [12-18]. [synthetic sanitized narrative]",1095.73,5.7,3936
42605752,"Customer reports concern related to clutch, replace clutch, transmission. Diagnosis confirmed component failure; full assembly replacement completed under warranty per applicable TSB. Vehicle line C346N FOCUS [12-18]. [synthetic sanitized narrative]",1554.45,6.2,3936
40804464,"Customer reports concern related to oil, oil pan, pan. Diagnosis confirmed component failure; full assembly replacement completed under warranty per applicable TSB. Vehicle line P558N SUPER DUTY [17-22]. [synthetic sanitized narrative]",3372.61,19.6,40109
42713308,"Customer reports concern related to clutch, replace clutch, transmission. Diagnosis confirmed component failure; full assembly replacement completed under warranty per applicable TSB. Vehicle line C346N FOCUS [12-18]. [synthetic sanitized narrative]",2087.37,6.9,3936
43112088,"Customer reports concern related to clutch, replace clutch, transmission. Diagnosis confirmed component failure; full assembly replacement completed under warranty per applicable TSB. Vehicle line C346N FOCUS [12-18]. [synthetic sanitized narrative]",1637.9,6.7,3936
42917545,"Customer reports concern related to water pump, water, pump. Diagnosis performed; minor repair/reseal completed under warranty per applicable TSB. Vehicle line U502N EXPLORER [11-19]. [synthetic sanitized narrative]",1653.67,9.1,53967
41145484,"Customer reports concern related to rattle, phasers, cam. Diagnosis performed; minor repair/reseal completed under warranty per applicable TSB. Vehicle line P552N F-150 [15-20]. [synthetic sanitized narrative]",1694.15,10.9,33030
43136283,"Customer reports concern related to oil, oil pan, pan. Diagnosis confirmed component failure; full assembly replacement completed under warranty per applicable TSB. Vehicle line P558N SUPER DUTY [17-22]. [synthetic sanitized narrative]",4855.54,16.5,40109
42764067,"Customer reports concern related to clutch, replace clutch, transmission. Diagnosis performed; minor repair/reseal completed under warranty per applicable TSB. Vehicle line C346N FOCUS [12-18]. [synthetic sanitized narrative]",1381.37,6.1,3936
43035434,"Customer reports concern related to long block, block, long. Diagnosis confirmed component failure; full assembly replacement completed under warranty per applicable TSB. Vehicle line P552N F-150 [15-20]. [synthetic sanitized narrative]",10667.9,27.3,32954
43146924,"Customer reports concern related to transmission, repair, fluid. Diagnosis confirmed component failure; full assembly replacement completed under warranty per applicable TSB. Vehicle line V408E TRANSIT CONNECT [13-24]. [synthetic sanitized narrative]",5191.49,24.0,71778
42998623,"Customer reports concern related to long block, block, long. Diagnosis performed; minor repair/reseal completed under warranty per applicable TSB. Vehicle line P552N F-150 [15-20]. [synthetic sanitized narrative]",7983.53,14.2,32954
38987483,"Customer reports concern related to clutch, replace clutch, transmission. Diagnosis performed; minor repair/reseal completed under warranty per applicable TSB. Vehicle line C346N FOCUS [12-18]. [synthetic sanitized narrative]",1244.63,5.5,3936
42764107,"Customer reports concern related to oil, oil pan, pan. Diagnosis confirmed component failure; full assembly replacement completed under warranty per applicable TSB. Vehicle line P558N SUPER DUTY [17-22]. [synthetic sanitized narrative]",3367.89,17.1,40109
41139642,"Customer reports concern related to clutch, replace clutch, transmission. Diagnosis performed; minor repair/reseal completed under warranty per applicable TSB. Vehicle line C346N FOCUS [12-18]. [synthetic sanitized narrative]",942.35,6.4,3936
41816495,"Customer reports concern related to clutch, replace clutch, transmission. Diagnosis confirmed component failure; full assembly replacement completed under warranty per applicable TSB. Vehicle line C346N FOCUS [12-18]. [synthetic sanitized narrative]",1673.77,7.2,3936
42784151,"Customer reports concern related to long block, block, long. Diagnosis performed; minor repair/reseal completed under warranty per applicable TSB. Vehicle line P552N F-150 [15-20]. [synthetic sanitized narrative]",7450.04,15.0,32954
42743059,"Customer reports concern related to long block, block, long. Diagnosis performed; minor repair/reseal completed under warranty per applicable TSB. Vehicle line P552N F-150 [15-20]. [synthetic sanitized narrative]",7290.65,15.7,32954
43095498,"Customer reports concern related to long block, block, long. Diagnosis confirmed component failure; full assembly replacement completed under warranty per applicable TSB. Vehicle line P552N F-150 [15-20]. [synthetic sanitized narrative]",8992.88,14.5,32954
42939422,"Customer reports concern related to clutch, replace clutch, transmission. Diagnosis confirmed component failure; full assembly replacement completed under warranty per applicable TSB. Vehicle line C346N FOCUS [12-18]. [synthetic sanitized narrative]",1888.7,7.0,3936
41807451,"Customer reports concern related to oil, oil pan, pan. Diagnosis confirmed component failure; full assembly replacement completed under warranty per applicable TSB. Vehicle line P558N SUPER DUTY [17-22]. [synthetic sanitized narrative]",2656.36,11.5,40109
42687232,"Customer reports concern related to clutch, replace clutch, transmission. Diagnosis performed; minor repair/reseal completed under warranty per applicable TSB. Vehicle line C346N FOCUS [12-18]. [synthetic sanitized narrative]",1394.99,6.4,3936
43129559,"Customer reports concern related to transmission, repair, fluid. Diagnosis confirmed component failure; full assembly replacement completed under warranty per applicable TSB. Vehicle line V408E TRANSIT CONNECT [13-24]. [synthetic sanitized narrative]",3509.38,17.5,71778
37381492,"Customer reports concern related to clutch, replace clutch, transmission. Diagnosis confirmed component failure; full assembly replacement completed under warranty per applicable TSB. Vehicle line C346N FOCUS [12-18]. [synthetic sanitized narrative]",19379.47,6.3,3936
42888636,"Customer reports concern related to transmission, repair, fluid. Diagnosis performed; minor repair/reseal completed under warranty per applicable TSB. Vehicle line V408E TRANSIT CONNECT [13-24]. [synthetic sanitized narrative]",3149.07,16.4,71778
42974892,"Customer reports concern related to long block, block, long. Diagnosis performed; minor repair/reseal completed under warranty per applicable TSB. Vehicle line P552N F-150 [15-20]. [synthetic sanitized narrative]",7422.67,14.6,32954
42948817,"Customer reports concern related to rattle, phasers, cam. Diagnosis confirmed component failure; full assembly replacement completed under warranty per applicable TSB. Vehicle line P552N F-150 [15-20]. [synthetic sanitized narrative]",7408.83,31.3,33030
38129497,"Customer reports concern related to clutch, replace clutch, transmission. Diagnosis performed; minor repair/reseal completed under warranty per applicable TSB. Vehicle line C346N FOCUS [12-18]. [synthetic sanitized narrative]",1039.42,5.8,3936
37452471,"Customer reports concern related to water pump, water, pump. Diagnosis performed; minor repair/reseal completed under warranty per applicable TSB. Vehicle line U502N EXPLORER [11-19]. [synthetic sanitized narrative]",1438.8,8.6,53967
42845920,"Customer reports concern related to transmission, repair, fluid. Diagnosis confirmed component failure; full assembly replacement completed under warranty per applicable TSB. Vehicle line V408E TRANSIT CONNECT [13-24]. [synthetic sanitized narrative]",3664.89,19.3,71778
42606935,"Customer reports concern related to clutch, replace clutch, transmission. Diagnosis confirmed component failure; full assembly replacement completed under warranty per applicable TSB. Vehicle line C346N FOCUS [12-18]. [synthetic sanitized narrative]",2079.13,9.2,3936
42507506,"Customer reports concern related to long block, block, long. Diagnosis performed; minor repair/reseal completed under warranty per applicable TSB. Vehicle line CD539N EDGE [15-24]. [synthetic sanitized narrative]",4289.72,15.5,14641
43128724,"Customer reports concern related to transmission, repair, fluid. Diagnosis confirmed component failure; full assembly replacement completed under warranty per applicable TSB. Vehicle line V408E TRANSIT CONNECT [13-24]. [synthetic sanitized narrative]",7485.64,43.5,71778
40238528,"Customer reports concern related to long block, block, long. Diagnosis performed; minor repair/reseal completed under warranty per applicable TSB. Vehicle line CD539N EDGE [15-24]. [synthetic sanitized narrative]",4050.4,15.7,14641
42780005,"Customer reports concern related to transmission, repair, fluid. Diagnosis confirmed component failure; full assembly replacement completed under warranty per applicable TSB. Vehicle line V408E TRANSIT CONNECT [13-24]. [synthetic sanitized narrative]",3836.16,22.1,71778
43041293,"Customer reports concern related to oil, oil pan, pan. Diagnosis performed; minor repair/reseal completed under warranty per applicable TSB. Vehicle line P558N SUPER DUTY [17-22]. [synthetic sanitized narrative]",550.17,2.7,40109
42825386,"Customer reports concern related to clutch, replace clutch, transmission. Diagnosis performed; minor repair/reseal completed under warranty per applicable TSB. Vehicle line C346N FOCUS [12-18]. [synthetic sanitized narrative]",1232.08,6.5,3936
37583474,"Customer reports concern related to rattle, phasers, cam. Diagnosis confirmed component failure; full assembly replacement completed under warranty per applicable TSB. Vehicle line P552N F-150 [15-20]. [synthetic sanitized narrative]",2158.91,17.1,33030
42542106,"Customer reports concern related to water pump, water, pump. Diagnosis performed; minor repair/reseal completed under warranty per applicable TSB. Vehicle line U502N EXPLORER [11-19]. [synthetic sanitized narrative]",1573.51,9.1,53967
39921468,"Customer reports concern related to long block, block, long. Diagnosis performed; minor repair/reseal completed under warranty per applicable TSB. Vehicle line CD539N EDGE [15-24]. [synthetic sanitized narrative]",4387.1,16.3,14641
38281482,"Customer reports concern related to water pump, water, pump. Diagnosis performed; minor repair/reseal completed under warranty per applicable TSB. Vehicle line U502N EXPLORER [11-19]. [synthetic sanitized narrative]",1289.88,9.8,53967
43086800,"Customer reports concern related to oil, oil pan, pan. Diagnosis performed; minor repair/reseal completed under warranty per applicable TSB. Vehicle line P558N SUPER DUTY [17-22]. [synthetic sanitized narrative]",1921.26,11.7,40109
40266480,"Customer reports concern related to long block, block, long. Diagnosis confirmed component failure; full assembly replacement completed under warranty per applicable TSB. Vehicle line CD539N EDGE [15-24]. [synthetic sanitized narrative]",4650.16,14.5,14641
39467593,"Customer reports concern related to transmission, repair, fluid. Diagnosis performed; minor repair/reseal completed under warranty per applicable TSB. Vehicle line V408E TRANSIT CONNECT [13-24]. [synthetic sanitized narrative]",5.33,0.5,71778
42606433,"Customer reports concern related to water pump, water, pump. Diagnosis confirmed component failure; full assembly replacement completed under warranty per applicable TSB. Vehicle line U502N EXPLORER [11-19]. [synthetic sanitized narrative]",1744.15,10.5,53967
42518993,"Customer reports concern related to water pump, water, pump. Diagnosis confirmed component failure; full assembly replacement completed under warranty per applicable TSB. Vehicle line U502N EXPLORER [11-19]. [synthetic sanitized narrative]",2148.54,9.7,53967
40136466,"Customer reports concern related to clutch, replace clutch, transmission. Diagnosis confirmed component failure; full assembly replacement completed under warranty per applicable TSB. Vehicle line C346N FOCUS [12-18]. [synthetic sanitized narrative]",4223.56,8.6,3936
42666569,"Customer reports concern related to long block, block, long. Diagnosis performed; minor repair/reseal completed under warranty per applicable TSB. Vehicle line CD539N EDGE [15-24]. [synthetic sanitized narrative]",4417.0,15.2,14641
43097539,"Customer reports concern related to long block, block, long. Diagnosis performed; minor repair/reseal completed under warranty per applicable TSB. Vehicle line CD539N EDGE [15-24]. [synthetic sanitized narrative]",4026.12,13.4,14641
37031495,"Customer reports concern related to long block, block, long. Diagnosis performed; minor repair/reseal completed under warranty per applicable TSB. Vehicle line CD539N EDGE [15-24]. [synthetic sanitized narrative]",3888.42,13.5,14641
38761468,"Customer reports concern related to long block, block, long. Diagnosis performed; minor repair/reseal completed under warranty per applicable TSB. Vehicle line CD539N EDGE [15-24]. [synthetic sanitized narrative]",4556.06,15.2,14641
38446542,"Customer reports concern related to long block, block, long. Diagnosis performed; minor repair/reseal completed under warranty per applicable TSB. Vehicle line CD539N EDGE [15-24]. [synthetic sanitized narrative]",4040.42,15.2,14641
43101950,"Customer reports concern related to long block, block, long. Diagnosis performed; minor repair/reseal completed under warranty per applicable TSB. Vehicle line CD539N EDGE [15-24]. [synthetic sanitized narrative]",3585.12,13.4,14641
42526820,"Customer reports concern related to long block, block, long. Diagnosis performed; minor repair/reseal completed under warranty per applicable TSB. Vehicle line CD539N EDGE [15-24]. [synthetic sanitized narrative]",3787.65,15.2,14641
37295638,"Customer reports concern related to long block, block, long. Diagnosis performed; minor repair/reseal completed under warranty per applicable TSB. Vehicle line CD539N EDGE [15-24]. [synthetic sanitized narrative]",2999.72,13.3,14641
42474403,"Customer reports concern related to long block, block, long. Diagnosis confirmed component failure; full assembly replacement completed under warranty per applicable TSB. Vehicle line CD539N EDGE [15-24]. [synthetic sanitized narrative]",4848.48,14.0,14641
42587560,"Customer reports concern related to long block, block, long. Diagnosis performed; minor repair/reseal completed under warranty per applicable TSB. Vehicle line P552N F-150 [15-20]. [synthetic sanitized narrative]",7995.83,14.6,32954
42621194,"Customer reports concern related to long block, block, long. Diagnosis performed; minor repair/reseal completed under warranty per applicable TSB. Vehicle line CD539N EDGE [15-24]. [synthetic sanitized narrative]",4415.9,15.8,14641
42773367,"Customer reports concern related to long block, block, long. Diagnosis confirmed component failure; full assembly replacement completed under warranty per applicable TSB. Vehicle line P552N F-150 [15-20]. [synthetic sanitized narrative]",9328.27,16.4,32954
42426484,"Customer reports concern related to long block, block, long. Diagnosis performed; minor repair/reseal completed under warranty per applicable TSB. Vehicle line CD539N EDGE [15-24]. [synthetic sanitized narrative]",4019.5,14.0,14641
41197475,"Customer reports concern related to long block, block, long. Diagnosis performed; minor repair/reseal completed under warranty per applicable TSB. Vehicle line P552N F-150 [15-20]. [synthetic sanitized narrative]",7658.81,15.2,32954
39786469,"Customer reports concern related to long block, block, long. Diagnosis confirmed component failure; full assembly replacement completed under warranty per applicable TSB. Vehicle line CD539N EDGE [15-24]. [synthetic sanitized narrative]",4918.53,16.3,14641
38538495,"Customer reports concern related to long block, block, long. Diagnosis confirmed component failure; full assembly replacement completed under warranty per applicable TSB. Vehicle line CD539N EDGE [15-24]. [synthetic sanitized narrative]",4737.39,15.2,14641
38484485,"Customer reports concern related to long block, block, long. Diagnosis performed; minor repair/reseal completed under warranty per applicable TSB. Vehicle line CD539N EDGE [15-24]. [synthetic sanitized narrative]",4166.26,14.0,14641
42456875,"Customer reports concern related to long block, block, long. Diagnosis confirmed component failure; full assembly replacement completed under warranty per applicable TSB. Vehicle line CD539N EDGE [15-24]. [synthetic sanitized narrative]",4854.99,15.9,14641
42850220,"Customer reports concern related to long block, block, long. Diagnosis performed; minor repair/reseal completed under warranty per applicable TSB. Vehicle line P552N F-150 [15-20]. [synthetic sanitized narrative]",7762.88,14.6,32954
37696452,"Customer reports concern related to long block, block, long. Diagnosis performed; minor repair/reseal completed under warranty per applicable TSB. Vehicle line CD539N EDGE [15-24]. [synthetic sanitized narrative]",4095.3,15.0,14641
42947583,"Customer reports concern related to long block, block, long. Diagnosis confirmed component failure; full assembly replacement completed under warranty per applicable TSB. Vehicle line CD539N EDGE [15-24]. [synthetic sanitized narrative]",4720.4,16.9,14641
42747468,"Customer reports concern related to long block, block, long. Diagnosis confirmed component failure; full assembly replacement completed under warranty per applicable TSB. Vehicle line CD539N EDGE [15-24]. [synthetic sanitized narrative]",5146.89,20.8,14641
42558580,"Customer reports concern related to long block, block, long. Diagnosis performed; minor repair/reseal completed under warranty per applicable TSB. Vehicle line CD539N EDGE [15-24]. [synthetic sanitized narrative]",4320.89,15.8,14641
42653613,"Customer reports concern related to long block, block, long. Diagnosis confirmed component failure; full assembly replacement completed under warranty per applicable TSB. Vehicle line CD539N EDGE [15-24]. [synthetic sanitized narrative]",5257.43,15.8,14641
43106368,"Customer reports concern related to long block, block, long. Diagnosis performed; minor repair/reseal completed under warranty per applicable TSB. Vehicle line CD539N EDGE [15-24]. [synthetic sanitized narrative]",4449.39,14.2,14641
42974810,"Customer reports concern related to long block, block, long. Diagnosis performed; minor repair/reseal completed under warranty per applicable TSB. Vehicle line CD539N EDGE [15-24]. [synthetic sanitized narrative]",4025.57,19.6,14641
38314508,"Customer reports concern related to long block, block, long. Diagnosis performed; minor repair/reseal completed under warranty per applicable TSB. Vehicle line CD539N EDGE [15-24]. [synthetic sanitized narrative]",3950.29,15.8,14641
42762083,"Customer reports concern related to long block, block, long. Diagnosis performed; minor repair/reseal completed under warranty per applicable TSB. Vehicle line CD539N EDGE [15-24]. [synthetic sanitized narrative]",3775.32,15.8,14641
37295553,"Customer reports concern related to long block, block, long. Diagnosis performed; minor repair/reseal completed under warranty per applicable TSB. Vehicle line CD539N EDGE [15-24]. [synthetic sanitized narrative]",3664.12,14.9,14641
42808280,"Customer reports concern related to long block, block, long. Diagnosis confirmed component failure; full assembly replacement completed under warranty per applicable TSB. Vehicle line CD539N EDGE [15-24]. [synthetic sanitized narrative]",5742.24,14.0,14641
39612475,"Customer reports concern related to long block, block, long. Diagnosis performed; minor repair/reseal completed under warranty per applicable TSB. Vehicle line CD539N EDGE [15-24]. [synthetic sanitized narrative]",4091.65,15.2,14641
42561594,"Customer reports concern related to long block, block, long. Diagnosis confirmed component failure; full assembly replacement completed under warranty per applicable TSB. Vehicle line CD539N EDGE [15-24]. [synthetic sanitized narrative]",5019.23,17.2,14641
42806780,"Customer reports concern related to long block, block, long. Diagnosis performed; minor repair/reseal completed under warranty per applicable TSB. Vehicle line P552N F-150 [15-20]. [synthetic sanitized narrative]",7650.86,14.5,32954
42779317,"Customer reports concern related to long block, block, long. Diagnosis confirmed component failure; full assembly replacement completed under warranty per applicable TSB. Vehicle line CD539N EDGE [15-24]. [synthetic sanitized narrative]",5255.15,15.5,14641
43026711,"Customer reports concern related to long block, block, long. Diagnosis confirmed component failure; full assembly replacement completed under warranty per applicable TSB. Vehicle line CD539N EDGE [15-24]. [synthetic sanitized narrative]",5143.17,13.4,14641
37378496,"Customer reports concern related to long block, block, long. Diagnosis performed; minor repair/reseal completed under warranty per applicable TSB. Vehicle line CD539N EDGE [15-24]. [synthetic sanitized narrative]",4596.24,13.3,14641
42632422,"Customer reports concern related to long block, block, long. Diagnosis confirmed component failure; full assembly replacement completed under warranty per applicable TSB. Vehicle line CD539N EDGE [15-24]. [synthetic sanitized narrative]",5039.61,14.5,14641
40961498,"Customer reports concern related to long block, block, long. Diagnosis performed; minor repair/reseal completed under warranty per applicable TSB. Vehicle line CD539N EDGE [15-24]. [synthetic sanitized narrative]",3459.74,13.9,14641
39980472,"Customer reports concern related to long block, block, long. Diagnosis performed; minor repair/reseal completed under warranty per applicable TSB. Vehicle line P552N F-150 [15-20]. [synthetic sanitized narrative]",6749.01,17.0,32954
42760181,"Customer reports concern related to long block, block, long. Diagnosis confirmed component failure; full assembly replacement completed under warranty per applicable TSB. Vehicle line CD539N EDGE [15-24]. [synthetic sanitized narrative]",4865.37,13.4,14641
38639452,"Customer reports concern related to long block, block, long. Diagnosis performed; minor repair/reseal completed under warranty per applicable TSB. Vehicle line CD539N EDGE [15-24]. [synthetic sanitized narrative]",3917.45,15.2,14641
43047717,"Customer reports concern related to long block, block, long. Diagnosis confirmed component failure; full assembly replacement completed under warranty per applicable TSB. Vehicle line P552N F-150 [15-20]. [synthetic sanitized narrative]",11243.52,25.1,32954
37812461,"Customer reports concern related to long block, block, long. Diagnosis performed; minor repair/reseal completed under warranty per applicable TSB. Vehicle line CD539N EDGE [15-24]. [synthetic sanitized narrative]",4311.76,15.8,14641
42779923,"Customer reports concern related to long block, block, long. Diagnosis performed; minor repair/reseal completed under warranty per applicable TSB. Vehicle line CD539N EDGE [15-24]. [synthetic sanitized narrative]",4416.06,15.2,14641
43136689,"Customer reports concern related to long block, block, long. Diagnosis performed; minor repair/reseal completed under warranty per applicable TSB. Vehicle line CD539N EDGE [15-24]. [synthetic sanitized narrative]",3560.88,15.2,14641
39704498,"Customer reports concern related to long block, block, long. Diagnosis performed; minor repair/reseal completed under warranty per applicable TSB. Vehicle line CD539N EDGE [15-24]. [synthetic sanitized narrative]",4205.95,13.9,14641
42807238,"Customer reports concern related to long block, block, long. Diagnosis performed; minor repair/reseal completed under warranty per applicable TSB. Vehicle line CD539N EDGE [15-24]. [synthetic sanitized narrative]",4306.7,13.4,14641
38937584,"Customer reports concern related to long block, block, long. Diagnosis confirmed component failure; full assembly replacement completed under warranty per applicable TSB. Vehicle line CD539N EDGE [15-24]. [synthetic sanitized narrative]",4860.55,15.2,14641
43100129,"Customer reports concern related to long block, block, long. Diagnosis confirmed component failure; full assembly replacement completed under warranty per applicable TSB. Vehicle line CD539N EDGE [15-24]. [synthetic sanitized narrative]",5553.76,13.4,14641
42613773,"Customer reports concern related to long block, block, long. Diagnosis performed; minor repair/reseal completed under warranty per applicable TSB. Vehicle line CD539N EDGE [15-24]. [synthetic sanitized narrative]",4589.21,16.0,14641
43113163,"Customer reports concern related to long block, block, long. Diagnosis performed; minor repair/reseal completed under warranty per applicable TSB. Vehicle line P552N F-150 [15-20]. [synthetic sanitized narrative]",7174.38,16.9,32954
40740537,"Customer reports concern related to long block, block, long. Diagnosis performed; minor repair/reseal completed under warranty per applicable TSB. Vehicle line CD539N EDGE [15-24]. [synthetic sanitized narrative]",4505.17,15.2,14641
43031865,"Customer reports concern related to rattle, phasers, cam. Diagnosis performed; minor repair/reseal completed under warranty per applicable TSB. Vehicle line P552N F-150 [15-20]. [synthetic sanitized narrative]",1877.64,9.6,33030
42617278,"Customer reports concern related to rattle, phasers, cam. Diagnosis performed; minor repair/reseal completed under warranty per applicable TSB. Vehicle line P552N F-150 [15-20]. [synthetic sanitized narrative]",1525.42,9.6,33030
42529745,"Customer reports concern related to rattle, phasers, cam. Diagnosis performed; minor repair/reseal completed under warranty per applicable TSB. Vehicle line P552N F-150 [15-20]. [synthetic sanitized narrative]",1662.34,9.7,33030
41654501,"Customer reports concern related to rattle, phasers, cam. Diagnosis confirmed component failure; full assembly replacement completed under warranty per applicable TSB. Vehicle line P552N F-150 [15-20]. [synthetic sanitized narrative]",2422.4,10.6,33030
42555191,"Customer reports concern related to rattle, phasers, cam. Diagnosis confirmed component failure; full assembly replacement completed under warranty per applicable TSB. Vehicle line P552N F-150 [15-20]. [synthetic sanitized narrative]",9628.34,17.4,33030
38609589,"Customer reports concern related to rattle, phasers, cam. Diagnosis performed; minor repair/reseal completed under warranty per applicable TSB. Vehicle line P552N F-150 [15-20]. [synthetic sanitized narrative]",1607.77,9.7,33030
36829465,"Customer reports concern related to rattle, phasers, cam. Diagnosis performed; minor repair/reseal completed under warranty per applicable TSB. Vehicle line P552N F-150 [15-20]. [synthetic sanitized narrative]",1424.42,9.7,33030
43143359,"Customer reports concern related to rattle, phasers, cam. Diagnosis confirmed component failure; full assembly replacement completed under warranty per applicable TSB. Vehicle line P552N F-150 [15-20]. [synthetic sanitized narrative]",2371.83,9.6,33030
42603099,"Customer reports concern related to rattle, phasers, cam. Diagnosis confirmed component failure; full assembly replacement completed under warranty per applicable TSB. Vehicle line P552N F-150 [15-20]. [synthetic sanitized narrative]",1915.46,9.6,33030
43071100,"Customer reports concern related to rattle, phasers, cam. Diagnosis performed; minor repair/reseal completed under warranty per applicable TSB. Vehicle line P552N F-150 [15-20]. [synthetic sanitized narrative]",1716.94,9.6,33030
39495590,"Customer reports concern related to rattle, phasers, cam. Diagnosis performed; minor repair/reseal completed under warranty per applicable TSB. Vehicle line P552N F-150 [15-20]. [synthetic sanitized narrative]",1061.39,9.6,33030
38437541,"Customer reports concern related to rattle, phasers, cam. Diagnosis performed; minor repair/reseal completed under warranty per applicable TSB. Vehicle line P552N F-150 [15-20]. [synthetic sanitized narrative]",1165.71,9.6,33030
42950598,"Customer reports concern related to rattle, phasers, cam. Diagnosis confirmed component failure; full assembly replacement completed under warranty per applicable TSB. Vehicle line P552N F-150 [15-20]. [synthetic sanitized narrative]",2745.91,10.1,33030
42855277,"Customer reports concern related to main control, main, transmission. Diagnosis performed; minor repair/reseal completed under warranty per applicable TSB. Vehicle line P552N F-150 [15-20]. [synthetic sanitized narrative]",3041.95,20.1,35069
38434457,"Customer reports concern related to rattle, phasers, cam. Diagnosis performed; minor repair/reseal completed under warranty per applicable TSB. Vehicle line P552N F-150 [15-20]. [synthetic sanitized narrative]",1432.22,10.5,33030
42453345,"Customer reports concern related to rattle, phasers, cam. Diagnosis confirmed component failure; full assembly replacement completed under warranty per applicable TSB. Vehicle line P552N F-150 [15-20]. [synthetic sanitized narrative]",2029.47,9.6,33030
42839447,"Customer reports concern related to rattle, phasers, cam. Diagnosis confirmed component failure; full assembly replacement completed under warranty per applicable TSB. Vehicle line P552N F-150 [15-20]. [synthetic sanitized narrative]",1918.81,11.2,33030
39093519,"Customer reports concern related to rattle, phasers, cam. Diagnosis performed; minor repair/reseal completed under warranty per applicable TSB. Vehicle line P552N F-150 [15-20]. [synthetic sanitized narrative]",1750.41,10.4,33030
39853485,"Customer reports concern related to rattle, phasers, cam. Diagnosis performed; minor repair/reseal completed under warranty per applicable TSB. Vehicle line P552N F-150 [15-20]. [synthetic sanitized narrative]",1383.31,9.6,33030
42104475,"Customer reports concern related to rattle, phasers, cam. Diagnosis confirmed component failure; full assembly replacement completed under warranty per applicable TSB. Vehicle line P552N F-150 [15-20]. [synthetic sanitized narrative]",2073.44,11.1,33030
39538492,"Customer reports concern related to rattle, phasers, cam. Diagnosis performed; minor repair/reseal completed under warranty per applicable TSB. Vehicle line P552N F-150 [15-20]. [synthetic sanitized narrative]",696.28,9.5,33030
42763191,"Customer reports concern related to rattle, phasers, cam. Diagnosis confirmed component failure; full assembly replacement completed under warranty per applicable TSB. Vehicle line P552N F-150 [15-20]. [synthetic sanitized narrative]",3236.5,13.4,33030
43094850,"Customer reports concern related to rattle, phasers, cam. Diagnosis confirmed component failure; full assembly replacement completed under warranty per applicable TSB. Vehicle line P552N F-150 [15-20]. [synthetic sanitized narrative]",2242.79,9.7,33030
42928918,"Customer reports concern related to rattle, phasers, cam. Diagnosis confirmed component failure; full assembly replacement completed under warranty per applicable TSB. Vehicle line P552N F-150 [15-20]. [synthetic sanitized narrative]",5528.56,30.6,33030
43028220,"Customer reports concern related to rattle, phasers, cam. Diagnosis performed; minor repair/reseal completed under warranty per applicable TSB. Vehicle line P552N F-150 [15-20]. [synthetic sanitized narrative]",1640.08,9.6,33030
42917021,"Customer reports concern related to rattle, phasers, cam. Diagnosis performed; minor repair/reseal completed under warranty per applicable TSB. Vehicle line P552N F-150 [15-20]. [synthetic sanitized narrative]",1778.45,9.6,33030
42822629,"Customer reports concern related to rattle, phasers, cam. Diagnosis confirmed component failure; full assembly replacement completed under warranty per applicable TSB. Vehicle line P552N F-150 [15-20]. [synthetic sanitized narrative]",1941.56,9.7,33030
43133405,"Customer reports concern related to rattle, phasers, cam. Diagnosis confirmed component failure; full assembly replacement completed under warranty per applicable TSB. Vehicle line P552N F-150 [15-20]. [synthetic sanitized narrative]",1936.18,13.5,33030
43093442,"Customer reports concern related to rattle, phasers, cam. Diagnosis performed; minor repair/reseal completed under warranty per applicable TSB. Vehicle line P552N F-150 [15-20]. [synthetic sanitized narrative]",1800.17,9.7,33030
43042573,"Customer reports concern related to rattle, phasers, cam. Diagnosis performed; minor repair/reseal completed under warranty per applicable TSB. Vehicle line P552N F-150 [15-20]. [synthetic sanitized narrative]",1651.87,9.6,33030
39533468,"Customer reports concern related to rattle, phasers, cam. Diagnosis performed; minor repair/reseal completed under warranty per applicable TSB. Vehicle line P552N F-150 [15-20]. [synthetic sanitized narrative]",1358.93,9.6,33030
41697464,"Customer reports concern related to rattle, phasers, cam. Diagnosis performed; minor repair/reseal completed under warranty per applicable TSB. Vehicle line P552N F-150 [15-20]. [synthetic sanitized narrative]",1595.5,9.6,33030
42742272,"Customer reports concern related to main control, main, transmission. Diagnosis confirmed component failure; full assembly replacement completed under warranty per applicable TSB. Vehicle line P552N F-150 [15-20]. [synthetic sanitized narrative]",4494.55,27.3,35069
42519187,"Customer reports concern related to rattle, phasers, cam. Diagnosis confirmed component failure; full assembly replacement completed under warranty per applicable TSB. Vehicle line P552N F-150 [15-20]. [synthetic sanitized narrative]",3888.77,23.0,33030
43056778,"Customer reports concern related to rattle, phasers, cam. Diagnosis performed; minor repair/reseal completed under warranty per applicable TSB. Vehicle line P552N F-150 [15-20]. [synthetic sanitized narrative]",1528.11,9.6,33030
42577066,"Customer reports concern related to rattle, phasers, cam. Diagnosis performed; minor repair/reseal completed under warranty per applicable TSB. Vehicle line P552N F-150 [15-20]. [synthetic sanitized narrative]",1035.49,9.6,33030
39288585,"Customer reports concern related to rattle, phasers, cam. Diagnosis performed; minor repair/reseal completed under warranty per applicable TSB. Vehicle line P552N F-150 [15-20]. [synthetic sanitized narrative]",1474.36,9.6,33030
42680046,"Customer reports concern related to rattle, phasers, cam. Diagnosis confirmed component failure; full assembly replacement completed under warranty per applicable TSB. Vehicle line P552N F-150 [15-20]. [synthetic sanitized narrative]",1954.45,11.1,33030
43046666,"Customer reports concern related to oil, oil pan, pan. Diagnosis confirmed component failure; full assembly replacement completed under warranty per applicable TSB. Vehicle line P558N SUPER DUTY [17-22]. [synthetic sanitized narrative]",2042.36,13.8,40109
37947498,"Customer reports concern related to rattle, phasers, cam. Diagnosis confirmed component failure; full assembly replacement completed under warranty per applicable TSB. Vehicle line P552N F-150 [15-20]. [synthetic sanitized narrative]",2194.1,12.6,33030
40661480,"Customer reports concern related to oil, oil pan, pan. Diagnosis performed; minor repair/reseal completed under warranty per applicable TSB. Vehicle line P558N SUPER DUTY [17-22]. [synthetic sanitized narrative]",1761.0,11.9,40109
39289474,"Customer reports concern related to oil, oil pan, pan. Diagnosis performed; minor repair/reseal completed under warranty per applicable TSB. Vehicle line P558N SUPER DUTY [17-22]. [synthetic sanitized narrative]",1272.0,10.2,40109
42441201,"Customer reports concern related to oil, oil pan, pan. Diagnosis performed; minor repair/reseal completed under warranty per applicable TSB. Vehicle line P558N SUPER DUTY [17-22]. [synthetic sanitized narrative]",1505.71,10.2,40109
39744457,"Customer reports concern related to oil, oil pan, pan. Diagnosis performed; minor repair/reseal completed under warranty per applicable TSB. Vehicle line P558N SUPER DUTY [17-22]. [synthetic sanitized narrative]",1321.04,10.2,40109
43048583,"Customer reports concern related to oil, oil pan, pan. Diagnosis confirmed component failure; full assembly replacement completed under warranty per applicable TSB. Vehicle line P558N SUPER DUTY [17-22]. [synthetic sanitized narrative]",3432.86,17.6,40109
42889640,"Customer reports concern related to oil, oil pan, pan. Diagnosis performed; minor repair/reseal completed under warranty per applicable TSB. Vehicle line P558N SUPER DUTY [17-22]. [synthetic sanitized narrative]",1449.96,11.7,40109
43008848,"Customer reports concern related to oil, oil pan, pan. Diagnosis performed; minor repair/reseal completed under warranty per applicable TSB. Vehicle line P558N SUPER DUTY [17-22]. [synthetic sanitized narrative]",1634.69,10.7,40109
39705496,"Customer reports concern related to oil, oil pan, pan. Diagnosis performed; minor repair/reseal completed under warranty per applicable TSB. Vehicle line P558N SUPER DUTY [17-22]. [synthetic sanitized narrative]",1468.77,10.2,40109
39518600,"Customer reports concern related to oil, oil pan, pan. Diagnosis performed; minor repair/reseal completed under warranty per applicable TSB. Vehicle line P558N SUPER DUTY [17-22]. [synthetic sanitized narrative]",1308.78,10.3,40109
42721688,"Customer reports concern related to oil, oil pan, pan. Diagnosis performed; minor repair/reseal completed under warranty per applicable TSB. Vehicle line P558N SUPER DUTY [17-22]. [synthetic sanitized narrative]",1900.53,11.5,40109
42870084,"Customer reports concern related to oil, oil pan, pan. Diagnosis performed; minor repair/reseal completed under warranty per applicable TSB. Vehicle line P558N SUPER DUTY [17-22]. [synthetic sanitized narrative]",1361.41,10.2,40109
42458106,"Customer reports concern related to oil, oil pan, pan. Diagnosis performed; minor repair/reseal completed under warranty per applicable TSB. Vehicle line P558N SUPER DUTY [17-22]. [synthetic sanitized narrative]",892.92,6.6,40109
40126476,"Customer reports concern related to oil, oil pan, pan. Diagnosis performed; minor repair/reseal completed under warranty per applicable TSB. Vehicle line P558N SUPER DUTY [17-22]. [synthetic sanitized narrative]",1498.25,10.6,40109
42917085,"Customer reports concern related to oil, oil pan, pan. Diagnosis confirmed component failure; full assembly replacement completed under warranty per applicable TSB. Vehicle line P558N SUPER DUTY [17-22]. [synthetic sanitized narrative]",2296.32,11.2,40109
43040605,"Customer reports concern related to oil, oil pan, pan. Diagnosis performed; minor repair/reseal completed under warranty per applicable TSB. Vehicle line P558N SUPER DUTY [17-22]. [synthetic sanitized narrative]",1906.11,10.7,40109
42705531,"Customer reports concern related to oil, oil pan, pan. Diagnosis performed; minor repair/reseal completed under warranty per applicable TSB. Vehicle line P558N SUPER DUTY [17-22]. [synthetic sanitized narrative]",1572.65,10.7,40109
40815452,"Customer reports concern related to oil, oil pan, pan. Diagnosis confirmed component failure; full assembly replacement completed under warranty per applicable TSB. Vehicle line P558N SUPER DUTY [17-22]. [synthetic sanitized narrative]",2077.52,11.3,40109
42847426,"Customer reports concern related to oil, oil pan, pan. Diagnosis confirmed component failure; full assembly replacement completed under warranty per applicable TSB. Vehicle line P558N SUPER DUTY [17-22]. [synthetic sanitized narrative]",2520.2,12.4,40109
42686503,"Customer reports concern related to main control, main, transmission. Diagnosis confirmed component failure; full assembly replacement completed under warranty per applicable TSB. Vehicle line P552N F-150 [15-20]. [synthetic sanitized narrative]",8151.92,34.6,35069
42681581,"Customer reports concern related to oil, oil pan, pan. Diagnosis confirmed component failure; full assembly replacement completed under warranty per applicable TSB. Vehicle line P558N SUPER DUTY [17-22]. [synthetic sanitized narrative]",2032.82,10.1,40109
37666456,"Customer reports concern related to oil, oil pan, pan. Diagnosis confirmed component failure; full assembly replacement completed under warranty per applicable TSB. Vehicle line P558N SUPER DUTY [17-22]. [synthetic sanitized narrative]",2141.21,16.4,40109
42645154,"Customer reports concern related to rattle, phasers, cam. Diagnosis confirmed component failure; full assembly replacement completed under warranty per applicable TSB. Vehicle line P552N F-150 [15-20]. [synthetic sanitized narrative]",3554.18,31.7,33030
43133743,"Customer reports concern related to rattle, phasers, cam. Diagnosis confirmed component failure; full assembly replacement completed under warranty per applicable TSB. Vehicle line P552N F-150 [15-20]. [synthetic sanitized narrative]",2897.84,13.9,33030
42563775,"Customer reports concern related to oil, oil pan, pan. Diagnosis performed; minor repair/reseal completed under warranty per applicable TSB. Vehicle line P558N SUPER DUTY [17-22]. [synthetic sanitized narrative]",1562.4,10.1,40109
42490245,"Customer reports concern related to oil, oil pan, pan. Diagnosis performed; minor repair/reseal completed under warranty per applicable TSB. Vehicle line P558N SUPER DUTY [17-22]. [synthetic sanitized narrative]",1465.5,11.0,40109
41772495,"Customer reports concern related to oil, oil pan, pan. Diagnosis performed; minor repair/reseal completed under warranty per applicable TSB. Vehicle line P558N SUPER DUTY [17-22]. [synthetic sanitized narrative]",1261.75,10.2,40109
43005472,"Customer reports concern related to oil, oil pan, pan. Diagnosis confirmed component failure; full assembly replacement completed under warranty per applicable TSB. Vehicle line P558N SUPER DUTY [17-22]. [synthetic sanitized narrative]",2835.59,20.4,40109
43072200,"Customer reports concern related to oil, oil pan, pan. Diagnosis confirmed component failure; full assembly replacement completed under warranty per applicable TSB. Vehicle line P558N SUPER DUTY [17-22]. [synthetic sanitized narrative]",2371.16,11.7,40109
42548585,"Customer reports concern related to oil, oil pan, pan. Diagnosis performed; minor repair/reseal completed under warranty per applicable TSB. Vehicle line P558N SUPER DUTY [17-22]. [synthetic sanitized narrative]",1200.71,10.6,40109
43033450,"Customer reports concern related to main control, main, transmission. Diagnosis confirmed component failure; full assembly replacement completed under warranty per applicable TSB. Vehicle line P552N F-150 [15-20]. [synthetic sanitized narrative]",4860.85,23.9,35069
42656120,"Customer reports concern related to oil, oil pan, pan. Diagnosis performed; minor repair/reseal completed under warranty per applicable TSB. Vehicle line P558N SUPER DUTY [17-22]. [synthetic sanitized narrative]",1201.21,10.2,40109
42775043,"Customer reports concern related to oil, oil pan, pan. Diagnosis performed; minor repair/reseal completed under warranty per applicable TSB. Vehicle line P558N SUPER DUTY [17-22]. [synthetic sanitized narrative]",1796.68,11.2,40109
42959678,"Customer reports concern related to oil, oil pan, pan. Diagnosis confirmed component failure; full assembly replacement completed under warranty per applicable TSB. Vehicle line P558N SUPER DUTY [17-22]. [synthetic sanitized narrative]",2092.67,15.9,40109
40252529,"Customer reports concern related to clutch, replace clutch, transmission. Diagnosis performed; minor repair/reseal completed under warranty per applicable TSB. Vehicle line C346N FOCUS [12-18]. [synthetic sanitized narrative]",1438.58,10.5,3936
38124489,"Customer reports concern related to clutch, replace clutch, transmission. Diagnosis performed; minor repair/reseal completed under warranty per applicable TSB. Vehicle line C346N FOCUS [12-18]. [synthetic sanitized narrative]",1486.03,10.7,3936
42700745,"Customer reports concern related to oil, oil pan, pan. Diagnosis confirmed component failure; full assembly replacement completed under warranty per applicable TSB. Vehicle line P558N SUPER DUTY [17-22]. [synthetic sanitized narrative]",2440.68,17.4,40109
43084954,"Customer reports concern related to water pump, water, pump. Diagnosis performed; minor repair/reseal completed under warranty per applicable TSB. Vehicle line U502N EXPLORER [11-19]. [synthetic sanitized narrative]",1520.41,8.6,53967
37796541,"Customer reports concern related to rattle, phasers, cam. Diagnosis confirmed component failure; full assembly replacement completed under warranty per applicable TSB. Vehicle line P552N F-150 [15-20]. [synthetic sanitized narrative]",2141.42,12.5,33030
43058786,"Customer reports concern related to water pump, water, pump. Diagnosis performed; minor repair/reseal completed under warranty per applicable TSB. Vehicle line U502N EXPLORER [11-19]. [synthetic sanitized narrative]",1238.28,8.6,53967
42856713,"Customer reports concern related to water pump, water, pump. Diagnosis confirmed component failure; full assembly replacement completed under warranty per applicable TSB. Vehicle line U502N EXPLORER [11-19]. [synthetic sanitized narrative]",2021.47,15.8,53967
42921430,"Customer reports concern related to water pump, water, pump. Diagnosis confirmed component failure; full assembly replacement completed under warranty per applicable TSB. Vehicle line U502N EXPLORER [11-19]. [synthetic sanitized narrative]",2409.68,10.2,53967
40992477,"Customer reports concern related to water pump, water, pump. Diagnosis confirmed component failure; full assembly replacement completed under warranty per applicable TSB. Vehicle line U502N EXPLORER [11-19]. [synthetic sanitized narrative]",1667.88,9.7,53967
42973183,"Customer reports concern related to water pump, water, pump. Diagnosis performed; minor repair/reseal completed under warranty per applicable TSB. Vehicle line U502N EXPLORER [11-19]. [synthetic sanitized narrative]",1527.95,9.2,53967
37869491,"Customer reports concern related to clutch, replace clutch, transmission. Diagnosis confirmed component failure; full assembly replacement completed under warranty per applicable TSB. Vehicle line C346N FOCUS [12-18]. [synthetic sanitized narrative]",1574.51,13.7,3936
39095540,"Customer reports concern related to water pump, water, pump. Diagnosis confirmed component failure; full assembly replacement completed under warranty per applicable TSB. Vehicle line U502N EXPLORER [11-19]. [synthetic sanitized narrative]",1691.34,8.4,53967
42814192,"Customer reports concern related to rattle, phasers, cam. Diagnosis confirmed component failure; full assembly replacement completed under warranty per applicable TSB. Vehicle line P552N F-150 [15-20]. [synthetic sanitized narrative]",2096.47,9.6,33030
37644538,"Customer reports concern related to water pump, water, pump. Diagnosis performed; minor repair/reseal completed under warranty per applicable TSB. Vehicle line U502N EXPLORER [11-19]. [synthetic sanitized narrative]",1478.33,0.0,53967
40268482,"Customer reports concern related to water pump, water, pump. Diagnosis performed; minor repair/reseal completed under warranty per applicable TSB. Vehicle line U502N EXPLORER [11-19]. [synthetic sanitized narrative]",1334.52,9.0,53967
40825498,"Customer reports concern related to water pump, water, pump. Diagnosis performed; minor repair/reseal completed under warranty per applicable TSB. Vehicle line U502N EXPLORER [11-19]. [synthetic sanitized narrative]",1400.97,8.8,53967
42664475,"Customer reports concern related to water pump, water, pump. Diagnosis confirmed component failure; full assembly replacement completed under warranty per applicable TSB. Vehicle line U502N EXPLORER [11-19]. [synthetic sanitized narrative]",2189.32,8.9,53967
42772939,"Customer reports concern related to water pump, water, pump. Diagnosis performed; minor repair/reseal completed under warranty per applicable TSB. Vehicle line U502N EXPLORER [11-19]. [synthetic sanitized narrative]",1562.72,9.2,53967
43011705,"Customer reports concern related to water pump, water, pump. Diagnosis confirmed component failure; full assembly replacement completed under warranty per applicable TSB. Vehicle line U502N EXPLORER [11-19]. [synthetic sanitized narrative]",2378.03,12.6,53967
43011733,"Customer reports concern related to water pump, water, pump. Diagnosis performed; minor repair/reseal completed under warranty per applicable TSB. Vehicle line U502N EXPLORER [11-19]. [synthetic sanitized narrative]",1166.8,8.6,53967
43086826,"Customer reports concern related to water pump, water, pump. Diagnosis performed; minor repair/reseal completed under warranty per applicable TSB. Vehicle line U502N EXPLORER [11-19]. [synthetic sanitized narrative]",1531.31,8.6,53967
36880460,"Customer reports concern related to water pump, water, pump. Diagnosis performed; minor repair/reseal completed under warranty per applicable TSB. Vehicle line U502N EXPLORER [11-19]. [synthetic sanitized narrative]",1156.49,8.6,53967
42966791,"Customer reports concern related to rattle, phasers, cam. Diagnosis confirmed component failure; full assembly replacement completed under warranty per applicable TSB. Vehicle line P552N F-150 [15-20]. [synthetic sanitized narrative]",2196.94,15.4,33030
42633677,"Customer reports concern related to water pump, water, pump. Diagnosis confirmed component failure; full assembly replacement completed under warranty per applicable TSB. Vehicle line U502N EXPLORER [11-19]. [synthetic sanitized narrative]",1833.08,9.2,53967
42526482,"Customer reports concern related to water pump, water, pump. Diagnosis confirmed component failure; full assembly replacement completed under warranty per applicable TSB. Vehicle line U502N EXPLORER [11-19]. [synthetic sanitized narrative]",1695.17,12.3,53967
41409470,"Customer reports concern related to water pump, water, pump. Diagnosis confirmed component failure; full assembly replacement completed under warranty per applicable TSB. Vehicle line U502N EXPLORER [11-19]. [synthetic sanitized narrative]",2237.64,11.6,53967
42660292,"Customer reports concern related to water pump, water, pump. Diagnosis performed; minor repair/reseal completed under warranty per applicable TSB. Vehicle line U502N EXPLORER [11-19]. [synthetic sanitized narrative]",1648.99,8.8,53967
37676469,"Customer reports concern related to water pump, water, pump. Diagnosis performed; minor repair/reseal completed under warranty per applicable TSB. Vehicle line U502N EXPLORER [11-19]. [synthetic sanitized narrative]",1556.87,9.8,53967
42432589,"Customer reports concern related to water pump, water, pump. Diagnosis confirmed component failure; full assembly replacement completed under warranty per applicable TSB. Vehicle line U502N EXPLORER [11-19]. [synthetic sanitized narrative]",1735.33,9.2,53967
42985619,"Customer reports concern related to water pump, water, pump. Diagnosis performed; minor repair/reseal completed under warranty per applicable TSB. Vehicle line U502N EXPLORER [11-19]. [synthetic sanitized narrative]",1656.26,8.6,53967
37699463,"Customer reports concern related to water pump, water, pump. Diagnosis performed; minor repair/reseal completed under warranty per applicable TSB. Vehicle line U502N EXPLORER [11-19]. [synthetic sanitized narrative]",1381.73,8.9,53967
40154480,"Customer reports concern related to water pump, water, pump. Diagnosis confirmed component failure; full assembly replacement completed under warranty per applicable TSB. Vehicle line U502N EXPLORER [11-19]. [synthetic sanitized narrative]",1868.83,9.3,53967
42496467,"Customer reports concern related to water pump, water, pump. Diagnosis performed; minor repair/reseal completed under warranty per applicable TSB. Vehicle line U502N EXPLORER [11-19]. [synthetic sanitized narrative]",1234.84,10.3,53967
40255484,"Customer reports concern related to water pump, water, pump. Diagnosis performed; minor repair/reseal completed under warranty per applicable TSB. Vehicle line U502N EXPLORER [11-19]. [synthetic sanitized narrative]",1284.07,8.6,53967
40394462,"Customer reports concern related to water pump, water, pump. Diagnosis performed; minor repair/reseal completed under warranty per applicable TSB. Vehicle line U502N EXPLORER [11-19]. [synthetic sanitized narrative]",1071.42,8.6,53967
43001704,"Customer reports concern related to water pump, water, pump. Diagnosis confirmed component failure; full assembly replacement completed under warranty per applicable TSB. Vehicle line U502N EXPLORER [11-19]. [synthetic sanitized narrative]",1924.37,9.8,53967
40053460,"Customer reports concern related to water pump, water, pump. Diagnosis confirmed component failure; full assembly replacement completed under warranty per applicable TSB. Vehicle line U502N EXPLORER [11-19]. [synthetic sanitized narrative]",1691.14,9.2,53967
42901842,"Customer reports concern related to water pump, water, pump. Diagnosis performed; minor repair/reseal completed under warranty per applicable TSB. Vehicle line U502N EXPLORER [11-19]. [synthetic sanitized narrative]",1412.41,8.6,53967
42043463,"Customer reports concern related to water pump, water, pump. Diagnosis performed; minor repair/reseal completed under warranty per applicable TSB. Vehicle line U502N EXPLORER [11-19]. [synthetic sanitized narrative]",1244.93,8.6,53967
36891463,"Customer reports concern related to water pump, water, pump. Diagnosis performed; minor repair/reseal completed under warranty per applicable TSB. Vehicle line U502N EXPLORER [11-19]. [synthetic sanitized narrative]",665.56,9.2,53967
38452513,"Customer reports concern related to water pump, water, pump. Diagnosis performed; minor repair/reseal completed under warranty per applicable TSB. Vehicle line U502N EXPLORER [11-19]. [synthetic sanitized narrative]",1550.26,8.6,53967
40108484,"Customer reports concern related to water pump, water, pump. Diagnosis confirmed component failure; full assembly replacement completed under warranty per applicable TSB. Vehicle line U502N EXPLORER [11-19]. [synthetic sanitized narrative]",1689.09,12.4,53967
39476527,"Customer reports concern related to water pump, water, pump. Diagnosis performed; minor repair/reseal completed under warranty per applicable TSB. Vehicle line U502N EXPLORER [11-19]. [synthetic sanitized narrative]",174.86,0.0,53967
42893472,"Customer reports concern related to water pump, water, pump. Diagnosis confirmed component failure; full assembly replacement completed under warranty per applicable TSB. Vehicle line U502N EXPLORER [11-19]. [synthetic sanitized narrative]",1977.83,11.8,53967
40786481,"Customer reports concern related to water pump, water, pump. Diagnosis performed; minor repair/reseal completed under warranty per applicable TSB. Vehicle line U502N EXPLORER [11-19]. [synthetic sanitized narrative]",1266.04,8.6,53967
37220531,"Customer reports concern related to water pump, water, pump. Diagnosis performed; minor repair/reseal completed under warranty per applicable TSB. Vehicle line U502N EXPLORER [11-19]. [synthetic sanitized narrative]",1117.7,8.9,53967
42307452,"Customer reports concern related to water pump, water, pump. Diagnosis performed; minor repair/reseal completed under warranty per applicable TSB. Vehicle line U502N EXPLORER [11-19]. [synthetic sanitized narrative]",1652.76,9.6,53967
42715746,"Customer reports concern related to long block, block, long. Diagnosis confirmed component failure; full assembly replacement completed under warranty per applicable TSB. Vehicle line P552N F-150 [15-20]. [synthetic sanitized narrative]",10384.06,29.0,32954
38273532,"Customer reports concern related to water pump, water, pump. Diagnosis confirmed component failure; full assembly replacement completed under warranty per applicable TSB. Vehicle line U502N EXPLORER [11-19]. [synthetic sanitized narrative]",2293.05,11.7,53967
42839987,"Customer reports concern related to main control, main, transmission. Diagnosis performed; minor repair/reseal completed under warranty per applicable TSB. Vehicle line P552N F-150 [15-20]. [synthetic sanitized narrative]",2682.57,18.9,35069
40838479,"Customer reports concern related to main control, main, transmission. Diagnosis confirmed component failure; full assembly replacement completed under warranty per applicable TSB. Vehicle line P552N F-150 [15-20]. [synthetic sanitized narrative]",4559.54,14.1,35069
42960224,"Customer reports concern related to main control, main, transmission. Diagnosis confirmed component failure; full assembly replacement completed under warranty per applicable TSB. Vehicle line P552N F-150 [15-20]. [synthetic sanitized narrative]",3884.7,19.9,35069
38540479,"Customer reports concern related to rattle, phasers, cam. Diagnosis confirmed component failure; full assembly replacement completed under warranty per applicable TSB. Vehicle line P552N F-150 [15-20]. [synthetic sanitized narrative]",5199.19,32.4,33030
42673728,"Customer reports concern related to main control, main, transmission. Diagnosis performed; minor repair/reseal completed under warranty per applicable TSB. Vehicle line P552N F-150 [15-20]. [synthetic sanitized narrative]",3497.38,22.5,35069
42797849,"Customer reports concern related to main control, main, transmission. Diagnosis performed; minor repair/reseal completed under warranty per applicable TSB. Vehicle line P552N F-150 [15-20]. [synthetic sanitized narrative]",2536.15,21.2,35069
42733663,"Customer reports concern related to main control, main, transmission. Diagnosis performed; minor repair/reseal completed under warranty per applicable TSB. Vehicle line P552N F-150 [15-20]. [synthetic sanitized narrative]",2865.96,16.4,35069
43096824,"Customer reports concern related to main control, main, transmission. Diagnosis performed; minor repair/reseal completed under warranty per applicable TSB. Vehicle line P552N F-150 [15-20]. [synthetic sanitized narrative]",2332.24,20.6,35069
40808545,"Customer reports concern related to main control, main, transmission. Diagnosis performed; minor repair/reseal completed under warranty per applicable TSB. Vehicle line P552N F-150 [15-20]. [synthetic sanitized narrative]",3286.7,22.1,35069
42923879,"Customer reports concern related to main control, main, transmission. Diagnosis performed; minor repair/reseal completed under warranty per applicable TSB. Vehicle line P552N F-150 [15-20]. [synthetic sanitized narrative]",3428.02,23.3,35069
42991915,"Customer reports concern related to main control, main, transmission. Diagnosis confirmed component failure; full assembly replacement completed under warranty per applicable TSB. Vehicle line P552N F-150 [15-20]. [synthetic sanitized narrative]",5744.49,24.1,35069
43019923,"Customer reports concern related to main control, main, transmission. Diagnosis performed; minor repair/reseal completed under warranty per applicable TSB. Vehicle line P552N F-150 [15-20]. [synthetic sanitized narrative]",2787.87,19.6,35069
43010591,"Customer reports concern related to main control, main, transmission. Diagnosis performed; minor repair/reseal completed under warranty per applicable TSB. Vehicle line P552N F-150 [15-20]. [synthetic sanitized narrative]",2708.57,21.2,35069
43119749,"Customer reports concern related to main control, main, transmission. Diagnosis performed; minor repair/reseal completed under warranty per applicable TSB. Vehicle line P552N F-150 [15-20]. [synthetic sanitized narrative]",3318.43,22.9,35069
43045989,"Customer reports concern related to main control, main, transmission. Diagnosis performed; minor repair/reseal completed under warranty per applicable TSB. Vehicle line P552N F-150 [15-20]. [synthetic sanitized narrative]",3517.16,18.7,35069
42779191,"Customer reports concern related to main control, main, transmission. Diagnosis performed; minor repair/reseal completed under warranty per applicable TSB. Vehicle line P552N F-150 [15-20]. [synthetic sanitized narrative]",2684.0,17.5,35069
42746355,"Customer reports concern related to main control, main, transmission. Diagnosis performed; minor repair/reseal completed under warranty per applicable TSB. Vehicle line P552N F-150 [15-20]. [synthetic sanitized narrative]",3169.26,18.2,35069
42675653,"Customer reports concern related to main control, main, transmission. Diagnosis performed; minor repair/reseal completed under warranty per applicable TSB. Vehicle line P552N F-150 [15-20]. [synthetic sanitized narrative]",3028.28,18.8,35069
42923649,"Customer reports concern related to main control, main, transmission. Diagnosis confirmed component failure; full assembly replacement completed under warranty per applicable TSB. Vehicle line P552N F-150 [15-20]. [synthetic sanitized narrative]",3626.21,18.6,35069
42647572,"Customer reports concern related to main control, main, transmission. Diagnosis confirmed component failure; full assembly replacement completed under warranty per applicable TSB. Vehicle line P552N F-150 [15-20]. [synthetic sanitized narrative]",5087.25,32.3,35069
42604872,"Customer reports concern related to main control, main, transmission. Diagnosis performed; minor repair/reseal completed under warranty per applicable TSB. Vehicle line P552N F-150 [15-20]. [synthetic sanitized narrative]",2161.68,17.2,35069
43097346,"Customer reports concern related to main control, main, transmission. Diagnosis performed; minor repair/reseal completed under warranty per applicable TSB. Vehicle line P552N F-150 [15-20]. [synthetic sanitized narrative]",2636.42,15.7,35069
42842261,"Customer reports concern related to main control, main, transmission. Diagnosis performed; minor repair/reseal completed under warranty per applicable TSB. Vehicle line P552N F-150 [15-20]. [synthetic sanitized narrative]",3554.25,24.6,35069
42873657,"Customer reports concern related to transmission, repair, fluid. Diagnosis confirmed component failure; full assembly replacement completed under warranty per applicable TSB. Vehicle line V408E TRANSIT CONNECT [13-24]. [synthetic sanitized narrative]",6097.06,19.7,71778
43125068,"Customer reports concern related to rattle, phasers, cam. Diagnosis confirmed component failure; full assembly replacement completed under warranty per applicable TSB. Vehicle line P552N F-150 [15-20]. [synthetic sanitized narrative]",3354.37,16.2,33030
42754459,"Customer reports concern related to main control, main, transmission. Diagnosis confirmed component failure; full assembly replacement completed under warranty per applicable TSB. Vehicle line P552N F-150 [15-20]. [synthetic sanitized narrative]",4439.04,23.2,35069
43037576,"Customer reports concern related to main control, main, transmission. Diagnosis performed; minor repair/reseal completed under warranty per applicable TSB. Vehicle line P552N F-150 [15-20]. [synthetic sanitized narrative]",2622.0,20.8,35069
42728487,"Customer reports concern related to main control, main, transmission. Diagnosis performed; minor repair/reseal completed under warranty per applicable TSB. Vehicle line P552N F-150 [15-20]. [synthetic sanitized narrative]",2891.93,18.9,35069
42856433,"Customer reports concern related to main control, main, transmission. Diagnosis confirmed component failure; full assembly replacement completed under warranty per applicable TSB. Vehicle line P552N F-150 [15-20]. [synthetic sanitized narrative]",3592.94,24.0,35069
43024756,"Customer reports concern related to main control, main, transmission. Diagnosis confirmed component failure; full assembly replacement completed under warranty per applicable TSB. Vehicle line P552N F-150 [15-20]. [synthetic sanitized narrative]",5622.81,21.4,35069
42966767,"Customer reports concern related to main control, main, transmission. Diagnosis performed; minor repair/reseal completed under warranty per applicable TSB. Vehicle line P552N F-150 [15-20]. [synthetic sanitized narrative]",2525.7,21.1,35069
42490762,"Customer reports concern related to oil, oil pan, pan. Diagnosis confirmed component failure; full assembly replacement completed under warranty per applicable TSB. Vehicle line P558N SUPER DUTY [17-22]. [synthetic sanitized narrative]",2237.82,12.2,40109
43035485,"Customer reports concern related to transmission, repair, fluid. Diagnosis confirmed component failure; full assembly replacement completed under warranty per applicable TSB. Vehicle line V408E TRANSIT CONNECT [13-24]. [synthetic sanitized narrative]",3694.63,19.2,71778
39473496,"Customer reports concern related to long block, block, long. Diagnosis confirmed component failure; full assembly replacement completed under warranty per applicable TSB. Vehicle line CD539N EDGE [15-24]. [synthetic sanitized narrative]",5225.86,16.4,14641
42535948,"Customer reports concern related to rattle, phasers, cam. Diagnosis confirmed component failure; full assembly replacement completed under warranty per applicable TSB. Vehicle line P552N F-150 [15-20]. [synthetic sanitized narrative]",1973.75,11.7,33030
42927382,"Customer reports concern related to oil, oil pan, pan. Diagnosis confirmed component failure; full assembly replacement completed under warranty per applicable TSB. Vehicle line P558N SUPER DUTY [17-22]. [synthetic sanitized narrative]",2189.3,12.2,40109
42542306,"Customer reports concern related to clutch, replace clutch, transmission. Diagnosis performed; minor repair/reseal completed under warranty per applicable TSB. Vehicle line C346N FOCUS [12-18]. [synthetic sanitized narrative]",1426.49,6.4,3936
42564446,"Customer reports concern related to transmission, repair, fluid. Diagnosis performed; minor repair/reseal completed under warranty per applicable TSB. Vehicle line V408E TRANSIT CONNECT [13-24]. [synthetic sanitized narrative]",3088.53,18.4,71778
43123738,"Customer reports concern related to clutch, replace clutch, transmission. Diagnosis confirmed component failure; full assembly replacement completed under warranty per applicable TSB. Vehicle line C346N FOCUS [12-18]. [synthetic sanitized narrative]",2004.87,8.3,3936
42248493,"Customer reports concern related to clutch, replace clutch, transmission. Diagnosis confirmed component failure; full assembly replacement completed under warranty per applicable TSB. Vehicle line C346N FOCUS [12-18]. [synthetic sanitized narrative]",2791.75,11.0,3936
42538583,"Customer reports concern related to clutch, replace clutch, transmission. Diagnosis confirmed component failure; full assembly replacement completed under warranty per applicable TSB. Vehicle line C346N FOCUS [12-18]. [synthetic sanitized narrative]",1667.94,7.8,3936
40113488,"Customer reports concern related to water pump, water, pump. Diagnosis confirmed component failure; full assembly replacement completed under warranty per applicable TSB. Vehicle line U502N EXPLORER [11-19]. [synthetic sanitized narrative]",1885.05,11.2,53967
42946662,"Customer reports concern related to main control, main, transmission. Diagnosis confirmed component failure; full assembly replacement completed under warranty per applicable TSB. Vehicle line P552N F-150 [15-20]. [synthetic sanitized narrative]",5678.26,31.1,35069
42708772,"Customer reports concern related to main control, main, transmission. Diagnosis confirmed component failure; full assembly replacement completed under warranty per applicable TSB. Vehicle line P552N F-150 [15-20]. [synthetic sanitized narrative]",5215.63,34.8,35069
40978469,"Customer reports concern related to transmission, repair, fluid. Diagnosis confirmed component failure; full assembly replacement completed under warranty per applicable TSB. Vehicle line V408E TRANSIT CONNECT [13-24]. [synthetic sanitized narrative]",3527.46,19.6,71778
42983666,"Customer reports concern related to long block, block, long. Diagnosis confirmed component failure; full assembly replacement completed under warranty per applicable TSB. Vehicle line P552N F-150 [15-20]. [synthetic sanitized narrative]",9538.83,17.6,32954
41796456,"Customer reports concern related to clutch, replace clutch, transmission. Diagnosis performed; minor repair/reseal completed under warranty per applicable TSB. Vehicle line C346N FOCUS [12-18]. [synthetic sanitized narrative]",1085.17,6.6,3936
42709804,"Customer reports concern related to long block, block, long. Diagnosis confirmed component failure; full assembly replacement completed under warranty per applicable TSB. Vehicle line P552N F-150 [15-20]. [synthetic sanitized narrative]",16173.57,36.4,32954
42467954,"Customer reports concern related to long block, block, long. Diagnosis confirmed component failure; full assembly replacement completed under warranty per applicable TSB. Vehicle line CD539N EDGE [15-24]. [synthetic sanitized narrative]",6622.92,16.1,14641
43102371,"Customer reports concern related to long block, block, long. Diagnosis confirmed component failure; full assembly replacement completed under warranty per applicable TSB. Vehicle line CD539N EDGE [15-24]. [synthetic sanitized narrative]",5407.29,15.2,14641
42945007,"Customer reports concern related to long block, block, long. Diagnosis confirmed component failure; full assembly replacement completed under warranty per applicable TSB. Vehicle line P552N F-150 [15-20]. [synthetic sanitized narrative]",15821.69,25.4,32954
38220496,"Customer reports concern related to long block, block, long. Diagnosis performed; minor repair/reseal completed under warranty per applicable TSB. Vehicle line CD539N EDGE [15-24]. [synthetic sanitized narrative]",3928.14,15.6,14641
38153486,"Customer reports concern related to long block, block, long. Diagnosis confirmed component failure; full assembly replacement completed under warranty per applicable TSB. Vehicle line CD539N EDGE [15-24]. [synthetic sanitized narrative]",4675.95,15.0,14641
39551473,"Customer reports concern related to oil, oil pan, pan. Diagnosis confirmed component failure; full assembly replacement completed under warranty per applicable TSB. Vehicle line P558N SUPER DUTY [17-22]. [synthetic sanitized narrative]",2630.28,16.6,40109
41692475,"Customer reports concern related to water pump, water, pump. Diagnosis confirmed component failure; full assembly replacement completed under warranty per applicable TSB. Vehicle line U502N EXPLORER [11-19]. [synthetic sanitized narrative]",2559.89,16.3,53967
42827019,"Customer reports concern related to oil, oil pan, pan. Diagnosis confirmed component failure; full assembly replacement completed under warranty per applicable TSB. Vehicle line P558N SUPER DUTY [17-22]. [synthetic sanitized narrative]",5694.69,25.0,40109
42787416,"Customer reports concern related to oil, oil pan, pan. Diagnosis performed; minor repair/reseal completed under warranty per applicable TSB. Vehicle line P558N SUPER DUTY [17-22]. [synthetic sanitized narrative]",1780.32,11.5,40109
42976869,"Customer reports concern related to rattle, phasers, cam. Diagnosis confirmed component failure; full assembly replacement completed under warranty per applicable TSB. Vehicle line P552N F-150 [15-20]. [synthetic sanitized narrative]",2237.98,11.0,33030
42673076,"Customer reports concern related to oil, oil pan, pan. Diagnosis confirmed component failure; full assembly replacement completed under warranty per applicable TSB. Vehicle line P558N SUPER DUTY [17-22]. [synthetic sanitized narrative]",2891.3,14.8,40109
42734982,"Customer reports concern related to clutch, replace clutch, transmission. Diagnosis confirmed component failure; full assembly replacement completed under warranty per applicable TSB. Vehicle line C346N FOCUS [12-18]. [synthetic sanitized narrative]",1672.53,7.2,3936
41147476,"Customer reports concern related to clutch, replace clutch, transmission. Diagnosis confirmed component failure; full assembly replacement completed under warranty per applicable TSB. Vehicle line C346N FOCUS [12-18]. [synthetic sanitized narrative]",1745.87,8.5,3936
39393716,"Customer reports concern related to clutch, replace clutch, transmission. Diagnosis confirmed component failure; full assembly replacement completed under warranty per applicable TSB. Vehicle line C346N FOCUS [12-18]. [synthetic sanitized narrative]",1655.48,5.6,3936
42575596,"Customer reports concern related to clutch, replace clutch, transmission. Diagnosis confirmed component failure; full assembly replacement completed under warranty per applicable TSB. Vehicle line C346N FOCUS [12-18]. [synthetic sanitized narrative]",1874.49,7.8,3936
42178499,"Customer reports concern related to clutch, replace clutch, transmission. Diagnosis confirmed component failure; full assembly replacement completed under warranty per applicable TSB. Vehicle line C346N FOCUS [12-18]. [synthetic sanitized narrative]",1574.66,6.1,3936
37092476,"Customer reports concern related to water pump, water, pump. Diagnosis performed; minor repair/reseal completed under warranty per applicable TSB. Vehicle line U502N EXPLORER [11-19]. [synthetic sanitized narrative]",1453.04,11.5,53967
38028456,"Customer reports concern related to clutch, replace clutch, transmission. Diagnosis confirmed component failure; full assembly replacement completed under warranty per applicable TSB. Vehicle line C346N FOCUS [12-18]. [synthetic sanitized narrative]",1672.54,7.0,3936
42923909,"Customer reports concern related to main control, main, transmission. Diagnosis confirmed component failure; full assembly replacement completed under warranty per applicable TSB. Vehicle line P552N F-150 [15-20]. [synthetic sanitized narrative]",7547.61,22.0,35069
40583521,"Customer reports concern related to clutch, replace clutch, transmission. Diagnosis performed; minor repair/reseal completed under warranty per applicable TSB. Vehicle line C346N FOCUS [12-18]. [synthetic sanitized narrative]",1191.0,5.8,3936
42497835,"Customer reports concern related to clutch, replace clutch, transmission. Diagnosis confirmed component failure; full assembly replacement completed under warranty per applicable TSB. Vehicle line C346N FOCUS [12-18]. [synthetic sanitized narrative]",1520.07,5.3,3936
42434001,"Customer reports concern related to clutch, replace clutch, transmission. Diagnosis performed; minor repair/reseal completed under warranty per applicable TSB. Vehicle line C346N FOCUS [12-18]. [synthetic sanitized narrative]",1034.65,6.2,3936
42551784,"Customer reports concern related to long block, block, long. Diagnosis confirmed component failure; full assembly replacement completed under warranty per applicable TSB. Vehicle line P552N F-150 [15-20]. [synthetic sanitized narrative]",10207.22,17.6,32954
37273551,"Customer reports concern related to clutch, replace clutch, transmission. Diagnosis performed; minor repair/reseal completed under warranty per applicable TSB. Vehicle line C346N FOCUS [12-18]. [synthetic sanitized narrative]",1353.18,9.3,3936
40229492,"Customer reports concern related to oil, oil pan, pan. Diagnosis confirmed component failure; full assembly replacement completed under warranty per applicable TSB. Vehicle line P558N SUPER DUTY [17-22]. [synthetic sanitized narrative]",2531.44,15.3,40109
41147459,"Customer reports concern related to clutch, replace clutch, transmission. Diagnosis confirmed component failure; full assembly replacement completed under warranty per applicable TSB. Vehicle line C346N FOCUS [12-18]. [synthetic sanitized narrative]",1580.7,6.7,3936
42506793,"Customer reports concern related to clutch, replace clutch, transmission. Diagnosis confirmed component failure; full assembly replacement completed under warranty per applicable TSB. Vehicle line C346N FOCUS [12-18]. [synthetic sanitized narrative]",1887.02,5.8,3936
42993825,"Customer reports concern related to clutch, replace clutch, transmission. Diagnosis confirmed component failure; full assembly replacement completed under warranty per applicable TSB. Vehicle line C346N FOCUS [12-18]. [synthetic sanitized narrative]",1713.59,6.3,3936
39583493,"Customer reports concern related to clutch, replace clutch, transmission. Diagnosis confirmed component failure; full assembly replacement completed under warranty per applicable TSB. Vehicle line C346N FOCUS [12-18]. [synthetic sanitized narrative]",1929.05,7.4,3936
42919946,"Customer reports concern related to clutch, replace clutch, transmission. Diagnosis confirmed component failure; full assembly replacement completed under warranty per applicable TSB. Vehicle line C346N FOCUS [12-18]. [synthetic sanitized narrative]",1630.55,7.9,3936
38454500,"Customer reports concern related to clutch, replace clutch, transmission. Diagnosis performed; minor repair/reseal completed under warranty per applicable TSB. Vehicle line C346N FOCUS [12-18]. [synthetic sanitized narrative]",1118.82,6.3,3936
41364494,"Customer reports concern related to clutch, replace clutch, transmission. Diagnosis performed; minor repair/reseal completed under warranty per applicable TSB. Vehicle line C346N FOCUS [12-18]. [synthetic sanitized narrative]",860.94,5.4,3936
42570685,"Customer reports concern related to main control, main, transmission. Diagnosis performed; minor repair/reseal completed under warranty per applicable TSB. Vehicle line P552N F-150 [15-20]. [synthetic sanitized narrative]",3542.99,17.8,35069
42552345,"Customer reports concern related to clutch, replace clutch, transmission. Diagnosis confirmed component failure; full assembly replacement completed under warranty per applicable TSB. Vehicle line C346N FOCUS [12-18]. [synthetic sanitized narrative]",2360.71,9.1,3936
36986483,"Customer reports concern related to clutch, replace clutch, transmission. Diagnosis confirmed component failure; full assembly replacement completed under warranty per applicable TSB. Vehicle line C346N FOCUS [12-18]. [synthetic sanitized narrative]",1629.88,7.9,3936
42754838,"Customer reports concern related to main control, main, transmission. Diagnosis confirmed component failure; full assembly replacement completed under warranty per applicable TSB. Vehicle line P552N F-150 [15-20]. [synthetic sanitized narrative]",3578.27,21.6,35069
42802448,"Customer reports concern related to oil, oil pan, pan. Diagnosis performed; minor repair/reseal completed under warranty per applicable TSB. Vehicle line P558N SUPER DUTY [17-22]. [synthetic sanitized narrative]",910.13,6.0,40109
38620586,"Customer reports concern related to clutch, replace clutch, transmission. Diagnosis confirmed component failure; full assembly replacement completed under warranty per applicable TSB. Vehicle line C346N FOCUS [12-18]. [synthetic sanitized narrative]",1520.22,7.2,3936
42603412,"Customer reports concern related to oil, oil pan, pan. Diagnosis confirmed component failure; full assembly replacement completed under warranty per applicable TSB. Vehicle line P558N SUPER DUTY [17-22]. [synthetic sanitized narrative]",2247.61,11.6,40109
42925380,"Customer reports concern related to clutch, replace clutch, transmission. Diagnosis performed; minor repair/reseal completed under warranty per applicable TSB. Vehicle line C346N FOCUS [12-18]. [synthetic sanitized narrative]",1459.6,6.4,3936
42691353,"Customer reports concern related to clutch, replace clutch, transmission. Diagnosis performed; minor repair/reseal completed under warranty per applicable TSB. Vehicle line C346N FOCUS [12-18]. [synthetic sanitized narrative]",1412.15,6.1,3936
42518056,"Customer reports concern related to clutch, replace clutch, transmission. Diagnosis performed; minor repair/reseal completed under warranty per applicable TSB. Vehicle line C346N FOCUS [12-18]. [synthetic sanitized narrative]",1419.38,9.3,3936
42449697,"Customer reports concern related to clutch, replace clutch, transmission. Diagnosis performed; minor repair/reseal completed under warranty per applicable TSB. Vehicle line C346N FOCUS [12-18]. [synthetic sanitized narrative]",1417.74,5.8,3936
38931455,"Customer reports concern related to clutch, replace clutch, transmission. Diagnosis performed; minor repair/reseal completed under warranty per applicable TSB. Vehicle line C346N FOCUS [12-18]. [synthetic sanitized narrative]",1433.09,7.1,3936
43120556,"Customer reports concern related to main control, main, transmission. Diagnosis confirmed component failure; full assembly replacement completed under warranty per applicable TSB. Vehicle line P552N F-150 [15-20]. [synthetic sanitized narrative]",3787.76,10.6,35069
36714485,"Customer reports concern related to clutch, replace clutch, transmission. Diagnosis performed; minor repair/reseal completed under warranty per applicable TSB. Vehicle line C346N FOCUS [12-18]. [synthetic sanitized narrative]",999.02,5.8,3936
39906551,"Customer reports concern related to oil, oil pan, pan. Diagnosis performed; minor repair/reseal completed under warranty per applicable TSB. Vehicle line P558N SUPER DUTY [17-22]. [synthetic sanitized narrative]",1871.61,14.4,40109
37359545,"Customer reports concern related to clutch, replace clutch, transmission. Diagnosis performed; minor repair/reseal completed under warranty per applicable TSB. Vehicle line C346N FOCUS [12-18]. [synthetic sanitized narrative]",845.25,6.3,3936
42593429,"Customer reports concern related to clutch, replace clutch, transmission. Diagnosis performed; minor repair/reseal completed under warranty per applicable TSB. Vehicle line C346N FOCUS [12-18]. [synthetic sanitized narrative]",1480.57,6.4,3936
41929482,"Customer reports concern related to clutch, replace clutch, transmission. Diagnosis performed; minor repair/reseal completed under warranty per applicable TSB. Vehicle line C346N FOCUS [12-18]. [synthetic sanitized narrative]",1246.41,7.2,3936
37302483,"Customer reports concern related to clutch, replace clutch, transmission. Diagnosis performed; minor repair/reseal completed under warranty per applicable TSB. Vehicle line C346N FOCUS [12-18]. [synthetic sanitized narrative]",903.74,5.8,3936
39495598,"Customer reports concern related to clutch, replace clutch, transmission. Diagnosis performed; minor repair/reseal completed under warranty per applicable TSB. Vehicle line C346N FOCUS [12-18]. [synthetic sanitized narrative]",1330.57,6.4,3936
42925660,"Customer reports concern related to oil, oil pan, pan. Diagnosis performed; minor repair/reseal completed under warranty per applicable TSB. Vehicle line P558N SUPER DUTY [17-22]. [synthetic sanitized narrative]",1870.86,10.5,40109
40209455,"Customer reports concern related to clutch, replace clutch, transmission. Diagnosis confirmed component failure; full assembly replacement completed under warranty per applicable TSB. Vehicle line C346N FOCUS [12-18]. [synthetic sanitized narrative]",1652.99,7.3,3936
42795204,"Customer reports concern related to long block, block, long. Diagnosis confirmed component failure; full assembly replacement completed under warranty per applicable TSB. Vehicle line CD539N EDGE [15-24]. [synthetic sanitized narrative]",6279.95,21.5,14641
42746830,"Customer reports concern related to clutch, replace clutch, transmission. Diagnosis performed; minor repair/reseal completed under warranty per applicable TSB. Vehicle line C346N FOCUS [12-18]. [synthetic sanitized narrative]",1458.99,6.4,3936
40468538,"Customer reports concern related to oil, oil pan, pan. Diagnosis performed; minor repair/reseal completed under warranty per applicable TSB. Vehicle line P558N SUPER DUTY [17-22]. [synthetic sanitized narrative]",1603.68,10.2,40109
42518090,"Customer reports concern related to clutch, replace clutch, transmission. Diagnosis confirmed component failure; full assembly replacement completed under warranty per applicable TSB. Vehicle line C346N FOCUS [12-18]. [synthetic sanitized narrative]",1835.01,7.8,3936
42905825,"Customer reports concern related to clutch, replace clutch, transmission. Diagnosis confirmed component failure; full assembly replacement completed under warranty per applicable TSB. Vehicle line C346N FOCUS [12-18]. [synthetic sanitized narrative]",1761.67,5.7,3936
42818381,"Customer reports concern related to clutch, replace clutch, transmission. Diagnosis performed; minor repair/reseal completed under warranty per applicable TSB. Vehicle line C346N FOCUS [12-18]. [synthetic sanitized narrative]",1121.38,6.1,3936
40610476,"Customer reports concern related to clutch, replace clutch, transmission. Diagnosis confirmed component failure; full assembly replacement completed under warranty per applicable TSB. Vehicle line C346N FOCUS [12-18]. [synthetic sanitized narrative]",1927.91,6.3,3936
42680343,"Customer reports concern related to clutch, replace clutch, transmission. Diagnosis performed; minor repair/reseal completed under warranty per applicable TSB. Vehicle line C346N FOCUS [12-18]. [synthetic sanitized narrative]",1517.53,5.6,3936
39032476,"Customer reports concern related to clutch, replace clutch, transmission. Diagnosis performed; minor repair/reseal completed under warranty per applicable TSB. Vehicle line C346N FOCUS [12-18]. [synthetic sanitized narrative]",1176.81,5.9,3936
42511007,"Customer reports concern related to clutch, replace clutch, transmission. Diagnosis confirmed component failure; full assembly replacement completed under warranty per applicable TSB. Vehicle line C346N FOCUS [12-18]. [synthetic sanitized narrative]",1940.24,6.3,3936
42705477,"Customer reports concern related to clutch, replace clutch, transmission. Diagnosis performed; minor repair/reseal completed under warranty per applicable TSB. Vehicle line C346N FOCUS [12-18]. [synthetic sanitized narrative]",1513.54,7.6,3936
38543497,"Customer reports concern related to clutch, replace clutch, transmission. Diagnosis confirmed component failure; full assembly replacement completed under warranty per applicable TSB. Vehicle line C346N FOCUS [12-18]. [synthetic sanitized narrative]",2735.83,13.3,3936
42831827,"Customer reports concern related to clutch, replace clutch, transmission. Diagnosis confirmed component failure; full assembly replacement completed under warranty per applicable TSB. Vehicle line C346N FOCUS [12-18]. [synthetic sanitized narrative]",2415.9,6.6,3936
42870114,"Customer reports concern related to clutch, replace clutch, transmission. Diagnosis confirmed component failure; full assembly replacement completed under warranty per applicable TSB. Vehicle line C346N FOCUS [12-18]. [synthetic sanitized narrative]",1656.11,6.1,3936
42821436,"Customer reports concern related to main control, main, transmission. Diagnosis confirmed component failure; full assembly replacement completed under warranty per applicable TSB. Vehicle line P552N F-150 [15-20]. [synthetic sanitized narrative]",5755.37,25.0,35069
42529988,"Customer reports concern related to clutch, replace clutch, transmission. Diagnosis performed; minor repair/reseal completed under warranty per applicable TSB. Vehicle line C346N FOCUS [12-18]. [synthetic sanitized narrative]",1267.47,5.8,3936
42876697,"Customer reports concern related to oil, oil pan, pan. Diagnosis confirmed component failure; full assembly replacement completed under warranty per applicable TSB. Vehicle line P558N SUPER DUTY [17-22]. [synthetic sanitized narrative]",2814.68,24.3,40109
41248494,"Customer reports concern related to oil, oil pan, pan. Diagnosis confirmed component failure; full assembly replacement completed under warranty per applicable TSB. Vehicle line P558N SUPER DUTY [17-22]. [synthetic sanitized narrative]",3181.65,17.6,40109
37325498,"Customer reports concern related to long block, block, long. Diagnosis confirmed component failure; full assembly replacement completed under warranty per applicable TSB. Vehicle line CD539N EDGE [15-24]. [synthetic sanitized narrative]",5132.06,16.6,14641
38448477,"Customer reports concern related to oil, oil pan, pan. Diagnosis confirmed component failure; full assembly replacement completed under warranty per applicable TSB. Vehicle line P558N SUPER DUTY [17-22]. [synthetic sanitized narrative]",3169.93,20.0,40109
38516481,"Customer reports concern related to water pump, water, pump. Diagnosis performed; minor repair/reseal completed under warranty per applicable TSB. Vehicle line U502N EXPLORER [11-19]. [synthetic sanitized narrative]",1250.02,9.4,53967
39231541,"Customer reports concern related to long block, block, long. Diagnosis performed; minor repair/reseal completed under warranty per applicable TSB. Vehicle line CD539N EDGE [15-24]. [synthetic sanitized narrative]",4023.67,14.5,14641
42354533,"Customer reports concern related to water pump, water, pump. Diagnosis confirmed component failure; full assembly replacement completed under warranty per applicable TSB. Vehicle line U502N EXPLORER [11-19]. [synthetic sanitized narrative]",1723.04,10.1,53967
42453884,"Customer reports concern related to transmission, repair, fluid. Diagnosis performed; minor repair/reseal completed under warranty per applicable TSB. Vehicle line V408E TRANSIT CONNECT [13-24]. [synthetic sanitized narrative]",2737.48,16.9,71778
37052545,"Customer reports concern related to long block, block, long. Diagnosis confirmed component failure; full assembly replacement completed under warranty per applicable TSB. Vehicle line CD539N EDGE [15-24]. [synthetic sanitized narrative]",5780.86,19.1,14641
43050495,"Customer reports concern related to oil, oil pan, pan. Diagnosis confirmed component failure; full assembly replacement completed under warranty per applicable TSB. Vehicle line P558N SUPER DUTY [17-22]. [synthetic sanitized narrative]",1972.27,12.2,40109
39621490,"Customer reports concern related to long block, block, long. Diagnosis confirmed component failure; full assembly replacement completed under warranty per applicable TSB. Vehicle line CD539N EDGE [15-24]. [synthetic sanitized narrative]",5149.81,18.8,14641
42595160,"Customer reports concern related to water pump, water, pump. Diagnosis confirmed component failure; full assembly replacement completed under warranty per applicable TSB. Vehicle line U502N EXPLORER [11-19]. [synthetic sanitized narrative]",2189.82,12.9,53967
43088449,"Customer reports concern related to water pump, water, pump. Diagnosis performed; minor repair/reseal completed under warranty per applicable TSB. Vehicle line U502N EXPLORER [11-19]. [synthetic sanitized narrative]",1540.79,8.9,53967
42766271,"Customer reports concern related to oil, oil pan, pan. Diagnosis performed; minor repair/reseal completed under warranty per applicable TSB. Vehicle line P558N SUPER DUTY [17-22]. [synthetic sanitized narrative]",1490.21,10.9,40109
39600470,"Customer reports concern related to long block, block, long. Diagnosis confirmed component failure; full assembly replacement completed under warranty per applicable TSB. Vehicle line CD539N EDGE [15-24]. [synthetic sanitized narrative]",4818.39,16.5,14641
41456485,"Customer reports concern related to oil, oil pan, pan. Diagnosis confirmed component failure; full assembly replacement completed under warranty per applicable TSB. Vehicle line P558N SUPER DUTY [17-22]. [synthetic sanitized narrative]",2330.45,13.9,40109
42718640,"Customer reports concern related to long block, block, long. Diagnosis confirmed component failure; full assembly replacement completed under warranty per applicable TSB. Vehicle line CD539N EDGE [15-24]. [synthetic sanitized narrative]",4981.43,20.8,14641
41511467,"Customer reports concern related to long block, block, long. Diagnosis performed; minor repair/reseal completed under warranty per applicable TSB. Vehicle line P552N F-150 [15-20]. [synthetic sanitized narrative]",8779.76,13.7,32954
42802555,"Customer reports concern related to long block, block, long. Diagnosis performed; minor repair/reseal completed under warranty per applicable TSB. Vehicle line P552N F-150 [15-20]. [synthetic sanitized narrative]",6113.59,14.6,32954
43001947,"Customer reports concern related to long block, block, long. Diagnosis performed; minor repair/reseal completed under warranty per applicable TSB. Vehicle line P552N F-150 [15-20]. [synthetic sanitized narrative]",7708.21,19.8,32954
42877576,"Customer reports concern related to long block, block, long. Diagnosis performed; minor repair/reseal completed under warranty per applicable TSB. Vehicle line P552N F-150 [15-20]. [synthetic sanitized narrative]",2463.87,15.3,32954
42984571,"Customer reports concern related to long block, block, long. Diagnosis performed; minor repair/reseal completed under warranty per applicable TSB. Vehicle line P552N F-150 [15-20]. [synthetic sanitized narrative]",7683.14,17.6,32954
42696056,"Customer reports concern related to long block, block, long. Diagnosis performed; minor repair/reseal completed under warranty per applicable TSB. Vehicle line CD539N EDGE [15-24]. [synthetic sanitized narrative]",3561.4,15.2,14641
42634319,"Customer reports concern related to long block, block, long. Diagnosis performed; minor repair/reseal completed under warranty per applicable TSB. Vehicle line CD539N EDGE [15-24]. [synthetic sanitized narrative]",4269.22,13.4,14641
39227470,"Customer reports concern related to long block, block, long. Diagnosis performed; minor repair/reseal completed under warranty per applicable TSB. Vehicle line CD539N EDGE [15-24]. [synthetic sanitized narrative]",3534.8,15.2,14641
42787400,"Customer reports concern related to long block, block, long. Diagnosis performed; minor repair/reseal completed under warranty per applicable TSB. Vehicle line CD539N EDGE [15-24]. [synthetic sanitized narrative]",3846.9,15.8,14641
38689454,"Customer reports concern related to long block, block, long. Diagnosis performed; minor repair/reseal completed under warranty per applicable TSB. Vehicle line CD539N EDGE [15-24]. [synthetic sanitized narrative]",3736.03,15.8,14641
42737252,"Customer reports concern related to long block, block, long. Diagnosis confirmed component failure; full assembly replacement completed under warranty per applicable TSB. Vehicle line CD539N EDGE [15-24]. [synthetic sanitized narrative]",4751.67,14.5,14641
42519623,"Customer reports concern related to long block, block, long. Diagnosis performed; minor repair/reseal completed under warranty per applicable TSB. Vehicle line CD539N EDGE [15-24]. [synthetic sanitized narrative]",4551.47,15.2,14641
38437519,"Customer reports concern related to long block, block, long. Diagnosis confirmed component failure; full assembly replacement completed under warranty per applicable TSB. Vehicle line CD539N EDGE [15-24]. [synthetic sanitized narrative]",4701.96,13.4,14641
42746234,"Customer reports concern related to long block, block, long. Diagnosis confirmed component failure; full assembly replacement completed under warranty per applicable TSB. Vehicle line CD539N EDGE [15-24]. [synthetic sanitized narrative]",4677.98,15.2,14641
42754910,"Customer reports concern related to long block, block, long. Diagnosis performed; minor repair/reseal completed under warranty per applicable TSB. Vehicle line P552N F-150 [15-20]. [synthetic sanitized narrative]",8095.63,17.2,32954
38794466,"Customer reports concern related to long block, block, long. Diagnosis performed; minor repair/reseal completed under warranty per applicable TSB. Vehicle line CD539N EDGE [15-24]. [synthetic sanitized narrative]",4250.58,15.2,14641
40156456,"Customer reports concern related to long block, block, long. Diagnosis confirmed component failure; full assembly replacement completed under warranty per applicable TSB. Vehicle line CD539N EDGE [15-24]. [synthetic sanitized narrative]",4812.02,13.9,14641
38949453,"Customer reports concern related to long block, block, long. Diagnosis confirmed component failure; full assembly replacement completed under warranty per applicable TSB. Vehicle line CD539N EDGE [15-24]. [synthetic sanitized narrative]",5279.86,15.8,14641
42994515,"Customer reports concern related to long block, block, long. Diagnosis confirmed component failure; full assembly replacement completed under warranty per applicable TSB. Vehicle line CD539N EDGE [15-24]. [synthetic sanitized narrative]",8301.52,40.6,14641
39656453,"Customer reports concern related to long block, block, long. Diagnosis performed; minor repair/reseal completed under warranty per applicable TSB. Vehicle line P552N F-150 [15-20]. [synthetic sanitized narrative]",8394.55,16.6,32954
42639018,"Customer reports concern related to long block, block, long. Diagnosis performed; minor repair/reseal completed under warranty per applicable TSB. Vehicle line CD539N EDGE [15-24]. [synthetic sanitized narrative]",4508.05,14.0,14641
40112456,"Customer reports concern related to long block, block, long. Diagnosis confirmed component failure; full assembly replacement completed under warranty per applicable TSB. Vehicle line CD539N EDGE [15-24]. [synthetic sanitized narrative]",4863.84,16.7,14641
38316470,"Customer reports concern related to long block, block, long. Diagnosis performed; minor repair/reseal completed under warranty per applicable TSB. Vehicle line CD539N EDGE [15-24]. [synthetic sanitized narrative]",4161.2,16.0,14641
42578532,"Customer reports concern related to long block, block, long. Diagnosis confirmed component failure; full assembly replacement completed under warranty per applicable TSB. Vehicle line P552N F-150 [15-20]. [synthetic sanitized narrative]",12379.6,18.1,32954
39427514,"Customer reports concern related to long block, block, long. Diagnosis performed; minor repair/reseal completed under warranty per applicable TSB. Vehicle line CD539N EDGE [15-24]. [synthetic sanitized narrative]",3805.5,15.2,14641
42774781,"Customer reports concern related to long block, block, long. Diagnosis performed; minor repair/reseal completed under warranty per applicable TSB. Vehicle line CD539N EDGE [15-24]. [synthetic sanitized narrative]",4368.4,14.0,14641
38056473,"Customer reports concern related to long block, block, long. Diagnosis confirmed component failure; full assembly replacement completed under warranty per applicable TSB. Vehicle line CD539N EDGE [15-24]. [synthetic sanitized narrative]",4860.26,16.5,14641
42536135,"Customer reports concern related to long block, block, long. Diagnosis confirmed component failure; full assembly replacement completed under warranty per applicable TSB. Vehicle line CD539N EDGE [15-24]. [synthetic sanitized narrative]",5135.23,17.0,14641
42549708,"Customer reports concern related to long block, block, long. Diagnosis confirmed component failure; full assembly replacement completed under warranty per applicable TSB. Vehicle line CD539N EDGE [15-24]. [synthetic sanitized narrative]",5058.83,14.0,14641
42964016,"Customer reports concern related to long block, block, long. Diagnosis confirmed component failure; full assembly replacement completed under warranty per applicable TSB. Vehicle line CD539N EDGE [15-24]. [synthetic sanitized narrative]",5439.44,15.2,14641
42722109,"Customer reports concern related to long block, block, long. Diagnosis performed; minor repair/reseal completed under warranty per applicable TSB. Vehicle line CD539N EDGE [15-24]. [synthetic sanitized narrative]",4012.5,15.2,14641
42688282,"Customer reports concern related to long block, block, long. Diagnosis confirmed component failure; full assembly replacement completed under warranty per applicable TSB. Vehicle line CD539N EDGE [15-24]. [synthetic sanitized narrative]",5600.08,15.2,14641
42519148,"Customer reports concern related to long block, block, long. Diagnosis performed; minor repair/reseal completed under warranty per applicable TSB. Vehicle line CD539N EDGE [15-24]. [synthetic sanitized narrative]",4191.78,15.8,14641
42986500,"Customer reports concern related to long block, block, long. Diagnosis performed; minor repair/reseal completed under warranty per applicable TSB. Vehicle line P552N F-150 [15-20]. [synthetic sanitized narrative]",6439.79,15.3,32954
43045095,"Customer reports concern related to long block, block, long. Diagnosis performed; minor repair/reseal completed under warranty per applicable TSB. Vehicle line CD539N EDGE [15-24]. [synthetic sanitized narrative]",4570.69,14.2,14641
42495963,"Customer reports concern related to long block, block, long. Diagnosis confirmed component failure; full assembly replacement completed under warranty per applicable TSB. Vehicle line CD539N EDGE [15-24]. [synthetic sanitized narrative]",5442.28,15.2,14641
42747799,"Customer reports concern related to long block, block, long. Diagnosis performed; minor repair/reseal completed under warranty per applicable TSB. Vehicle line P552N F-150 [15-20]. [synthetic sanitized narrative]",6085.46,17.9,32954
42842318,"Customer reports concern related to oil, oil pan, pan. Diagnosis confirmed component failure; full assembly replacement completed under warranty per applicable TSB. Vehicle line P558N SUPER DUTY [17-22]. [synthetic sanitized narrative]",5997.98,34.9,40109
38342582,"Customer reports concern related to long block, block, long. Diagnosis confirmed component failure; full assembly replacement completed under warranty per applicable TSB. Vehicle line CD539N EDGE [15-24]. [synthetic sanitized narrative]",5089.65,14.2,14641
43029875,"Customer reports concern related to long block, block, long. Diagnosis performed; minor repair/reseal completed under warranty per applicable TSB. Vehicle line P552N F-150 [15-20]. [synthetic sanitized narrative]",7426.48,13.5,32954
39117465,"Customer reports concern related to long block, block, long. Diagnosis performed; minor repair/reseal completed under warranty per applicable TSB. Vehicle line CD539N EDGE [15-24]. [synthetic sanitized narrative]",3367.58,13.4,14641
37164484,"Customer reports concern related to long block, block, long. Diagnosis performed; minor repair/reseal completed under warranty per applicable TSB. Vehicle line CD539N EDGE [15-24]. [synthetic sanitized narrative]",3221.63,13.3,14641
42602642,"Customer reports concern related to long block, block, long. Diagnosis confirmed component failure; full assembly replacement completed under warranty per applicable TSB. Vehicle line CD539N EDGE [15-24]. [synthetic sanitized narrative]",5553.91,20.3,14641
42685927,"Customer reports concern related to long block, block, long. Diagnosis confirmed component failure; full assembly replacement completed under warranty per applicable TSB. Vehicle line CD539N EDGE [15-24]. [synthetic sanitized narrative]",6248.66,21.3,14641
43125493,"Customer reports concern related to main control, main, transmission. Diagnosis performed; minor repair/reseal completed under warranty per applicable TSB. Vehicle line P552N F-150 [15-20]. [synthetic sanitized narrative]",3390.23,18.8,35069
42574712,"Customer reports concern related to long block, block, long. Diagnosis confirmed component failure; full assembly replacement completed under warranty per applicable TSB. Vehicle line CD539N EDGE [15-24]. [synthetic sanitized narrative]",6339.75,18.8,14641
42684094,"Customer reports concern related to long block, block, long. Diagnosis confirmed component failure; full assembly replacement completed under warranty per applicable TSB. Vehicle line CD539N EDGE [15-24]. [synthetic sanitized narrative]",4616.39,26.7,14641
41695479,"Customer reports concern related to long block, block, long. Diagnosis performed; minor repair/reseal completed under warranty per applicable TSB. Vehicle line P552N F-150 [15-20]. [synthetic sanitized narrative]",5987.94,0.0,32954
36886458,"Customer reports concern related to long block, block, long. Diagnosis performed; minor repair/reseal completed under warranty per applicable TSB. Vehicle line CD539N EDGE [15-24]. [synthetic sanitized narrative]",4004.86,13.9,14641
43120075,"Customer reports concern related to long block, block, long. Diagnosis confirmed component failure; full assembly replacement completed under warranty per applicable TSB. Vehicle line CD539N EDGE [15-24]. [synthetic sanitized narrative]",5586.71,20.3,14641
42940854,"Customer reports concern related to oil, oil pan, pan. Diagnosis performed; minor repair/reseal completed under warranty per applicable TSB. Vehicle line P558N SUPER DUTY [17-22]. [synthetic sanitized narrative]",1584.53,12.6,40109
37336490,"Customer reports concern related to rattle, phasers, cam. Diagnosis confirmed component failure; full assembly replacement completed under warranty per applicable TSB. Vehicle line P552N F-150 [15-20]. [synthetic sanitized narrative]",2479.76,16.5,33030
43053663,"Customer reports concern related to rattle, phasers, cam. Diagnosis performed; minor repair/reseal completed under warranty per applicable TSB. Vehicle line P552N F-150 [15-20]. [synthetic sanitized narrative]",1669.54,9.9,33030
41305514,"Customer reports concern related to rattle, phasers, cam. Diagnosis performed; minor repair/reseal completed under warranty per applicable TSB. Vehicle line P552N F-150 [15-20]. [synthetic sanitized narrative]",1718.78,9.9,33030
40312464,"Customer reports concern related to rattle, phasers, cam. Diagnosis performed; minor repair/reseal completed under warranty per applicable TSB. Vehicle line P552N F-150 [15-20]. [synthetic sanitized narrative]",1182.26,9.6,33030
43145866,"Customer reports concern related to rattle, phasers, cam. Diagnosis confirmed component failure; full assembly replacement completed under warranty per applicable TSB. Vehicle line P552N F-150 [15-20]. [synthetic sanitized narrative]",7448.16,34.2,33030
43114157,"Customer reports concern related to rattle, phasers, cam. Diagnosis confirmed component failure; full assembly replacement completed under warranty per applicable TSB. Vehicle line P552N F-150 [15-20]. [synthetic sanitized narrative]",2298.31,9.7,33030
43043935,"Customer reports concern related to rattle, phasers, cam. Diagnosis performed; minor repair/reseal completed under warranty per applicable TSB. Vehicle line P552N F-150 [15-20]. [synthetic sanitized narrative]",1406.67,9.7,33030
42580696,"Customer reports concern related to rattle, phasers, cam. Diagnosis confirmed component failure; full assembly replacement completed under warranty per applicable TSB. Vehicle line P552N F-150 [15-20]. [synthetic sanitized narrative]",5074.67,21.9,33030
38402490,"Customer reports concern related to rattle, phasers, cam. Diagnosis performed; minor repair/reseal completed under warranty per applicable TSB. Vehicle line P552N F-150 [15-20]. [synthetic sanitized narrative]",1490.98,9.9,33030
42958111,"Customer reports concern related to rattle, phasers, cam. Diagnosis confirmed component failure; full assembly replacement completed under warranty per applicable TSB. Vehicle line P552N F-150 [15-20]. [synthetic sanitized narrative]",2399.97,10.3,33030
42605596,"Customer reports concern related to rattle, phasers, cam. Diagnosis performed; minor repair/reseal completed under warranty per applicable TSB. Vehicle line P552N F-150 [15-20]. [synthetic sanitized narrative]",1349.77,9.8,33030
41491474,"Customer reports concern related to rattle, phasers, cam. Diagnosis performed; minor repair/reseal completed under warranty per applicable TSB. Vehicle line P552N F-150 [15-20]. [synthetic sanitized narrative]",1284.1,9.6,33030
42788846,"Customer reports concern related to main control, main, transmission. Diagnosis confirmed component failure; full assembly replacement completed under warranty per applicable TSB. Vehicle line P552N F-150 [15-20]. [synthetic sanitized narrative]",6417.44,33.3,35069
42615298,"Customer reports concern related to rattle, phasers, cam. Diagnosis performed; minor repair/reseal completed under warranty per applicable TSB. Vehicle line P552N F-150 [15-20]. [synthetic sanitized narrative]",1600.29,9.6,33030
41192526,"Customer reports concern related to rattle, phasers, cam. Diagnosis performed; minor repair/reseal completed under warranty per applicable TSB. Vehicle line P552N F-150 [15-20]. [synthetic sanitized narrative]",1832.9,14.3,33030
42505423,"Customer reports concern related to rattle, phasers, cam. Diagnosis performed; minor repair/reseal completed under warranty per applicable TSB. Vehicle line P552N F-150 [15-20]. [synthetic sanitized narrative]",1575.94,9.6,33030
38039465,"Customer reports concern related to rattle, phasers, cam. Diagnosis performed; minor repair/reseal completed under warranty per applicable TSB. Vehicle line P552N F-150 [15-20]. [synthetic sanitized narrative]",1466.5,10.8,33030
39241455,"Customer reports concern related to rattle, phasers, cam. Diagnosis confirmed component failure; full assembly replacement completed under warranty per applicable TSB. Vehicle line P552N F-150 [15-20]. [synthetic sanitized narrative]",2871.13,9.6,33030
40382750,"Customer reports concern related to rattle, phasers, cam. Diagnosis performed; minor repair/reseal completed under warranty per applicable TSB. Vehicle line P552N F-150 [15-20]. [synthetic sanitized narrative]",1507.81,9.6,33030
41954492,"Customer reports concern related to rattle, phasers, cam. Diagnosis performed; minor repair/reseal completed under warranty per applicable TSB. Vehicle line P552N F-150 [15-20]. [synthetic sanitized narrative]",1302.82,9.6,33030
42651445,"Customer reports concern related to rattle, phasers, cam. Diagnosis confirmed component failure; full assembly replacement completed under warranty per applicable TSB. Vehicle line P552N F-150 [15-20]. [synthetic sanitized narrative]",3490.66,17.2,33030
39436467,"Customer reports concern related to rattle, phasers, cam. Diagnosis performed; minor repair/reseal completed under warranty per applicable TSB. Vehicle line P552N F-150 [15-20]. [synthetic sanitized narrative]",1234.07,9.6,33030
38753568,"Customer reports concern related to rattle, phasers, cam. Diagnosis performed; minor repair/reseal completed under warranty per applicable TSB. Vehicle line P552N F-150 [15-20]. [synthetic sanitized narrative]",1675.7,10.0,33030
42750799,"Customer reports concern related to rattle, phasers, cam. Diagnosis performed; minor repair/reseal completed under warranty per applicable TSB. Vehicle line P552N F-150 [15-20]. [synthetic sanitized narrative]",1723.8,11.7,33030
42950622,"Customer reports concern related to rattle, phasers, cam. Diagnosis confirmed component failure; full assembly replacement completed under warranty per applicable TSB. Vehicle line P552N F-150 [15-20]. [synthetic sanitized narrative]",7650.41,25.0,33030
42673029,"Customer reports concern related to water pump, water, pump. Diagnosis confirmed component failure; full assembly replacement completed under warranty per applicable TSB. Vehicle line U502N EXPLORER [11-19]. [synthetic sanitized narrative]",4054.47,22.6,53967
38596494,"Customer reports concern related to rattle, phasers, cam. Diagnosis confirmed component failure; full assembly replacement completed under warranty per applicable TSB. Vehicle line P552N F-150 [15-20]. [synthetic sanitized narrative]",1946.92,19.8,33030
42911774,"Customer reports concern related to main control, main, transmission. Diagnosis confirmed component failure; full assembly replacement completed under warranty per applicable TSB. Vehicle line P552N F-150 [15-20]. [synthetic sanitized narrative]",6854.18,33.6,35069
42976563,"Customer reports concern related to rattle, phasers, cam. Diagnosis performed; minor repair/reseal completed under warranty per applicable TSB. Vehicle line P552N F-150 [15-20]. [synthetic sanitized narrative]",1592.43,9.6,33030
42822981,"Customer reports concern related to rattle, phasers, cam. Diagnosis confirmed component failure; full assembly replacement completed under warranty per applicable TSB. Vehicle line P552N F-150 [15-20]. [synthetic sanitized narrative]",1989.6,9.6,33030
38534514,"Customer reports concern related to rattle, phasers, cam. Diagnosis performed; minor repair/reseal completed under warranty per applicable TSB. Vehicle line P552N F-150 [15-20]. [synthetic sanitized narrative]",1477.67,9.6,33030
42948052,"Customer reports concern related to rattle, phasers, cam. Diagnosis confirmed component failure; full assembly replacement completed under warranty per applicable TSB. Vehicle line P552N F-150 [15-20]. [synthetic sanitized narrative]",2276.52,10.1,33030
43080301,"Customer reports concern related to rattle, phasers, cam. Diagnosis performed; minor repair/reseal completed under warranty per applicable TSB. Vehicle line P552N F-150 [15-20]. [synthetic sanitized narrative]",1454.54,9.6,33030
42508302,"Customer reports concern related to rattle, phasers, cam. Diagnosis performed; minor repair/reseal completed under warranty per applicable TSB. Vehicle line P552N F-150 [15-20]. [synthetic sanitized narrative]",1701.6,9.6,33030
37675699,"Customer reports concern related to rattle, phasers, cam. Diagnosis performed; minor repair/reseal completed under warranty per applicable TSB. Vehicle line P552N F-150 [15-20]. [synthetic sanitized narrative]",1592.94,10.1,33030
38702499,"Customer reports concern related to rattle, phasers, cam. Diagnosis performed; minor repair/reseal completed under warranty per applicable TSB. Vehicle line P552N F-150 [15-20]. [synthetic sanitized narrative]",1473.46,9.5,33030
42764102,"Customer reports concern related to rattle, phasers, cam. Diagnosis confirmed component failure; full assembly replacement completed under warranty per applicable TSB. Vehicle line P552N F-150 [15-20]. [synthetic sanitized narrative]",2574.42,13.6,33030
42983060,"Customer reports concern related to rattle, phasers, cam. Diagnosis performed; minor repair/reseal completed under warranty per applicable TSB. Vehicle line P552N F-150 [15-20]. [synthetic sanitized narrative]",1632.79,10.8,33030
38741559,"Customer reports concern related to rattle, phasers, cam. Diagnosis performed; minor repair/reseal completed under warranty per applicable TSB. Vehicle line P552N F-150 [15-20]. [synthetic sanitized narrative]",1406.26,9.6,33030
43011420,"Customer reports concern related to rattle, phasers, cam. Diagnosis performed; minor repair/reseal completed under warranty per applicable TSB. Vehicle line P552N F-150 [15-20]. [synthetic sanitized narrative]",1714.59,9.6,33030
43046783,"Customer reports concern related to oil, oil pan, pan. Diagnosis performed; minor repair/reseal completed under warranty per applicable TSB. Vehicle line P558N SUPER DUTY [17-22]. [synthetic sanitized narrative]",1824.65,11.0,40109
43117373,"Customer reports concern related to oil, oil pan, pan. Diagnosis confirmed component failure; full assembly replacement completed under warranty per applicable TSB. Vehicle line P558N SUPER DUTY [17-22]. [synthetic sanitized narrative]",1941.73,10.2,40109
40793473,"Customer reports concern related to oil, oil pan, pan. Diagnosis performed; minor repair/reseal completed under warranty per applicable TSB. Vehicle line P558N SUPER DUTY [17-22]. [synthetic sanitized narrative]",1571.11,10.6,40109
42965436,"Customer reports concern related to oil, oil pan, pan. Diagnosis confirmed component failure; full assembly replacement completed under warranty per applicable TSB. Vehicle line P558N SUPER DUTY [17-22]. [synthetic sanitized narrative]",4547.6,18.8,40109
42583389,"Customer reports concern related to clutch, replace clutch, transmission. Diagnosis confirmed component failure; full assembly replacement completed under warranty per applicable TSB. Vehicle line C346N FOCUS [12-18]. [synthetic sanitized narrative]",3413.68,13.7,3936
43125442,"Customer reports concern related to rattle, phasers, cam. Diagnosis confirmed component failure; full assembly replacement completed under warranty per applicable TSB. Vehicle line P552N F-150 [15-20]. [synthetic sanitized narrative]",2175.59,12.4,33030
42711254,"Customer reports concern related to oil, oil pan, pan. Diagnosis performed; minor repair/reseal completed under warranty per applicable TSB. Vehicle line P558N SUPER DUTY [17-22]. [synthetic sanitized narrative]",1750.22,10.2,40109
37703534,"Customer reports concern related to oil, oil pan, pan. Diagnosis performed; minor repair/reseal completed under warranty per applicable TSB. Vehicle line P558N SUPER DUTY [17-22]. [synthetic sanitized narrative]",1730.33,13.4,40109
42637200,"Customer reports concern related to oil, oil pan, pan. Diagnosis confirmed component failure; full assembly replacement completed under warranty per applicable TSB. Vehicle line P558N SUPER DUTY [17-22]. [synthetic sanitized narrative]",2314.08,11.7,40109
42853855,"Customer reports concern related to oil, oil pan, pan. Diagnosis performed; minor repair/reseal completed under warranty per applicable TSB. Vehicle line P558N SUPER DUTY [17-22]. [synthetic sanitized narrative]",1423.03,10.2,40109
42081473,"Customer reports concern related to oil, oil pan, pan. Diagnosis performed; minor repair/reseal completed under warranty per applicable TSB. Vehicle line P558N SUPER DUTY [17-22]. [synthetic sanitized narrative]",1020.46,10.1,40109
42491816,"Customer reports concern related to oil, oil pan, pan. Diagnosis confirmed component failure; full assembly replacement completed under warranty per applicable TSB. Vehicle line P558N SUPER DUTY [17-22]. [synthetic sanitized narrative]",3563.42,17.1,40109
42548955,"Customer reports concern related to oil, oil pan, pan. Diagnosis performed; minor repair/reseal completed under warranty per applicable TSB. Vehicle line P558N SUPER DUTY [17-22]. [synthetic sanitized narrative]",928.84,10.3,40109
43120403,"Customer reports concern related to oil, oil pan, pan. Diagnosis performed; minor repair/reseal completed under warranty per applicable TSB. Vehicle line P558N SUPER DUTY [17-22]. [synthetic sanitized narrative]",1703.99,10.2,40109
37220599,"Customer reports concern related to rattle, phasers, cam. Diagnosis confirmed component failure; full assembly replacement completed under warranty per applicable TSB. Vehicle line P552N F-150 [15-20]. [synthetic sanitized narrative]",2464.11,16.0,33030
42546257,"Customer reports concern related to oil, oil pan, pan. Diagnosis performed; minor repair/reseal completed under warranty per applicable TSB. Vehicle line P558N SUPER DUTY [17-22]. [synthetic sanitized narrative]",1522.99,10.2,40109
40627451,"Customer reports concern related to oil, oil pan, pan. Diagnosis performed; minor repair/reseal completed under warranty per applicable TSB. Vehicle line P558N SUPER DUTY [17-22]. [synthetic sanitized narrative]",1244.06,12.1,40109
42438583,"Customer reports concern related to oil, oil pan, pan. Diagnosis performed; minor repair/reseal completed under warranty per applicable TSB. Vehicle line P558N SUPER DUTY [17-22]. [synthetic sanitized narrative]",1634.44,10.2,40109
42586727,"Customer reports concern related to oil, oil pan, pan. Diagnosis performed; minor repair/reseal completed under warranty per applicable TSB. Vehicle line P558N SUPER DUTY [17-22]. [synthetic sanitized narrative]",1358.64,10.2,40109
42703609,"Customer reports concern related to oil, oil pan, pan. Diagnosis performed; minor repair/reseal completed under warranty per applicable TSB. Vehicle line P558N SUPER DUTY [17-22]. [synthetic sanitized narrative]",1600.75,10.6,40109
42994184,"Customer reports concern related to oil, oil pan, pan. Diagnosis confirmed component failure; full assembly replacement completed under warranty per applicable TSB. Vehicle line P558N SUPER DUTY [17-22]. [synthetic sanitized narrative]",2033.06,10.7,40109
42481727,"Customer reports concern related to oil, oil pan, pan. Diagnosis performed; minor repair/reseal completed under warranty per applicable TSB. Vehicle line P558N SUPER DUTY [17-22]. [synthetic sanitized narrative]",1542.23,10.2,40109
43081027,"Customer reports concern related to oil, oil pan, pan. Diagnosis confirmed component failure; full assembly replacement completed under warranty per applicable TSB. Vehicle line P558N SUPER DUTY [17-22]. [synthetic sanitized narrative]",2314.58,10.7,40109
39640453,"Customer reports concern related to long block, block, long. Diagnosis performed; minor repair/reseal completed under warranty per applicable TSB. Vehicle line P552N F-150 [15-20]. [synthetic sanitized narrative]",501.39,4.8,32954
42545623,"Customer reports concern related to oil, oil pan, pan. Diagnosis performed; minor repair/reseal completed under warranty per applicable TSB. Vehicle line P558N SUPER DUTY [17-22]. [synthetic sanitized narrative]",1457.47,10.8,40109
42894792,"Customer reports concern related to oil, oil pan, pan. Diagnosis performed; minor repair/reseal completed under warranty per applicable TSB. Vehicle line P558N SUPER DUTY [17-22]. [synthetic sanitized narrative]",1539.91,10.2,40109
42895211,"Customer reports concern related to oil, oil pan, pan. Diagnosis performed; minor repair/reseal completed under warranty per applicable TSB. Vehicle line P558N SUPER DUTY [17-22]. [synthetic sanitized narrative]",1599.1,11.1,40109
43066779,"Customer reports concern related to oil, oil pan, pan. Diagnosis performed; minor repair/reseal completed under warranty per applicable TSB. Vehicle line P558N SUPER DUTY [17-22]. [synthetic sanitized narrative]",1755.46,14.7,40109
37994476,"Customer reports concern related to oil, oil pan, pan. Diagnosis performed; minor repair/reseal completed under warranty per applicable TSB. Vehicle line P558N SUPER DUTY [17-22]. [synthetic sanitized narrative]",1812.22,10.6,40109
42452864,"Customer reports concern related to oil, oil pan, pan. Diagnosis confirmed component failure; full assembly replacement completed under warranty per applicable TSB. Vehicle line P558N SUPER DUTY [17-22]. [synthetic sanitized narrative]",3498.64,12.3,40109
42048467,"Customer reports concern related to oil, oil pan, pan. Diagnosis performed; minor repair/reseal completed under warranty per applicable TSB. Vehicle line P558N SUPER DUTY [17-22]. [synthetic sanitized narrative]",987.88,10.2,40109
43097125,"Customer reports concern related to oil, oil pan, pan. Diagnosis performed; minor repair/reseal completed under warranty per applicable TSB. Vehicle line P558N SUPER DUTY [17-22]. [synthetic sanitized narrative]",1720.54,10.7,40109
41291470,"Customer reports concern related to clutch, replace clutch, transmission. Diagnosis confirmed component failure; full assembly replacement completed under warranty per applicable TSB. Vehicle line C346N FOCUS [12-18]. [synthetic sanitized narrative]",2365.99,15.9,3936
42871933,"Customer reports concern related to oil, oil pan, pan. Diagnosis confirmed component failure; full assembly replacement completed under warranty per applicable TSB. Vehicle line P558N SUPER DUTY [17-22]. [synthetic sanitized narrative]",2725.83,13.6,40109
42900220,"Customer reports concern related to oil, oil pan, pan. Diagnosis confirmed component failure; full assembly replacement completed under warranty per applicable TSB. Vehicle line P558N SUPER DUTY [17-22]. [synthetic sanitized narrative]",1937.76,11.7,40109
42462559,"Customer reports concern related to oil, oil pan, pan. Diagnosis performed; minor repair/reseal completed under warranty per applicable TSB. Vehicle line P558N SUPER DUTY [17-22]. [synthetic sanitized narrative]",1545.97,11.6,40109
43126434,"Customer reports concern related to oil, oil pan, pan. Diagnosis performed; minor repair/reseal completed under warranty per applicable TSB. Vehicle line P558N SUPER DUTY [17-22]. [synthetic sanitized narrative]",1749.49,10.7,40109
42823257,"Customer reports concern related to oil, oil pan, pan. Diagnosis confirmed component failure; full assembly replacement completed under warranty per applicable TSB. Vehicle line P558N SUPER DUTY [17-22]. [synthetic sanitized narrative]",2158.16,11.6,40109
42642297,"Customer reports concern related to oil, oil pan, pan. Diagnosis performed; minor repair/reseal completed under warranty per applicable TSB. Vehicle line P558N SUPER DUTY [17-22]. [synthetic sanitized narrative]",1098.83,10.2,40109
42464626,"Customer reports concern related to oil, oil pan, pan. Diagnosis confirmed component failure; full assembly replacement completed under warranty per applicable TSB. Vehicle line P558N SUPER DUTY [17-22]. [synthetic sanitized narrative]",2510.93,15.3,40109
42810617,"Customer reports concern related to oil, oil pan, pan. Diagnosis performed; minor repair/reseal completed under warranty per applicable TSB. Vehicle line P558N SUPER DUTY [17-22]. [synthetic sanitized narrative]",1752.27,12.3,40109
42535441,"Customer reports concern related to oil, oil pan, pan. Diagnosis performed; minor repair/reseal completed under warranty per applicable TSB. Vehicle line P558N SUPER DUTY [17-22]. [synthetic sanitized narrative]",1535.65,11.6,40109
37449467,"Customer reports concern related to oil, oil pan, pan. Diagnosis confirmed component failure; full assembly replacement completed under warranty per applicable TSB. Vehicle line P558N SUPER DUTY [17-22]. [synthetic sanitized narrative]",2328.74,20.4,40109
43079545,"Customer reports concern related to long block, block, long. Diagnosis confirmed component failure; full assembly replacement completed under warranty per applicable TSB. Vehicle line P552N F-150 [15-20]. [synthetic sanitized narrative]",14562.82,23.5,32954
43048515,"Customer reports concern related to long block, block, long. Diagnosis confirmed component failure; full assembly replacement completed under warranty per applicable TSB. Vehicle line P552N F-150 [15-20]. [synthetic sanitized narrative]",12431.1,16.6,32954
42654479,"Customer reports concern related to long block, block, long. Diagnosis confirmed component failure; full assembly replacement completed under warranty per applicable TSB. Vehicle line CD539N EDGE [15-24]. [synthetic sanitized narrative]",4654.49,16.2,14641
42697993,"Customer reports concern related to long block, block, long. Diagnosis performed; minor repair/reseal completed under warranty per applicable TSB. Vehicle line P552N F-150 [15-20]. [synthetic sanitized narrative]",7913.42,16.8,32954
42888097,"Customer reports concern related to long block, block, long. Diagnosis performed; minor repair/reseal completed under warranty per applicable TSB. Vehicle line P552N F-150 [15-20]. [synthetic sanitized narrative]",8051.23,15.7,32954
43098301,"Customer reports concern related to long block, block, long. Diagnosis confirmed component failure; full assembly replacement completed under warranty per applicable TSB. Vehicle line P552N F-150 [15-20]. [synthetic sanitized narrative]",10830.0,16.0,32954
42755891,"Customer reports concern related to long block, block, long. Diagnosis confirmed component failure; full assembly replacement completed under warranty per applicable TSB. Vehicle line P552N F-150 [15-20]. [synthetic sanitized narrative]",9002.27,16.2,32954
42548603,"Customer reports concern related to long block, block, long. Diagnosis performed; minor repair/reseal completed under warranty per applicable TSB. Vehicle line P552N F-150 [15-20]. [synthetic sanitized narrative]",7493.58,15.7,32954
42594220,"Customer reports concern related to long block, block, long. Diagnosis confirmed component failure; full assembly replacement completed under warranty per applicable TSB. Vehicle line P552N F-150 [15-20]. [synthetic sanitized narrative]",9481.45,15.3,32954
43024420,"Customer reports concern related to long block, block, long. Diagnosis performed; minor repair/reseal completed under warranty per applicable TSB. Vehicle line P552N F-150 [15-20]. [synthetic sanitized narrative]",6616.6,15.1,32954
42963817,"Customer reports concern related to long block, block, long. Diagnosis performed; minor repair/reseal completed under warranty per applicable TSB. Vehicle line P552N F-150 [15-20]. [synthetic sanitized narrative]",7925.9,13.5,32954
42786702,"Customer reports concern related to long block, block, long. Diagnosis performed; minor repair/reseal completed under warranty per applicable TSB. Vehicle line P552N F-150 [15-20]. [synthetic sanitized narrative]",6406.54,15.6,32954
42972986,"Customer reports concern related to long block, block, long. Diagnosis confirmed component failure; full assembly replacement completed under warranty per applicable TSB. Vehicle line P552N F-150 [15-20]. [synthetic sanitized narrative]",10789.86,26.6,32954
42767295,"Customer reports concern related to long block, block, long. Diagnosis confirmed component failure; full assembly replacement completed under warranty per applicable TSB. Vehicle line P552N F-150 [15-20]. [synthetic sanitized narrative]",10557.04,20.0,32954
43083747,"Customer reports concern related to long block, block, long. Diagnosis confirmed component failure; full assembly replacement completed under warranty per applicable TSB. Vehicle line P552N F-150 [15-20]. [synthetic sanitized narrative]",9457.2,16.9,32954
43038742,"Customer reports concern related to long block, block, long. Diagnosis confirmed component failure; full assembly replacement completed under warranty per applicable TSB. Vehicle line P552N F-150 [15-20]. [synthetic sanitized narrative]",14589.37,29.6,32954
43040760,"Customer reports concern related to long block, block, long. Diagnosis performed; minor repair/reseal completed under warranty per applicable TSB. Vehicle line P552N F-150 [15-20]. [synthetic sanitized narrative]",8584.45,19.7,32954
42990722,"Customer reports concern related to long block, block, long. Diagnosis confirmed component failure; full assembly replacement completed under warranty per applicable TSB. Vehicle line P552N F-150 [15-20]. [synthetic sanitized narrative]",11981.87,19.4,32954
42737610,"Customer reports concern related to long block, block, long. Diagnosis performed; minor repair/reseal completed under warranty per applicable TSB. Vehicle line P552N F-150 [15-20]. [synthetic sanitized narrative]",7297.55,20.9,32954
43072848,"Customer reports concern related to long block, block, long. Diagnosis performed; minor repair/reseal completed under warranty per applicable TSB. Vehicle line P552N F-150 [15-20]. [synthetic sanitized narrative]",7082.13,14.4,32954
42925923,"Customer reports concern related to long block, block, long. Diagnosis confirmed component failure; full assembly replacement completed under warranty per applicable TSB. Vehicle line P552N F-150 [15-20]. [synthetic sanitized narrative]",10145.22,23.2,32954
42994954,"Customer reports concern related to long block, block, long. Diagnosis performed; minor repair/reseal completed under warranty per applicable TSB. Vehicle line P552N F-150 [15-20]. [synthetic sanitized narrative]",7404.1,14.4,32954
42902397,"Customer reports concern related to long block, block, long. Diagnosis performed; minor repair/reseal completed under warranty per applicable TSB. Vehicle line P552N F-150 [15-20]. [synthetic sanitized narrative]",7354.23,17.5,32954
43034906,"Customer reports concern related to long block, block, long. Diagnosis confirmed component failure; full assembly replacement completed under warranty per applicable TSB. Vehicle line P552N F-150 [15-20]. [synthetic sanitized narrative]",9571.02,30.2,32954
42977987,"Customer reports concern related to long block, block, long. Diagnosis performed; minor repair/reseal completed under warranty per applicable TSB. Vehicle line P552N F-150 [15-20]. [synthetic sanitized narrative]",7882.34,15.4,32954
43103082,"Customer reports concern related to long block, block, long. Diagnosis confirmed component failure; full assembly replacement completed under warranty per applicable TSB. Vehicle line P552N F-150 [15-20]. [synthetic sanitized narrative]",9420.17,16.1,32954
42990709,"Customer reports concern related to long block, block, long. Diagnosis performed; minor repair/reseal completed under warranty per applicable TSB. Vehicle line P552N F-150 [15-20]. [synthetic sanitized narrative]",8554.39,15.6,32954
43134166,"Customer reports concern related to long block, block, long. Diagnosis confirmed component failure; full assembly replacement completed under warranty per applicable TSB. Vehicle line P552N F-150 [15-20]. [synthetic sanitized narrative]",9192.24,18.0,32954
43020106,"Customer reports concern related to long block, block, long. Diagnosis performed; minor repair/reseal completed under warranty per applicable TSB. Vehicle line P552N F-150 [15-20]. [synthetic sanitized narrative]",8224.67,14.2,32954
42723893,"Customer reports concern related to long block, block, long. Diagnosis performed; minor repair/reseal completed under warranty per applicable TSB. Vehicle line P552N F-150 [15-20]. [synthetic sanitized narrative]",6667.3,15.3,32954
42883225,"Customer reports concern related to water pump, water, pump. Diagnosis performed; minor repair/reseal completed under warranty per applicable TSB. Vehicle line U502N EXPLORER [11-19]. [synthetic sanitized narrative]",1629.99,8.6,53967
43139420,"Customer reports concern related to water pump, water, pump. Diagnosis confirmed component failure; full assembly replacement completed under warranty per applicable TSB. Vehicle line U502N EXPLORER [11-19]. [synthetic sanitized narrative]",2197.92,8.6,53967
39221485,"Customer reports concern related to water pump, water, pump. Diagnosis confirmed component failure; full assembly replacement completed under warranty per applicable TSB. Vehicle line U502N EXPLORER [11-19]. [synthetic sanitized narrative]",1900.88,11.2,53967
43090321,"Customer reports concern related to water pump, water, pump. Diagnosis performed; minor repair/reseal completed under warranty per applicable TSB. Vehicle line U502N EXPLORER [11-19]. [synthetic sanitized narrative]",1451.46,8.6,53967
42600128,"Customer reports concern related to water pump, water, pump. Diagnosis confirmed component failure; full assembly replacement completed under warranty per applicable TSB. Vehicle line U502N EXPLORER [11-19]. [synthetic sanitized narrative]",1686.02,9.2,53967
39992498,"Customer reports concern related to water pump, water, pump. Diagnosis performed; minor repair/reseal completed under warranty per applicable TSB. Vehicle line U502N EXPLORER [11-19]. [synthetic sanitized narrative]",1164.63,8.6,53967
42922700,"Customer reports concern related to water pump, water, pump. Diagnosis confirmed component failure; full assembly replacement completed under warranty per applicable TSB. Vehicle line U502N EXPLORER [11-19]. [synthetic sanitized narrative]",1680.01,8.6,53967
43081400,"Customer reports concern related to main control, main, transmission. Diagnosis performed; minor repair/reseal completed under warranty per applicable TSB. Vehicle line P552N F-150 [15-20]. [synthetic sanitized narrative]",3457.8,22.2,35069
42962809,"Customer reports concern related to water pump, water, pump. Diagnosis performed; minor repair/reseal completed under warranty per applicable TSB. Vehicle line U502N EXPLORER [11-19]. [synthetic sanitized narrative]",1287.7,8.6,53967
42513715,"Customer reports concern related to water pump, water, pump. Diagnosis performed; minor repair/reseal completed under warranty per applicable TSB. Vehicle line U502N EXPLORER [11-19]. [synthetic sanitized narrative]",1406.53,8.6,53967
40633478,"Customer reports concern related to water pump, water, pump. Diagnosis performed; minor repair/reseal completed under warranty per applicable TSB. Vehicle line U502N EXPLORER [11-19]. [synthetic sanitized narrative]",1374.91,8.6,53967
41908464,"Customer reports concern related to water pump, water, pump. Diagnosis performed; minor repair/reseal completed under warranty per applicable TSB. Vehicle line U502N EXPLORER [11-19]. [synthetic sanitized narrative]",1416.75,8.6,53967
43045346,"Customer reports concern related to water pump, water, pump. Diagnosis confirmed component failure; full assembly replacement completed under warranty per applicable TSB. Vehicle line U502N EXPLORER [11-19]. [synthetic sanitized narrative]",1678.37,8.6,53967
42459472,"Customer reports concern related to water pump, water, pump. Diagnosis performed; minor repair/reseal completed under warranty per applicable TSB. Vehicle line U502N EXPLORER [11-19]. [synthetic sanitized narrative]",1282.96,8.6,53967
42981108,"Customer reports concern related to water pump, water, pump. Diagnosis confirmed component failure; full assembly replacement completed under warranty per applicable TSB. Vehicle line U502N EXPLORER [11-19]. [synthetic sanitized narrative]",4665.19,17.6,53967
39968490,"Customer reports concern related to water pump, water, pump. Diagnosis performed; minor repair/reseal completed under warranty per applicable TSB. Vehicle line U502N EXPLORER [11-19]. [synthetic sanitized narrative]",1132.59,8.6,53967
42756024,"Customer reports concern related to water pump, water, pump. Diagnosis performed; minor repair/reseal completed under warranty per applicable TSB. Vehicle line U502N EXPLORER [11-19]. [synthetic sanitized narrative]",1361.05,8.6,53967
42154457,"Customer reports concern related to water pump, water, pump. Diagnosis performed; minor repair/reseal completed under warranty per applicable TSB. Vehicle line U502N EXPLORER [11-19]. [synthetic sanitized narrative]",1426.87,9.2,53967
42772861,"Customer reports concern related to water pump, water, pump. Diagnosis performed; minor repair/reseal completed under warranty per applicable TSB. Vehicle line U502N EXPLORER [11-19]. [synthetic sanitized narrative]",1314.39,9.2,53967
42964122,"Customer reports concern related to water pump, water, pump. Diagnosis confirmed component failure; full assembly replacement completed under warranty per applicable TSB. Vehicle line U502N EXPLORER [11-19]. [synthetic sanitized narrative]",2046.09,10.0,53967
42981062,"Customer reports concern related to rattle, phasers, cam. Diagnosis confirmed component failure; full assembly replacement completed under warranty per applicable TSB. Vehicle line P552N F-150 [15-20]. [synthetic sanitized narrative]",2295.67,12.2,33030
42514450,"Customer reports concern related to long block, block, long. Diagnosis confirmed component failure; full assembly replacement completed under warranty per applicable TSB. Vehicle line CD539N EDGE [15-24]. [synthetic sanitized narrative]",4747.28,15.5,14641
38994472,"Customer reports concern related to water pump, water, pump. Diagnosis performed; minor repair/reseal completed under warranty per applicable TSB. Vehicle line U502N EXPLORER [11-19]. [synthetic sanitized narrative]",896.29,8.4,53967
41910486,"Customer reports concern related to water pump, water, pump. Diagnosis performed; minor repair/reseal completed under warranty per applicable TSB. Vehicle line U502N EXPLORER [11-19]. [synthetic sanitized narrative]",1057.15,8.2,53967
36895480,"Customer reports concern related to water pump, water, pump. Diagnosis performed; minor repair/reseal completed under warranty per applicable TSB. Vehicle line U502N EXPLORER [11-19]. [synthetic sanitized narrative]",1298.23,11.2,53967
40543486,"Customer reports concern related to water pump, water, pump. Diagnosis performed; minor repair/reseal completed under warranty per applicable TSB. Vehicle line U502N EXPLORER [11-19]. [synthetic sanitized narrative]",1243.2,9.7,53967
42298497,"Customer reports concern related to water pump, water, pump. Diagnosis performed; minor repair/reseal completed under warranty per applicable TSB. Vehicle line U502N EXPLORER [11-19]. [synthetic sanitized narrative]",1436.33,9.6,53967
42833296,"Customer reports concern related to water pump, water, pump. Diagnosis performed; minor repair/reseal completed under warranty per applicable TSB. Vehicle line U502N EXPLORER [11-19]. [synthetic sanitized narrative]",1487.6,10.3,53967
37514586,"Customer reports concern related to water pump, water, pump. Diagnosis performed; minor repair/reseal completed under warranty per applicable TSB. Vehicle line U502N EXPLORER [11-19]. [synthetic sanitized narrative]",1605.78,8.8,53967
42943918,"Customer reports concern related to water pump, water, pump. Diagnosis performed; minor repair/reseal completed under warranty per applicable TSB. Vehicle line U502N EXPLORER [11-19]. [synthetic sanitized narrative]",1467.45,9.2,53967
42603144,"Customer reports concern related to water pump, water, pump. Diagnosis confirmed component failure; full assembly replacement completed under warranty per applicable TSB. Vehicle line U502N EXPLORER [11-19]. [synthetic sanitized narrative]",1870.21,10.2,53967
42839994,"Customer reports concern related to water pump, water, pump. Diagnosis performed; minor repair/reseal completed under warranty per applicable TSB. Vehicle line U502N EXPLORER [11-19]. [synthetic sanitized narrative]",1479.02,8.6,53967
42925395,"Customer reports concern related to oil, oil pan, pan. Diagnosis confirmed component failure; full assembly replacement completed under warranty per applicable TSB. Vehicle line P558N SUPER DUTY [17-22]. [synthetic sanitized narrative]",3449.51,19.7,40109
38062534,"Customer reports concern related to rattle, phasers, cam. Diagnosis confirmed component failure; full assembly replacement completed under warranty per applicable TSB. Vehicle line P552N F-150 [15-20]. [synthetic sanitized narrative]",8577.14,29.7,33030
37663477,"Customer reports concern related to clutch, replace clutch, transmission. Diagnosis confirmed component failure; full assembly replacement completed under warranty per applicable TSB. Vehicle line C346N FOCUS [12-18]. [synthetic sanitized narrative]",1615.27,7.1,3936
39143490,"Customer reports concern related to water pump, water, pump. Diagnosis confirmed component failure; full assembly replacement completed under warranty per applicable TSB. Vehicle line U502N EXPLORER [11-19]. [synthetic sanitized narrative]",6164.03,26.2,53967
42828118,"Customer reports concern related to main control, main, transmission. Diagnosis confirmed component failure; full assembly replacement completed under warranty per applicable TSB. Vehicle line P552N F-150 [15-20]. [synthetic sanitized narrative]",3770.56,18.7,35069
43083184,"Customer reports concern related to main control, main, transmission. Diagnosis confirmed component failure; full assembly replacement completed under warranty per applicable TSB. Vehicle line P552N F-150 [15-20]. [synthetic sanitized narrative]",4106.22,20.3,35069
42755930,"Customer reports concern related to main control, main, transmission. Diagnosis confirmed component failure; full assembly replacement completed under warranty per applicable TSB. Vehicle line P552N F-150 [15-20]. [synthetic sanitized narrative]",4950.45,21.2,35069
42733092,"Customer reports concern related to main control, main, transmission. Diagnosis confirmed component failure; full assembly replacement completed under warranty per applicable TSB. Vehicle line P552N F-150 [15-20]. [synthetic sanitized narrative]",4224.25,21.9,35069
42799334,"Customer reports concern related to main control, main, transmission. Diagnosis confirmed component failure; full assembly replacement completed under warranty per applicable TSB. Vehicle line P552N F-150 [15-20]. [synthetic sanitized narrative]",3821.83,20.0,35069
42959308,"Customer reports concern related to main control, main, transmission. Diagnosis performed; minor repair/reseal completed under warranty per applicable TSB. Vehicle line P552N F-150 [15-20]. [synthetic sanitized narrative]",3427.24,21.7,35069
42613885,"Customer reports concern related to oil, oil pan, pan. Diagnosis performed; minor repair/reseal completed under warranty per applicable TSB. Vehicle line P558N SUPER DUTY [17-22]. [synthetic sanitized narrative]",1585.78,11.8,40109
43108696,"Customer reports concern related to main control, main, transmission. Diagnosis confirmed component failure; full assembly replacement completed under warranty per applicable TSB. Vehicle line P552N F-150 [15-20]. [synthetic sanitized narrative]",7352.29,23.5,35069
42457761,"Customer reports concern related to transmission, repair, fluid. Diagnosis confirmed component failure; full assembly replacement completed under warranty per applicable TSB. Vehicle line V408E TRANSIT CONNECT [13-24]. [synthetic sanitized narrative]",3953.41,18.0,71778
42652489,"Customer reports concern related to transmission, repair, fluid. Diagnosis performed; minor repair/reseal completed under warranty per applicable TSB. Vehicle line V408E TRANSIT CONNECT [13-24]. [synthetic sanitized narrative]",2913.33,16.4,71778
42490395,"Customer reports concern related to main control, main, transmission. Diagnosis confirmed component failure; full assembly replacement completed under warranty per applicable TSB. Vehicle line P552N F-150 [15-20]. [synthetic sanitized narrative]",7743.92,15.4,35069
39452509,"Customer reports concern related to clutch, replace clutch, transmission. Diagnosis performed; minor repair/reseal completed under warranty per applicable TSB. Vehicle line C346N FOCUS [12-18]. [synthetic sanitized narrative]",1266.99,5.8,3936
43066721,"Customer reports concern related to main control, main, transmission. Diagnosis confirmed component failure; full assembly replacement completed under warranty per applicable TSB. Vehicle line P552N F-150 [15-20]. [synthetic sanitized narrative]",5001.17,31.6,35069
42739670,"Customer reports concern related to main control, main, transmission. Diagnosis confirmed component failure; full assembly replacement completed under warranty per applicable TSB. Vehicle line P552N F-150 [15-20]. [synthetic sanitized narrative]",6103.68,35.5,35069
42841254,"Customer reports concern related to long block, block, long. Diagnosis performed; minor repair/reseal completed under warranty per applicable TSB. Vehicle line P552N F-150 [15-20]. [synthetic sanitized narrative]",7723.07,19.2,32954
43029490,"Customer reports concern related to main control, main, transmission. Diagnosis confirmed component failure; full assembly replacement completed under warranty per applicable TSB. Vehicle line P552N F-150 [15-20]. [synthetic sanitized narrative]",6863.11,13.8,35069
42686627,"Customer reports concern related to main control, main, transmission. Diagnosis confirmed component failure; full assembly replacement completed under warranty per applicable TSB. Vehicle line P552N F-150 [15-20]. [synthetic sanitized narrative]",4508.96,27.7,35069
42744744,"Customer reports concern related to transmission, repair, fluid. Diagnosis confirmed component failure; full assembly replacement completed under warranty per applicable TSB. Vehicle line V408E TRANSIT CONNECT [13-24]. [synthetic sanitized narrative]",4174.75,23.4,71778
42897069,"Customer reports concern related to main control, main, transmission. Diagnosis performed; minor repair/reseal completed under warranty per applicable TSB. Vehicle line P552N F-150 [15-20]. [synthetic sanitized narrative]",3455.51,23.4,35069
42813219,"Customer reports concern related to main control, main, transmission. Diagnosis performed; minor repair/reseal completed under warranty per applicable TSB. Vehicle line P552N F-150 [15-20]. [synthetic sanitized narrative]",3155.72,19.9,35069
42931343,"Customer reports concern related to main control, main, transmission. Diagnosis confirmed component failure; full assembly replacement completed under warranty per applicable TSB. Vehicle line P552N F-150 [15-20]. [synthetic sanitized narrative]",6148.37,21.5,35069
43138335,"Customer reports concern related to transmission, repair, fluid. Diagnosis confirmed component failure; full assembly replacement completed under warranty per applicable TSB. Vehicle line V408E TRANSIT CONNECT [13-24]. [synthetic sanitized narrative]",3512.89,17.2,71778
40325493,"Customer reports concern related to main control, main, transmission. Diagnosis performed; minor repair/reseal completed under warranty per applicable TSB. Vehicle line P552N F-150 [15-20]. [synthetic sanitized narrative]",3343.65,22.0,35069
42755103,"Customer reports concern related to main control, main, transmission. Diagnosis confirmed component failure; full assembly replacement completed under warranty per applicable TSB. Vehicle line P552N F-150 [15-20]. [synthetic sanitized narrative]",4648.97,30.6,35069
43006897,"Customer reports concern related to main control, main, transmission. Diagnosis performed; minor repair/reseal completed under warranty per applicable TSB. Vehicle line P552N F-150 [15-20]. [synthetic sanitized narrative]",3251.11,25.1,35069
42882756,"Customer reports concern related to main control, main, transmission. Diagnosis performed; minor repair/reseal completed under warranty per applicable TSB. Vehicle line P552N F-150 [15-20]. [synthetic sanitized narrative]",3027.32,18.4,35069
43133900,"Customer reports concern related to long block, block, long. Diagnosis confirmed component failure; full assembly replacement completed under warranty per applicable TSB. Vehicle line P552N F-150 [15-20]. [synthetic sanitized narrative]",16178.16,37.8,32954
43090779,"Customer reports concern related to main control, main, transmission. Diagnosis performed; minor repair/reseal completed under warranty per applicable TSB. Vehicle line P552N F-150 [15-20]. [synthetic sanitized narrative]",2551.52,17.8,35069
42713180,"Customer reports concern related to transmission, repair, fluid. Diagnosis confirmed component failure; full assembly replacement completed under warranty per applicable TSB. Vehicle line V408E TRANSIT CONNECT [13-24]. [synthetic sanitized narrative]",3426.37,16.4,71778
42807967,"Customer reports concern related to main control, main, transmission. Diagnosis confirmed component failure; full assembly replacement completed under warranty per applicable TSB. Vehicle line P552N F-150 [15-20]. [synthetic sanitized narrative]",4853.98,22.1,35069
42870134,"Customer reports concern related to main control, main, transmission. Diagnosis performed; minor repair/reseal completed under warranty per applicable TSB. Vehicle line P552N F-150 [15-20]. [synthetic sanitized narrative]",2966.99,17.2,35069
42959704,"Customer reports concern related to main control, main, transmission. Diagnosis performed; minor repair/reseal completed under warranty per applicable TSB. Vehicle line P552N F-150 [15-20]. [synthetic sanitized narrative]",3099.14,19.4,35069
43008146,"Customer reports concern related to transmission, repair, fluid. Diagnosis performed; minor repair/reseal completed under warranty per applicable TSB. Vehicle line V408E TRANSIT CONNECT [13-24]. [synthetic sanitized narrative]",2552.66,17.5,71778
42893815,"Customer reports concern related to main control, main, transmission. Diagnosis confirmed component failure; full assembly replacement completed under warranty per applicable TSB. Vehicle line P552N F-150 [15-20]. [synthetic sanitized narrative]",5867.54,14.4,35069
42480929,"Customer reports concern related to transmission, repair, fluid. Diagnosis confirmed component failure; full assembly replacement completed under warranty per applicable TSB. Vehicle line V408E TRANSIT CONNECT [13-24]. [synthetic sanitized narrative]",9155.95,32.8,71778
43042142,"Customer reports concern related to main control, main, transmission. Diagnosis confirmed component failure; full assembly replacement completed under warranty per applicable TSB. Vehicle line P552N F-150 [15-20]. [synthetic sanitized narrative]",4688.51,30.4,35069
43050012,"Customer reports concern related to main control, main, transmission. Diagnosis confirmed component failure; full assembly replacement completed under warranty per applicable TSB. Vehicle line P552N F-150 [15-20]. [synthetic sanitized narrative]",4955.75,11.2,35069
42949863,"Customer reports concern related to main control, main, transmission. Diagnosis performed; minor repair/reseal completed under warranty per applicable TSB. Vehicle line P552N F-150 [15-20]. [synthetic sanitized narrative]",3198.23,21.0,35069
42236488,"Customer reports concern related to transmission, repair, fluid. Diagnosis performed; minor repair/reseal completed under warranty per applicable TSB. Vehicle line V408E TRANSIT CONNECT [13-24]. [synthetic sanitized narrative]",3201.64,17.7,71778
42875803,"Customer reports concern related to main control, main, transmission. Diagnosis performed; minor repair/reseal completed under warranty per applicable TSB. Vehicle line P552N F-150 [15-20]. [synthetic sanitized narrative]",2426.37,15.7,35069
37839477,"Customer reports concern related to main control, main, transmission. Diagnosis confirmed component failure; full assembly replacement completed under warranty per applicable TSB. Vehicle line P552N F-150 [15-20]. [synthetic sanitized narrative]",6180.71,16.5,35069
42753227,"Customer reports concern related to main control, main, transmission. Diagnosis performed; minor repair/reseal completed under warranty per applicable TSB. Vehicle line P552N F-150 [15-20]. [synthetic sanitized narrative]",3319.79,21.0,35069
43036189,"Customer reports concern related to transmission, repair, fluid. Diagnosis performed; minor repair/reseal completed under warranty per applicable TSB. Vehicle line V408E TRANSIT CONNECT [13-24]. [synthetic sanitized narrative]",2664.4,16.4,71778
43012917,"Customer reports concern related to main control, main, transmission. Diagnosis confirmed component failure; full assembly replacement completed under warranty per applicable TSB. Vehicle line P552N F-150 [15-20]. [synthetic sanitized narrative]",4796.53,22.0,35069
42978610,"Customer reports concern related to main control, main, transmission. Diagnosis confirmed component failure; full assembly replacement completed under warranty per applicable TSB. Vehicle line P552N F-150 [15-20]. [synthetic sanitized narrative]",5523.07,12.9,35069
42846979,"Customer reports concern related to main control, main, transmission. Diagnosis performed; minor repair/reseal completed under warranty per applicable TSB. Vehicle line P552N F-150 [15-20]. [synthetic sanitized narrative]",2949.89,20.8,35069
42981386,"Customer reports concern related to main control, main, transmission. Diagnosis performed; minor repair/reseal completed under warranty per applicable TSB. Vehicle line P552N F-150 [15-20]. [synthetic sanitized narrative]",3364.62,20.7,35069
42994864,"Customer reports concern related to main control, main, transmission. Diagnosis confirmed component failure; full assembly replacement completed under warranty per applicable TSB. Vehicle line P552N F-150 [15-20]. [synthetic sanitized narrative]",9425.39,31.4,35069
42960117,"Customer reports concern related to main control, main, transmission. Diagnosis performed; minor repair/reseal completed under warranty per applicable TSB. Vehicle line P552N F-150 [15-20]. [synthetic sanitized narrative]",3214.78,19.9,35069
42903231,"Customer reports concern related to main control, main, transmission. Diagnosis confirmed component failure; full assembly replacement completed under warranty per applicable TSB. Vehicle line P552N F-150 [15-20]. [synthetic sanitized narrative]",3749.25,25.2,35069
42818132,"Customer reports concern related to main control, main, transmission. Diagnosis performed; minor repair/reseal completed under warranty per applicable TSB. Vehicle line P552N F-150 [15-20]. [synthetic sanitized narrative]",3251.46,27.8,35069
43024615,"Customer reports concern related to main control, main, transmission. Diagnosis confirmed component failure; full assembly replacement completed under warranty per applicable TSB. Vehicle line P552N F-150 [15-20]. [synthetic sanitized narrative]",3611.28,20.2,35069
42851502,"Customer reports concern related to rattle, phasers, cam. Diagnosis confirmed component failure; full assembly replacement completed under warranty per applicable TSB. Vehicle line P552N F-150 [15-20]. [synthetic sanitized narrative]",5466.71,32.0,33030
43006778,"Customer reports concern related to main control, main, transmission. Diagnosis performed; minor repair/reseal completed under warranty per applicable TSB. Vehicle line P552N F-150 [15-20]. [synthetic sanitized narrative]",3575.94,27.3,35069
42933917,"Customer reports concern related to main control, main, transmission. Diagnosis performed; minor repair/reseal completed under warranty per applicable TSB. Vehicle line P552N F-150 [15-20]. [synthetic sanitized narrative]",3327.45,23.7,35069
42867723,"Customer reports concern related to main control, main, transmission. Diagnosis performed; minor repair/reseal completed under warranty per applicable TSB. Vehicle line P552N F-150 [15-20]. [synthetic sanitized narrative]",3058.1,19.8,35069
42824264,"Customer reports concern related to main control, main, transmission. Diagnosis performed; minor repair/reseal completed under warranty per applicable TSB. Vehicle line P552N F-150 [15-20]. [synthetic sanitized narrative]",2542.16,19.9,35069
42708888,"Customer reports concern related to main control, main, transmission. Diagnosis confirmed component failure; full assembly replacement completed under warranty per applicable TSB. Vehicle line P552N F-150 [15-20]. [synthetic sanitized narrative]",5080.12,24.2,35069
43057884,"Customer reports concern related to transmission, repair, fluid. Diagnosis performed; minor repair/reseal completed under warranty per applicable TSB. Vehicle line V408E TRANSIT CONNECT [13-24]. [synthetic sanitized narrative]",2962.43,17.1,71778
42603841,"Customer reports concern related to transmission, repair, fluid. Diagnosis performed; minor repair/reseal completed under warranty per applicable TSB. Vehicle line V408E TRANSIT CONNECT [13-24]. [synthetic sanitized narrative]",2825.41,17.5,71778
43117957,"Customer reports concern related to main control, main, transmission. Diagnosis performed; minor repair/reseal completed under warranty per applicable TSB. Vehicle line P552N F-150 [15-20]. [synthetic sanitized narrative]",3523.99,21.8,35069
43117193,"Customer reports concern related to main control, main, transmission. Diagnosis confirmed component failure; full assembly replacement completed under warranty per applicable TSB. Vehicle line P552N F-150 [15-20]. [synthetic sanitized narrative]",7034.31,15.4,35069
42814232,"Customer reports concern related to oil, oil pan, pan. Diagnosis performed; minor repair/reseal completed under warranty per applicable TSB. Vehicle line P558N SUPER DUTY [17-22]. [synthetic sanitized narrative]",1350.7,11.4,40109
43126100,"Customer reports concern related to oil, oil pan, pan. Diagnosis confirmed component failure; full assembly replacement completed under warranty per applicable TSB. Vehicle line P558N SUPER DUTY [17-22]. [synthetic sanitized narrative]",3031.47,15.1,40109
43083080,"Customer reports concern related to long block, block, long. Diagnosis performed; minor repair/reseal completed under warranty per applicable TSB. Vehicle line P552N F-150 [15-20]. [synthetic sanitized narrative]",8162.97,15.3,32954
42776774,"Customer reports concern related to rattle, phasers, cam. Diagnosis confirmed component failure; full assembly replacement completed under warranty per applicable TSB. Vehicle line P552N F-150 [15-20]. [synthetic sanitized narrative]",3863.54,18.1,33030
42630174,"Customer reports concern related to long block, block, long. Diagnosis performed; minor repair/reseal completed under warranty per applicable TSB. Vehicle line P552N F-150 [15-20]. [synthetic sanitized narrative]",7668.89,17.0,32954
42639917,"Customer reports concern related to clutch, replace clutch, transmission. Diagnosis confirmed component failure; full assembly replacement completed under warranty per applicable TSB. Vehicle line C346N FOCUS [12-18]. [synthetic sanitized narrative]",3041.31,12.3,3936
42877047,"Customer reports concern related to main control, main, transmission. Diagnosis performed; minor repair/reseal completed under warranty per applicable TSB. Vehicle line P552N F-150 [15-20]. [synthetic sanitized narrative]",3557.89,28.8,35069
43018551,"Customer reports concern related to main control, main, transmission. Diagnosis confirmed component failure; full assembly replacement completed under warranty per applicable TSB. Vehicle line P552N F-150 [15-20]. [synthetic sanitized narrative]",10649.25,35.1,35069
42824536,"Customer reports concern related to water pump, water, pump. Diagnosis confirmed component failure; full assembly replacement completed under warranty per applicable TSB. Vehicle line U502N EXPLORER [11-19]. [synthetic sanitized narrative]",3963.33,16.0,53967
37253478,"Customer reports concern related to oil, oil pan, pan. Diagnosis confirmed component failure; full assembly replacement completed under warranty per applicable TSB. Vehicle line P558N SUPER DUTY [17-22]. [synthetic sanitized narrative]",2309.08,13.2,40109
37314476,"Customer reports concern related to rattle, phasers, cam. Diagnosis confirmed component failure; full assembly replacement completed under warranty per applicable TSB. Vehicle line P552N F-150 [15-20]. [synthetic sanitized narrative]",3704.3,14.4,33030
42574969,"Customer reports concern related to oil, oil pan, pan. Diagnosis confirmed component failure; full assembly replacement completed under warranty per applicable TSB. Vehicle line P558N SUPER DUTY [17-22]. [synthetic sanitized narrative]",2444.96,12.7,40109
42706161,"Customer reports concern related to main control, main, transmission. Diagnosis confirmed component failure; full assembly replacement completed under warranty per applicable TSB. Vehicle line P552N F-150 [15-20]. [synthetic sanitized narrative]",8235.71,42.3,35069
38122469,"Customer reports concern related to long block, block, long. Diagnosis performed; minor repair/reseal completed under warranty per applicable TSB. Vehicle line CD539N EDGE [15-24]. [synthetic sanitized narrative]",4500.7,19.4,14641
41733489,"Customer reports concern related to clutch, replace clutch, transmission. Diagnosis confirmed component failure; full assembly replacement completed under warranty per applicable TSB. Vehicle line C346N FOCUS [12-18]. [synthetic sanitized narrative]",1620.77,8.8,3936
42800927,"Customer reports concern related to clutch, replace clutch, transmission. Diagnosis confirmed component failure; full assembly replacement completed under warranty per applicable TSB. Vehicle line C346N FOCUS [12-18]. [synthetic sanitized narrative]",1675.87,7.5,3936
39312485,"Customer reports concern related to rattle, phasers, cam. Diagnosis performed; minor repair/reseal completed under warranty per applicable TSB. Vehicle line P552N F-150 [15-20]. [synthetic sanitized narrative]",1823.31,17.8,33030
39343475,"Customer reports concern related to rattle, phasers, cam. Diagnosis performed; minor repair/reseal completed under warranty per applicable TSB. Vehicle line P552N F-150 [15-20]. [synthetic sanitized narrative]",1552.35,10.2,33030
40228533,"Customer reports concern related to oil, oil pan, pan. Diagnosis performed; minor repair/reseal completed under warranty per applicable TSB. Vehicle line P558N SUPER DUTY [17-22]. [synthetic sanitized narrative]",1627.89,11.3,40109
41680482,"Customer reports concern related to water pump, water, pump. Diagnosis confirmed component failure; full assembly replacement completed under warranty per applicable TSB. Vehicle line U502N EXPLORER [11-19]. [synthetic sanitized narrative]",1946.08,11.5,53967
38879481,"Customer reports concern related to clutch, replace clutch, transmission. Diagnosis confirmed component failure; full assembly replacement completed under warranty per applicable TSB. Vehicle line C346N FOCUS [12-18]. [synthetic sanitized narrative]",2865.96,8.1,3936
43001785,"Customer reports concern related to long block, block, long. Diagnosis confirmed component failure; full assembly replacement completed under warranty per applicable TSB. Vehicle line P552N F-150 [15-20]. [synthetic sanitized narrative]",11115.21,22.8,32954
43026964,"Customer reports concern related to main control, main, transmission. Diagnosis confirmed component failure; full assembly replacement completed under warranty per applicable TSB. Vehicle line P552N F-150 [15-20]. [synthetic sanitized narrative]",7086.18,29.3,35069
42629532,"Customer reports concern related to long block, block, long. Diagnosis performed; minor repair/reseal completed under warranty per applicable TSB. Vehicle line CD539N EDGE [15-24]. [synthetic sanitized narrative]",4515.83,13.4,14641
42857203,"Customer reports concern related to long block, block, long. Diagnosis performed; minor repair/reseal completed under warranty per applicable TSB. Vehicle line P552N F-150 [15-20]. [synthetic sanitized narrative]",7876.88,21.3,32954
42620685,"Customer reports concern related to clutch, replace clutch, transmission. Diagnosis confirmed component failure; full assembly replacement completed under warranty per applicable TSB. Vehicle line C346N FOCUS [12-18]. [synthetic sanitized narrative]",1920.35,10.3,3936
38601474,"Customer reports concern related to oil, oil pan, pan. Diagnosis performed; minor repair/reseal completed under warranty per applicable TSB. Vehicle line P558N SUPER DUTY [17-22]. [synthetic sanitized narrative]",1267.94,10.6,40109
38066494,"Customer reports concern related to long block, block, long. Diagnosis performed; minor repair/reseal completed under warranty per applicable TSB. Vehicle line CD539N EDGE [15-24]. [synthetic sanitized narrative]",4457.16,15.0,14641
42937134,"Customer reports concern related to rattle, phasers, cam. Diagnosis confirmed component failure; full assembly replacement completed under warranty per applicable TSB. Vehicle line P552N F-150 [15-20]. [synthetic sanitized narrative]",4848.91,18.2,33030
41890499,"Customer reports concern related to oil, oil pan, pan. Diagnosis confirmed component failure; full assembly replacement completed under warranty per applicable TSB. Vehicle line P558N SUPER DUTY [17-22]. [synthetic sanitized narrative]",3988.73,12.8,40109
38471472,"Customer reports concern related to rattle, phasers, cam. Diagnosis confirmed component failure; full assembly replacement completed under warranty per applicable TSB. Vehicle line P552N F-150 [15-20]. [synthetic sanitized narrative]",3388.78,23.7,33030
42675054,"Customer reports concern related to rattle, phasers, cam. Diagnosis confirmed component failure; full assembly replacement completed under warranty per applicable TSB. Vehicle line P552N F-150 [15-20]. [synthetic sanitized narrative]",2841.76,17.3,33030
37811492,"Customer reports concern related to water pump, water, pump. Diagnosis confirmed component failure; full assembly replacement completed under warranty per applicable TSB. Vehicle line U502N EXPLORER [11-19]. [synthetic sanitized narrative]",3142.02,15.6,53967
42935341,"Customer reports concern related to long block, block, long. Diagnosis performed; minor repair/reseal completed under warranty per applicable TSB. Vehicle line P552N F-150 [15-20]. [synthetic sanitized narrative]",5348.7,20.8,32954
39811455,"Customer reports concern related to oil, oil pan, pan. Diagnosis performed; minor repair/reseal completed under warranty per applicable TSB. Vehicle line P558N SUPER DUTY [17-22]. [synthetic sanitized narrative]",1557.01,11.7,40109
42784121,"Customer reports concern related to clutch, replace clutch, transmission. Diagnosis confirmed component failure; full assembly replacement completed under warranty per applicable TSB. Vehicle line C346N FOCUS [12-18]. [synthetic sanitized narrative]",1659.72,5.6,3936
41705493,"Customer reports concern related to transmission, repair, fluid. Diagnosis performed; minor repair/reseal completed under warranty per applicable TSB. Vehicle line V408E TRANSIT CONNECT [13-24]. [synthetic sanitized narrative]",2936.91,18.0,71778
42901491,"Customer reports concern related to long block, block, long. Diagnosis confirmed component failure; full assembly replacement completed under warranty per applicable TSB. Vehicle line P552N F-150 [15-20]. [synthetic sanitized narrative]",9485.33,23.9,32954
37095492,"Customer reports concern related to rattle, phasers, cam. Diagnosis confirmed component failure; full assembly replacement completed under warranty per applicable TSB. Vehicle line P552N F-150 [15-20]. [synthetic sanitized narrative]",3102.13,23.2,33030
42082453,"Customer reports concern related to transmission, repair, fluid. Diagnosis confirmed component failure; full assembly replacement completed under warranty per applicable TSB. Vehicle line V408E TRANSIT CONNECT [13-24]. [synthetic sanitized narrative]",3385.49,19.4,71778
42697065,"Customer reports concern related to long block, block, long. Diagnosis performed; minor repair/reseal completed under warranty per applicable TSB. Vehicle line P552N F-150 [15-20]. [synthetic sanitized narrative]",3421.98,16.9,32954
41467485,"Customer reports concern related to clutch, replace clutch, transmission. Diagnosis performed; minor repair/reseal completed under warranty per applicable TSB. Vehicle line C346N FOCUS [12-18]. [synthetic sanitized narrative]",1445.21,6.3,3936
42937075,"Customer reports concern related to clutch, replace clutch, transmission. Diagnosis confirmed component failure; full assembly replacement completed under warranty per applicable TSB. Vehicle line C346N FOCUS [12-18]. [synthetic sanitized narrative]",2182.16,8.8,3936
43032272,"Customer reports concern related to long block, block, long. Diagnosis performed; minor repair/reseal completed under warranty per applicable TSB. Vehicle line P552N F-150 [15-20]. [synthetic sanitized narrative]",7921.59,14.2,32954
42807819,"Customer reports concern related to clutch, replace clutch, transmission. Diagnosis performed; minor repair/reseal completed under warranty per applicable TSB. Vehicle line C346N FOCUS [12-18]. [synthetic sanitized narrative]",1502.61,6.5,3936
38125537,"Customer reports concern related to oil, oil pan, pan. Diagnosis performed; minor repair/reseal completed under warranty per applicable TSB. Vehicle line P558N SUPER DUTY [17-22]. [synthetic sanitized narrative]",1130.15,10.5,40109
38989523,"Customer reports concern related to water pump, water, pump. Diagnosis performed; minor repair/reseal completed under warranty per applicable TSB. Vehicle line U502N EXPLORER [11-19]. [synthetic sanitized narrative]",1281.03,9.0,53967
42889035,"Customer reports concern related to long block, block, long. Diagnosis confirmed component failure; full assembly replacement completed under warranty per applicable TSB. Vehicle line P552N F-150 [15-20]. [synthetic sanitized narrative]",10007.8,14.9,32954
42510160,"Customer reports concern related to clutch, replace clutch, transmission. Diagnosis performed; minor repair/reseal completed under warranty per applicable TSB. Vehicle line C346N FOCUS [12-18]. [synthetic sanitized narrative]",922.79,4.8,3936
40425496,"Customer reports concern related to clutch, replace clutch, transmission. Diagnosis confirmed component failure; full assembly replacement completed under warranty per applicable TSB. Vehicle line C346N FOCUS [12-18]. [synthetic sanitized narrative]",1597.94,7.1,3936
42858677,"Customer reports concern related to oil, oil pan, pan. Diagnosis performed; minor repair/reseal completed under warranty per applicable TSB. Vehicle line P558N SUPER DUTY [17-22]. [synthetic sanitized narrative]",1538.09,10.5,40109
42812324,"Customer reports concern related to clutch, replace clutch, transmission. Diagnosis confirmed component failure; full assembly replacement completed under warranty per applicable TSB. Vehicle line C346N FOCUS [12-18]. [synthetic sanitized narrative]",2129.27,7.5,3936
37727468,"Customer reports concern related to clutch, replace clutch, transmission. Diagnosis confirmed component failure; full assembly replacement completed under warranty per applicable TSB. Vehicle line C346N FOCUS [12-18]. [synthetic sanitized narrative]",2398.21,11.9,3936
41118598,"Customer reports concern related to clutch, replace clutch, transmission. Diagnosis performed; minor repair/reseal completed under warranty per applicable TSB. Vehicle line C346N FOCUS [12-18]. [synthetic sanitized narrative]",1138.72,6.3,3936
43089292,"Customer reports concern related to water pump, water, pump. Diagnosis confirmed component failure; full assembly replacement completed under warranty per applicable TSB. Vehicle line U502N EXPLORER [11-19]. [synthetic sanitized narrative]",2409.29,11.2,53967
43109119,"Customer reports concern related to long block, block, long. Diagnosis confirmed component failure; full assembly replacement completed under warranty per applicable TSB. Vehicle line P552N F-150 [15-20]. [synthetic sanitized narrative]",8794.88,15.6,32954
42560134,"Customer reports concern related to clutch, replace clutch, transmission. Diagnosis confirmed component failure; full assembly replacement completed under warranty per applicable TSB. Vehicle line C346N FOCUS [12-18]. [synthetic sanitized narrative]",2795.98,12.1,3936
42586490,"Customer reports concern related to long block, block, long. Diagnosis confirmed component failure; full assembly replacement completed under warranty per applicable TSB. Vehicle line P552N F-150 [15-20]. [synthetic sanitized narrative]",9439.25,19.8,32954
42754000,"Customer reports concern related to long block, block, long. Diagnosis confirmed component failure; full assembly replacement completed under warranty per applicable TSB. Vehicle line P552N F-150 [15-20]. [synthetic sanitized narrative]",11546.87,20.6,32954
42575699,"Customer reports concern related to clutch, replace clutch, transmission. Diagnosis confirmed component failure; full assembly replacement completed under warranty per applicable TSB. Vehicle line C346N FOCUS [12-18]. [synthetic sanitized narrative]",1907.36,12.2,3936
41893492,"Customer reports concern related to clutch, replace clutch, transmission. Diagnosis performed; minor repair/reseal completed under warranty per applicable TSB. Vehicle line C346N FOCUS [12-18]. [synthetic sanitized narrative]",1349.56,7.4,3936
39186469,"Customer reports concern related to clutch, replace clutch, transmission. Diagnosis performed; minor repair/reseal completed under warranty per applicable TSB. Vehicle line C346N FOCUS [12-18]. [synthetic sanitized narrative]",791.85,5.3,3936
43134234,"Customer reports concern related to long block, block, long. Diagnosis confirmed component failure; full assembly replacement completed under warranty per applicable TSB. Vehicle line P552N F-150 [15-20]. [synthetic sanitized narrative]",10534.14,16.6,32954
42663657,"Customer reports concern related to transmission, repair, fluid. Diagnosis performed; minor repair/reseal completed under warranty per applicable TSB. Vehicle line V408E TRANSIT CONNECT [13-24]. [synthetic sanitized narrative]",2486.17,16.4,71778
38164498,"Customer reports concern related to clutch, replace clutch, transmission. Diagnosis performed; minor repair/reseal completed under warranty per applicable TSB. Vehicle line C346N FOCUS [12-18]. [synthetic sanitized narrative]",1400.88,6.0,3936
42833425,"Customer reports concern related to long block, block, long. Diagnosis performed; minor repair/reseal completed under warranty per applicable TSB. Vehicle line P552N F-150 [15-20]. [synthetic sanitized narrative]",7408.96,15.3,32954
42744406,"Customer reports concern related to transmission, repair, fluid. Diagnosis performed; minor repair/reseal completed under warranty per applicable TSB. Vehicle line V408E TRANSIT CONNECT [13-24]. [synthetic sanitized narrative]",2923.81,16.9,71778
42690841,"Customer reports concern related to clutch, replace clutch, transmission. Diagnosis confirmed component failure; full assembly replacement completed under warranty per applicable TSB. Vehicle line C346N FOCUS [12-18]. [synthetic sanitized narrative]",1586.26,8.1,3936
37677558,"Customer reports concern related to water pump, water, pump. Diagnosis confirmed component failure; full assembly replacement completed under warranty per applicable TSB. Vehicle line U502N EXPLORER [11-19]. [synthetic sanitized narrative]",4516.96,24.7,53967
43137617,"Customer reports concern related to long block, block, long. Diagnosis performed; minor repair/reseal completed under warranty per applicable TSB. Vehicle line P552N F-150 [15-20]. [synthetic sanitized narrative]",7737.71,15.3,32954
42963895,"Customer reports concern related to transmission, repair, fluid. Diagnosis performed; minor repair/reseal completed under warranty per applicable TSB. Vehicle line V408E TRANSIT CONNECT [13-24]. [synthetic sanitized narrative]",2571.75,17.5,71778
42846752,"Customer reports concern related to clutch, replace clutch, transmission. Diagnosis performed; minor repair/reseal completed under warranty per applicable TSB. Vehicle line C346N FOCUS [12-18]. [synthetic sanitized narrative]",1288.74,6.0,3936
41759457,"Customer reports concern related to clutch, replace clutch, transmission. Diagnosis performed; minor repair/reseal completed under warranty per applicable TSB. Vehicle line C346N FOCUS [12-18]. [synthetic sanitized narrative]",908.7,4.1,3936
42690881,"Customer reports concern related to long block, block, long. Diagnosis confirmed component failure; full assembly replacement completed under warranty per applicable TSB. Vehicle line P552N F-150 [15-20]. [synthetic sanitized narrative]",10022.03,17.7,32954
42940939,"Customer reports concern related to oil, oil pan, pan. Diagnosis confirmed component failure; full assembly replacement completed under warranty per applicable TSB. Vehicle line P558N SUPER DUTY [17-22]. [synthetic sanitized narrative]",2339.66,12.4,40109
43028798,"Customer reports concern related to main control, main, transmission. Diagnosis confirmed component failure; full assembly replacement completed under warranty per applicable TSB. Vehicle line P552N F-150 [15-20]. [synthetic sanitized narrative]",6899.66,13.5,35069
38319475,"Customer reports concern related to rattle, phasers, cam. Diagnosis performed; minor repair/reseal completed under warranty per applicable TSB. Vehicle line P552N F-150 [15-20]. [synthetic sanitized narrative]",1568.16,10.6,33030
42462800,"Customer reports concern related to long block, block, long. Diagnosis performed; minor repair/reseal completed under warranty per applicable TSB. Vehicle line P552N F-150 [15-20]. [synthetic sanitized narrative]",6881.1,20.4,32954
42922120,"Customer reports concern related to long block, block, long. Diagnosis confirmed component failure; full assembly replacement completed under warranty per applicable TSB. Vehicle line P552N F-150 [15-20]. [synthetic sanitized narrative]",10889.43,15.6,32954
42927102,"Customer reports concern related to long block, block, long. Diagnosis performed; minor repair/reseal completed under warranty per applicable TSB. Vehicle line P552N F-150 [15-20]. [synthetic sanitized narrative]",8600.7,19.8,32954
42699420,"Customer reports concern related to transmission, repair, fluid. Diagnosis performed; minor repair/reseal completed under warranty per applicable TSB. Vehicle line V408E TRANSIT CONNECT [13-24]. [synthetic sanitized narrative]",2604.16,16.4,71778
42661501,"Customer reports concern related to transmission, repair, fluid. Diagnosis confirmed component failure; full assembly replacement completed under warranty per applicable TSB. Vehicle line V408E TRANSIT CONNECT [13-24]. [synthetic sanitized narrative]",3561.06,16.4,71778
43086719,"Customer reports concern related to long block, block, long. Diagnosis confirmed component failure; full assembly replacement completed under warranty per applicable TSB. Vehicle line P552N F-150 [15-20]. [synthetic sanitized narrative]",9135.52,16.4,32954
37683471,"Customer reports concern related to water pump, water, pump. Diagnosis confirmed component failure; full assembly replacement completed under warranty per applicable TSB. Vehicle line U502N EXPLORER [11-19]. [synthetic sanitized narrative]",2167.91,11.6,53967
42814096,"Customer reports concern related to water pump, water, pump. Diagnosis confirmed component failure; full assembly replacement completed under warranty per applicable TSB. Vehicle line U502N EXPLORER [11-19]. [synthetic sanitized narrative]",1742.5,10.4,53967
39566491,"Customer reports concern related to clutch, replace clutch, transmission. Diagnosis confirmed component failure; full assembly replacement completed under warranty per applicable TSB. Vehicle line C346N FOCUS [12-18]. [synthetic sanitized narrative]",2039.9,8.4,3936
42716591,"Customer reports concern related to transmission, repair, fluid. Diagnosis confirmed component failure; full assembly replacement completed under warranty per applicable TSB. Vehicle line V408E TRANSIT CONNECT [13-24]. [synthetic sanitized narrative]",3358.62,16.4,71778
42930455,"Customer reports concern related to long block, block, long. Diagnosis performed; minor repair/reseal completed under warranty per applicable TSB. Vehicle line P552N F-150 [15-20]. [synthetic sanitized narrative]",8429.14,14.0,32954
42895411,"Customer reports concern related to clutch, replace clutch, transmission. Diagnosis performed; minor repair/reseal completed under warranty per applicable TSB. Vehicle line C346N FOCUS [12-18]. [synthetic sanitized narrative]",1365.74,6.1,3936
42850874,"Customer reports concern related to long block, block, long. Diagnosis confirmed component failure; full assembly replacement completed under warranty per applicable TSB. Vehicle line P552N F-150 [15-20]. [synthetic sanitized narrative]",9361.72,15.3,32954
43051608,"Customer reports concern related to clutch, replace clutch, transmission. Diagnosis confirmed component failure; full assembly replacement completed under warranty per applicable TSB. Vehicle line C346N FOCUS [12-18]. [synthetic sanitized narrative]",2478.17,8.5,3936
42961590,"Customer reports concern related to long block, block, long. Diagnosis confirmed component failure; full assembly replacement completed under warranty per applicable TSB. Vehicle line P552N F-150 [15-20]. [synthetic sanitized narrative]",10235.25,14.8,32954
43078441,"Customer reports concern related to long block, block, long. Diagnosis confirmed component failure; full assembly replacement completed under warranty per applicable TSB. Vehicle line P552N F-150 [15-20]. [synthetic sanitized narrative]",9642.8,15.4,32954
42964050,"Customer reports concern related to oil, oil pan, pan. Diagnosis performed; minor repair/reseal completed under warranty per applicable TSB. Vehicle line P558N SUPER DUTY [17-22]. [synthetic sanitized narrative]",1724.11,10.6,40109
42769889,"Customer reports concern related to transmission, repair, fluid. Diagnosis performed; minor repair/reseal completed under warranty per applicable TSB. Vehicle line V408E TRANSIT CONNECT [13-24]. [synthetic sanitized narrative]",2087.92,17.5,71778
42798204,"Customer reports concern related to clutch, replace clutch, transmission. Diagnosis performed; minor repair/reseal completed under warranty per applicable TSB. Vehicle line C346N FOCUS [12-18]. [synthetic sanitized narrative]",1479.66,6.7,3936
42965403,"Customer reports concern related to long block, block, long. Diagnosis performed; minor repair/reseal completed under warranty per applicable TSB. Vehicle line P552N F-150 [15-20]. [synthetic sanitized narrative]",7368.98,16.5,32954
43120422,"Customer reports concern related to main control, main, transmission. Diagnosis confirmed component failure; full assembly replacement completed under warranty per applicable TSB. Vehicle line P552N F-150 [15-20]. [synthetic sanitized narrative]",3591.72,21.1,35069
37202475,"Customer reports concern related to clutch, replace clutch, transmission. Diagnosis performed; minor repair/reseal completed under warranty per applicable TSB. Vehicle line C346N FOCUS [12-18]. [synthetic sanitized narrative]",1213.89,6.6,3936
42821160,"Customer reports concern related to clutch, replace clutch, transmission. Diagnosis performed; minor repair/reseal completed under warranty per applicable TSB. Vehicle line C346N FOCUS [12-18]. [synthetic sanitized narrative]",1221.3,6.1,3936
42638731,"Customer reports concern related to clutch, replace clutch, transmission. Diagnosis performed; minor repair/reseal completed under warranty per applicable TSB. Vehicle line C346N FOCUS [12-18]. [synthetic sanitized narrative]",1498.98,6.3,3936
42602420,"Customer reports concern related to water pump, water, pump. Diagnosis confirmed component failure; full assembly replacement completed under warranty per applicable TSB. Vehicle line U502N EXPLORER [11-19]. [synthetic sanitized narrative]",1992.73,9.2,53967
42809674,"Customer reports concern related to long block, block, long. Diagnosis confirmed component failure; full assembly replacement completed under warranty per applicable TSB. Vehicle line P552N F-150 [15-20]. [synthetic sanitized narrative]",12040.46,16.7,32954
42616041,"Customer reports concern related to long block, block, long. Diagnosis confirmed component failure; full assembly replacement completed under warranty per applicable TSB. Vehicle line P552N F-150 [15-20]. [synthetic sanitized narrative]",10312.05,15.3,32954
42968602,"Customer reports concern related to long block, block, long. Diagnosis performed; minor repair/reseal completed under warranty per applicable TSB. Vehicle line P552N F-150 [15-20]. [synthetic sanitized narrative]",7856.65,18.3,32954
42994118,"Customer reports concern related to clutch, replace clutch, transmission. Diagnosis confirmed component failure; full assembly replacement completed under warranty per applicable TSB. Vehicle line C346N FOCUS [12-18]. [synthetic sanitized narrative]",3074.1,17.6,3936
39679489,"Customer reports concern related to water pump, water, pump. Diagnosis confirmed component failure; full assembly replacement completed under warranty per applicable TSB. Vehicle line U502N EXPLORER [11-19]. [synthetic sanitized narrative]",1839.26,10.1,53967
41633497,"Customer reports concern related to long block, block, long. Diagnosis confirmed component failure; full assembly replacement completed under warranty per applicable TSB. Vehicle line P552N F-150 [15-20]. [synthetic sanitized narrative]",9194.01,20.8,32954
41008578,"Customer reports concern related to clutch, replace clutch, transmission. Diagnosis confirmed component failure; full assembly replacement completed under warranty per applicable TSB. Vehicle line C346N FOCUS [12-18]. [synthetic sanitized narrative]",1602.58,8.4,3936
37924542,"Customer reports concern related to clutch, replace clutch, transmission. Diagnosis performed; minor repair/reseal completed under warranty per applicable TSB. Vehicle line C346N FOCUS [12-18]. [synthetic sanitized narrative]",1121.79,6.6,3936
36958596,"Customer reports concern related to water pump, water, pump. Diagnosis confirmed component failure; full assembly replacement completed under warranty per applicable TSB. Vehicle line U502N EXPLORER [11-19]. [synthetic sanitized narrative]",2046.45,9.7,53967
42992846,"Customer reports concern related to long block, block, long. Diagnosis performed; minor repair/reseal completed under warranty per applicable TSB. Vehicle line P552N F-150 [15-20]. [synthetic sanitized narrative]",8392.58,16.3,32954
42641944,"Customer reports concern related to clutch, replace clutch, transmission. Diagnosis performed; minor repair/reseal completed under warranty per applicable TSB. Vehicle line C346N FOCUS [12-18]. [synthetic sanitized narrative]",1501.73,6.1,3936
42845435,"Customer reports concern related to water pump, water, pump. Diagnosis confirmed component failure; full assembly replacement completed under warranty per applicable TSB. Vehicle line U502N EXPLORER [11-19]. [synthetic sanitized narrative]",2757.49,12.3,53967
42530882,"Customer reports concern related to water pump, water, pump. Diagnosis confirmed component failure; full assembly replacement completed under warranty per applicable TSB. Vehicle line U502N EXPLORER [11-19]. [synthetic sanitized narrative]",1681.23,10.5,53967
42767938,"Customer reports concern related to clutch, replace clutch, transmission. Diagnosis confirmed component failure; full assembly replacement completed under warranty per applicable TSB. Vehicle line C346N FOCUS [12-18]. [synthetic sanitized narrative]",1883.23,6.5,3936
42930607,"Customer reports concern related to long block, block, long. Diagnosis performed; minor repair/reseal completed under warranty per applicable TSB. Vehicle line P552N F-150 [15-20]. [synthetic sanitized narrative]",7158.48,15.3,32954
43087000,"Customer reports concern related to long block, block, long. Diagnosis confirmed component failure; full assembly replacement completed under warranty per applicable TSB. Vehicle line P552N F-150 [15-20]. [synthetic sanitized narrative]",14268.48,14.6,32954
39806489,"Customer reports concern related to clutch, replace clutch, transmission. Diagnosis performed; minor repair/reseal completed under warranty per applicable TSB. Vehicle line C346N FOCUS [12-18]. [synthetic sanitized narrative]",939.08,5.8,3936
42609695,"Customer reports concern related to clutch, replace clutch, transmission. Diagnosis performed; minor repair/reseal completed under warranty per applicable TSB. Vehicle line C346N FOCUS [12-18]. [synthetic sanitized narrative]",1239.85,7.4,3936
42823587,"Customer reports concern related to oil, oil pan, pan. Diagnosis confirmed component failure; full assembly replacement completed under warranty per applicable TSB. Vehicle line P558N SUPER DUTY [17-22]. [synthetic sanitized narrative]",2824.2,12.0,40109
41782464,"Customer reports concern related to long block, block, long. Diagnosis confirmed component failure; full assembly replacement completed under warranty per applicable TSB. Vehicle line P552N F-150 [15-20]. [synthetic sanitized narrative]",11066.49,19.0,32954
42804274,"Customer reports concern related to oil, oil pan, pan. Diagnosis performed; minor repair/reseal completed under warranty per applicable TSB. Vehicle line P558N SUPER DUTY [17-22]. [synthetic sanitized narrative]",1887.59,13.1,40109
42895428,"Customer reports concern related to clutch, replace clutch, transmission. Diagnosis confirmed component failure; full assembly replacement completed under warranty per applicable TSB. Vehicle line C346N FOCUS [12-18]. [synthetic sanitized narrative]",2661.57,7.4,3936
42557284,"Customer reports concern related to clutch, replace clutch, transmission. Diagnosis confirmed component failure; full assembly replacement completed under warranty per applicable TSB. Vehicle line C346N FOCUS [12-18]. [synthetic sanitized narrative]",1632.3,6.0,3936
43076845,"Customer reports concern related to transmission, repair, fluid. Diagnosis performed; minor repair/reseal completed under warranty per applicable TSB. Vehicle line V408E TRANSIT CONNECT [13-24]. [synthetic sanitized narrative]",2641.77,16.4,71778
39421563,"Customer reports concern related to clutch, replace clutch, transmission. Diagnosis confirmed component failure; full assembly replacement completed under warranty per applicable TSB. Vehicle line C346N FOCUS [12-18]. [synthetic sanitized narrative]",1991.89,6.7,3936
42767274,"Customer reports concern related to clutch, replace clutch, transmission. Diagnosis confirmed component failure; full assembly replacement completed under warranty per applicable TSB. Vehicle line C346N FOCUS [12-18]. [synthetic sanitized narrative]",2138.21,6.9,3936
42986580,"Customer reports concern related to clutch, replace clutch, transmission. Diagnosis confirmed component failure; full assembly replacement completed under warranty per applicable TSB. Vehicle line C346N FOCUS [12-18]. [synthetic sanitized narrative]",2120.46,11.0,3936
43009032,"Customer reports concern related to transmission, repair, fluid. Diagnosis performed; minor repair/reseal completed under warranty per applicable TSB. Vehicle line V408E TRANSIT CONNECT [13-24]. [synthetic sanitized narrative]",2510.65,16.4,71778
36636479,"Customer reports concern related to clutch, replace clutch, transmission. Diagnosis performed; minor repair/reseal completed under warranty per applicable TSB. Vehicle line C346N FOCUS [12-18]. [synthetic sanitized narrative]",892.68,5.8,3936
42716627,"Customer reports concern related to water pump, water, pump. Diagnosis confirmed component failure; full assembly replacement completed under warranty per applicable TSB. Vehicle line U502N EXPLORER [11-19]. [synthetic sanitized narrative]",2090.58,12.1,53967
42696534,"Customer reports concern related to long block, block, long. Diagnosis performed; minor repair/reseal completed under warranty per applicable TSB. Vehicle line P552N F-150 [15-20]. [synthetic sanitized narrative]",8328.82,16.2,32954
37950451,"Customer reports concern related to clutch, replace clutch, transmission. Diagnosis performed; minor repair/reseal completed under warranty per applicable TSB. Vehicle line C346N FOCUS [12-18]. [synthetic sanitized narrative]",825.93,6.4,3936
42952485,"Customer reports concern related to clutch, replace clutch, transmission. Diagnosis confirmed component failure; full assembly replacement completed under warranty per applicable TSB. Vehicle line C346N FOCUS [12-18]. [synthetic sanitized narrative]",1886.86,6.5,3936
42476453,"Customer reports concern related to clutch, replace clutch, transmission. Diagnosis performed; minor repair/reseal completed under warranty per applicable TSB. Vehicle line C346N FOCUS [12-18]. [synthetic sanitized narrative]",1028.64,6.2,3936
42677409,"Customer reports concern related to transmission, repair, fluid. Diagnosis performed; minor repair/reseal completed under warranty per applicable TSB. Vehicle line V408E TRANSIT CONNECT [13-24]. [synthetic sanitized narrative]",2583.17,16.4,71778
42711791,"Customer reports concern related to transmission, repair, fluid. Diagnosis performed; minor repair/reseal completed under warranty per applicable TSB. Vehicle line V408E TRANSIT CONNECT [13-24]. [synthetic sanitized narrative]",2024.47,18.0,71778
42998777,"Customer reports concern related to clutch, replace clutch, transmission. Diagnosis performed; minor repair/reseal completed under warranty per applicable TSB. Vehicle line C346N FOCUS [12-18]. [synthetic sanitized narrative]",1516.58,5.7,3936
42943039,"Customer reports concern related to long block, block, long. Diagnosis confirmed component failure; full assembly replacement completed under warranty per applicable TSB. Vehicle line P552N F-150 [15-20]. [synthetic sanitized narrative]",9810.62,22.1,32954
42683630,"Customer reports concern related to clutch, replace clutch, transmission. Diagnosis confirmed component failure; full assembly replacement completed under warranty per applicable TSB. Vehicle line C346N FOCUS [12-18]. [synthetic sanitized narrative]",1527.42,6.4,3936
40335495,"Customer reports concern related to water pump, water, pump. Diagnosis confirmed component failure; full assembly replacement completed under warranty per applicable TSB. Vehicle line U502N EXPLORER [11-19]. [synthetic sanitized narrative]",2592.37,14.1,53967
36737510,"Customer reports concern related to clutch, replace clutch, transmission. Diagnosis performed; minor repair/reseal completed under warranty per applicable TSB. Vehicle line C346N FOCUS [12-18]. [synthetic sanitized narrative]",1261.0,5.8,3936
42407759,"Customer reports concern related to clutch, replace clutch, transmission. Diagnosis performed; minor repair/reseal completed under warranty per applicable TSB. Vehicle line C346N FOCUS [12-18]. [synthetic sanitized narrative]",1452.05,9.3,3936
43081551,"Customer reports concern related to long block, block, long. Diagnosis performed; minor repair/reseal completed under warranty per applicable TSB. Vehicle line P552N F-150 [15-20]. [synthetic sanitized narrative]",8152.26,15.9,32954
38244477,"Customer reports concern related to clutch, replace clutch, transmission. Diagnosis performed; minor repair/reseal completed under warranty per applicable TSB. Vehicle line C346N FOCUS [12-18]. [synthetic sanitized narrative]",1102.71,5.8,3936
42999652,"Customer reports concern related to long block, block, long. Diagnosis confirmed component failure; full assembly replacement completed under warranty per applicable TSB. Vehicle line P552N F-150 [15-20]. [synthetic sanitized narrative]",9050.18,15.3,32954
42464883,"Customer reports concern related to clutch, replace clutch, transmission. Diagnosis confirmed component failure; full assembly replacement completed under warranty per applicable TSB. Vehicle line C346N FOCUS [12-18]. [synthetic sanitized narrative]",1587.7,6.3,3936
39557474,"Customer reports concern related to clutch, replace clutch, transmission. Diagnosis confirmed component failure; full assembly replacement completed under warranty per applicable TSB. Vehicle line C346N FOCUS [12-18]. [synthetic sanitized narrative]",1696.85,7.1,3936
37106489,"Customer reports concern related to clutch, replace clutch, transmission. Diagnosis performed; minor repair/reseal completed under warranty per applicable TSB. Vehicle line C346N FOCUS [12-18]. [synthetic sanitized narrative]",1102.71,5.8,3936
43032954,"Customer reports concern related to long block, block, long. Diagnosis confirmed component failure; full assembly replacement completed under warranty per applicable TSB. Vehicle line P552N F-150 [15-20]. [synthetic sanitized narrative]",12413.89,21.1,32954
42585738,"Customer reports concern related to long block, block, long. Diagnosis confirmed component failure; full assembly replacement completed under warranty per applicable TSB. Vehicle line CD539N EDGE [15-24]. [synthetic sanitized narrative]",10051.09,34.0,14641
43097052,"Customer reports concern related to water pump, water, pump. Diagnosis confirmed component failure; full assembly replacement completed under warranty per applicable TSB. Vehicle line U502N EXPLORER [11-19]. [synthetic sanitized narrative]",2522.32,10.1,53967
42985253,"Customer reports concern related to main control, main, transmission. Diagnosis performed; minor repair/reseal completed under warranty per applicable TSB. Vehicle line P552N F-150 [15-20]. [synthetic sanitized narrative]",2424.69,18.1,35069
42894083,"Customer reports concern related to main control, main, transmission. Diagnosis performed; minor repair/reseal completed under warranty per applicable TSB. Vehicle line P552N F-150 [15-20]. [synthetic sanitized narrative]",2629.41,21.1,35069
42931535,"Customer reports concern related to oil, oil pan, pan. Diagnosis performed; minor repair/reseal completed under warranty per applicable TSB. Vehicle line P558N SUPER DUTY [17-22]. [synthetic sanitized narrative]",1443.17,11.0,40109
41573459,"Customer reports concern related to water pump, water, pump. Diagnosis confirmed component failure; full assembly replacement completed under warranty per applicable TSB. Vehicle line U502N EXPLORER [11-19]. [synthetic sanitized narrative]",2237.44,12.8,53967
37717458,"Customer reports concern related to water pump, water, pump. Diagnosis performed; minor repair/reseal completed under warranty per applicable TSB. Vehicle line U502N EXPLORER [11-19]. [synthetic sanitized narrative]",1417.7,9.3,53967
39493454,"Customer reports concern related to long block, block, long. Diagnosis performed; minor repair/reseal completed under warranty per applicable TSB. Vehicle line CD539N EDGE [15-24]. [synthetic sanitized narrative]",3755.21,17.3,14641
42687859,"Customer reports concern related to oil, oil pan, pan. Diagnosis performed; minor repair/reseal completed under warranty per applicable TSB. Vehicle line P558N SUPER DUTY [17-22]. [synthetic sanitized narrative]",1713.57,10.6,40109
42516365,"Customer reports concern related to long block, block, long. Diagnosis confirmed component failure; full assembly replacement completed under warranty per applicable TSB. Vehicle line CD539N EDGE [15-24]. [synthetic sanitized narrative]",4706.23,16.3,14641
38998565,"Customer reports concern related to water pump, water, pump. Diagnosis confirmed component failure; full assembly replacement completed under warranty per applicable TSB. Vehicle line U502N EXPLORER [11-19]. [synthetic sanitized narrative]",6616.9,29.0,53967
38551452,"Customer reports concern related to oil, oil pan, pan. Diagnosis performed; minor repair/reseal completed under warranty per applicable TSB. Vehicle line P558N SUPER DUTY [17-22]. [synthetic sanitized narrative]",39.27,0.4,40109
39234484,"Customer reports concern related to water pump, water, pump. Diagnosis performed; minor repair/reseal completed under warranty per applicable TSB. Vehicle line U502N EXPLORER [11-19]. [synthetic sanitized narrative]",996.23,8.9,53967
43083329,"Customer reports concern related to oil, oil pan, pan. Diagnosis confirmed component failure; full assembly replacement completed under warranty per applicable TSB. Vehicle line P558N SUPER DUTY [17-22]. [synthetic sanitized narrative]",2827.55,16.6,40109
41150469,"Customer reports concern related to water pump, water, pump. Diagnosis performed; minor repair/reseal completed under warranty per applicable TSB. Vehicle line U502N EXPLORER [11-19]. [synthetic sanitized narrative]",1649.75,9.6,53967
42991138,"Customer reports concern related to oil, oil pan, pan. Diagnosis confirmed component failure; full assembly replacement completed under warranty per applicable TSB. Vehicle line P558N SUPER DUTY [17-22]. [synthetic sanitized narrative]",2041.33,11.1,40109
42468069,"Customer reports concern related to water pump, water, pump. Diagnosis confirmed component failure; full assembly replacement completed under warranty per applicable TSB. Vehicle line U502N EXPLORER [11-19]. [synthetic sanitized narrative]",2473.31,10.1,53967
42719336,"Customer reports concern related to water pump, water, pump. Diagnosis performed; minor repair/reseal completed under warranty per applicable TSB. Vehicle line U502N EXPLORER [11-19]. [synthetic sanitized narrative]",1251.58,9.1,53967
37941478,"Customer reports concern related to long block, block, long. Diagnosis performed; minor repair/reseal completed under warranty per applicable TSB. Vehicle line CD539N EDGE [15-24]. [synthetic sanitized narrative]",4000.07,14.3,14641
39747497,"Customer reports concern related to long block, block, long. Diagnosis confirmed component failure; full assembly replacement completed under warranty per applicable TSB. Vehicle line CD539N EDGE [15-24]. [synthetic sanitized narrative]",5430.51,17.3,14641
40816477,"Customer reports concern related to transmission, repair, fluid. Diagnosis performed; minor repair/reseal completed under warranty per applicable TSB. Vehicle line V408E TRANSIT CONNECT [13-24]. [synthetic sanitized narrative]",2891.56,18.2,71778
36899477,"Customer reports concern related to long block, block, long. Diagnosis confirmed component failure; full assembly replacement completed under warranty per applicable TSB. Vehicle line CD539N EDGE [15-24]. [synthetic sanitized narrative]",4611.82,16.6,14641
42566402,"Customer reports concern related to oil, oil pan, pan. Diagnosis confirmed component failure; full assembly replacement completed under warranty per applicable TSB. Vehicle line P558N SUPER DUTY [17-22]. [synthetic sanitized narrative]",2173.92,11.3,40109
42724424,"Customer reports concern related to long block, block, long. Diagnosis confirmed component failure; full assembly replacement completed under warranty per applicable TSB. Vehicle line CD539N EDGE [15-24]. [synthetic sanitized narrative]",9611.41,39.1,14641
43073044,"Customer reports concern related to water pump, water, pump. Diagnosis confirmed component failure; full assembly replacement completed under warranty per applicable TSB. Vehicle line U502N EXPLORER [11-19]. [synthetic sanitized narrative]",1966.0,9.4,53967
42720498,"Customer reports concern related to water pump, water, pump. Diagnosis confirmed component failure; full assembly replacement completed under warranty per applicable TSB. Vehicle line U502N EXPLORER [11-19]. [synthetic sanitized narrative]",2093.52,12.5,53967
42865969,"Customer reports concern related to transmission, repair, fluid. Diagnosis confirmed component failure; full assembly replacement completed under warranty per applicable TSB. Vehicle line V408E TRANSIT CONNECT [13-24]. [synthetic sanitized narrative]",3782.67,26.2,71778
39664472,"Customer reports concern related to water pump, water, pump. Diagnosis confirmed component failure; full assembly replacement completed under warranty per applicable TSB. Vehicle line U502N EXPLORER [11-19]. [synthetic sanitized narrative]",2856.33,18.3,53967
42755874,"Customer reports concern related to long block, block, long. Diagnosis confirmed component failure; full assembly replacement completed under warranty per applicable TSB. Vehicle line P552N F-150 [15-20]. [synthetic sanitized narrative]",9532.66,16.0,32954
41079475,"Customer reports concern related to long block, block, long. Diagnosis performed; minor repair/reseal completed under warranty per applicable TSB. Vehicle line CD539N EDGE [15-24]. [synthetic sanitized narrative]",3978.47,16.2,14641
38338486,"Customer reports concern related to long block, block, long. Diagnosis performed; minor repair/reseal completed under warranty per applicable TSB. Vehicle line CD539N EDGE [15-24]. [synthetic sanitized narrative]",3766.16,14.2,14641
42642410,"Customer reports concern related to long block, block, long. Diagnosis performed; minor repair/reseal completed under warranty per applicable TSB. Vehicle line CD539N EDGE [15-24]. [synthetic sanitized narrative]",3952.19,19.2,14641
41571494,"Customer reports concern related to long block, block, long. Diagnosis performed; minor repair/reseal completed under warranty per applicable TSB. Vehicle line CD539N EDGE [15-24]. [synthetic sanitized narrative]",3414.21,16.0,14641
42931548,"Customer reports concern related to main control, main, transmission. Diagnosis performed; minor repair/reseal completed under warranty per applicable TSB. Vehicle line P552N F-150 [15-20]. [synthetic sanitized narrative]",2124.28,21.6,35069
42895203,"Customer reports concern related to long block, block, long. Diagnosis confirmed component failure; full assembly replacement completed under warranty per applicable TSB. Vehicle line CD539N EDGE [15-24]. [synthetic sanitized narrative]",5710.25,16.0,14641
42744297,"Customer reports concern related to long block, block, long. Diagnosis confirmed component failure; full assembly replacement completed under warranty per applicable TSB. Vehicle line CD539N EDGE [15-24]. [synthetic sanitized narrative]",6163.03,26.7,14641
38689463,"Customer reports concern related to long block, block, long. Diagnosis performed; minor repair/reseal completed under warranty per applicable TSB. Vehicle line CD539N EDGE [15-24]. [synthetic sanitized narrative]",4465.43,15.2,14641
39621498,"Customer reports concern related to long block, block, long. Diagnosis performed; minor repair/reseal completed under warranty per applicable TSB. Vehicle line CD539N EDGE [15-24]. [synthetic sanitized narrative]",4280.14,15.7,14641
40514535,"Customer reports concern related to long block, block, long. Diagnosis performed; minor repair/reseal completed under warranty per applicable TSB. Vehicle line CD539N EDGE [15-24]. [synthetic sanitized narrative]",4324.95,15.2,14641
42584600,"Customer reports concern related to long block, block, long. Diagnosis performed; minor repair/reseal completed under warranty per applicable TSB. Vehicle line CD539N EDGE [15-24]. [synthetic sanitized narrative]",3547.62,16.2,14641
42310464,"Customer reports concern related to long block, block, long. Diagnosis confirmed component failure; full assembly replacement completed under warranty per applicable TSB. Vehicle line CD539N EDGE [15-24]. [synthetic sanitized narrative]",5388.31,13.4,14641
42963874,"Customer reports concern related to long block, block, long. Diagnosis confirmed component failure; full assembly replacement completed under warranty per applicable TSB. Vehicle line CD539N EDGE [15-24]. [synthetic sanitized narrative]",6779.55,14.0,14641
42495283,"Customer reports concern related to long block, block, long. Diagnosis performed; minor repair/reseal completed under warranty per applicable TSB. Vehicle line CD539N EDGE [15-24]. [synthetic sanitized narrative]",3719.2,15.0,14641
38575633,"Customer reports concern related to long block, block, long. Diagnosis performed; minor repair/reseal completed under warranty per applicable TSB. Vehicle line P552N F-150 [15-20]. [synthetic sanitized narrative]",7923.73,14.6,32954
39584464,"Customer reports concern related to long block, block, long. Diagnosis performed; minor repair/reseal completed under warranty per applicable TSB. Vehicle line CD539N EDGE [15-24]. [synthetic sanitized narrative]",4086.8,13.9,14641
40770461,"Customer reports concern related to long block, block, long. Diagnosis confirmed component failure; full assembly replacement completed under warranty per applicable TSB. Vehicle line CD539N EDGE [15-24]. [synthetic sanitized narrative]",4967.28,16.3,14641
38312473,"Customer reports concern related to long block, block, long. Diagnosis performed; minor repair/reseal completed under warranty per applicable TSB. Vehicle line CD539N EDGE [15-24]. [synthetic sanitized narrative]",4441.63,15.0,14641
38809482,"Customer reports concern related to long block, block, long. Diagnosis performed; minor repair/reseal completed under warranty per applicable TSB. Vehicle line CD539N EDGE [15-24]. [synthetic sanitized narrative]",4330.77,16.2,14641
38289499,"Customer reports concern related to long block, block, long. Diagnosis performed; minor repair/reseal completed under warranty per applicable TSB. Vehicle line CD539N EDGE [15-24]. [synthetic sanitized narrative]",3410.47,14.0,14641
42478352,"Customer reports concern related to long block, block, long. Diagnosis performed; minor repair/reseal completed under warranty per applicable TSB. Vehicle line P552N F-150 [15-20]. [synthetic sanitized narrative]",7439.7,15.3,32954
43029832,"Customer reports concern related to long block, block, long. Diagnosis confirmed component failure; full assembly replacement completed under warranty per applicable TSB. Vehicle line P552N F-150 [15-20]. [synthetic sanitized narrative]",12290.21,13.8,32954
39921495,"Customer reports concern related to long block, block, long. Diagnosis confirmed component failure; full assembly replacement completed under warranty per applicable TSB. Vehicle line CD539N EDGE [15-24]. [synthetic sanitized narrative]",4673.71,22.5,14641
40222487,"Customer reports concern related to long block, block, long. Diagnosis performed; minor repair/reseal completed under warranty per applicable TSB. Vehicle line CD539N EDGE [15-24]. [synthetic sanitized narrative]",4543.5,14.0,14641
42666267,"Customer reports concern related to long block, block, long. Diagnosis performed; minor repair/reseal completed under warranty per applicable TSB. Vehicle line CD539N EDGE [15-24]. [synthetic sanitized narrative]",4389.61,16.0,14641
41834459,"Customer reports concern related to long block, block, long. Diagnosis performed; minor repair/reseal completed under warranty per applicable TSB. Vehicle line CD539N EDGE [15-24]. [synthetic sanitized narrative]",4082.91,13.9,14641
43092672,"Customer reports concern related to long block, block, long. Diagnosis performed; minor repair/reseal completed under warranty per applicable TSB. Vehicle line CD539N EDGE [15-24]. [synthetic sanitized narrative]",3620.59,15.2,14641
42582574,"Customer reports concern related to long block, block, long. Diagnosis performed; minor repair/reseal completed under warranty per applicable TSB. Vehicle line CD539N EDGE [15-24]. [synthetic sanitized narrative]",4406.06,15.2,14641
42585596,"Customer reports concern related to long block, block, long. Diagnosis confirmed component failure; full assembly replacement completed under warranty per applicable TSB. Vehicle line CD539N EDGE [15-24]. [synthetic sanitized narrative]",4839.59,16.4,14641
38643482,"Customer reports concern related to long block, block, long. Diagnosis confirmed component failure; full assembly replacement completed under warranty per applicable TSB. Vehicle line CD539N EDGE [15-24]. [synthetic sanitized narrative]",4632.88,15.8,14641
42605702,"Customer reports concern related to long block, block, long. Diagnosis confirmed component failure; full assembly replacement completed under warranty per applicable TSB. Vehicle line CD539N EDGE [15-24]. [synthetic sanitized narrative]",4614.48,17.2,14641
38524519,"Customer reports concern related to long block, block, long. Diagnosis performed; minor repair/reseal completed under warranty per applicable TSB. Vehicle line CD539N EDGE [15-24]. [synthetic sanitized narrative]",4258.92,15.8,14641
43080171,"Customer reports concern related to long block, block, long. Diagnosis performed; minor repair/reseal completed under warranty per applicable TSB. Vehicle line CD539N EDGE [15-24]. [synthetic sanitized narrative]",4541.41,15.2,14641
42457090,"Customer reports concern related to long block, block, long. Diagnosis performed; minor repair/reseal completed under warranty per applicable TSB. Vehicle line P552N F-150 [15-20]. [synthetic sanitized narrative]",8026.88,17.3,32954
42810233,"Customer reports concern related to long block, block, long. Diagnosis performed; minor repair/reseal completed under warranty per applicable TSB. Vehicle line P552N F-150 [15-20]. [synthetic sanitized narrative]",8040.15,16.2,32954
42379689,"Customer reports concern related to long block, block, long. Diagnosis confirmed component failure; full assembly replacement completed under warranty per applicable TSB. Vehicle line CD539N EDGE [15-24]. [synthetic sanitized narrative]",4871.22,16.1,14641
42558728,"Customer reports concern related to long block, block, long. Diagnosis performed; minor repair/reseal completed under warranty per applicable TSB. Vehicle line P552N F-150 [15-20]. [synthetic sanitized narrative]",8600.94,14.6,32954
42770110,"Customer reports concern related to long block, block, long. Diagnosis confirmed component failure; full assembly replacement completed under warranty per applicable TSB. Vehicle line P552N F-150 [15-20]. [synthetic sanitized narrative]",10259.04,21.0,32954
42522476,"Customer reports concern related to long block, block, long. Diagnosis performed; minor repair/reseal completed under warranty per applicable TSB. Vehicle line P552N F-150 [15-20]. [synthetic sanitized narrative]",8200.46,15.1,32954
42935330,"Customer reports concern related to long block, block, long. Diagnosis confirmed component failure; full assembly replacement completed under warranty per applicable TSB. Vehicle line CD539N EDGE [15-24]. [synthetic sanitized narrative]",4939.23,13.4,14641
40578451,"Customer reports concern related to long block, block, long. Diagnosis performed; minor repair/reseal completed under warranty per applicable TSB. Vehicle line P552N F-150 [15-20]. [synthetic sanitized narrative]",5464.31,16.8,32954
38181472,"Customer reports concern related to long block, block, long. Diagnosis performed; minor repair/reseal completed under warranty per applicable TSB. Vehicle line CD539N EDGE [15-24]. [synthetic sanitized narrative]",3471.61,13.4,14641
42546188,"Customer reports concern related to long block, block, long. Diagnosis performed; minor repair/reseal completed under warranty per applicable TSB. Vehicle line CD539N EDGE [15-24]. [synthetic sanitized narrative]",4310.57,17.9,14641
42724140,"Customer reports concern related to long block, block, long. Diagnosis performed; minor repair/reseal completed under warranty per applicable TSB. Vehicle line CD539N EDGE [15-24]. [synthetic sanitized narrative]",4481.69,15.2,14641
42772568,"Customer reports concern related to long block, block, long. Diagnosis confirmed component failure; full assembly replacement completed under warranty per applicable TSB. Vehicle line P552N F-150 [15-20]. [synthetic sanitized narrative]",10312.91,15.7,32954
42634304,"Customer reports concern related to long block, block, long. Diagnosis confirmed component failure; full assembly replacement completed under warranty per applicable TSB. Vehicle line CD539N EDGE [15-24]. [synthetic sanitized narrative]",4880.52,15.8,14641
40513556,"Customer reports concern related to long block, block, long. Diagnosis confirmed component failure; full assembly replacement completed under warranty per applicable TSB. Vehicle line CD539N EDGE [15-24]. [synthetic sanitized narrative]",5581.76,22.1,14641
42622053,"Customer reports concern related to long block, block, long. Diagnosis performed; minor repair/reseal completed under warranty per applicable TSB. Vehicle line CD539N EDGE [15-24]. [synthetic sanitized narrative]",4453.45,13.4,14641
42442630,"Customer reports concern related to long block, block, long. Diagnosis performed; minor repair/reseal completed under warranty per applicable TSB. Vehicle line CD539N EDGE [15-24]. [synthetic sanitized narrative]",3597.53,14.0,14641
42544571,"Customer reports concern related to long block, block, long. Diagnosis performed; minor repair/reseal completed under warranty per applicable TSB. Vehicle line P552N F-150 [15-20]. [synthetic sanitized narrative]",6684.6,15.6,32954
42527972,"Customer reports concern related to long block, block, long. Diagnosis performed; minor repair/reseal completed under warranty per applicable TSB. Vehicle line CD539N EDGE [15-24]. [synthetic sanitized narrative]",3344.95,15.2,14641
38534635,"Customer reports concern related to long block, block, long. Diagnosis confirmed component failure; full assembly replacement completed under warranty per applicable TSB. Vehicle line CD539N EDGE [15-24]. [synthetic sanitized narrative]",4870.78,13.4,14641
42594565,"Customer reports concern related to long block, block, long. Diagnosis performed; minor repair/reseal completed under warranty per applicable TSB. Vehicle line P552N F-150 [15-20]. [synthetic sanitized narrative]",6998.14,14.2,32954
42773860,"Customer reports concern related to long block, block, long. Diagnosis confirmed component failure; full assembly replacement completed under warranty per applicable TSB. Vehicle line P552N F-150 [15-20]. [synthetic sanitized narrative]",9902.24,25.2,32954
39161490,"Customer reports concern related to long block, block, long. Diagnosis performed; minor repair/reseal completed under warranty per applicable TSB. Vehicle line CD539N EDGE [15-24]. [synthetic sanitized narrative]",3633.28,14.0,14641
42579663,"Customer reports concern related to long block, block, long. Diagnosis confirmed component failure; full assembly replacement completed under warranty per applicable TSB. Vehicle line CD539N EDGE [15-24]. [synthetic sanitized narrative]",5302.23,16.3,14641
42547869,"Customer reports concern related to long block, block, long. Diagnosis confirmed component failure; full assembly replacement completed under warranty per applicable TSB. Vehicle line CD539N EDGE [15-24]. [synthetic sanitized narrative]",5351.5,15.2,14641
42441251,"Customer reports concern related to long block, block, long. Diagnosis performed; minor repair/reseal completed under warranty per applicable TSB. Vehicle line P552N F-150 [15-20]. [synthetic sanitized narrative]",8614.3,18.5,32954
38078468,"Customer reports concern related to long block, block, long. Diagnosis confirmed component failure; full assembly replacement completed under warranty per applicable TSB. Vehicle line CD539N EDGE [15-24]. [synthetic sanitized narrative]",4828.89,13.3,14641
38794457,"Customer reports concern related to long block, block, long. Diagnosis confirmed component failure; full assembly replacement completed under warranty per applicable TSB. Vehicle line CD539N EDGE [15-24]. [synthetic sanitized narrative]",5108.11,14.0,14641
42577234,"Customer reports concern related to long block, block, long. Diagnosis confirmed component failure; full assembly replacement completed under warranty per applicable TSB. Vehicle line CD539N EDGE [15-24]. [synthetic sanitized narrative]",5487.24,15.8,14641
43057990,"Customer reports concern related to rattle, phasers, cam. Diagnosis performed; minor repair/reseal completed under warranty per applicable TSB. Vehicle line P552N F-150 [15-20]. [synthetic sanitized narrative]",1765.84,9.7,33030
42802342,"Customer reports concern related to rattle, phasers, cam. Diagnosis confirmed component failure; full assembly replacement completed under warranty per applicable TSB. Vehicle line P552N F-150 [15-20]. [synthetic sanitized narrative]",3046.66,15.2,33030
42895759,"Customer reports concern related to rattle, phasers, cam. Diagnosis performed; minor repair/reseal completed under warranty per applicable TSB. Vehicle line P552N F-150 [15-20]. [synthetic sanitized narrative]",1756.1,9.6,33030
42780051,"Customer reports concern related to rattle, phasers, cam. Diagnosis performed; minor repair/reseal completed under warranty per applicable TSB. Vehicle line P552N F-150 [15-20]. [synthetic sanitized narrative]",1894.5,9.6,33030
42933844,"Customer reports concern related to rattle, phasers, cam. Diagnosis performed; minor repair/reseal completed under warranty per applicable TSB. Vehicle line P552N F-150 [15-20]. [synthetic sanitized narrative]",1750.34,9.7,33030
40517492,"Customer reports concern related to rattle, phasers, cam. Diagnosis confirmed component failure; full assembly replacement completed under warranty per applicable TSB. Vehicle line P552N F-150 [15-20]. [synthetic sanitized narrative]",1986.96,9.6,33030
40031497,"Customer reports concern related to rattle, phasers, cam. Diagnosis confirmed component failure; full assembly replacement completed under warranty per applicable TSB. Vehicle line P552N F-150 [15-20]. [synthetic sanitized narrative]",2338.47,15.4,33030
42778099,"Customer reports concern related to rattle, phasers, cam. Diagnosis performed; minor repair/reseal completed under warranty per applicable TSB. Vehicle line P552N F-150 [15-20]. [synthetic sanitized narrative]",1674.3,9.9,33030
42963649,"Customer reports concern related to rattle, phasers, cam. Diagnosis performed; minor repair/reseal completed under warranty per applicable TSB. Vehicle line P552N F-150 [15-20]. [synthetic sanitized narrative]",1862.81,9.6,33030
42977190,"Customer reports concern related to main control, main, transmission. Diagnosis confirmed component failure; full assembly replacement completed under warranty per applicable TSB. Vehicle line P552N F-150 [15-20]. [synthetic sanitized narrative]",11016.1,22.5,35069
39249514,"Customer reports concern related to water pump, water, pump. Diagnosis confirmed component failure; full assembly replacement completed under warranty per applicable TSB. Vehicle line U502N EXPLORER [11-19]. [synthetic sanitized narrative]",1731.46,9.5,53967
42457556,"Customer reports concern related to rattle, phasers, cam. Diagnosis performed; minor repair/reseal completed under warranty per applicable TSB. Vehicle line P552N F-150 [15-20]. [synthetic sanitized narrative]",1652.55,9.6,33030
43032146,"Customer reports concern related to rattle, phasers, cam. Diagnosis performed; minor repair/reseal completed under warranty per applicable TSB. Vehicle line P552N F-150 [15-20]. [synthetic sanitized narrative]",1468.96,9.6,33030
42503611,"Customer reports concern related to rattle, phasers, cam. Diagnosis performed; minor repair/reseal completed under warranty per applicable TSB. Vehicle line P552N F-150 [15-20]. [synthetic sanitized narrative]",1248.83,9.6,33030
42883498,"Customer reports concern related to rattle, phasers, cam. Diagnosis confirmed component failure; full assembly replacement completed under warranty per applicable TSB. Vehicle line P552N F-150 [15-20]. [synthetic sanitized narrative]",2530.79,14.0,33030
42213451,"Customer reports concern related to rattle, phasers, cam. Diagnosis confirmed component failure; full assembly replacement completed under warranty per applicable TSB. Vehicle line P552N F-150 [15-20]. [synthetic sanitized narrative]",4089.14,28.6,33030
42559895,"Customer reports concern related to rattle, phasers, cam. Diagnosis performed; minor repair/reseal completed under warranty per applicable TSB. Vehicle line P552N F-150 [15-20]. [synthetic sanitized narrative]",1233.37,9.6,33030
42872775,"Customer reports concern related to main control, main, transmission. Diagnosis confirmed component failure; full assembly replacement completed under warranty per applicable TSB. Vehicle line P552N F-150 [15-20]. [synthetic sanitized narrative]",4779.9,31.5,35069
38697479,"Customer reports concern related to rattle, phasers, cam. Diagnosis performed; minor repair/reseal completed under warranty per applicable TSB. Vehicle line P552N F-150 [15-20]. [synthetic sanitized narrative]",,9.6,33030
42596316,"Customer reports concern related to rattle, phasers, cam. Diagnosis performed; minor repair/reseal completed under warranty per applicable TSB. Vehicle line P552N F-150 [15-20]. [synthetic sanitized narrative]",1625.64,10.6,33030
37820478,"Customer reports concern related to rattle, phasers, cam. Diagnosis performed; minor repair/reseal completed under warranty per applicable TSB. Vehicle line P552N F-150 [15-20]. [synthetic sanitized narrative]",1355.97,9.6,33030
39105499,"Customer reports concern related to rattle, phasers, cam. Diagnosis performed; minor repair/reseal completed under warranty per applicable TSB. Vehicle line P552N F-150 [15-20]. [synthetic sanitized narrative]",1579.11,9.7,33030
43046260,"Customer reports concern related to rattle, phasers, cam. Diagnosis performed; minor repair/reseal completed under warranty per applicable TSB. Vehicle line P552N F-150 [15-20]. [synthetic sanitized narrative]",1784.46,9.6,33030
43111329,"Customer reports concern related to rattle, phasers, cam. Diagnosis confirmed component failure; full assembly replacement completed under warranty per applicable TSB. Vehicle line P552N F-150 [15-20]. [synthetic sanitized narrative]",3072.66,9.6,33030
42762507,"Customer reports concern related to rattle, phasers, cam. Diagnosis performed; minor repair/reseal completed under warranty per applicable TSB. Vehicle line P552N F-150 [15-20]. [synthetic sanitized narrative]",1455.76,9.6,33030
42489893,"Customer reports concern related to rattle, phasers, cam. Diagnosis confirmed component failure; full assembly replacement completed under warranty per applicable TSB. Vehicle line P552N F-150 [15-20]. [synthetic sanitized narrative]",2082.8,12.0,33030
43134875,"Customer reports concern related to rattle, phasers, cam. Diagnosis confirmed component failure; full assembly replacement completed under warranty per applicable TSB. Vehicle line P552N F-150 [15-20]. [synthetic sanitized narrative]",5772.51,27.8,33030
40109485,"Customer reports concern related to rattle, phasers, cam. Diagnosis performed; minor repair/reseal completed under warranty per applicable TSB. Vehicle line P552N F-150 [15-20]. [synthetic sanitized narrative]",1482.82,9.6,33030
39715487,"Customer reports concern related to rattle, phasers, cam. Diagnosis confirmed component failure; full assembly replacement completed under warranty per applicable TSB. Vehicle line P552N F-150 [15-20]. [synthetic sanitized narrative]",2059.04,9.7,33030
42511114,"Customer reports concern related to rattle, phasers, cam. Diagnosis performed; minor repair/reseal completed under warranty per applicable TSB. Vehicle line P552N F-150 [15-20]. [synthetic sanitized narrative]",1359.28,9.6,33030
42921901,"Customer reports concern related to rattle, phasers, cam. Diagnosis performed; minor repair/reseal completed under warranty per applicable TSB. Vehicle line P552N F-150 [15-20]. [synthetic sanitized narrative]",1618.01,9.6,33030
42795053,"Customer reports concern related to rattle, phasers, cam. Diagnosis confirmed component failure; full assembly replacement completed under warranty per applicable TSB. Vehicle line P552N F-150 [15-20]. [synthetic sanitized narrative]",3467.97,12.4,33030
42516293,"Customer reports concern related to rattle, phasers, cam. Diagnosis confirmed component failure; full assembly replacement completed under warranty per applicable TSB. Vehicle line P552N F-150 [15-20]. [synthetic sanitized narrative]",3936.35,17.8,33030
38869485,"Customer reports concern related to rattle, phasers, cam. Diagnosis confirmed component failure; full assembly replacement completed under warranty per applicable TSB. Vehicle line P552N F-150 [15-20]. [synthetic sanitized narrative]",2011.69,9.6,33030
42544148,"Customer reports concern related to rattle, phasers, cam. Diagnosis confirmed component failure; full assembly replacement completed under warranty per applicable TSB. Vehicle line P552N F-150 [15-20]. [synthetic sanitized narrative]",2789.52,10.3,33030
38894481,"Customer reports concern related to rattle, phasers, cam. Diagnosis performed; minor repair/reseal completed under warranty per applicable TSB. Vehicle line P552N F-150 [15-20]. [synthetic sanitized narrative]",1444.56,11.7,33030
42751478,"Customer reports concern related to rattle, phasers, cam. Diagnosis performed; minor repair/reseal completed under warranty per applicable TSB. Vehicle line P552N F-150 [15-20]. [synthetic sanitized narrative]",1416.95,9.6,33030
42476739,"Customer reports concern related to rattle, phasers, cam. Diagnosis confirmed component failure; full assembly replacement completed under warranty per applicable TSB. Vehicle line P552N F-150 [15-20]. [synthetic sanitized narrative]",2018.66,9.7,33030
43088919,"Customer reports concern related to rattle, phasers, cam. Diagnosis performed; minor repair/reseal completed under warranty per applicable TSB. Vehicle line P552N F-150 [15-20]. [synthetic sanitized narrative]",1866.78,9.6,33030
42691396,"Customer reports concern related to rattle, phasers, cam. Diagnosis performed; minor repair/reseal completed under warranty per applicable TSB. Vehicle line P552N F-150 [15-20]. [synthetic sanitized narrative]",1209.39,9.6,33030
42593756,"Customer reports concern related to rattle, phasers, cam. Diagnosis confirmed component failure; full assembly replacement completed under warranty per applicable TSB. Vehicle line P552N F-150 [15-20]. [synthetic sanitized narrative]",2447.34,13.2,33030
38010457,"Customer reports concern related to rattle, phasers, cam. Diagnosis performed; minor repair/reseal completed under warranty per applicable TSB. Vehicle line P552N F-150 [15-20]. [synthetic sanitized narrative]",1557.28,9.5,33030
39920548,"Customer reports concern related to rattle, phasers, cam. Diagnosis performed; minor repair/reseal completed under warranty per applicable TSB. Vehicle line P552N F-150 [15-20]. [synthetic sanitized narrative]",1134.85,9.6,33030
40306488,"Customer reports concern related to rattle, phasers, cam. Diagnosis confirmed component failure; full assembly replacement completed under warranty per applicable TSB. Vehicle line P552N F-150 [15-20]. [synthetic sanitized narrative]",1982.52,9.6,33030
42610377,"Customer reports concern related to rattle, phasers, cam. Diagnosis confirmed component failure; full assembly replacement completed under warranty per applicable TSB. Vehicle line P552N F-150 [15-20]. [synthetic sanitized narrative]",2345.22,16.3,33030
41011466,"Customer reports concern related to rattle, phasers, cam. Diagnosis performed; minor repair/reseal completed under warranty per applicable TSB. Vehicle line P552N F-150 [15-20]. [synthetic sanitized narrative]",1862.86,12.3,33030
42672193,"Customer reports concern related to rattle, phasers, cam. Diagnosis performed; minor repair/reseal completed under warranty per applicable TSB. Vehicle line P552N F-150 [15-20]. [synthetic sanitized narrative]",1775.24,9.7,33030
38650451,"Customer reports concern related to oil, oil pan, pan. Diagnosis performed; minor repair/reseal completed under warranty per applicable TSB. Vehicle line P558N SUPER DUTY [17-22]. [synthetic sanitized narrative]",1274.2,10.2,40109
42972687,"Customer reports concern related to oil, oil pan, pan. Diagnosis performed; minor repair/reseal completed under warranty per applicable TSB. Vehicle line P558N SUPER DUTY [17-22]. [synthetic sanitized narrative]",1549.21,10.2,40109
42931008,"Customer reports concern related to oil, oil pan, pan. Diagnosis confirmed component failure; full assembly replacement completed under warranty per applicable TSB. Vehicle line P558N SUPER DUTY [17-22]. [synthetic sanitized narrative]",2052.79,13.2,40109
42966283,"Customer reports concern related to oil, oil pan, pan. Diagnosis performed; minor repair/reseal completed under warranty per applicable TSB. Vehicle line P558N SUPER DUTY [17-22]. [synthetic sanitized narrative]",1576.41,10.7,40109
43007946,"Customer reports concern related to oil, oil pan, pan. Diagnosis performed; minor repair/reseal completed under warranty per applicable TSB. Vehicle line P558N SUPER DUTY [17-22]. [synthetic sanitized narrative]",1536.38,10.2,40109
42920653,"Customer reports concern related to oil, oil pan, pan. Diagnosis confirmed component failure; full assembly replacement completed under warranty per applicable TSB. Vehicle line P558N SUPER DUTY [17-22]. [synthetic sanitized narrative]",2296.32,11.2,40109
42755569,"Customer reports concern related to oil, oil pan, pan. Diagnosis performed; minor repair/reseal completed under warranty per applicable TSB. Vehicle line P558N SUPER DUTY [17-22]. [synthetic sanitized narrative]",1795.65,13.5,40109
43133217,"Customer reports concern related to oil, oil pan, pan. Diagnosis performed; minor repair/reseal completed under warranty per applicable TSB. Vehicle line P558N SUPER DUTY [17-22]. [synthetic sanitized narrative]",1865.37,10.7,40109
43024179,"Customer reports concern related to oil, oil pan, pan. Diagnosis confirmed component failure; full assembly replacement completed under warranty per applicable TSB. Vehicle line P558N SUPER DUTY [17-22]. [synthetic sanitized narrative]",2585.96,12.2,40109
40740494,"Customer reports concern related to oil, oil pan, pan. Diagnosis performed; minor repair/reseal completed under warranty per applicable TSB. Vehicle line P558N SUPER DUTY [17-22]. [synthetic sanitized narrative]",1264.59,10.2,40109
40519474,"Customer reports concern related to oil, oil pan, pan. Diagnosis performed; minor repair/reseal completed under warranty per applicable TSB. Vehicle line P558N SUPER DUTY [17-22]. [synthetic sanitized narrative]",1001.46,10.2,40109
42925165,"Customer reports concern related to oil, oil pan, pan. Diagnosis performed; minor repair/reseal completed under warranty per applicable TSB. Vehicle line P558N SUPER DUTY [17-22]. [synthetic sanitized narrative]",1625.42,10.2,40109
42782106,"Customer reports concern related to oil, oil pan, pan. Diagnosis confirmed component failure; full assembly replacement completed under warranty per applicable TSB. Vehicle line P558N SUPER DUTY [17-22]. [synthetic sanitized narrative]",3523.99,20.7,40109
41406458,"Customer reports concern related to oil, oil pan, pan. Diagnosis confirmed component failure; full assembly replacement completed under warranty per applicable TSB. Vehicle line P558N SUPER DUTY [17-22]. [synthetic sanitized narrative]",2593.45,15.7,40109
41454455,"Customer reports concern related to oil, oil pan, pan. Diagnosis performed; minor repair/reseal completed under warranty per applicable TSB. Vehicle line P558N SUPER DUTY [17-22]. [synthetic sanitized narrative]",1805.45,11.7,40109
40922483,"Customer reports concern related to oil, oil pan, pan. Diagnosis confirmed component failure; full assembly replacement completed under warranty per applicable TSB. Vehicle line P558N SUPER DUTY [17-22]. [synthetic sanitized narrative]",2111.02,13.1,40109
42846864,"Customer reports concern related to oil, oil pan, pan. Diagnosis performed; minor repair/reseal completed under warranty per applicable TSB. Vehicle line P558N SUPER DUTY [17-22]. [synthetic sanitized narrative]",1131.24,10.2,40109
42081458,"Customer reports concern related to oil, oil pan, pan. Diagnosis performed; minor repair/reseal completed under warranty per applicable TSB. Vehicle line P558N SUPER DUTY [17-22]. [synthetic sanitized narrative]",929.93,10.6,40109
42839728,"Customer reports concern related to main control, main, transmission. Diagnosis performed; minor repair/reseal completed under warranty per applicable TSB. Vehicle line P552N F-150 [15-20]. [synthetic sanitized narrative]",3248.34,20.7,35069
43093940,"Customer reports concern related to oil, oil pan, pan. Diagnosis confirmed component failure; full assembly replacement completed under warranty per applicable TSB. Vehicle line P558N SUPER DUTY [17-22]. [synthetic sanitized narrative]",3039.7,17.1,40109
42584575,"Customer reports concern related to oil, oil pan, pan. Diagnosis confirmed component failure; full assembly replacement completed under warranty per applicable TSB. Vehicle line P558N SUPER DUTY [17-22]. [synthetic sanitized narrative]",2061.2,11.1,40109
42769280,"Customer reports concern related to oil, oil pan, pan. Diagnosis performed; minor repair/reseal completed under warranty per applicable TSB. Vehicle line P558N SUPER DUTY [17-22]. [synthetic sanitized narrative]",1688.15,10.6,40109
42812312,"Customer reports concern related to oil, oil pan, pan. Diagnosis confirmed component failure; full assembly replacement completed under warranty per applicable TSB. Vehicle line P558N SUPER DUTY [17-22]. [synthetic sanitized narrative]",6145.24,23.7,40109
40780477,"Customer reports concern related to oil, oil pan, pan. Diagnosis performed; minor repair/reseal completed under warranty per applicable TSB. Vehicle line P558N SUPER DUTY [17-22]. [synthetic sanitized narrative]",1340.75,10.6,40109
42447709,"Customer reports concern related to oil, oil pan, pan. Diagnosis performed; minor repair/reseal completed under warranty per applicable TSB. Vehicle line P558N SUPER DUTY [17-22]. [synthetic sanitized narrative]",1542.06,10.4,40109
37167461,"Customer reports concern related to water pump, water, pump. Diagnosis confirmed component failure; full assembly replacement completed under warranty per applicable TSB. Vehicle line U502N EXPLORER [11-19]. [synthetic sanitized narrative]",1803.34,11.8,53967
40105496,"Customer reports concern related to oil, oil pan, pan. Diagnosis confirmed component failure; full assembly replacement completed under warranty per applicable TSB. Vehicle line P558N SUPER DUTY [17-22]. [synthetic sanitized narrative]",10286.34,26.2,40109
42679619,"Customer reports concern related to long block, block, long. Diagnosis confirmed component failure; full assembly replacement completed under warranty per applicable TSB. Vehicle line CD539N EDGE [15-24]. [synthetic sanitized narrative]",5980.81,18.3,14641
42449568,"Customer reports concern related to water pump, water, pump. Diagnosis performed; minor repair/reseal completed under warranty per applicable TSB. Vehicle line U502N EXPLORER [11-19]. [synthetic sanitized narrative]",1554.52,9.1,53967
42599859,"Customer reports concern related to water pump, water, pump. Diagnosis confirmed component failure; full assembly replacement completed under warranty per applicable TSB. Vehicle line U502N EXPLORER [11-19]. [synthetic sanitized narrative]",1810.8,10.6,53967
40318482,"Customer reports concern related to water pump, water, pump. Diagnosis performed; minor repair/reseal completed under warranty per applicable TSB. Vehicle line U502N EXPLORER [11-19]. [synthetic sanitized narrative]",1437.81,11.0,53967
43007183,"Customer reports concern related to water pump, water, pump. Diagnosis confirmed component failure; full assembly replacement completed under warranty per applicable TSB. Vehicle line U502N EXPLORER [11-19]. [synthetic sanitized narrative]",1755.0,8.8,53967
42983337,"Customer reports concern related to water pump, water, pump. Diagnosis performed; minor repair/reseal completed under warranty per applicable TSB. Vehicle line U502N EXPLORER [11-19]. [synthetic sanitized narrative]",1379.61,8.6,53967
42534757,"Customer reports concern related to water pump, water, pump. Diagnosis performed; minor repair/reseal completed under warranty per applicable TSB. Vehicle line U502N EXPLORER [11-19]. [synthetic sanitized narrative]",1404.49,9.2,53967
42950429,"Customer reports concern related to water pump, water, pump. Diagnosis performed; minor repair/reseal completed under warranty per applicable TSB. Vehicle line U502N EXPLORER [11-19]. [synthetic sanitized narrative]",1470.41,9.3,53967
43019594,"Customer reports concern related to water pump, water, pump. Diagnosis confirmed component failure; full assembly replacement completed under warranty per applicable TSB. Vehicle line U502N EXPLORER [11-19]. [synthetic sanitized narrative]",1852.92,9.3,53967
42892752,"Customer reports concern related to water pump, water, pump. Diagnosis confirmed component failure; full assembly replacement completed under warranty per applicable TSB. Vehicle line U502N EXPLORER [11-19]. [synthetic sanitized narrative]",2353.9,11.3,53967
42687937,"Customer reports concern related to water pump, water, pump. Diagnosis performed; minor repair/reseal completed under warranty per applicable TSB. Vehicle line U502N EXPLORER [11-19]. [synthetic sanitized narrative]",1551.76,8.6,53967
42779870,"Customer reports concern related to water pump, water, pump. Diagnosis confirmed component failure; full assembly replacement completed under warranty per applicable TSB. Vehicle line U502N EXPLORER [11-19]. [synthetic sanitized narrative]",1786.52,8.6,53967
37350466,"Customer reports concern related to water pump, water, pump. Diagnosis performed; minor repair/reseal completed under warranty per applicable TSB. Vehicle line U502N EXPLORER [11-19]. [synthetic sanitized narrative]",1152.48,8.4,53967
42810940,"Customer reports concern related to water pump, water, pump. Diagnosis confirmed component failure; full assembly replacement completed under warranty per applicable TSB. Vehicle line U502N EXPLORER [11-19]. [synthetic sanitized narrative]",2193.21,10.5,53967
42711608,"Customer reports concern related to water pump, water, pump. Diagnosis performed; minor repair/reseal completed under warranty per applicable TSB. Vehicle line U502N EXPLORER [11-19]. [synthetic sanitized narrative]",1590.17,10.7,53967
41083490,"Customer reports concern related to water pump, water, pump. Diagnosis performed; minor repair/reseal completed under warranty per applicable TSB. Vehicle line U502N EXPLORER [11-19]. [synthetic sanitized narrative]",1366.76,8.6,53967
42455110,"Customer reports concern related to water pump, water, pump. Diagnosis performed; minor repair/reseal completed under warranty per applicable TSB. Vehicle line U502N EXPLORER [11-19]. [synthetic sanitized narrative]",1402.34,8.6,53967
42919766,"Customer reports concern related to water pump, water, pump. Diagnosis confirmed component failure; full assembly replacement completed under warranty per applicable TSB. Vehicle line U502N EXPLORER [11-19]. [synthetic sanitized narrative]",1840.5,12.8,53967
43030831,"Customer reports concern related to water pump, water, pump. Diagnosis confirmed component failure; full assembly replacement completed under warranty per applicable TSB. Vehicle line U502N EXPLORER [11-19]. [synthetic sanitized narrative]",2638.46,14.7,53967
36764470,"Customer reports concern related to water pump, water, pump. Diagnosis performed; minor repair/reseal completed under warranty per applicable TSB. Vehicle line U502N EXPLORER [11-19]. [synthetic sanitized narrative]",1271.0,10.0,53967
39350557,"Customer reports concern related to water pump, water, pump. Diagnosis performed; minor repair/reseal completed under warranty per applicable TSB. Vehicle line U502N EXPLORER [11-19]. [synthetic sanitized narrative]",1523.14,10.6,53967
37965510,"Customer reports concern related to long block, block, long. Diagnosis confirmed component failure; full assembly replacement completed under warranty per applicable TSB. Vehicle line CD539N EDGE [15-24]. [synthetic sanitized narrative]",5957.45,24.9,14641
42746253,"Customer reports concern related to water pump, water, pump. Diagnosis confirmed component failure; full assembly replacement completed under warranty per applicable TSB. Vehicle line U502N EXPLORER [11-19]. [synthetic sanitized narrative]",1709.63,8.6,53967
42875212,"Customer reports concern related to water pump, water, pump. Diagnosis confirmed component failure; full assembly replacement completed under warranty per applicable TSB. Vehicle line U502N EXPLORER [11-19]. [synthetic sanitized narrative]",2556.97,12.9,53967
40228565,"Customer reports concern related to water pump, water, pump. Diagnosis performed; minor repair/reseal completed under warranty per applicable TSB. Vehicle line U502N EXPLORER [11-19]. [synthetic sanitized narrative]",1338.87,9.4,53967
38575511,"Customer reports concern related to water pump, water, pump. Diagnosis performed; minor repair/reseal completed under warranty per applicable TSB. Vehicle line U502N EXPLORER [11-19]. [synthetic sanitized narrative]",1280.61,8.8,53967
38862500,"Customer reports concern related to water pump, water, pump. Diagnosis performed; minor repair/reseal completed under warranty per applicable TSB. Vehicle line U502N EXPLORER [11-19]. [synthetic sanitized narrative]",1610.87,9.0,53967
42339452,"Customer reports concern related to water pump, water, pump. Diagnosis confirmed component failure; full assembly replacement completed under warranty per applicable TSB. Vehicle line U502N EXPLORER [11-19]. [synthetic sanitized narrative]",4858.61,21.4,53967
42513977,"Customer reports concern related to water pump, water, pump. Diagnosis performed; minor repair/reseal completed under warranty per applicable TSB. Vehicle line U502N EXPLORER [11-19]. [synthetic sanitized narrative]",1531.27,8.6,53967
43113325,"Customer reports concern related to water pump, water, pump. Diagnosis performed; minor repair/reseal completed under warranty per applicable TSB. Vehicle line U502N EXPLORER [11-19]. [synthetic sanitized narrative]",1638.54,8.6,53967
42715493,"Customer reports concern related to water pump, water, pump. Diagnosis performed; minor repair/reseal completed under warranty per applicable TSB. Vehicle line U502N EXPLORER [11-19]. [synthetic sanitized narrative]",1245.09,8.6,53967
40478562,"Customer reports concern related to oil, oil pan, pan. Diagnosis performed; minor repair/reseal completed under warranty per applicable TSB. Vehicle line P558N SUPER DUTY [17-22]. [synthetic sanitized narrative]",1682.1,14.8,40109
42861625,"Customer reports concern related to long block, block, long. Diagnosis confirmed component failure; full assembly replacement completed under warranty per applicable TSB. Vehicle line P552N F-150 [15-20]. [synthetic sanitized narrative]",9408.36,19.1,32954
43082701,"Customer reports concern related to main control, main, transmission. Diagnosis confirmed component failure; full assembly replacement completed under warranty per applicable TSB. Vehicle line P552N F-150 [15-20]. [synthetic sanitized narrative]",8583.71,18.0,35069
43070432,"Customer reports concern related to main control, main, transmission. Diagnosis confirmed component failure; full assembly replacement completed under warranty per applicable TSB. Vehicle line P552N F-150 [15-20]. [synthetic sanitized narrative]",4991.46,29.3,35069
42975377,"Customer reports concern related to main control, main, transmission. Diagnosis performed; minor repair/reseal completed under warranty per applicable TSB. Vehicle line P552N F-150 [15-20]. [synthetic sanitized narrative]",2873.62,20.3,35069
42971135,"Customer reports concern related to main control, main, transmission. Diagnosis confirmed component failure; full assembly replacement completed under warranty per applicable TSB. Vehicle line P552N F-150 [15-20]. [synthetic sanitized narrative]",12359.39,45.0,35069
42800178,"Customer reports concern related to main control, main, transmission. Diagnosis performed; minor repair/reseal completed under warranty per applicable TSB. Vehicle line P552N F-150 [15-20]. [synthetic sanitized narrative]",2969.96,17.8,35069
42788638,"Customer reports concern related to main control, main, transmission. Diagnosis performed; minor repair/reseal completed under warranty per applicable TSB. Vehicle line P552N F-150 [15-20]. [synthetic sanitized narrative]",2916.87,20.2,35069
42922872,"Customer reports concern related to main control, main, transmission. Diagnosis performed; minor repair/reseal completed under warranty per applicable TSB. Vehicle line P552N F-150 [15-20]. [synthetic sanitized narrative]",3201.59,22.0,35069
42960565,"Customer reports concern related to main control, main, transmission. Diagnosis performed; minor repair/reseal completed under warranty per applicable TSB. Vehicle line P552N F-150 [15-20]. [synthetic sanitized narrative]",3331.09,21.0,35069
42690977,"Customer reports concern related to main control, main, transmission. Diagnosis performed; minor repair/reseal completed under warranty per applicable TSB. Vehicle line P552N F-150 [15-20]. [synthetic sanitized narrative]",3216.06,19.6,35069
42688296,"Customer reports concern related to main control, main, transmission. Diagnosis performed; minor repair/reseal completed under warranty per applicable TSB. Vehicle line P552N F-150 [15-20]. [synthetic sanitized narrative]",2908.5,20.5,35069
42750913,"Customer reports concern related to main control, main, transmission. Diagnosis performed; minor repair/reseal completed under warranty per applicable TSB. Vehicle line P552N F-150 [15-20]. [synthetic sanitized narrative]",2839.68,20.5,35069
42937636,"Customer reports concern related to main control, main, transmission. Diagnosis performed; minor repair/reseal completed under warranty per applicable TSB. Vehicle line P552N F-150 [15-20]. [synthetic sanitized narrative]",3289.31,21.8,35069
42742786,"Customer reports concern related to main control, main, transmission. Diagnosis confirmed component failure; full assembly replacement completed under warranty per applicable TSB. Vehicle line P552N F-150 [15-20]. [synthetic sanitized narrative]",8236.42,34.5,35069
42857099,"Customer reports concern related to main control, main, transmission. Diagnosis confirmed component failure; full assembly replacement completed under warranty per applicable TSB. Vehicle line P552N F-150 [15-20]. [synthetic sanitized narrative]",4030.44,20.0,35069
43093342,"Customer reports concern related to main control, main, transmission. Diagnosis performed; minor repair/reseal completed under warranty per applicable TSB. Vehicle line P552N F-150 [15-20]. [synthetic sanitized narrative]",3193.3,21.1,35069
42930137,"Customer reports concern related to main control, main, transmission. Diagnosis confirmed component failure; full assembly replacement completed under warranty per applicable TSB. Vehicle line P552N F-150 [15-20]. [synthetic sanitized narrative]",3874.42,22.4,35069
43029110,"Customer reports concern related to clutch, replace clutch, transmission. Diagnosis confirmed component failure; full assembly replacement completed under warranty per applicable TSB. Vehicle line C346N FOCUS [12-18]. [synthetic sanitized narrative]",1757.38,5.7,3936
42968592,"Customer reports concern related to main control, main, transmission. Diagnosis confirmed component failure; full assembly replacement completed under warranty per applicable TSB. Vehicle line P552N F-150 [15-20]. [synthetic sanitized narrative]",4257.56,26.5,35069
43019356,"Customer reports concern related to long block, block, long. Diagnosis confirmed component failure; full assembly replacement completed under warranty per applicable TSB. Vehicle line P552N F-150 [15-20]. [synthetic sanitized narrative]",13597.44,35.9,32954
42881529,"Customer reports concern related to main control, main, transmission. Diagnosis confirmed component failure; full assembly replacement completed under warranty per applicable TSB. Vehicle line P552N F-150 [15-20]. [synthetic sanitized narrative]",4908.94,23.5,35069
42826163,"Customer reports concern related to main control, main, transmission. Diagnosis performed; minor repair/reseal completed under warranty per applicable TSB. Vehicle line P552N F-150 [15-20]. [synthetic sanitized narrative]",2873.6,20.5,35069
42922457,"Customer reports concern related to main control, main, transmission. Diagnosis confirmed component failure; full assembly replacement completed under warranty per applicable TSB. Vehicle line P552N F-150 [15-20]. [synthetic sanitized narrative]",3894.24,22.8,35069
42813146,"Customer reports concern related to main control, main, transmission. Diagnosis confirmed component failure; full assembly replacement completed under warranty per applicable TSB. Vehicle line P552N F-150 [15-20]. [synthetic sanitized narrative]",4115.81,21.9,35069
42970368,"Customer reports concern related to main control, main, transmission. Diagnosis performed; minor repair/reseal completed under warranty per applicable TSB. Vehicle line P552N F-150 [15-20]. [synthetic sanitized narrative]",2582.6,22.3,35069
43063136,"Customer reports concern related to main control, main, transmission. Diagnosis confirmed component failure; full assembly replacement completed under warranty per applicable TSB. Vehicle line P552N F-150 [15-20]. [synthetic sanitized narrative]",5442.77,32.5,35069
42858981,"Customer reports concern related to main control, main, transmission. Diagnosis performed; minor repair/reseal completed under warranty per applicable TSB. Vehicle line P552N F-150 [15-20]. [synthetic sanitized narrative]",2464.14,18.5,35069
43119520,"Customer reports concern related to main control, main, transmission. Diagnosis confirmed component failure; full assembly replacement completed under warranty per applicable TSB. Vehicle line P552N F-150 [15-20]. [synthetic sanitized narrative]",3618.7,23.6,35069
42853223,"Customer reports concern related to main control, main, transmission. Diagnosis confirmed component failure; full assembly replacement completed under warranty per applicable TSB. Vehicle line P552N F-150 [15-20]. [synthetic sanitized narrative]",3664.99,23.5,35069
42630591,"Customer reports concern related to main control, main, transmission. Diagnosis performed; minor repair/reseal completed under warranty per applicable TSB. Vehicle line P552N F-150 [15-20]. [synthetic sanitized narrative]",3340.17,18.2,35069
43070905,"Customer reports concern related to main control, main, transmission. Diagnosis performed; minor repair/reseal completed under warranty per applicable TSB. Vehicle line P552N F-150 [15-20]. [synthetic sanitized narrative]",2156.27,15.6,35069
43088497,"Customer reports concern related to main control, main, transmission. Diagnosis performed; minor repair/reseal completed under warranty per applicable TSB. Vehicle line P552N F-150 [15-20]. [synthetic sanitized narrative]",2992.62,19.3,35069
43124000,"Customer reports concern related to main control, main, transmission. Diagnosis confirmed component failure; full assembly replacement completed under warranty per applicable TSB. Vehicle line P552N F-150 [15-20]. [synthetic sanitized narrative]",10998.18,24.3,35069
42822423,"Customer reports concern related to main control, main, transmission. Diagnosis confirmed component failure; full assembly replacement completed under warranty per applicable TSB. Vehicle line P552N F-150 [15-20]. [synthetic sanitized narrative]",4586.52,32.3,35069
43060401,"Customer reports concern related to main control, main, transmission. Diagnosis performed; minor repair/reseal completed under warranty per applicable TSB. Vehicle line P552N F-150 [15-20]. [synthetic sanitized narrative]",2686.05,20.6,35069
42979102,"Customer reports concern related to main control, main, transmission. Diagnosis confirmed component failure; full assembly replacement completed under warranty per applicable TSB. Vehicle line P552N F-150 [15-20]. [synthetic sanitized narrative]",5299.33,40.2,35069
42964718,"Customer reports concern related to main control, main, transmission. Diagnosis performed; minor repair/reseal completed under warranty per applicable TSB. Vehicle line P552N F-150 [15-20]. [synthetic sanitized narrative]",1845.82,16.0,35069
42700161,"Customer reports concern related to main control, main, transmission. Diagnosis performed; minor repair/reseal completed under warranty per applicable TSB. Vehicle line P552N F-150 [15-20]. [synthetic sanitized narrative]",2739.76,20.1,35069
42890297,"Customer reports concern related to main control, main, transmission. Diagnosis confirmed component failure; full assembly replacement completed under warranty per applicable TSB. Vehicle line P552N F-150 [15-20]. [synthetic sanitized narrative]",3995.99,19.6,35069
42963612,"Customer reports concern related to rattle, phasers, cam. Diagnosis confirmed component failure; full assembly replacement completed under warranty per applicable TSB. Vehicle line P552N F-150 [15-20]. [synthetic sanitized narrative]",4508.3,29.1,33030
42801471,"Customer reports concern related to main control, main, transmission. Diagnosis performed; minor repair/reseal completed under warranty per applicable TSB. Vehicle line P552N F-150 [15-20]. [synthetic sanitized narrative]",3527.43,20.5,35069
43068591,"Customer reports concern related to main control, main, transmission. Diagnosis performed; minor repair/reseal completed under warranty per applicable TSB. Vehicle line P552N F-150 [15-20]. [synthetic sanitized narrative]",2950.66,20.7,35069
43036268,"Customer reports concern related to main control, main, transmission. Diagnosis confirmed component failure; full assembly replacement completed under warranty per applicable TSB. Vehicle line P552N F-150 [15-20]. [synthetic sanitized narrative]",4731.45,19.1,35069
42801204,"Customer reports concern related to main control, main, transmission. Diagnosis performed; minor repair/reseal completed under warranty per applicable TSB. Vehicle line P552N F-150 [15-20]. [synthetic sanitized narrative]",2279.12,17.0,35069
42956493,"Customer reports concern related to main control, main, transmission. Diagnosis performed; minor repair/reseal completed under warranty per applicable TSB. Vehicle line P552N F-150 [15-20]. [synthetic sanitized narrative]",3041.85,16.6,35069
42828408,"Customer reports concern related to main control, main, transmission. Diagnosis performed; minor repair/reseal completed under warranty per applicable TSB. Vehicle line P552N F-150 [15-20]. [synthetic sanitized narrative]",3362.72,24.1,35069
42684608,"Customer reports concern related to main control, main, transmission. Diagnosis confirmed component failure; full assembly replacement completed under warranty per applicable TSB. Vehicle line P552N F-150 [15-20]. [synthetic sanitized narrative]",4543.94,30.1,35069
42601509,"Customer reports concern related to transmission, repair, fluid. Diagnosis confirmed component failure; full assembly replacement completed under warranty per applicable TSB. Vehicle line V408E TRANSIT CONNECT [13-24]. [synthetic sanitized narrative]",4175.77,19.8,71778
42652833,"Customer reports concern related to main control, main, transmission. Diagnosis confirmed component failure; full assembly replacement completed under warranty per applicable TSB. Vehicle line P552N F-150 [15-20]. [synthetic sanitized narrative]",4061.27,24.3,35069
43078948,"Customer reports concern related to main control, main, transmission. Diagnosis confirmed component failure; full assembly replacement completed under warranty per applicable TSB. Vehicle line P552N F-150 [15-20]. [synthetic sanitized narrative]",3613.66,22.0,35069
42571630,"Customer reports concern related to rattle, phasers, cam. Diagnosis confirmed component failure; full assembly replacement completed under warranty per applicable TSB. Vehicle line P552N F-150 [15-20]. [synthetic sanitized narrative]",2376.7,16.0,33030
42941295,"Customer reports concern related to main control, main, transmission. Diagnosis confirmed component failure; full assembly replacement completed under warranty per applicable TSB. Vehicle line P552N F-150 [15-20]. [synthetic sanitized narrative]",4116.5,20.5,35069
42936467,"Customer reports concern related to main control, main, transmission. Diagnosis confirmed component failure; full assembly replacement completed under warranty per applicable TSB. Vehicle line P552N F-150 [15-20]. [synthetic sanitized narrative]",4259.36,21.3,35069
38591488,"Customer reports concern related to rattle, phasers, cam. Diagnosis confirmed component failure; full assembly replacement completed under warranty per applicable TSB. Vehicle line P552N F-150 [15-20]. [synthetic sanitized narrative]",3489.43,23.1,33030
38890496,"Customer reports concern related to long block, block, long. Diagnosis confirmed component failure; full assembly replacement completed under warranty per applicable TSB. Vehicle line CD539N EDGE [15-24]. [synthetic sanitized narrative]",5161.12,16.8,14641
42921439,"Customer reports concern related to clutch, replace clutch, transmission. Diagnosis performed; minor repair/reseal completed under warranty per applicable TSB. Vehicle line C346N FOCUS [12-18]. [synthetic sanitized narrative]",868.86,5.2,3936
41857459,"Customer reports concern related to water pump, water, pump. Diagnosis confirmed component failure; full assembly replacement completed under warranty per applicable TSB. Vehicle line U502N EXPLORER [11-19]. [synthetic sanitized narrative]",2901.48,15.4,53967
42804452,"Customer reports concern related to clutch, replace clutch, transmission. Diagnosis confirmed component failure; full assembly replacement completed under warranty per applicable TSB. Vehicle line C346N FOCUS [12-18]. [synthetic sanitized narrative]",1808.54,8.6,3936
42604897,"Customer reports concern related to rattle, phasers, cam. Diagnosis confirmed component failure; full assembly replacement completed under warranty per applicable TSB. Vehicle line P552N F-150 [15-20]. [synthetic sanitized narrative]",4373.18,17.3,33030
42946657,"Customer reports concern related to oil, oil pan, pan. Diagnosis confirmed component failure; full assembly replacement completed under warranty per applicable TSB. Vehicle line P558N SUPER DUTY [17-22]. [synthetic sanitized narrative]",5211.97,30.8,40109
43045886,"Customer reports concern related to main control, main, transmission. Diagnosis performed; minor repair/reseal completed under warranty per applicable TSB. Vehicle line P552N F-150 [15-20]. [synthetic sanitized narrative]",2783.01,20.5,35069
43052077,"Customer reports concern related to oil, oil pan, pan. Diagnosis confirmed component failure; full assembly replacement completed under warranty per applicable TSB. Vehicle line P558N SUPER DUTY [17-22]. [synthetic sanitized narrative]",2431.7,12.2,40109
37218476,"Customer reports concern related to rattle, phasers, cam. Diagnosis performed; minor repair/reseal completed under warranty per applicable TSB. Vehicle line P552N F-150 [15-20]. [synthetic sanitized narrative]",1606.9,11.2,33030
42939304,"Customer reports concern related to rattle, phasers, cam. Diagnosis confirmed component failure; full assembly replacement completed under warranty per applicable TSB. Vehicle line P552N F-150 [15-20]. [synthetic sanitized narrative]",4164.58,30.6,33030
42850172,"Customer reports concern related to clutch, replace clutch, transmission. Diagnosis confirmed component failure; full assembly replacement completed under warranty per applicable TSB. Vehicle line C346N FOCUS [12-18]. [synthetic sanitized narrative]",2596.18,7.6,3936
37567455,"Customer reports concern related to rattle, phasers, cam. Diagnosis confirmed component failure; full assembly replacement completed under warranty per applicable TSB. Vehicle line P552N F-150 [15-20]. [synthetic sanitized narrative]",4362.6,27.9,33030
37716482,"Customer reports concern related to long block, block, long. Diagnosis performed; minor repair/reseal completed under warranty per applicable TSB. Vehicle line CD539N EDGE [15-24]. [synthetic sanitized narrative]",4425.59,15.6,14641
42925878,"Customer reports concern related to main control, main, transmission. Diagnosis confirmed component failure; full assembly replacement completed under warranty per applicable TSB. Vehicle line P552N F-150 [15-20]. [synthetic sanitized narrative]",7650.83,18.8,35069
36797456,"Customer reports concern related to water pump, water, pump. Diagnosis confirmed component failure; full assembly replacement completed under warranty per applicable TSB. Vehicle line U502N EXPLORER [11-19]. [synthetic sanitized narrative]",1914.15,8.4,53967
42638277,"Customer reports concern related to long block, block, long. Diagnosis confirmed component failure; full assembly replacement completed under warranty per applicable TSB. Vehicle line P552N F-150 [15-20]. [synthetic sanitized narrative]",12641.23,18.2,32954
40540451,"Customer reports concern related to water pump, water, pump. Diagnosis confirmed component failure; full assembly replacement completed under warranty per applicable TSB. Vehicle line U502N EXPLORER [11-19]. [synthetic sanitized narrative]",1965.17,11.7,53967
43050282,"Customer reports concern related to rattle, phasers, cam. Diagnosis confirmed component failure; full assembly replacement completed under warranty per applicable TSB. Vehicle line P552N F-150 [15-20]. [synthetic sanitized narrative]",3517.25,10.2,33030
37364500,"Customer reports concern related to clutch, replace clutch, transmission. Diagnosis confirmed component failure; full assembly replacement completed under warranty per applicable TSB. Vehicle line C346N FOCUS [12-18]. [synthetic sanitized narrative]",1553.03,6.8,3936
40975474,"Customer reports concern related to clutch, replace clutch, transmission. Diagnosis performed; minor repair/reseal completed under warranty per applicable TSB. Vehicle line C346N FOCUS [12-18]. [synthetic sanitized narrative]",1299.38,7.2,3936
37571531,"Customer reports concern related to clutch, replace clutch, transmission. Diagnosis performed; minor repair/reseal completed under warranty per applicable TSB. Vehicle line C346N FOCUS [12-18]. [synthetic sanitized narrative]",1441.31,9.3,3936
37143488,"Customer reports concern related to clutch, replace clutch, transmission. Diagnosis performed; minor repair/reseal completed under warranty per applicable TSB. Vehicle line C346N FOCUS [12-18]. [synthetic sanitized narrative]",1092.15,6.8,3936
42857751,"Customer reports concern related to oil, oil pan, pan. Diagnosis performed; minor repair/reseal completed under warranty per applicable TSB. Vehicle line P558N SUPER DUTY [17-22]. [synthetic sanitized narrative]",1667.14,12.0,40109
38718460,"Customer reports concern related to oil, oil pan, pan. Diagnosis confirmed component failure; full assembly replacement completed under warranty per applicable TSB. Vehicle line P558N SUPER DUTY [17-22]. [synthetic sanitized narrative]",2694.14,15.7,40109
43073564,"Customer reports concern related to clutch, replace clutch, transmission. Diagnosis confirmed component failure; full assembly replacement completed under warranty per applicable TSB. Vehicle line C346N FOCUS [12-18]. [synthetic sanitized narrative]",2224.38,8.8,3936
42563038,"Customer reports concern related to clutch, replace clutch, transmission. Diagnosis confirmed component failure; full assembly replacement completed under warranty per applicable TSB. Vehicle line C346N FOCUS [12-18]. [synthetic sanitized narrative]",1827.04,8.9,3936
37404678,"Customer reports concern related to clutch, replace clutch, transmission. Diagnosis performed; minor repair/reseal completed under warranty per applicable TSB. Vehicle line C346N FOCUS [12-18]. [synthetic sanitized narrative]",1154.32,6.7,3936
42439492,"Customer reports concern related to clutch, replace clutch, transmission. Diagnosis confirmed component failure; full assembly replacement completed under warranty per applicable TSB. Vehicle line C346N FOCUS [12-18]. [synthetic sanitized narrative]",1518.81,7.2,3936
42798824,"Customer reports concern related to long block, block, long. Diagnosis confirmed component failure; full assembly replacement completed under warranty per applicable TSB. Vehicle line P552N F-150 [15-20]. [synthetic sanitized narrative]",10212.72,17.0,32954
42974762,"Customer reports concern related to oil, oil pan, pan. Diagnosis confirmed component failure; full assembly replacement completed under warranty per applicable TSB. Vehicle line P558N SUPER DUTY [17-22]. [synthetic sanitized narrative]",4942.79,24.4,40109
42596178,"Customer reports concern related to clutch, replace clutch, transmission. Diagnosis performed; minor repair/reseal completed under warranty per applicable TSB. Vehicle line C346N FOCUS [12-18]. [synthetic sanitized narrative]",1414.23,7.2,3936
42960532,"Customer reports concern related to clutch, replace clutch, transmission. Diagnosis confirmed component failure; full assembly replacement completed under warranty per applicable TSB. Vehicle line C346N FOCUS [12-18]. [synthetic sanitized narrative]",1814.06,6.8,3936
42776554,"Customer reports concern related to clutch, replace clutch, transmission. Diagnosis confirmed component failure; full assembly replacement completed under warranty per applicable TSB. Vehicle line C346N FOCUS [12-18]. [synthetic sanitized narrative]",1575.71,6.2,3936
42662580,"Customer reports concern related to clutch, replace clutch, transmission. Diagnosis confirmed component failure; full assembly replacement completed under warranty per applicable TSB. Vehicle line C346N FOCUS [12-18]. [synthetic sanitized narrative]",1915.51,8.2,3936
42551868,"Customer reports concern related to clutch, replace clutch, transmission. Diagnosis confirmed component failure; full assembly replacement completed under warranty per applicable TSB. Vehicle line C346N FOCUS [12-18]. [synthetic sanitized narrative]",1576.37,6.5,3936
42817683,"Customer reports concern related to water pump, water, pump. Diagnosis confirmed component failure; full assembly replacement completed under warranty per applicable TSB. Vehicle line U502N EXPLORER [11-19]. [synthetic sanitized narrative]",2308.84,13.4,53967
42564887,"Customer reports concern related to clutch, replace clutch, transmission. Diagnosis confirmed component failure; full assembly replacement completed under warranty per applicable TSB. Vehicle line C346N FOCUS [12-18]. [synthetic sanitized narrative]",3302.5,12.4,3936
38981481,"Customer reports concern related to long block, block, long. Diagnosis performed; minor repair/reseal completed under warranty per applicable TSB. Vehicle line CD539N EDGE [15-24]. [synthetic sanitized narrative]",4374.88,15.7,14641
37357476,"Customer reports concern related to water pump, water, pump. Diagnosis performed; minor repair/reseal completed under warranty per applicable TSB. Vehicle line U502N EXPLORER [11-19]. [synthetic sanitized narrative]",1655.06,9.5,53967
42712859,"Customer reports concern related to clutch, replace clutch, transmission. Diagnosis confirmed component failure; full assembly replacement completed under warranty per applicable TSB. Vehicle line C346N FOCUS [12-18]. [synthetic sanitized narrative]",1719.62,7.0,3936
38424560,"Customer reports concern related to clutch, replace clutch, transmission. Diagnosis performed; minor repair/reseal completed under warranty per applicable TSB. Vehicle line C346N FOCUS [12-18]. [synthetic sanitized narrative]",1001.05,7.8,3936
42714897,"Customer reports concern related to clutch, replace clutch, transmission. Diagnosis performed; minor repair/reseal completed under warranty per applicable TSB. Vehicle line C346N FOCUS [12-18]. [synthetic sanitized narrative]",1221.49,6.7,3936
42671838,"Customer reports concern related to clutch, replace clutch, transmission. Diagnosis confirmed component failure; full assembly replacement completed under warranty per applicable TSB. Vehicle line C346N FOCUS [12-18]. [synthetic sanitized narrative]",1742.72,6.3,3936
42754629,"Customer reports concern related to clutch, replace clutch, transmission. Diagnosis confirmed component failure; full assembly replacement completed under warranty per applicable TSB. Vehicle line C346N FOCUS [12-18]. [synthetic sanitized narrative]",1678.49,7.9,3936
39788573,"Customer reports concern related to clutch, replace clutch, transmission. Diagnosis performed; minor repair/reseal completed under warranty per applicable TSB. Vehicle line C346N FOCUS [12-18]. [synthetic sanitized narrative]",1090.43,8.1,3936
42557781,"Customer reports concern related to oil, oil pan, pan. Diagnosis performed; minor repair/reseal completed under warranty per applicable TSB. Vehicle line P558N SUPER DUTY [17-22]. [synthetic sanitized narrative]",1436.26,10.7,40109
43112684,"Customer reports concern related to clutch, replace clutch, transmission. Diagnosis confirmed component failure; full assembly replacement completed under warranty per applicable TSB. Vehicle line C346N FOCUS [12-18]. [synthetic sanitized narrative]",3126.81,10.1,3936
39244504,"Customer reports concern related to clutch, replace clutch, transmission. Diagnosis performed; minor repair/reseal completed under warranty per applicable TSB. Vehicle line C346N FOCUS [12-18]. [synthetic sanitized narrative]",1129.44,5.7,3936
42276460,"Customer reports concern related to oil, oil pan, pan. Diagnosis performed; minor repair/reseal completed under warranty per applicable TSB. Vehicle line P558N SUPER DUTY [17-22]. [synthetic sanitized narrative]",1517.45,11.3,40109
43055698,"Customer reports concern related to oil, oil pan, pan. Diagnosis confirmed component failure; full assembly replacement completed under warranty per applicable TSB. Vehicle line P558N SUPER DUTY [17-22]. [synthetic sanitized narrative]",2140.5,14.1,40109
42895747,"Customer reports concern related to clutch, replace clutch, transmission. Diagnosis confirmed component failure; full assembly replacement completed under warranty per applicable TSB. Vehicle line C346N FOCUS [12-18]. [synthetic sanitized narrative]",1964.82,8.3,3936
41922542,"Customer reports concern related to clutch, replace clutch, transmission. Diagnosis confirmed component failure; full assembly replacement completed under warranty per applicable TSB. Vehicle line C346N FOCUS [12-18]. [synthetic sanitized narrative]",1694.0,6.9,3936
42825144,"Customer reports concern related to clutch, replace clutch, transmission. Diagnosis confirmed component failure; full assembly replacement completed under warranty per applicable TSB. Vehicle line C346N FOCUS [12-18]. [synthetic sanitized narrative]",2026.67,7.2,3936
42894299,"Customer reports concern related to clutch, replace clutch, transmission. Diagnosis performed; minor repair/reseal completed under warranty per applicable TSB. Vehicle line C346N FOCUS [12-18]. [synthetic sanitized narrative]",1516.29,6.3,3936
42947434,"Customer reports concern related to water pump, water, pump. Diagnosis confirmed component failure; full assembly replacement completed under warranty per applicable TSB. Vehicle line U502N EXPLORER [11-19]. [synthetic sanitized narrative]",3197.82,14.4,53967
38109455,"Customer reports concern related to clutch, replace clutch, transmission. Diagnosis performed; minor repair/reseal completed under warranty per applicable TSB. Vehicle line C346N FOCUS [12-18]. [synthetic sanitized narrative]",1226.57,6.7,3936
38976492,"Customer reports concern related to clutch, replace clutch, transmission. Diagnosis performed; minor repair/reseal completed under warranty per applicable TSB. Vehicle line C346N FOCUS [12-18]. [synthetic sanitized narrative]",997.99,5.8,3936
38571504,"Customer reports concern related to clutch, replace clutch, transmission. Diagnosis performed; minor repair/reseal completed under warranty per applicable TSB. Vehicle line C346N FOCUS [12-18]. [synthetic sanitized narrative]",1365.13,8.1,3936
43007397,"Customer reports concern related to clutch, replace clutch, transmission. Diagnosis performed; minor repair/reseal completed under warranty per applicable TSB. Vehicle line C346N FOCUS [12-18]. [synthetic sanitized narrative]",1303.09,5.8,3936
40506559,"Customer reports concern related to clutch, replace clutch, transmission. Diagnosis performed; minor repair/reseal completed under warranty per applicable TSB. Vehicle line C346N FOCUS [12-18]. [synthetic sanitized narrative]",1273.93,6.6,3936
42805257,"Customer reports concern related to clutch, replace clutch, transmission. Diagnosis performed; minor repair/reseal completed under warranty per applicable TSB. Vehicle line C346N FOCUS [12-18]. [synthetic sanitized narrative]",1467.67,5.8,3936
40071474,"Customer reports concern related to clutch, replace clutch, transmission. Diagnosis confirmed component failure; full assembly replacement completed under warranty per applicable TSB. Vehicle line C346N FOCUS [12-18]. [synthetic sanitized narrative]",1636.04,8.2,3936
39171477,"Customer reports concern related to water pump, water, pump. Diagnosis performed; minor repair/reseal completed under warranty per applicable TSB. Vehicle line U502N EXPLORER [11-19]. [synthetic sanitized narrative]",1426.29,9.2,53967
42536714,"Customer reports concern related to clutch, replace clutch, transmission. Diagnosis performed; minor repair/reseal completed under warranty per applicable TSB. Vehicle line C346N FOCUS [12-18]. [synthetic sanitized narrative]",1497.89,6.6,3936
42875848,"Customer reports concern related to oil, oil pan, pan. Diagnosis performed; minor repair/reseal completed under warranty per applicable TSB. Vehicle line P558N SUPER DUTY [17-22]. [synthetic sanitized narrative]",1380.49,10.5,40109
40156471,"Customer reports concern related to clutch, replace clutch, transmission. Diagnosis confirmed component failure; full assembly replacement completed under warranty per applicable TSB. Vehicle line C346N FOCUS [12-18]. [synthetic sanitized narrative]",2919.79,9.9,3936
41422453,"Customer reports concern related to oil, oil pan, pan. Diagnosis confirmed component failure; full assembly replacement completed under warranty per applicable TSB. Vehicle line P558N SUPER DUTY [17-22]. [synthetic sanitized narrative]",3380.6,18.7,40109
41182495,"Customer reports concern related to water pump, water, pump. Diagnosis confirmed component failure; full assembly replacement completed under warranty per applicable TSB. Vehicle line U502N EXPLORER [11-19]. [synthetic sanitized narrative]",3897.54,18.8,53967
42985527,"Customer reports concern related to clutch, replace clutch, transmission. Diagnosis confirmed component failure; full assembly replacement completed under warranty per applicable TSB. Vehicle line C346N FOCUS [12-18]. [synthetic sanitized narrative]",1567.21,6.4,3936
42766545,"Customer reports concern related to clutch, replace clutch, transmission. Diagnosis performed; minor repair/reseal completed under warranty per applicable TSB. Vehicle line C346N FOCUS [12-18]. [synthetic sanitized narrative]",1300.51,5.5,3936
39741478,"Customer reports concern related to clutch, replace clutch, transmission. Diagnosis confirmed component failure; full assembly replacement completed under warranty per applicable TSB. Vehicle line C346N FOCUS [12-18]. [synthetic sanitized narrative]",1927.53,6.4,3936
43021527,"Customer reports concern related to main control, main, transmission. Diagnosis confirmed component failure; full assembly replacement completed under warranty per applicable TSB. Vehicle line P552N F-150 [15-20]. [synthetic sanitized narrative]",5591.15,23.7,35069
42685705,"Customer reports concern related to clutch, replace clutch, transmission. Diagnosis confirmed component failure; full assembly replacement completed under warranty per applicable TSB. Vehicle line C346N FOCUS [12-18]. [synthetic sanitized narrative]",2317.4,8.0,3936
40738494,"Customer reports concern related to clutch, replace clutch, transmission. Diagnosis performed; minor repair/reseal completed under warranty per applicable TSB. Vehicle line C346N FOCUS [12-18]. [synthetic sanitized narrative]",1411.72,8.5,3936
42770874,"Customer reports concern related to clutch, replace clutch, transmission. Diagnosis confirmed component failure; full assembly replacement completed under warranty per applicable TSB. Vehicle line C346N FOCUS [12-18]. [synthetic sanitized narrative]",1802.66,5.9,3936
41059488,"Customer reports concern related to clutch, replace clutch, transmission. Diagnosis confirmed component failure; full assembly replacement completed under warranty per applicable TSB. Vehicle line C346N FOCUS [12-18]. [synthetic sanitized narrative]",2305.77,7.2,3936
38956691,"Customer reports concern related to clutch, replace clutch, transmission. Diagnosis confirmed component failure; full assembly replacement completed under warranty per applicable TSB. Vehicle line C346N FOCUS [12-18]. [synthetic sanitized narrative]",1836.61,6.6,3936
42462957,"Customer reports concern related to main control, main, transmission. Diagnosis confirmed component failure; full assembly replacement completed under warranty per applicable TSB. Vehicle line P552N F-150 [15-20]. [synthetic sanitized narrative]",4168.36,31.6,35069
41904465,"Customer reports concern related to clutch, replace clutch, transmission. Diagnosis confirmed component failure; full assembly replacement completed under warranty per applicable TSB. Vehicle line C346N FOCUS [12-18]. [synthetic sanitized narrative]",1817.8,7.7,3936
42847698,"Customer reports concern related to clutch, replace clutch, transmission. Diagnosis performed; minor repair/reseal completed under warranty per applicable TSB. Vehicle line C346N FOCUS [12-18]. [synthetic sanitized narrative]",1500.38,6.1,3936
42617295,"Customer reports concern related to clutch, replace clutch, transmission. Diagnosis performed; minor repair/reseal completed under warranty per applicable TSB. Vehicle line C346N FOCUS [12-18]. [synthetic sanitized narrative]",1344.85,6.3,3936
42925312,"Customer reports concern related to main control, main, transmission. Diagnosis performed; minor repair/reseal completed under warranty per applicable TSB. Vehicle line P552N F-150 [15-20]. [synthetic sanitized narrative]",3512.64,22.6,35069
42795927,"Customer reports concern related to long block, block, long. Diagnosis confirmed component failure; full assembly replacement completed under warranty per applicable TSB. Vehicle line CD539N EDGE [15-24]. [synthetic sanitized narrative]",6454.43,16.3,14641
37838485,"Customer reports concern related to water pump, water, pump. Diagnosis performed; minor repair/reseal completed under warranty per applicable TSB. Vehicle line U502N EXPLORER [11-19]. [synthetic sanitized narrative]",946.12,9.1,53967
41791463,"Customer reports concern related to rattle, phasers, cam. Diagnosis confirmed component failure; full assembly replacement completed under warranty per applicable TSB. Vehicle line P552N F-150 [15-20]. [synthetic sanitized narrative]",2032.28,14.7,33030
36792469,"Customer reports concern related to water pump, water, pump. Diagnosis confirmed component failure; full assembly replacement completed under warranty per applicable TSB. Vehicle line U502N EXPLORER [11-19]. [synthetic sanitized narrative]",1669.29,9.6,53967
42590699,"Customer reports concern related to long block, block, long. Diagnosis confirmed component failure; full assembly replacement completed under warranty per applicable TSB. Vehicle line CD539N EDGE [15-24]. [synthetic sanitized narrative]",4916.51,16.7,14641
38390544,"Customer reports concern related to oil, oil pan, pan. Diagnosis performed; minor repair/reseal completed under warranty per applicable TSB. Vehicle line P558N SUPER DUTY [17-22]. [synthetic sanitized narrative]",1333.94,10.6,40109
43064543,"Customer reports concern related to rattle, phasers, cam. Diagnosis confirmed component failure; full assembly replacement completed under warranty per applicable TSB. Vehicle line P552N F-150 [15-20]. [synthetic sanitized narrative]",6396.95,25.2,33030
37502477,"Customer reports concern related to water pump, water, pump. Diagnosis performed; minor repair/reseal completed under warranty per applicable TSB. Vehicle line U502N EXPLORER [11-19]. [synthetic sanitized narrative]",1433.11,9.6,53967
41225462,"Customer reports concern related to transmission, repair, fluid. Diagnosis performed; minor repair/reseal completed under warranty per applicable TSB. Vehicle line V408E TRANSIT CONNECT [13-24]. [synthetic sanitized narrative]",3280.4,18.5,71778
37014468,"Customer reports concern related to oil, oil pan, pan. Diagnosis performed; minor repair/reseal completed under warranty per applicable TSB. Vehicle line P558N SUPER DUTY [17-22]. [synthetic sanitized narrative]",1429.41,11.5,40109
43107528,"Customer reports concern related to main control, main, transmission. Diagnosis confirmed component failure; full assembly replacement completed under warranty per applicable TSB. Vehicle line P552N F-150 [15-20]. [synthetic sanitized narrative]",6554.24,37.6,35069
40119598,"Customer reports concern related to long block, block, long. Diagnosis performed; minor repair/reseal completed under warranty per applicable TSB. Vehicle line CD539N EDGE [15-24]. [synthetic sanitized narrative]",3319.93,15.7,14641
42540953,"Customer reports concern related to transmission, repair, fluid. Diagnosis confirmed component failure; full assembly replacement completed under warranty per applicable TSB. Vehicle line V408E TRANSIT CONNECT [13-24]. [synthetic sanitized narrative]",4600.46,13.6,71778
40088513,"Customer reports concern related to long block, block, long. Diagnosis confirmed component failure; full assembly replacement completed under warranty per applicable TSB. Vehicle line CD539N EDGE [15-24]. [synthetic sanitized narrative]",4645.31,15.7,14641
39340486,"Customer reports concern related to rattle, phasers, cam. Diagnosis confirmed component failure; full assembly replacement completed under warranty per applicable TSB. Vehicle line P552N F-150 [15-20]. [synthetic sanitized narrative]",6024.22,33.0,33030
43090069,"Customer reports concern related to water pump, water, pump. Diagnosis performed; minor repair/reseal completed under warranty per applicable TSB. Vehicle line U502N EXPLORER [11-19]. [synthetic sanitized narrative]",1635.15,9.6,53967
42932142,"Customer reports concern related to oil, oil pan, pan. Diagnosis confirmed component failure; full assembly replacement completed under warranty per applicable TSB. Vehicle line P558N SUPER DUTY [17-22]. [synthetic sanitized narrative]",1934.48,13.6,40109
42605827,"Customer reports concern related to clutch, replace clutch, transmission. Diagnosis confirmed component failure; full assembly replacement completed under warranty per applicable TSB. Vehicle line C346N FOCUS [12-18]. [synthetic sanitized narrative]",1723.77,8.5,3936
40508483,"Customer reports concern related to oil, oil pan, pan. Diagnosis performed; minor repair/reseal completed under warranty per applicable TSB. Vehicle line P558N SUPER DUTY [17-22]. [synthetic sanitized narrative]",46.27,0.4,40109
39762477,"Customer reports concern related to oil, oil pan, pan. Diagnosis performed; minor repair/reseal completed under warranty per applicable TSB. Vehicle line P558N SUPER DUTY [17-22]. [synthetic sanitized narrative]",1779.52,11.0,40109
37877453,"Customer reports concern related to long block, block, long. Diagnosis confirmed component failure; full assembly replacement completed under warranty per applicable TSB. Vehicle line CD539N EDGE [15-24]. [synthetic sanitized narrative]",6005.14,16.6,14641
42974957,"Customer reports concern related to long block, block, long. Diagnosis confirmed component failure; full assembly replacement completed under warranty per applicable TSB. Vehicle line P552N F-150 [15-20]. [synthetic sanitized narrative]",8909.69,18.7,32954
37162456,"Customer reports concern related to water pump, water, pump. Diagnosis performed; minor repair/reseal completed under warranty per applicable TSB. Vehicle line U502N EXPLORER [11-19]. [synthetic sanitized narrative]",1609.84,9.5,53967
42457518,"Customer reports concern related to oil, oil pan, pan. Diagnosis performed; minor repair/reseal completed under warranty per applicable TSB. Vehicle line P558N SUPER DUTY [17-22]. [synthetic sanitized narrative]",1092.78,11.3,40109
42851631,"Customer reports concern related to main control, main, transmission. Diagnosis performed; minor repair/reseal completed under warranty per applicable TSB. Vehicle line P552N F-150 [15-20]. [synthetic sanitized narrative]",3262.69,22.8,35069
42734978,"Customer reports concern related to main control, main, transmission. Diagnosis confirmed component failure; full assembly replacement completed under warranty per applicable TSB. Vehicle line P552N F-150 [15-20]. [synthetic sanitized narrative]",5538.13,26.7,35069
42603308,"Customer reports concern related to long block, block, long. Diagnosis performed; minor repair/reseal completed under warranty per applicable TSB. Vehicle line CD539N EDGE [15-24]. [synthetic sanitized narrative]",3147.48,13.4,14641
36674469,"Customer reports concern related to long block, block, long. Diagnosis performed; minor repair/reseal completed under warranty per applicable TSB. Vehicle line CD539N EDGE [15-24]. [synthetic sanitized narrative]",4414.43,15.0,14641
40824496,"Customer reports concern related to long block, block, long. Diagnosis confirmed component failure; full assembly replacement completed under warranty per applicable TSB. Vehicle line CD539N EDGE [15-24]. [synthetic sanitized narrative]",4954.48,17.5,14641
42982472,"Customer reports concern related to long block, block, long. Diagnosis performed; minor repair/reseal completed under warranty per applicable TSB. Vehicle line CD539N EDGE [15-24]. [synthetic sanitized narrative]",4284.96,15.2,14641
38681469,"Customer reports concern related to long block, block, long. Diagnosis confirmed component failure; full assembly replacement completed under warranty per applicable TSB. Vehicle line CD539N EDGE [15-24]. [synthetic sanitized narrative]",4792.55,16.0,14641
42637276,"Customer reports concern related to rattle, phasers, cam. Diagnosis performed; minor repair/reseal completed under warranty per applicable TSB. Vehicle line P552N F-150 [15-20]. [synthetic sanitized narrative]",1623.87,10.6,33030
42938875,"Customer reports concern related to long block, block, long. Diagnosis confirmed component failure; full assembly replacement completed under warranty per applicable TSB. Vehicle line CD539N EDGE [15-24]. [synthetic sanitized narrative]",5201.15,13.4,14641
38703477,"Customer reports concern related to long block, block, long. Diagnosis confirmed component failure; full assembly replacement completed under warranty per applicable TSB. Vehicle line CD539N EDGE [15-24]. [synthetic sanitized narrative]",5178.92,14.3,14641
41735483,"Customer reports concern related to long block, block, long. Diagnosis performed; minor repair/reseal completed under warranty per applicable TSB. Vehicle line CD539N EDGE [15-24]. [synthetic sanitized narrative]",3510.23,13.4,14641
39882490,"Customer reports concern related to long block, block, long. Diagnosis performed; minor repair/reseal completed under warranty per applicable TSB. Vehicle line CD539N EDGE [15-24]. [synthetic sanitized narrative]",4159.76,15.7,14641
42944531,"Customer reports concern related to long block, block, long. Diagnosis confirmed component failure; full assembly replacement completed under warranty per applicable TSB. Vehicle line CD539N EDGE [15-24]. [synthetic sanitized narrative]",5776.44,15.8,14641
42746802,"Customer reports concern related to long block, block, long. Diagnosis confirmed component failure; full assembly replacement completed under warranty per applicable TSB. Vehicle line CD539N EDGE [15-24]. [synthetic sanitized narrative]",5966.37,15.2,14641
43029114,"Customer reports concern related to long block, block, long. Diagnosis performed; minor repair/reseal completed under warranty per applicable TSB. Vehicle line P552N F-150 [15-20]. [synthetic sanitized narrative]",7388.12,15.3,32954
43120232,"Customer reports concern related to long block, block, long. Diagnosis confirmed component failure; full assembly replacement completed under warranty per applicable TSB. Vehicle line P552N F-150 [15-20]. [synthetic sanitized narrative]",9107.67,22.3,32954
43094941,"Customer reports concern related to long block, block, long. Diagnosis performed; minor repair/reseal completed under warranty per applicable TSB. Vehicle line P552N F-150 [15-20]. [synthetic sanitized narrative]",6839.47,21.9,32954
42512518,"Customer reports concern related to long block, block, long. Diagnosis performed; minor repair/reseal completed under warranty per applicable TSB. Vehicle line CD539N EDGE [15-24]. [synthetic sanitized narrative]",3088.49,13.4,14641
37372479,"Customer reports concern related to long block, block, long. Diagnosis performed; minor repair/reseal completed under warranty per applicable TSB. Vehicle line CD539N EDGE [15-24]. [synthetic sanitized narrative]",3922.1,15.0,14641
42993970,"Customer reports concern related to long block, block, long. Diagnosis confirmed component failure; full assembly replacement completed under warranty per applicable TSB. Vehicle line CD539N EDGE [15-24]. [synthetic sanitized narrative]",4789.02,14.0,14641
42315490,"Customer reports concern related to long block, block, long. Diagnosis confirmed component failure; full assembly replacement completed under warranty per applicable TSB. Vehicle line CD539N EDGE [15-24]. [synthetic sanitized narrative]",5035.42,13.4,14641
42577770,"Customer reports concern related to long block, block, long. Diagnosis performed; minor repair/reseal completed under warranty per applicable TSB. Vehicle line CD539N EDGE [15-24]. [synthetic sanitized narrative]",3952.42,15.2,14641
42689086,"Customer reports concern related to long block, block, long. Diagnosis confirmed component failure; full assembly replacement completed under warranty per applicable TSB. Vehicle line CD539N EDGE [15-24]. [synthetic sanitized narrative]",5722.48,17.1,14641
42837039,"Customer reports concern related to long block, block, long. Diagnosis performed; minor repair/reseal completed under warranty per applicable TSB. Vehicle line P552N F-150 [15-20]. [synthetic sanitized narrative]",6341.94,19.5,32954
42674263,"Customer reports concern related to long block, block, long. Diagnosis confirmed component failure; full assembly replacement completed under warranty per applicable TSB. Vehicle line CD539N EDGE [15-24]. [synthetic sanitized narrative]",4796.68,17.5,14641
42741348,"Customer reports concern related to long block, block, long. Diagnosis performed; minor repair/reseal completed under warranty per applicable TSB. Vehicle line P552N F-150 [15-20]. [synthetic sanitized narrative]",2420.65,15.4,32954
38604497,"Customer reports concern related to long block, block, long. Diagnosis confirmed component failure; full assembly replacement completed under warranty per applicable TSB. Vehicle line P552N F-150 [15-20]. [synthetic sanitized narrative]",9677.92,14.5,32954
42520779,"Customer reports concern related to long block, block, long. Diagnosis confirmed component failure; full assembly replacement completed under warranty per applicable TSB. Vehicle line P552N F-150 [15-20]. [synthetic sanitized narrative]",13424.45,18.9,32954
43025583,"Customer reports concern related to long block, block, long. Diagnosis confirmed component failure; full assembly replacement completed under warranty per applicable TSB. Vehicle line P552N F-150 [15-20]. [synthetic sanitized narrative]",10782.73,14.3,32954
43079889,"Customer reports concern related to long block, block, long. Diagnosis confirmed component failure; full assembly replacement completed under warranty per applicable TSB. Vehicle line CD539N EDGE [15-24]. [synthetic sanitized narrative]",4716.02,14.0,14641
42890424,"Customer reports concern related to long block, block, long. Diagnosis confirmed component failure; full assembly replacement completed under warranty per applicable TSB. Vehicle line CD539N EDGE [15-24]. [synthetic sanitized narrative]",5280.33,15.8,14641
37913509,"Customer reports concern related to long block, block, long. Diagnosis performed; minor repair/reseal completed under warranty per applicable TSB. Vehicle line CD539N EDGE [15-24]. [synthetic sanitized narrative]",4462.41,15.6,14641
43122889,"Customer reports concern related to long block, block, long. Diagnosis performed; minor repair/reseal completed under warranty per applicable TSB. Vehicle line P552N F-150 [15-20]. [synthetic sanitized narrative]",7396.62,15.3,32954
42525237,"Customer reports concern related to long block, block, long. Diagnosis confirmed component failure; full assembly replacement completed under warranty per applicable TSB. Vehicle line CD539N EDGE [15-24]. [synthetic sanitized narrative]",4675.79,15.2,14641
43099289,"Customer reports concern related to long block, block, long. Diagnosis performed; minor repair/reseal completed under warranty per applicable TSB. Vehicle line CD539N EDGE [15-24]. [synthetic sanitized narrative]",4401.17,21.8,14641
40016471,"Customer reports concern related to long block, block, long. Diagnosis confirmed component failure; full assembly replacement completed under warranty per applicable TSB. Vehicle line CD539N EDGE [15-24]. [synthetic sanitized narrative]",5121.88,16.3,14641
42639868,"Customer reports concern related to long block, block, long. Diagnosis confirmed component failure; full assembly replacement completed under warranty per applicable TSB. Vehicle line P552N F-150 [15-20]. [synthetic sanitized narrative]",10273.76,16.2,32954
38733575,"Customer reports concern related to long block, block, long. Diagnosis performed; minor repair/reseal completed under warranty per applicable TSB. Vehicle line P552N F-150 [15-20]. [synthetic sanitized narrative]",6825.13,13.8,32954
43033337,"Customer reports concern related to main control, main, transmission. Diagnosis confirmed component failure; full assembly replacement completed under warranty per applicable TSB. Vehicle line P552N F-150 [15-20]. [synthetic sanitized narrative]",4366.4,29.1,35069
42213550,"Customer reports concern related to long block, block, long. Diagnosis performed; minor repair/reseal completed under warranty per applicable TSB. Vehicle line CD539N EDGE [15-24]. [synthetic sanitized narrative]",4597.29,15.8,14641
42965753,"Customer reports concern related to long block, block, long. Diagnosis performed; minor repair/reseal completed under warranty per applicable TSB. Vehicle line CD539N EDGE [15-24]. [synthetic sanitized narrative]",3618.12,14.6,14641
42653405,"Customer reports concern related to long block, block, long. Diagnosis confirmed component failure; full assembly replacement completed under warranty per applicable TSB. Vehicle line CD539N EDGE [15-24]. [synthetic sanitized narrative]",4910.12,16.2,14641
42903459,"Customer reports concern related to long block, block, long. Diagnosis confirmed component failure; full assembly replacement completed under warranty per applicable TSB. Vehicle line CD539N EDGE [15-24]. [synthetic sanitized narrative]",4899.3,17.3,14641
42992289,"Customer reports concern related to long block, block, long. Diagnosis confirmed component failure; full assembly replacement completed under warranty per applicable TSB. Vehicle line P552N F-150 [15-20]. [synthetic sanitized narrative]",9074.47,16.2,32954
43117652,"Customer reports concern related to long block, block, long. Diagnosis performed; minor repair/reseal completed under warranty per applicable TSB. Vehicle line P552N F-150 [15-20]. [synthetic sanitized narrative]",8076.26,15.3,32954
42570972,"Customer reports concern related to long block, block, long. Diagnosis confirmed component failure; full assembly replacement completed under warranty per applicable TSB. Vehicle line P552N F-150 [15-20]. [synthetic sanitized narrative]",9135.52,13.5,32954
37273509,"Customer reports concern related to long block, block, long. Diagnosis confirmed component failure; full assembly replacement completed under warranty per applicable TSB. Vehicle line CD539N EDGE [15-24]. [synthetic sanitized narrative]",4886.93,14.9,14641
42280497,"Customer reports concern related to long block, block, long. Diagnosis performed; minor repair/reseal completed under warranty per applicable TSB. Vehicle line P552N F-150 [15-20]. [synthetic sanitized narrative]",6802.8,14.6,32954
42671134,"Customer reports concern related to long block, block, long. Diagnosis performed; minor repair/reseal completed under warranty per applicable TSB. Vehicle line CD539N EDGE [15-24]. [synthetic sanitized narrative]",4344.99,15.8,14641
38751487,"Customer reports concern related to long block, block, long. Diagnosis performed; minor repair/reseal completed under warranty per applicable TSB. Vehicle line CD539N EDGE [15-24]. [synthetic sanitized narrative]",4054.24,13.4,14641
38065457,"Customer reports concern related to long block, block, long. Diagnosis performed; minor repair/reseal completed under warranty per applicable TSB. Vehicle line CD539N EDGE [15-24]. [synthetic sanitized narrative]",3803.51,13.9,14641
42932953,"Customer reports concern related to long block, block, long. Diagnosis confirmed component failure; full assembly replacement completed under warranty per applicable TSB. Vehicle line CD539N EDGE [15-24]. [synthetic sanitized narrative]",4685.23,15.2,14641
43052531,"Customer reports concern related to long block, block, long. Diagnosis performed; minor repair/reseal completed under warranty per applicable TSB. Vehicle line P552N F-150 [15-20]. [synthetic sanitized narrative]",7754.27,10.4,32954
42761835,"Customer reports concern related to long block, block, long. Diagnosis performed; minor repair/reseal completed under warranty per applicable TSB. Vehicle line CD539N EDGE [15-24]. [synthetic sanitized narrative]",3640.98,14.2,14641
39390551,"Customer reports concern related to long block, block, long. Diagnosis performed; minor repair/reseal completed under warranty per applicable TSB. Vehicle line CD539N EDGE [15-24]. [synthetic sanitized narrative]",4499.24,14.5,14641
43019816,"Customer reports concern related to long block, block, long. Diagnosis confirmed component failure; full assembly replacement completed under warranty per applicable TSB. Vehicle line CD539N EDGE [15-24]. [synthetic sanitized narrative]",5100.69,15.8,14641
42666916,"Customer reports concern related to long block, block, long. Diagnosis confirmed component failure; full assembly replacement completed under warranty per applicable TSB. Vehicle line CD539N EDGE [15-24]. [synthetic sanitized narrative]",4845.34,15.8,14641
38531498,"Customer reports concern related to long block, block, long. Diagnosis performed; minor repair/reseal completed under warranty per applicable TSB. Vehicle line CD539N EDGE [15-24]. [synthetic sanitized narrative]",4355.49,18.1,14641
42571161,"Customer reports concern related to long block, block, long. Diagnosis confirmed component failure; full assembly replacement completed under warranty per applicable TSB. Vehicle line CD539N EDGE [15-24]. [synthetic sanitized narrative]",5294.48,15.2,14641
40612471,"Customer reports concern related to long block, block, long. Diagnosis confirmed component failure; full assembly replacement completed under warranty per applicable TSB. Vehicle line CD539N EDGE [15-24]. [synthetic sanitized narrative]",5179.58,15.2,14641
43045354,"Customer reports concern related to rattle, phasers, cam. Diagnosis confirmed component failure; full assembly replacement completed under warranty per applicable TSB. Vehicle line P552N F-150 [15-20]. [synthetic sanitized narrative]",2128.3,9.6,33030
42679702,"Customer reports concern related to rattle, phasers, cam. Diagnosis confirmed component failure; full assembly replacement completed under warranty per applicable TSB. Vehicle line P552N F-150 [15-20]. [synthetic sanitized narrative]",1949.74,9.6,33030
42729409,"Customer reports concern related to rattle, phasers, cam. Diagnosis confirmed component failure; full assembly replacement completed under warranty per applicable TSB. Vehicle line P552N F-150 [15-20]. [synthetic sanitized narrative]",2123.16,11.1,33030
42536855,"Customer reports concern related to rattle, phasers, cam. Diagnosis performed; minor repair/reseal completed under warranty per applicable TSB. Vehicle line P552N F-150 [15-20]. [synthetic sanitized narrative]",1027.74,9.7,33030
43033467,"Customer reports concern related to main control, main, transmission. Diagnosis confirmed component failure; full assembly replacement completed under warranty per applicable TSB. Vehicle line P552N F-150 [15-20]. [synthetic sanitized narrative]",4475.48,30.7,35069
37078465,"Customer reports concern related to rattle, phasers, cam. Diagnosis confirmed component failure; full assembly replacement completed under warranty per applicable TSB. Vehicle line P552N F-150 [15-20]. [synthetic sanitized narrative]",4039.54,21.1,33030
38575535,"Customer reports concern related to rattle, phasers, cam. Diagnosis confirmed component failure; full assembly replacement completed under warranty per applicable TSB. Vehicle line P552N F-150 [15-20]. [synthetic sanitized narrative]",2348.49,11.0,33030
42970111,"Customer reports concern related to main control, main, transmission. Diagnosis confirmed component failure; full assembly replacement completed under warranty per applicable TSB. Vehicle line P552N F-150 [15-20]. [synthetic sanitized narrative]",7204.34,27.7,35069
39891483,"Customer reports concern related to main control, main, transmission. Diagnosis confirmed component failure; full assembly replacement completed under warranty per applicable TSB. Vehicle line P552N F-150 [15-20]. [synthetic sanitized narrative]",7465.56,21.4,35069
42977084,"Customer reports concern related to rattle, phasers, cam. Diagnosis performed; minor repair/reseal completed under warranty per applicable TSB. Vehicle line P552N F-150 [15-20]. [synthetic sanitized narrative]",1866.3,9.6,33030
43069272,"Customer reports concern related to rattle, phasers, cam. Diagnosis confirmed component failure; full assembly replacement completed under warranty per applicable TSB. Vehicle line P552N F-150 [15-20]. [synthetic sanitized narrative]",2194.09,9.6,33030
42160484,"Customer reports concern related to rattle, phasers, cam. Diagnosis performed; minor repair/reseal completed under warranty per applicable TSB. Vehicle line P552N F-150 [15-20]. [synthetic sanitized narrative]",1328.31,9.7,33030
42653500,"Customer reports concern related to rattle, phasers, cam. Diagnosis performed; minor repair/reseal completed under warranty per applicable TSB. Vehicle line P552N F-150 [15-20]. [synthetic sanitized narrative]",1389.18,9.6,33030
42649347,"Customer reports concern related to rattle, phasers, cam. Diagnosis performed; minor repair/reseal completed under warranty per applicable TSB. Vehicle line P552N F-150 [15-20]. [synthetic sanitized narrative]",1337.77,9.6,33030
42990910,"Customer reports concern related to rattle, phasers, cam. Diagnosis performed; minor repair/reseal completed under warranty per applicable TSB. Vehicle line P552N F-150 [15-20]. [synthetic sanitized narrative]",1738.61,9.6,33030
42656075,"Customer reports concern related to rattle, phasers, cam. Diagnosis confirmed component failure; full assembly replacement completed under warranty per applicable TSB. Vehicle line P552N F-150 [15-20]. [synthetic sanitized narrative]",2295.65,14.4,33030
42997230,"Customer reports concern related to rattle, phasers, cam. Diagnosis confirmed component failure; full assembly replacement completed under warranty per applicable TSB. Vehicle line P552N F-150 [15-20]. [synthetic sanitized narrative]",2150.19,9.7,33030
43118504,"Customer reports concern related to rattle, phasers, cam. Diagnosis performed; minor repair/reseal completed under warranty per applicable TSB. Vehicle line P552N F-150 [15-20]. [synthetic sanitized narrative]",1750.99,9.6,33030
41656474,"Customer reports concern related to rattle, phasers, cam. Diagnosis performed; minor repair/reseal completed under warranty per applicable TSB. Vehicle line P552N F-150 [15-20]. [synthetic sanitized narrative]",1234.99,9.6,33030
42227464,"Customer reports concern related to rattle, phasers, cam. Diagnosis performed; minor repair/reseal completed under warranty per applicable TSB. Vehicle line P552N F-150 [15-20]. [synthetic sanitized narrative]",1556.69,11.4,33030
42853635,"Customer reports concern related to rattle, phasers, cam. Diagnosis confirmed component failure; full assembly replacement completed under warranty per applicable TSB. Vehicle line P552N F-150 [15-20]. [synthetic sanitized narrative]",2466.37,14.4,33030
43091339,"Customer reports concern related to rattle, phasers, cam. Diagnosis performed; minor repair/reseal completed under warranty per applicable TSB. Vehicle line P552N F-150 [15-20]. [synthetic sanitized narrative]",1860.94,9.6,33030
38124474,"Customer reports concern related to rattle, phasers, cam. Diagnosis performed; minor repair/reseal completed under warranty per applicable TSB. Vehicle line P552N F-150 [15-20]. [synthetic sanitized narrative]",1588.7,9.9,33030
39257497,"Customer reports concern related to rattle, phasers, cam. Diagnosis performed; minor repair/reseal completed under warranty per applicable TSB. Vehicle line P552N F-150 [15-20]. [synthetic sanitized narrative]",1792.39,9.5,33030
41667481,"Customer reports concern related to rattle, phasers, cam. Diagnosis performed; minor repair/reseal completed under warranty per applicable TSB. Vehicle line P552N F-150 [15-20]. [synthetic sanitized narrative]",976.75,9.6,33030
42796315,"Customer reports concern related to main control, main, transmission. Diagnosis confirmed component failure; full assembly replacement completed under warranty per applicable TSB. Vehicle line P552N F-150 [15-20]. [synthetic sanitized narrative]",4638.07,35.0,35069
43133722,"Customer reports concern related to rattle, phasers, cam. Diagnosis confirmed component failure; full assembly replacement completed under warranty per applicable TSB. Vehicle line P552N F-150 [15-20]. [synthetic sanitized narrative]",3149.21,12.0,33030
42624216,"Customer reports concern related to rattle, phasers, cam. Diagnosis performed; minor repair/reseal completed under warranty per applicable TSB. Vehicle line P552N F-150 [15-20]. [synthetic sanitized narrative]",1531.89,9.6,33030
42285454,"Customer reports concern related to rattle, phasers, cam. Diagnosis performed; minor repair/reseal completed under warranty per applicable TSB. Vehicle line P552N F-150 [15-20]. [synthetic sanitized narrative]",1311.78,10.0,33030
42783099,"Customer reports concern related to rattle, phasers, cam. Diagnosis confirmed component failure; full assembly replacement completed under warranty per applicable TSB. Vehicle line P552N F-150 [15-20]. [synthetic sanitized narrative]",3405.03,17.9,33030
40125479,"Customer reports concern related to rattle, phasers, cam. Diagnosis confirmed component failure; full assembly replacement completed under warranty per applicable TSB. Vehicle line P552N F-150 [15-20]. [synthetic sanitized narrative]",2212.72,13.2,33030
42679523,"Customer reports concern related to rattle, phasers, cam. Diagnosis confirmed component failure; full assembly replacement completed under warranty per applicable TSB. Vehicle line P552N F-150 [15-20]. [synthetic sanitized narrative]",6259.77,28.5,33030
42241539,"Customer reports concern related to rattle, phasers, cam. Diagnosis performed; minor repair/reseal completed under warranty per applicable TSB. Vehicle line P552N F-150 [15-20]. [synthetic sanitized narrative]",1487.69,9.6,33030
42493599,"Customer reports concern related to rattle, phasers, cam. Diagnosis performed; minor repair/reseal completed under warranty per applicable TSB. Vehicle line P552N F-150 [15-20]. [synthetic sanitized narrative]",1313.83,9.6,33030
42552000,"Customer reports concern related to oil, oil pan, pan. Diagnosis confirmed component failure; full assembly replacement completed under warranty per applicable TSB. Vehicle line P558N SUPER DUTY [17-22]. [synthetic sanitized narrative]",2574.07,14.2,40109
43052126,"Customer reports concern related to oil, oil pan, pan. Diagnosis performed; minor repair/reseal completed under warranty per applicable TSB. Vehicle line P558N SUPER DUTY [17-22]. [synthetic sanitized narrative]",1727.38,10.2,40109
39503667,"Customer reports concern related to rattle, phasers, cam. Diagnosis performed; minor repair/reseal completed under warranty per applicable TSB. Vehicle line P552N F-150 [15-20]. [synthetic sanitized narrative]",1883.98,14.5,33030
38648472,"Customer reports concern related to oil, oil pan, pan. Diagnosis confirmed component failure; full assembly replacement completed under warranty per applicable TSB. Vehicle line P558N SUPER DUTY [17-22]. [synthetic sanitized narrative]",2215.41,14.5,40109
42455300,"Customer reports concern related to oil, oil pan, pan. Diagnosis performed; minor repair/reseal completed under warranty per applicable TSB. Vehicle line P558N SUPER DUTY [17-22]. [synthetic sanitized narrative]",1389.43,12.1,40109
42476708,"Customer reports concern related to oil, oil pan, pan. Diagnosis confirmed component failure; full assembly replacement completed under warranty per applicable TSB. Vehicle line P558N SUPER DUTY [17-22]. [synthetic sanitized narrative]",2340.66,12.0,40109
42910864,"Customer reports concern related to rattle, phasers, cam. Diagnosis confirmed component failure; full assembly replacement completed under warranty per applicable TSB. Vehicle line P552N F-150 [15-20]. [synthetic sanitized narrative]",3247.14,12.8,33030
43008189,"Customer reports concern related to rattle, phasers, cam. Diagnosis confirmed component failure; full assembly replacement completed under warranty per applicable TSB. Vehicle line P552N F-150 [15-20]. [synthetic sanitized narrative]",3007.04,16.8,33030
42800363,"Customer reports concern related to oil, oil pan, pan. Diagnosis performed; minor repair/reseal completed under warranty per applicable TSB. Vehicle line P558N SUPER DUTY [17-22]. [synthetic sanitized narrative]",1299.43,10.3,40109
41061516,"Customer reports concern related to main control, main, transmission. Diagnosis confirmed component failure; full assembly replacement completed under warranty per applicable TSB. Vehicle line P552N F-150 [15-20]. [synthetic sanitized narrative]",8378.86,16.1,35069
42855875,"Customer reports concern related to oil, oil pan, pan. Diagnosis performed; minor repair/reseal completed under warranty per applicable TSB. Vehicle line P558N SUPER DUTY [17-22]. [synthetic sanitized narrative]",1731.66,10.2,40109
43135526,"Customer reports concern related to oil, oil pan, pan. Diagnosis confirmed component failure; full assembly replacement completed under warranty per applicable TSB. Vehicle line P558N SUPER DUTY [17-22]. [synthetic sanitized narrative]",2038.68,10.2,40109
42558763,"Customer reports concern related to oil, oil pan, pan. Diagnosis confirmed component failure; full assembly replacement completed under warranty per applicable TSB. Vehicle line P558N SUPER DUTY [17-22]. [synthetic sanitized narrative]",1947.38,10.3,40109
39051498,"Customer reports concern related to oil, oil pan, pan. Diagnosis performed; minor repair/reseal completed under warranty per applicable TSB. Vehicle line P558N SUPER DUTY [17-22]. [synthetic sanitized narrative]",1097.59,10.2,40109
41016455,"Customer reports concern related to rattle, phasers, cam. Diagnosis performed; minor repair/reseal completed under warranty per applicable TSB. Vehicle line P552N F-150 [15-20]. [synthetic sanitized narrative]",1792.86,17.9,33030
42501990,"Customer reports concern related to oil, oil pan, pan. Diagnosis performed; minor repair/reseal completed under warranty per applicable TSB. Vehicle line P558N SUPER DUTY [17-22]. [synthetic sanitized narrative]",1217.17,10.2,40109
42433909,"Customer reports concern related to oil, oil pan, pan. Diagnosis performed; minor repair/reseal completed under warranty per applicable TSB. Vehicle line P558N SUPER DUTY [17-22]. [synthetic sanitized narrative]",1239.0,10.3,40109
41054490,"Customer reports concern related to transmission, repair, fluid. Diagnosis confirmed component failure; full assembly replacement completed under warranty per applicable TSB. Vehicle line V408E TRANSIT CONNECT [13-24]. [synthetic sanitized narrative]",3759.07,21.8,71778
38617494,"Customer reports concern related to oil, oil pan, pan. Diagnosis performed; minor repair/reseal completed under warranty per applicable TSB. Vehicle line P558N SUPER DUTY [17-22]. [synthetic sanitized narrative]",1903.87,11.1,40109
42936892,"Customer reports concern related to main control, main, transmission. Diagnosis confirmed component failure; full assembly replacement completed under warranty per applicable TSB. Vehicle line P552N F-150 [15-20]. [synthetic sanitized narrative]",8233.08,23.7,35069
40150475,"Customer reports concern related to oil, oil pan, pan. Diagnosis performed; minor repair/reseal completed under warranty per applicable TSB. Vehicle line P558N SUPER DUTY [17-22]. [synthetic sanitized narrative]",1627.8,13.9,40109
42920790,"Customer reports concern related to oil, oil pan, pan. Diagnosis performed; minor repair/reseal completed under warranty per applicable TSB. Vehicle line P558N SUPER DUTY [17-22]. [synthetic sanitized narrative]",1710.21,10.7,40109
42519387,"Customer reports concern related to oil, oil pan, pan. Diagnosis performed; minor repair/reseal completed under warranty per applicable TSB. Vehicle line P558N SUPER DUTY [17-22]. [synthetic sanitized narrative]",1501.05,10.3,40109
41456488,"Customer reports concern related to oil, oil pan, pan. Diagnosis performed; minor repair/reseal completed under warranty per applicable TSB. Vehicle line P558N SUPER DUTY [17-22]. [synthetic sanitized narrative]",1208.69,10.2,40109
42790292,"Customer reports concern related to oil, oil pan, pan. Diagnosis performed; minor repair/reseal completed under warranty per applicable TSB. Vehicle line P558N SUPER DUTY [17-22]. [synthetic sanitized narrative]",1552.45,10.2,40109
40539484,"Customer reports concern related to oil, oil pan, pan. Diagnosis performed; minor repair/reseal completed under warranty per applicable TSB. Vehicle line P558N SUPER DUTY [17-22]. [synthetic sanitized narrative]",1523.84,11.2,40109
42645188,"Customer reports concern related to oil, oil pan, pan. Diagnosis performed; minor repair/reseal completed under warranty per applicable TSB. Vehicle line P558N SUPER DUTY [17-22]. [synthetic sanitized narrative]",1512.3,11.1,40109
42691325,"Customer reports concern related to oil, oil pan, pan. Diagnosis performed; minor repair/reseal completed under warranty per applicable TSB. Vehicle line P558N SUPER DUTY [17-22]. [synthetic sanitized narrative]",1746.8,10.9,40109
38258453,"Customer reports concern related to oil, oil pan, pan. Diagnosis performed; minor repair/reseal completed under warranty per applicable TSB. Vehicle line P558N SUPER DUTY [17-22]. [synthetic sanitized narrative]",1296.33,10.2,40109
40073485,"Customer reports concern related to oil, oil pan, pan. Diagnosis performed; minor repair/reseal completed under warranty per applicable TSB. Vehicle line P558N SUPER DUTY [17-22]. [synthetic sanitized narrative]",1509.5,10.2,40109
41801537,"Customer reports concern related to oil, oil pan, pan. Diagnosis performed; minor repair/reseal completed under warranty per applicable TSB. Vehicle line P558N SUPER DUTY [17-22]. [synthetic sanitized narrative]",1463.73,9.6,40109
43117941,"Customer reports concern related to long block, block, long. Diagnosis confirmed component failure; full assembly replacement completed under warranty per applicable TSB. Vehicle line P552N F-150 [15-20]. [synthetic sanitized narrative]",13141.12,14.4,32954
37911542,"Customer reports concern related to long block, block, long. Diagnosis confirmed component failure; full assembly replacement completed under warranty per applicable TSB. Vehicle line CD539N EDGE [15-24]. [synthetic sanitized narrative]",6301.64,22.8,14641
43027108,"Customer reports concern related to long block, block, long. Diagnosis performed; minor repair/reseal completed under warranty per applicable TSB. Vehicle line P552N F-150 [15-20]. [synthetic sanitized narrative]",7373.58,14.2,32954
43138828,"Customer reports concern related to long block, block, long. Diagnosis performed; minor repair/reseal completed under warranty per applicable TSB. Vehicle line P552N F-150 [15-20]. [synthetic sanitized narrative]",7729.56,15.6,32954
42907026,"Customer reports concern related to long block, block, long. Diagnosis confirmed component failure; full assembly replacement completed under warranty per applicable TSB. Vehicle line P552N F-150 [15-20]. [synthetic sanitized narrative]",10678.28,15.3,32954
43047182,"Customer reports concern related to long block, block, long. Diagnosis performed; minor repair/reseal completed under warranty per applicable TSB. Vehicle line P552N F-150 [15-20]. [synthetic sanitized narrative]",7761.24,16.3,32954
42960598,"Customer reports concern related to long block, block, long. Diagnosis confirmed component failure; full assembly replacement completed under warranty per applicable TSB. Vehicle line P552N F-150 [15-20]. [synthetic sanitized narrative]",10694.68,15.0,32954
42968174,"Customer reports concern related to long block, block, long. Diagnosis performed; minor repair/reseal completed under warranty per applicable TSB. Vehicle line P552N F-150 [15-20]. [synthetic sanitized narrative]",7409.03,15.3,32954
41304456,"Customer reports concern related to long block, block, long. Diagnosis performed; minor repair/reseal completed under warranty per applicable TSB. Vehicle line P552N F-150 [15-20]. [synthetic sanitized narrative]",8581.52,20.8,32954
43121076,"Customer reports concern related to long block, block, long. Diagnosis performed; minor repair/reseal completed under warranty per applicable TSB. Vehicle line P552N F-150 [15-20]. [synthetic sanitized narrative]",7947.61,17.9,32954
42923624,"Customer reports concern related to long block, block, long. Diagnosis confirmed component failure; full assembly replacement completed under warranty per applicable TSB. Vehicle line P552N F-150 [15-20]. [synthetic sanitized narrative]",10341.77,17.1,32954
42857604,"Customer reports concern related to long block, block, long. Diagnosis performed; minor repair/reseal completed under warranty per applicable TSB. Vehicle line P552N F-150 [15-20]. [synthetic sanitized narrative]",7479.63,15.3,32954
43130779,"Customer reports concern related to long block, block, long. Diagnosis confirmed component failure; full assembly replacement completed under warranty per applicable TSB. Vehicle line P552N F-150 [15-20]. [synthetic sanitized narrative]",11015.85,15.8,32954
43052388,"Customer reports concern related to long block, block, long. Diagnosis performed; minor repair/reseal completed under warranty per applicable TSB. Vehicle line P552N F-150 [15-20]. [synthetic sanitized narrative]",6741.53,16.7,32954
42862764,"Customer reports concern related to long block, block, long. Diagnosis performed; minor repair/reseal completed under warranty per applicable TSB. Vehicle line P552N F-150 [15-20]. [synthetic sanitized narrative]",8398.79,20.3,32954
43012185,"Customer reports concern related to long block, block, long. Diagnosis confirmed component failure; full assembly replacement completed under warranty per applicable TSB. Vehicle line P552N F-150 [15-20]. [synthetic sanitized narrative]",12135.0,16.9,32954
42982826,"Customer reports concern related to long block, block, long. Diagnosis performed; minor repair/reseal completed under warranty per applicable TSB. Vehicle line P552N F-150 [15-20]. [synthetic sanitized narrative]",7829.49,15.5,32954
42447516,"Customer reports concern related to long block, block, long. Diagnosis performed; minor repair/reseal completed under warranty per applicable TSB. Vehicle line P552N F-150 [15-20]. [synthetic sanitized narrative]",6064.55,21.7,32954
42892704,"Customer reports concern related to long block, block, long. Diagnosis performed; minor repair/reseal completed under warranty per applicable TSB. Vehicle line P552N F-150 [15-20]. [synthetic sanitized narrative]",8105.1,15.3,32954
41192504,"Customer reports concern related to long block, block, long. Diagnosis performed; minor repair/reseal completed under warranty per applicable TSB. Vehicle line P552N F-150 [15-20]. [synthetic sanitized narrative]",6332.95,17.2,32954
43052236,"Customer reports concern related to long block, block, long. Diagnosis confirmed component failure; full assembly replacement completed under warranty per applicable TSB. Vehicle line P552N F-150 [15-20]. [synthetic sanitized narrative]",10914.8,20.1,32954
43045358,"Customer reports concern related to long block, block, long. Diagnosis confirmed component failure; full assembly replacement completed under warranty per applicable TSB. Vehicle line P552N F-150 [15-20]. [synthetic sanitized narrative]",9667.99,14.5,32954
43130211,"Customer reports concern related to long block, block, long. Diagnosis performed; minor repair/reseal completed under warranty per applicable TSB. Vehicle line P552N F-150 [15-20]. [synthetic sanitized narrative]",6485.32,15.3,32954
42901957,"Customer reports concern related to long block, block, long. Diagnosis confirmed component failure; full assembly replacement completed under warranty per applicable TSB. Vehicle line P552N F-150 [15-20]. [synthetic sanitized narrative]",12646.43,35.5,32954
42881402,"Customer reports concern related to long block, block, long. Diagnosis performed; minor repair/reseal completed under warranty per applicable TSB. Vehicle line P552N F-150 [15-20]. [synthetic sanitized narrative]",8305.05,17.3,32954
41865487,"Customer reports concern related to long block, block, long. Diagnosis confirmed component failure; full assembly replacement completed under warranty per applicable TSB. Vehicle line P552N F-150 [15-20]. [synthetic sanitized narrative]",9370.23,16.9,32954
42977044,"Customer reports concern related to long block, block, long. Diagnosis performed; minor repair/reseal completed under warranty per applicable TSB. Vehicle line P552N F-150 [15-20]. [synthetic sanitized narrative]",7766.62,13.5,32954
43096117,"Customer reports concern related to long block, block, long. Diagnosis performed; minor repair/reseal completed under warranty per applicable TSB. Vehicle line P552N F-150 [15-20]. [synthetic sanitized narrative]",7268.69,15.3,32954
43133570,"Customer reports concern related to long block, block, long. Diagnosis performed; minor repair/reseal completed under warranty per applicable TSB. Vehicle line P552N F-150 [15-20]. [synthetic sanitized narrative]",7482.92,15.0,32954
42457641,"Customer reports concern related to clutch, replace clutch, transmission. Diagnosis confirmed component failure; full assembly replacement completed under warranty per applicable TSB. Vehicle line C346N FOCUS [12-18]. [synthetic sanitized narrative]",2175.99,12.7,3936
42925568,"Customer reports concern related to water pump, water, pump. Diagnosis confirmed component failure; full assembly replacement completed under warranty per applicable TSB. Vehicle line U502N EXPLORER [11-19]. [synthetic sanitized narrative]",2090.7,12.8,53967
42712586,"Customer reports concern related to water pump, water, pump. Diagnosis performed; minor repair/reseal completed under warranty per applicable TSB. Vehicle line U502N EXPLORER [11-19]. [synthetic sanitized narrative]",1222.25,8.6,53967
40210471,"Customer reports concern related to water pump, water, pump. Diagnosis confirmed component failure; full assembly replacement completed under warranty per applicable TSB. Vehicle line U502N EXPLORER [11-19]. [synthetic sanitized narrative]",1666.53,12.1,53967
41961459,"Customer reports concern related to water pump, water, pump. Diagnosis performed; minor repair/reseal completed under warranty per applicable TSB. Vehicle line U502N EXPLORER [11-19]. [synthetic sanitized narrative]",992.66,8.6,53967
42881614,"Customer reports concern related to rattle, phasers, cam. Diagnosis confirmed component failure; full assembly replacement completed under warranty per applicable TSB. Vehicle line P552N F-150 [15-20]. [synthetic sanitized narrative]",4498.22,35.3,33030
37602480,"Customer reports concern related to water pump, water, pump. Diagnosis performed; minor repair/reseal completed under warranty per applicable TSB. Vehicle line U502N EXPLORER [11-19]. [synthetic sanitized narrative]",1639.16,9.1,53967
38620616,"Customer reports concern related to water pump, water, pump. Diagnosis performed; minor repair/reseal completed under warranty per applicable TSB. Vehicle line U502N EXPLORER [11-19]. [synthetic sanitized narrative]",1268.84,0.0,53967
39068462,"Customer reports concern related to water pump, water, pump. Diagnosis performed; minor repair/reseal completed under warranty per applicable TSB. Vehicle line U502N EXPLORER [11-19]. [synthetic sanitized narrative]",1468.61,8.6,53967
42853759,"Customer reports concern related to water pump, water, pump. Diagnosis performed; minor repair/reseal completed under warranty per applicable TSB. Vehicle line U502N EXPLORER [11-19]. [synthetic sanitized narrative]",1294.51,8.6,53967
38609543,"Customer reports concern related to water pump, water, pump. Diagnosis performed; minor repair/reseal completed under warranty per applicable TSB. Vehicle line U502N EXPLORER [11-19]. [synthetic sanitized narrative]",1433.71,10.1,53967
38234484,"Customer reports concern related to water pump, water, pump. Diagnosis confirmed component failure; full assembly replacement completed under warranty per applicable TSB. Vehicle line U502N EXPLORER [11-19]. [synthetic sanitized narrative]",2819.07,21.7,53967
41519492,"Customer reports concern related to water pump, water, pump. Diagnosis confirmed component failure; full assembly replacement completed under warranty per applicable TSB. Vehicle line U502N EXPLORER [11-19]. [synthetic sanitized narrative]",1848.81,9.2,53967
42652484,"Customer reports concern related to water pump, water, pump. Diagnosis performed; minor repair/reseal completed under warranty per applicable TSB. Vehicle line U502N EXPLORER [11-19]. [synthetic sanitized narrative]",1533.88,8.6,53967
43140890,"Customer reports concern related to water pump, water, pump. Diagnosis performed; minor repair/reseal completed under warranty per applicable TSB. Vehicle line U502N EXPLORER [11-19]. [synthetic sanitized narrative]",1338.13,8.6,53967
39338451,"Customer reports concern related to water pump, water, pump. Diagnosis confirmed component failure; full assembly replacement completed under warranty per applicable TSB. Vehicle line U502N EXPLORER [11-19]. [synthetic sanitized narrative]",1691.73,11.6,53967
43121131,"Customer reports concern related to water pump, water, pump. Diagnosis confirmed component failure; full assembly replacement completed under warranty per applicable TSB. Vehicle line U502N EXPLORER [11-19]. [synthetic sanitized narrative]",1755.8,8.8,53967
39611468,"Customer reports concern related to water pump, water, pump. Diagnosis performed; minor repair/reseal completed under warranty per applicable TSB. Vehicle line U502N EXPLORER [11-19]. [synthetic sanitized narrative]",1291.47,8.6,53967
42677134,"Customer reports concern related to water pump, water, pump. Diagnosis performed; minor repair/reseal completed under warranty per applicable TSB. Vehicle line U502N EXPLORER [11-19]. [synthetic sanitized narrative]",1299.75,8.9,53967
37639541,"Customer reports concern related to water pump, water, pump. Diagnosis confirmed component failure; full assembly replacement completed under warranty per applicable TSB. Vehicle line U502N EXPLORER [11-19]. [synthetic sanitized narrative]",1685.3,9.0,53967
41601480,"Customer reports concern related to water pump, water, pump. Diagnosis confirmed component failure; full assembly replacement completed under warranty per applicable TSB. Vehicle line U502N EXPLORER [11-19]. [synthetic sanitized narrative]",1909.78,11.7,53967
42746538,"Customer reports concern related to water pump, water, pump. Diagnosis performed; minor repair/reseal completed under warranty per applicable TSB. Vehicle line U502N EXPLORER [11-19]. [synthetic sanitized narrative]",1484.88,8.6,53967
42531719,"Customer reports concern related to water pump, water, pump. Diagnosis performed; minor repair/reseal completed under warranty per applicable TSB. Vehicle line U502N EXPLORER [11-19]. [synthetic sanitized narrative]",1455.96,8.6,53967
42962958,"Customer reports concern related to water pump, water, pump. Diagnosis confirmed component failure; full assembly replacement completed under warranty per applicable TSB. Vehicle line U502N EXPLORER [11-19]. [synthetic sanitized narrative]",3590.09,12.7,53967
42713682,"Customer reports concern related to water pump, water, pump. Diagnosis confirmed component failure; full assembly replacement completed under warranty per applicable TSB. Vehicle line U502N EXPLORER [11-19]. [synthetic sanitized narrative]",2478.04,15.5,53967
40827459,"Customer reports concern related to water pump, water, pump. Diagnosis performed; minor repair/reseal completed under warranty per applicable TSB. Vehicle line U502N EXPLORER [11-19]. [synthetic sanitized narrative]",1158.84,8.6,53967
43000414,"Customer reports concern related to water pump, water, pump. Diagnosis performed; minor repair/reseal completed under warranty per applicable TSB. Vehicle line U502N EXPLORER [11-19]. [synthetic sanitized narrative]",1396.48,8.6,53967
42991371,"Customer reports concern related to water pump, water, pump. Diagnosis confirmed component failure; full assembly replacement completed under warranty per applicable TSB. Vehicle line U502N EXPLORER [11-19]. [synthetic sanitized narrative]",2169.08,9.2,53967
42516360,"Customer reports concern related to water pump, water, pump. Diagnosis confirmed component failure; full assembly replacement completed under warranty per applicable TSB. Vehicle line U502N EXPLORER [11-19]. [synthetic sanitized narrative]",2202.09,10.7,53967
39343493,"Customer reports concern related to water pump, water, pump. Diagnosis performed; minor repair/reseal completed under warranty per applicable TSB. Vehicle line U502N EXPLORER [11-19]. [synthetic sanitized narrative]",1057.91,10.0,53967
39549944,"Customer reports concern related to water pump, water, pump. Diagnosis confirmed component failure; full assembly replacement completed under warranty per applicable TSB. Vehicle line U502N EXPLORER [11-19]. [synthetic sanitized narrative]",1785.59,9.0,53967
42760482,"Customer reports concern related to water pump, water, pump. Diagnosis confirmed component failure; full assembly replacement completed under warranty per applicable TSB. Vehicle line U502N EXPLORER [11-19]. [synthetic sanitized narrative]",1750.66,8.6,53967
42877750,"Customer reports concern related to water pump, water, pump. Diagnosis performed; minor repair/reseal completed under warranty per applicable TSB. Vehicle line U502N EXPLORER [11-19]. [synthetic sanitized narrative]",1427.55,9.2,53967
42946205,"Customer reports concern related to water pump, water, pump. Diagnosis confirmed component failure; full assembly replacement completed under warranty per applicable TSB. Vehicle line U502N EXPLORER [11-19]. [synthetic sanitized narrative]",1865.52,8.6,53967
40325460,"Customer reports concern related to water pump, water, pump. Diagnosis performed; minor repair/reseal completed under warranty per applicable TSB. Vehicle line U502N EXPLORER [11-19]. [synthetic sanitized narrative]",1440.38,8.6,53967
42920665,"Customer reports concern related to water pump, water, pump. Diagnosis confirmed component failure; full assembly replacement completed under warranty per applicable TSB. Vehicle line U502N EXPLORER [11-19]. [synthetic sanitized narrative]",1711.17,8.6,53967
42962870,"Customer reports concern related to water pump, water, pump. Diagnosis performed; minor repair/reseal completed under warranty per applicable TSB. Vehicle line U502N EXPLORER [11-19]. [synthetic sanitized narrative]",1572.99,8.8,53967
42509943,"Customer reports concern related to water pump, water, pump. Diagnosis performed; minor repair/reseal completed under warranty per applicable TSB. Vehicle line U502N EXPLORER [11-19]. [synthetic sanitized narrative]",1406.14,8.6,53967
42294463,"Customer reports concern related to water pump, water, pump. Diagnosis performed; minor repair/reseal completed under warranty per applicable TSB. Vehicle line U502N EXPLORER [11-19]. [synthetic sanitized narrative]",1149.83,8.6,53967
37036481,"Customer reports concern related to water pump, water, pump. Diagnosis performed; minor repair/reseal completed under warranty per applicable TSB. Vehicle line U502N EXPLORER [11-19]. [synthetic sanitized narrative]",1016.69,9.0,53967
42807196,"Customer reports concern related to clutch, replace clutch, transmission. Diagnosis confirmed component failure; full assembly replacement completed under warranty per applicable TSB. Vehicle line C346N FOCUS [12-18]. [synthetic sanitized narrative]",2314.96,8.0,3936
39675485,"Customer reports concern related to water pump, water, pump. Diagnosis performed; minor repair/reseal completed under warranty per applicable TSB. Vehicle line U502N EXPLORER [11-19]. [synthetic sanitized narrative]",1097.27,9.3,53967
42519787,"Customer reports concern related to water pump, water, pump. Diagnosis performed; minor repair/reseal completed under warranty per applicable TSB. Vehicle line U502N EXPLORER [11-19]. [synthetic sanitized narrative]",1502.02,8.6,53967
42929997,"Customer reports concern related to water pump, water, pump. Diagnosis confirmed component failure; full assembly replacement completed under warranty per applicable TSB. Vehicle line U502N EXPLORER [11-19]. [synthetic sanitized narrative]",1969.26,9.1,53967
43035700,"Customer reports concern related to water pump, water, pump. Diagnosis performed; minor repair/reseal completed under warranty per applicable TSB. Vehicle line U502N EXPLORER [11-19]. [synthetic sanitized narrative]",1261.19,8.6,53967
38715463,"Customer reports concern related to clutch, replace clutch, transmission. Diagnosis performed; minor repair/reseal completed under warranty per applicable TSB. Vehicle line C346N FOCUS [12-18]. [synthetic sanitized narrative]",1293.85,8.5,3936
42832958,"Customer reports concern related to oil, oil pan, pan. Diagnosis confirmed component failure; full assembly replacement completed under warranty per applicable TSB. Vehicle line P558N SUPER DUTY [17-22]. [synthetic sanitized narrative]",3242.94,21.8,40109
40593554,"Customer reports concern related to water pump, water, pump. Diagnosis performed; minor repair/reseal completed under warranty per applicable TSB. Vehicle line U502N EXPLORER [11-19]. [synthetic sanitized narrative]",1504.24,9.2,53967
37869455,"Customer reports concern related to water pump, water, pump. Diagnosis performed; minor repair/reseal completed under warranty per applicable TSB. Vehicle line U502N EXPLORER [11-19]. [synthetic sanitized narrative]",1369.45,9.0,53967
42678146,"Customer reports concern related to oil, oil pan, pan. Diagnosis confirmed component failure; full assembly replacement completed under warranty per applicable TSB. Vehicle line P558N SUPER DUTY [17-22]. [synthetic sanitized narrative]",4327.71,22.9,40109
42666236,"Customer reports concern related to long block, block, long. Diagnosis confirmed component failure; full assembly replacement completed under warranty per applicable TSB. Vehicle line P552N F-150 [15-20]. [synthetic sanitized narrative]",10788.74,31.3,32954
38134481,"Customer reports concern related to oil, oil pan, pan. Diagnosis confirmed component failure; full assembly replacement completed under warranty per applicable TSB. Vehicle line P558N SUPER DUTY [17-22]. [synthetic sanitized narrative]",3019.71,16.5,40109
42743401,"Customer reports concern related to water pump, water, pump. Diagnosis confirmed component failure; full assembly replacement completed under warranty per applicable TSB. Vehicle line U502N EXPLORER [11-19]. [synthetic sanitized narrative]",1724.1,9.8,53967
42649580,"Customer reports concern related to rattle, phasers, cam. Diagnosis confirmed component failure; full assembly replacement completed under warranty per applicable TSB. Vehicle line P552N F-150 [15-20]. [synthetic sanitized narrative]",3541.95,18.4,33030
42755558,"Customer reports concern related to main control, main, transmission. Diagnosis performed; minor repair/reseal completed under warranty per applicable TSB. Vehicle line P552N F-150 [15-20]. [synthetic sanitized narrative]",2545.19,20.2,35069
42832115,"Customer reports concern related to oil, oil pan, pan. Diagnosis confirmed component failure; full assembly replacement completed under warranty per applicable TSB. Vehicle line P558N SUPER DUTY [17-22]. [synthetic sanitized narrative]",8984.92,36.1,40109
42947967,"Customer reports concern related to main control, main, transmission. Diagnosis confirmed component failure; full assembly replacement completed under warranty per applicable TSB. Vehicle line P552N F-150 [15-20]. [synthetic sanitized narrative]",6989.64,14.9,35069
40731457,"Customer reports concern related to long block, block, long. Diagnosis confirmed component failure; full assembly replacement completed under warranty per applicable TSB. Vehicle line P552N F-150 [15-20]. [synthetic sanitized narrative]",17931.45,40.4,32954
41698507,"Customer reports concern related to main control, main, transmission. Diagnosis performed; minor repair/reseal completed under warranty per applicable TSB. Vehicle line P552N F-150 [15-20]. [synthetic sanitized narrative]",2878.62,18.4,35069
42733655,"Customer reports concern related to main control, main, transmission. Diagnosis performed; minor repair/reseal completed under warranty per applicable TSB. Vehicle line P552N F-150 [15-20]. [synthetic sanitized narrative]",2789.76,20.6,35069
43113759,"Customer reports concern related to main control, main, transmission. Diagnosis confirmed component failure; full assembly replacement completed under warranty per applicable TSB. Vehicle line P552N F-150 [15-20]. [synthetic sanitized narrative]",5257.14,29.2,35069
43045383,"Customer reports concern related to main control, main, transmission. Diagnosis confirmed component failure; full assembly replacement completed under warranty per applicable TSB. Vehicle line P552N F-150 [15-20]. [synthetic sanitized narrative]",3723.17,22.1,35069
43131355,"Customer reports concern related to transmission, repair, fluid. Diagnosis confirmed component failure; full assembly replacement completed under warranty per applicable TSB. Vehicle line V408E TRANSIT CONNECT [13-24]. [synthetic sanitized narrative]",8509.6,25.3,71778
42732312,"Customer reports concern related to main control, main, transmission. Diagnosis performed; minor repair/reseal completed under warranty per applicable TSB. Vehicle line P552N F-150 [15-20]. [synthetic sanitized narrative]",2370.31,17.7,35069
42505432,"Customer reports concern related to main control, main, transmission. Diagnosis performed; minor repair/reseal completed under warranty per applicable TSB. Vehicle line P552N F-150 [15-20]. [synthetic sanitized narrative]",3027.29,22.9,35069
43089610,"Customer reports concern related to main control, main, transmission. Diagnosis performed; minor repair/reseal completed under warranty per applicable TSB. Vehicle line P552N F-150 [15-20]. [synthetic sanitized narrative]",2729.85,20.4,35069
43092088,"Customer reports concern related to main control, main, transmission. Diagnosis confirmed component failure; full assembly replacement completed under warranty per applicable TSB. Vehicle line P552N F-150 [15-20]. [synthetic sanitized narrative]",4645.2,27.9,35069
42860877,"Customer reports concern related to main control, main, transmission. Diagnosis confirmed component failure; full assembly replacement completed under warranty per applicable TSB. Vehicle line P552N F-150 [15-20]. [synthetic sanitized narrative]",4271.82,21.3,35069
42981457,"Customer reports concern related to main control, main, transmission. Diagnosis performed; minor repair/reseal completed under warranty per applicable TSB. Vehicle line P552N F-150 [15-20]. [synthetic sanitized narrative]",3388.87,22.4,35069
38082466,"Customer reports concern related to main control, main, transmission. Diagnosis performed; minor repair/reseal completed under warranty per applicable TSB. Vehicle line P552N F-150 [15-20]. [synthetic sanitized narrative]",3400.41,18.0,35069
42885729,"Customer reports concern related to main control, main, transmission. Diagnosis performed; minor repair/reseal completed under warranty per applicable TSB. Vehicle line P552N F-150 [15-20]. [synthetic sanitized narrative]",2683.68,21.4,35069
39700467,"Customer reports concern related to rattle, phasers, cam. Diagnosis confirmed component failure; full assembly replacement completed under warranty per applicable TSB. Vehicle line P552N F-150 [15-20]. [synthetic sanitized narrative]",3565.62,22.6,33030
42577973,"Customer reports concern related to transmission, repair, fluid. Diagnosis performed; minor repair/reseal completed under warranty per applicable TSB. Vehicle line V408E TRANSIT CONNECT [13-24]. [synthetic sanitized narrative]",2655.75,17.5,71778
42666716,"Customer reports concern related to long block, block, long. Diagnosis confirmed component failure; full assembly replacement completed under warranty per applicable TSB. Vehicle line P552N F-150 [15-20]. [synthetic sanitized narrative]",9056.05,19.3,32954
42716978,"Customer reports concern related to main control, main, transmission. Diagnosis performed; minor repair/reseal completed under warranty per applicable TSB. Vehicle line P552N F-150 [15-20]. [synthetic sanitized narrative]",2846.63,15.0,35069
42735028,"Customer reports concern related to main control, main, transmission. Diagnosis confirmed component failure; full assembly replacement completed under warranty per applicable TSB. Vehicle line P552N F-150 [15-20]. [synthetic sanitized narrative]",3578.28,20.6,35069
40692464,"Customer reports concern related to transmission, repair, fluid. Diagnosis confirmed component failure; full assembly replacement completed under warranty per applicable TSB. Vehicle line V408E TRANSIT CONNECT [13-24]. [synthetic sanitized narrative]",11223.87,49.4,71778
41131490,"Customer reports concern related to transmission, repair, fluid. Diagnosis confirmed component failure; full assembly replacement completed under warranty per applicable TSB. Vehicle line V408E TRANSIT CONNECT [13-24]. [synthetic sanitized narrative]",3788.36,19.6,71778
42893863,"Customer reports concern related to main control, main, transmission. Diagnosis performed; minor repair/reseal completed under warranty per applicable TSB. Vehicle line P552N F-150 [15-20]. [synthetic sanitized narrative]",3289.05,20.9,35069
43012735,"Customer reports concern related to main control, main, transmission. Diagnosis confirmed component failure; full assembly replacement completed under warranty per applicable TSB. Vehicle line P552N F-150 [15-20]. [synthetic sanitized narrative]",4955.0,22.1,35069
42980999,"Customer reports concern related to main control, main, transmission. Diagnosis confirmed component failure; full assembly replacement completed under warranty per applicable TSB. Vehicle line P552N F-150 [15-20]. [synthetic sanitized narrative]",4567.73,27.4,35069
40128501,"Customer reports concern related to rattle, phasers, cam. Diagnosis confirmed component failure; full assembly replacement completed under warranty per applicable TSB. Vehicle line P552N F-150 [15-20]. [synthetic sanitized narrative]",5035.94,27.4,33030
42673508,"Customer reports concern related to transmission, repair, fluid. Diagnosis performed; minor repair/reseal completed under warranty per applicable TSB. Vehicle line V408E TRANSIT CONNECT [13-24]. [synthetic sanitized narrative]",2933.06,16.4,71778
42789420,"Customer reports concern related to main control, main, transmission. Diagnosis performed; minor repair/reseal completed under warranty per applicable TSB. Vehicle line P552N F-150 [15-20]. [synthetic sanitized narrative]",3001.89,21.3,35069
42056488,"Customer reports concern related to transmission, repair, fluid. Diagnosis performed; minor repair/reseal completed under warranty per applicable TSB. Vehicle line V408E TRANSIT CONNECT [13-24]. [synthetic sanitized narrative]",2931.12,16.4,71778
42975584,"Customer reports concern related to main control, main, transmission. Diagnosis performed; minor repair/reseal completed under warranty per applicable TSB. Vehicle line P552N F-150 [15-20]. [synthetic sanitized narrative]",2403.88,18.3,35069
42837144,"Customer reports concern related to main control, main, transmission. Diagnosis confirmed component failure; full assembly replacement completed under warranty per applicable TSB. Vehicle line P552N F-150 [15-20]. [synthetic sanitized narrative]",4604.65,20.9,35069
42519526,"Customer reports concern related to main control, main, transmission. Diagnosis performed; minor repair/reseal completed under warranty per applicable TSB. Vehicle line P552N F-150 [15-20]. [synthetic sanitized narrative]",3535.69,17.1,35069
42684095,"Customer reports concern related to main control, main, transmission. Diagnosis confirmed component failure; full assembly replacement completed under warranty per applicable TSB. Vehicle line P552N F-150 [15-20]. [synthetic sanitized narrative]",4582.83,25.9,35069
42809876,"Customer reports concern related to main control, main, transmission. Diagnosis performed; minor repair/reseal completed under warranty per applicable TSB. Vehicle line P552N F-150 [15-20]. [synthetic sanitized narrative]",3139.3,19.4,35069
43092603,"Customer reports concern related to main control, main, transmission. Diagnosis performed; minor repair/reseal completed under warranty per applicable TSB. Vehicle line P552N F-150 [15-20]. [synthetic sanitized narrative]",3267.41,19.9,35069
42943671,"Customer reports concern related to long block, block, long. Diagnosis confirmed component failure; full assembly replacement completed under warranty per applicable TSB. Vehicle line P552N F-150 [15-20]. [synthetic sanitized narrative]",14918.79,38.0,32954
42897256,"Customer reports concern related to transmission, repair, fluid. Diagnosis confirmed component failure; full assembly replacement completed under warranty per applicable TSB. Vehicle line V408E TRANSIT CONNECT [13-24]. [synthetic sanitized narrative]",3568.13,17.5,71778
43114229,"Customer reports concern related to main control, main, transmission. Diagnosis performed; minor repair/reseal completed under warranty per applicable TSB. Vehicle line P552N F-150 [15-20]. [synthetic sanitized narrative]",1805.98,16.5,35069
42567347,"Customer reports concern related to transmission, repair, fluid. Diagnosis confirmed component failure; full assembly replacement completed under warranty per applicable TSB. Vehicle line V408E TRANSIT CONNECT [13-24]. [synthetic sanitized narrative]",5204.79,37.3,71778
38335451,"Customer reports concern related to clutch, replace clutch, transmission. Diagnosis confirmed component failure; full assembly replacement completed under warranty per applicable TSB. Vehicle line C346N FOCUS [12-18]. [synthetic sanitized narrative]",1824.25,13.9,3936
42906721,"Customer reports concern related to main control, main, transmission. Diagnosis confirmed component failure; full assembly replacement completed under warranty per applicable TSB. Vehicle line P552N F-150 [15-20]. [synthetic sanitized narrative]",3685.05,19.2,35069
42876676,"Customer reports concern related to main control, main, transmission. Diagnosis confirmed component failure; full assembly replacement completed under warranty per applicable TSB. Vehicle line P552N F-150 [15-20]. [synthetic sanitized narrative]",5308.6,34.7,35069
42543556,"Customer reports concern related to transmission, repair, fluid. Diagnosis confirmed component failure; full assembly replacement completed under warranty per applicable TSB. Vehicle line V408E TRANSIT CONNECT [13-24]. [synthetic sanitized narrative]",3613.09,22.5,71778
43006838,"Customer reports concern related to main control, main, transmission. Diagnosis confirmed component failure; full assembly replacement completed under warranty per applicable TSB. Vehicle line P552N F-150 [15-20]. [synthetic sanitized narrative]",4535.71,24.4,35069
42870034,"Customer reports concern related to main control, main, transmission. Diagnosis confirmed component failure; full assembly replacement completed under warranty per applicable TSB. Vehicle line P552N F-150 [15-20]. [synthetic sanitized narrative]",7667.58,25.4,35069
42866135,"Customer reports concern related to main control, main, transmission. Diagnosis confirmed component failure; full assembly replacement completed under warranty per applicable TSB. Vehicle line P552N F-150 [15-20]. [synthetic sanitized narrative]",4044.1,19.4,35069
42782840,"Customer reports concern related to main control, main, transmission. Diagnosis confirmed component failure; full assembly replacement completed under warranty per applicable TSB. Vehicle line P552N F-150 [15-20]. [synthetic sanitized narrative]",3948.28,17.6,35069
37494467,"Customer reports concern related to main control, main, transmission. Diagnosis performed; minor repair/reseal completed under warranty per applicable TSB. Vehicle line P552N F-150 [15-20]. [synthetic sanitized narrative]",2434.75,16.4,35069
42939504,"Customer reports concern related to main control, main, transmission. Diagnosis confirmed component failure; full assembly replacement completed under warranty per applicable TSB. Vehicle line P552N F-150 [15-20]. [synthetic sanitized narrative]",5766.6,10.0,35069
43006150,"Customer reports concern related to main control, main, transmission. Diagnosis confirmed component failure; full assembly replacement completed under warranty per applicable TSB. Vehicle line P552N F-150 [15-20]. [synthetic sanitized narrative]",4179.17,21.6,35069
43043696,"Customer reports concern related to main control, main, transmission. Diagnosis confirmed component failure; full assembly replacement completed under warranty per applicable TSB. Vehicle line P552N F-150 [15-20]. [synthetic sanitized narrative]",4584.2,21.4,35069
42839453,"Customer reports concern related to transmission, repair, fluid. Diagnosis performed; minor repair/reseal completed under warranty per applicable TSB. Vehicle line V408E TRANSIT CONNECT [13-24]. [synthetic sanitized narrative]",3016.77,16.4,71778
43145415,"Customer reports concern related to transmission, repair, fluid. Diagnosis confirmed component failure; full assembly replacement completed under warranty per applicable TSB. Vehicle line V408E TRANSIT CONNECT [13-24]. [synthetic sanitized narrative]",3815.3,17.2,71778
43117505,"Customer reports concern related to main control, main, transmission. Diagnosis performed; minor repair/reseal completed under warranty per applicable TSB. Vehicle line P552N F-150 [15-20]. [synthetic sanitized narrative]",2713.24,17.1,35069
42867660,"Customer reports concern related to main control, main, transmission. Diagnosis confirmed component failure; full assembly replacement completed under warranty per applicable TSB. Vehicle line P552N F-150 [15-20]. [synthetic sanitized narrative]",7164.23,51.4,35069
43014412,"Customer reports concern related to main control, main, transmission. Diagnosis performed; minor repair/reseal completed under warranty per applicable TSB. Vehicle line P552N F-150 [15-20]. [synthetic sanitized narrative]",3014.95,17.1,35069
42144468,"Customer reports concern related to transmission, repair, fluid. Diagnosis confirmed component failure; full assembly replacement completed under warranty per applicable TSB. Vehicle line V408E TRANSIT CONNECT [13-24]. [synthetic sanitized narrative]",3493.54,20.4,71778
42831555,"Customer reports concern related to main control, main, transmission. Diagnosis confirmed component failure; full assembly replacement completed under warranty per applicable TSB. Vehicle line P552N F-150 [15-20]. [synthetic sanitized narrative]",3716.79,20.5,35069
42713668,"Customer reports concern related to rattle, phasers, cam. Diagnosis confirmed component failure; full assembly replacement completed under warranty per applicable TSB. Vehicle line P552N F-150 [15-20]. [synthetic sanitized narrative]",3185.74,18.4,33030
42989553,"Customer reports concern related to oil, oil pan, pan. Diagnosis confirmed component failure; full assembly replacement completed under warranty per applicable TSB. Vehicle line P558N SUPER DUTY [17-22]. [synthetic sanitized narrative]",1958.04,13.8,40109
42591086,"Customer reports concern related to rattle, phasers, cam. Diagnosis confirmed component failure; full assembly replacement completed under warranty per applicable TSB. Vehicle line P552N F-150 [15-20]. [synthetic sanitized narrative]",1985.7,12.6,33030
42783035,"Customer reports concern related to oil, oil pan, pan. Diagnosis confirmed component failure; full assembly replacement completed under warranty per applicable TSB. Vehicle line P558N SUPER DUTY [17-22]. [synthetic sanitized narrative]",4618.59,28.9,40109
39185477,"Customer reports concern related to rattle, phasers, cam. Diagnosis confirmed component failure; full assembly replacement completed under warranty per applicable TSB. Vehicle line P552N F-150 [15-20]. [synthetic sanitized narrative]",3745.82,16.5,33030
38938482,"Customer reports concern related to clutch, replace clutch, transmission. Diagnosis confirmed component failure; full assembly replacement completed under warranty per applicable TSB. Vehicle line C346N FOCUS [12-18]. [synthetic sanitized narrative]",2846.91,11.9,3936
42913929,"Customer reports concern related to water pump, water, pump. Diagnosis confirmed component failure; full assembly replacement completed under warranty per applicable TSB. Vehicle line U502N EXPLORER [11-19]. [synthetic sanitized narrative]",1687.0,9.0,53967
42197491,"Customer reports concern related to water pump, water, pump. Diagnosis performed; minor repair/reseal completed under warranty per applicable TSB. Vehicle line U502N EXPLORER [11-19]. [synthetic sanitized narrative]",1285.2,9.0,53967
42962447,"Customer reports concern related to oil, oil pan, pan. Diagnosis confirmed component failure; full assembly replacement completed under warranty per applicable TSB. Vehicle line P558N SUPER DUTY [17-22]. [synthetic sanitized narrative]",2786.86,14.8,40109
42929885,"Customer reports concern related to oil, oil pan, pan. Diagnosis confirmed component failure; full assembly replacement completed under warranty per applicable TSB. Vehicle line P558N SUPER DUTY [17-22]. [synthetic sanitized narrative]",2408.3,14.9,40109
40616460,"Customer reports concern related to long block, block, long. Diagnosis performed; minor repair/reseal completed under warranty per applicable TSB. Vehicle line CD539N EDGE [15-24]. [synthetic sanitized narrative]",4515.49,14.9,14641
42855447,"Customer reports concern related to oil, oil pan, pan. Diagnosis confirmed component failure; full assembly replacement completed under warranty per applicable TSB. Vehicle line P558N SUPER DUTY [17-22]. [synthetic sanitized narrative]",2051.54,13.7,40109
43117776,"Customer reports concern related to long block, block, long. Diagnosis confirmed component failure; full assembly replacement completed under warranty per applicable TSB. Vehicle line CD539N EDGE [15-24]. [synthetic sanitized narrative]",5629.72,25.4,14641
42958724,"Customer reports concern related to long block, block, long. Diagnosis confirmed component failure; full assembly replacement completed under warranty per applicable TSB. Vehicle line P552N F-150 [15-20]. [synthetic sanitized narrative]",9369.0,24.6,32954
42889374,"Customer reports concern related to long block, block, long. Diagnosis performed; minor repair/reseal completed under warranty per applicable TSB. Vehicle line P552N F-150 [15-20]. [synthetic sanitized narrative]",8040.01,17.1,32954
39884492,"Customer reports concern related to water pump, water, pump. Diagnosis performed; minor repair/reseal completed under warranty per applicable TSB. Vehicle line U502N EXPLORER [11-19]. [synthetic sanitized narrative]",1271.24,8.9,53967
42507455,"Customer reports concern related to water pump, water, pump. Diagnosis confirmed component failure; full assembly replacement completed under warranty per applicable TSB. Vehicle line U502N EXPLORER [11-19]. [synthetic sanitized narrative]",2004.65,10.1,53967
43056744,"Customer reports concern related to clutch, replace clutch, transmission. Diagnosis confirmed component failure; full assembly replacement completed under warranty per applicable TSB. Vehicle line C346N FOCUS [12-18]. [synthetic sanitized narrative]",2053.34,10.8,3936
42595185,"Customer reports concern related to long block, block, long. Diagnosis confirmed component failure; full assembly replacement completed under warranty per applicable TSB. Vehicle line CD539N EDGE [15-24]. [synthetic sanitized narrative]",5190.17,14.0,14641
37471484,"Customer reports concern related to clutch, replace clutch, transmission. Diagnosis performed; minor repair/reseal completed under warranty per applicable TSB. Vehicle line C346N FOCUS [12-18]. [synthetic sanitized narrative]",995.39,8.1,3936
43114933,"Customer reports concern related to oil, oil pan, pan. Diagnosis confirmed component failure; full assembly replacement completed under warranty per applicable TSB. Vehicle line P558N SUPER DUTY [17-22]. [synthetic sanitized narrative]",2262.33,14.2,40109
42964177,"Customer reports concern related to water pump, water, pump. Diagnosis confirmed component failure; full assembly replacement completed under warranty per applicable TSB. Vehicle line U502N EXPLORER [11-19]. [synthetic sanitized narrative]",2007.34,9.7,53967
38151489,"Customer reports concern related to long block, block, long. Diagnosis performed; minor repair/reseal completed under warranty per applicable TSB. Vehicle line CD539N EDGE [15-24]. [synthetic sanitized narrative]",4070.14,14.3,14641
43092086,"Customer reports concern related to main control, main, transmission. Diagnosis confirmed component failure; full assembly replacement completed under warranty per applicable TSB. Vehicle line P552N F-150 [15-20]. [synthetic sanitized narrative]",4252.95,21.8,35069
40568474,"Customer reports concern related to water pump, water, pump. Diagnosis confirmed component failure; full assembly replacement completed under warranty per applicable TSB. Vehicle line U502N EXPLORER [11-19]. [synthetic sanitized narrative]",2657.63,10.0,53967
37977496,"Customer reports concern related to water pump, water, pump. Diagnosis performed; minor repair/reseal completed under warranty per applicable TSB. Vehicle line U502N EXPLORER [11-19]. [synthetic sanitized narrative]",1183.7,8.4,53967
42787817,"Customer reports concern related to oil, oil pan, pan. Diagnosis confirmed component failure; full assembly replacement completed under warranty per applicable TSB. Vehicle line P558N SUPER DUTY [17-22]. [synthetic sanitized narrative]",2285.24,14.2,40109
42712681,"Customer reports concern related to long block, block, long. Diagnosis confirmed component failure; full assembly replacement completed under warranty per applicable TSB. Vehicle line CD539N EDGE [15-24]. [synthetic sanitized narrative]",5448.99,13.6,14641
42866304,"Customer reports concern related to long block, block, long. Diagnosis confirmed component failure; full assembly replacement completed under warranty per applicable TSB. Vehicle line P552N F-150 [15-20]. [synthetic sanitized narrative]",11915.44,21.1,32954
40412451,"Customer reports concern related to water pump, water, pump. Diagnosis performed; minor repair/reseal completed under warranty per applicable TSB. Vehicle line U502N EXPLORER [11-19]. [synthetic sanitized narrative]",1655.07,9.9,53967
43087032,"Customer reports concern related to rattle, phasers, cam. Diagnosis performed; minor repair/reseal completed under warranty per applicable TSB. Vehicle line P552N F-150 [15-20]. [synthetic sanitized narrative]",1694.19,10.2,33030
42967488,"Customer reports concern related to oil, oil pan, pan. Diagnosis confirmed component failure; full assembly replacement completed under warranty per applicable TSB. Vehicle line P558N SUPER DUTY [17-22]. [synthetic sanitized narrative]",2305.59,13.9,40109
42399154,"Customer reports concern related to oil, oil pan, pan. Diagnosis confirmed component failure; full assembly replacement completed under warranty per applicable TSB. Vehicle line P558N SUPER DUTY [17-22]. [synthetic sanitized narrative]",2331.32,14.6,40109
42941692,"Customer reports concern related to rattle, phasers, cam. Diagnosis performed; minor repair/reseal completed under warranty per applicable TSB. Vehicle line P552N F-150 [15-20]. [synthetic sanitized narrative]",1753.17,13.4,33030
42467973,"Customer reports concern related to long block, block, long. Diagnosis confirmed component failure; full assembly replacement completed under warranty per applicable TSB. Vehicle line P552N F-150 [15-20]. [synthetic sanitized narrative]",11340.91,19.3,32954
42965698,"Customer reports concern related to water pump, water, pump. Diagnosis confirmed component failure; full assembly replacement completed under warranty per applicable TSB. Vehicle line U502N EXPLORER [11-19]. [synthetic sanitized narrative]",2493.94,12.6,53967
38587467,"Customer reports concern related to water pump, water, pump. Diagnosis performed; minor repair/reseal completed under warranty per applicable TSB. Vehicle line U502N EXPLORER [11-19]. [synthetic sanitized narrative]",1594.56,10.8,53967
42613395,"Customer reports concern related to rattle, phasers, cam. Diagnosis confirmed component failure; full assembly replacement completed under warranty per applicable TSB. Vehicle line P552N F-150 [15-20]. [synthetic sanitized narrative]",3027.63,11.4,33030
42995407,"Customer reports concern related to oil, oil pan, pan. Diagnosis confirmed component failure; full assembly replacement completed under warranty per applicable TSB. Vehicle line P558N SUPER DUTY [17-22]. [synthetic sanitized narrative]",2922.26,13.7,40109
42428599,"Customer reports concern related to clutch, replace clutch, transmission. Diagnosis confirmed component failure; full assembly replacement completed under warranty per applicable TSB. Vehicle line C346N FOCUS [12-18]. [synthetic sanitized narrative]",2768.13,8.8,3936
43015419,"Customer reports concern related to oil, oil pan, pan. Diagnosis confirmed component failure; full assembly replacement completed under warranty per applicable TSB. Vehicle line P558N SUPER DUTY [17-22]. [synthetic sanitized narrative]",3333.73,14.9,40109
42649892,"Customer reports concern related to oil, oil pan, pan. Diagnosis confirmed component failure; full assembly replacement completed under warranty per applicable TSB. Vehicle line P558N SUPER DUTY [17-22]. [synthetic sanitized narrative]",3839.48,17.6,40109
42723450,"Customer reports concern related to main control, main, transmission. Diagnosis performed; minor repair/reseal completed under warranty per applicable TSB. Vehicle line P552N F-150 [15-20]. [synthetic sanitized narrative]",3504.04,20.3,35069
42802266,"Customer reports concern related to oil, oil pan, pan. Diagnosis confirmed component failure; full assembly replacement completed under warranty per applicable TSB. Vehicle line P558N SUPER DUTY [17-22]. [synthetic sanitized narrative]",2964.15,15.8,40109
37407487,"Customer reports concern related to water pump, water, pump. Diagnosis performed; minor repair/reseal completed under warranty per applicable TSB. Vehicle line U502N EXPLORER [11-19]. [synthetic sanitized narrative]",1596.95,11.1,53967
42743569,"Customer reports concern related to clutch, replace clutch, transmission. Diagnosis performed; minor repair/reseal completed under warranty per applicable TSB. Vehicle line C346N FOCUS [12-18]. [synthetic sanitized narrative]",1308.65,6.3,3936
42766126,"Customer reports concern related to main control, main, transmission. Diagnosis performed; minor repair/reseal completed under warranty per applicable TSB. Vehicle line P552N F-150 [15-20]. [synthetic sanitized narrative]",3174.59,23.4,35069
40522477,"Customer reports concern related to clutch, replace clutch, transmission. Diagnosis confirmed component failure; full assembly replacement completed under warranty per applicable TSB. Vehicle line C346N FOCUS [12-18]. [synthetic sanitized narrative]",1859.86,5.6,3936
42654046,"Customer reports concern related to oil, oil pan, pan. Diagnosis confirmed component failure; full assembly replacement completed under warranty per applicable TSB. Vehicle line P558N SUPER DUTY [17-22]. [synthetic sanitized narrative]",8236.88,27.1,40109
42957910,"Customer reports concern related to clutch, replace clutch, transmission. Diagnosis confirmed component failure; full assembly replacement completed under warranty per applicable TSB. Vehicle line C346N FOCUS [12-18]. [synthetic sanitized narrative]",2063.32,10.6,3936
36872503,"Customer reports concern related to clutch, replace clutch, transmission. Diagnosis performed; minor repair/reseal completed under warranty per applicable TSB. Vehicle line C346N FOCUS [12-18]. [synthetic sanitized narrative]",1057.88,6.6,3936
36669536,"Customer reports concern related to water pump, water, pump. Diagnosis confirmed component failure; full assembly replacement completed under warranty per applicable TSB. Vehicle line U502N EXPLORER [11-19]. [synthetic sanitized narrative]",3370.14,17.0,53967
42473714,"Customer reports concern related to clutch, replace clutch, transmission. Diagnosis performed; minor repair/reseal completed under warranty per applicable TSB. Vehicle line C346N FOCUS [12-18]. [synthetic sanitized narrative]",1415.31,7.5,3936
42713168,"Customer reports concern related to oil, oil pan, pan. Diagnosis confirmed component failure; full assembly replacement completed under warranty per applicable TSB. Vehicle line P558N SUPER DUTY [17-22]. [synthetic sanitized narrative]",2986.1,12.1,40109
42484759,"Customer reports concern related to clutch, replace clutch, transmission. Diagnosis confirmed component failure; full assembly replacement completed under warranty per applicable TSB. Vehicle line C346N FOCUS [12-18]. [synthetic sanitized narrative]",1685.51,6.3,3936
40296461,"Customer reports concern related to clutch, replace clutch, transmission. Diagnosis performed; minor repair/reseal completed under warranty per applicable TSB. Vehicle line C346N FOCUS [12-18]. [synthetic sanitized narrative]",1319.7,7.5,3936
42772172,"Customer reports concern related to clutch, replace clutch, transmission. Diagnosis confirmed component failure; full assembly replacement completed under warranty per applicable TSB. Vehicle line C346N FOCUS [12-18]. [synthetic sanitized narrative]",1526.63,10.2,3936
42587826,"Customer reports concern related to oil, oil pan, pan. Diagnosis confirmed component failure; full assembly replacement completed under warranty per applicable TSB. Vehicle line P558N SUPER DUTY [17-22]. [synthetic sanitized narrative]",1933.25,13.2,40109
42790062,"Customer reports concern related to clutch, replace clutch, transmission. Diagnosis performed; minor repair/reseal completed under warranty per applicable TSB. Vehicle line C346N FOCUS [12-18]. [synthetic sanitized narrative]",1514.21,6.3,3936
42995940,"Customer reports concern related to clutch, replace clutch, transmission. Diagnosis confirmed component failure; full assembly replacement completed under warranty per applicable TSB. Vehicle line C346N FOCUS [12-18]. [synthetic sanitized narrative]",1624.54,6.9,3936
42997433,"Customer reports concern related to clutch, replace clutch, transmission. Diagnosis confirmed component failure; full assembly replacement completed under warranty per applicable TSB. Vehicle line C346N FOCUS [12-18]. [synthetic sanitized narrative]",2336.23,7.1,3936
42544300,"Customer reports concern related to oil, oil pan, pan. Diagnosis performed; minor repair/reseal completed under warranty per applicable TSB. Vehicle line P558N SUPER DUTY [17-22]. [synthetic sanitized narrative]",85.87,0.6,40109
42801401,"Customer reports concern related to clutch, replace clutch, transmission. Diagnosis confirmed component failure; full assembly replacement completed under warranty per applicable TSB. Vehicle line C346N FOCUS [12-18]. [synthetic sanitized narrative]",1560.73,6.6,3936
39420475,"Customer reports concern related to clutch, replace clutch, transmission. Diagnosis performed; minor repair/reseal completed under warranty per applicable TSB. Vehicle line C346N FOCUS [12-18]. [synthetic sanitized narrative]",839.1,5.5,3936
40634486,"Customer reports concern related to clutch, replace clutch, transmission. Diagnosis performed; minor repair/reseal completed under warranty per applicable TSB. Vehicle line C346N FOCUS [12-18]. [synthetic sanitized narrative]",1019.98,6.2,3936
42875657,"Customer reports concern related to clutch, replace clutch, transmission. Diagnosis performed; minor repair/reseal completed under warranty per applicable TSB. Vehicle line C346N FOCUS [12-18]. [synthetic sanitized narrative]",1426.44,7.0,3936
42861865,"Customer reports concern related to clutch, replace clutch, transmission. Diagnosis confirmed component failure; full assembly replacement completed under warranty per applicable TSB. Vehicle line C346N FOCUS [12-18]. [synthetic sanitized narrative]",1576.62,6.7,3936
41436454,"Customer reports concern related to clutch, replace clutch, transmission. Diagnosis performed; minor repair/reseal completed under warranty per applicable TSB. Vehicle line C346N FOCUS [12-18]. [synthetic sanitized narrative]",1504.21,9.3,3936
43122318,"Customer reports concern related to transmission, repair, fluid. Diagnosis confirmed component failure; full assembly replacement completed under warranty per applicable TSB. Vehicle line V408E TRANSIT CONNECT [13-24]. [synthetic sanitized narrative]",6265.76,24.4,71778
42526587,"Customer reports concern related to clutch, replace clutch, transmission. Diagnosis confirmed component failure; full assembly replacement completed under warranty per applicable TSB. Vehicle line C346N FOCUS [12-18]. [synthetic sanitized narrative]",1945.18,7.1,3936
42705625,"Customer reports concern related to water pump, water, pump. Diagnosis confirmed component failure; full assembly replacement completed under warranty per applicable TSB. Vehicle line U502N EXPLORER [11-19]. [synthetic sanitized narrative]",2210.35,9.8,53967
42466491,"Customer reports concern related to main control, main, transmission. Diagnosis confirmed component failure; full assembly replacement completed under warranty per applicable TSB. Vehicle line P552N F-150 [15-20]. [synthetic sanitized narrative]",9222.97,34.1,35069
40801460,"Customer reports concern related to clutch, replace clutch, transmission. Diagnosis confirmed component failure; full assembly replacement completed under warranty per applicable TSB. Vehicle line C346N FOCUS [12-18]. [synthetic sanitized narrative]",1648.4,6.6,3936
42641838,"Customer reports concern related to clutch, replace clutch, transmission. Diagnosis performed; minor repair/reseal completed under warranty per applicable TSB. Vehicle line C346N FOCUS [12-18]. [synthetic sanitized narrative]",1507.57,7.5,3936
42689049,"Customer reports concern related to clutch, replace clutch, transmission. Diagnosis performed; minor repair/reseal completed under warranty per applicable TSB. Vehicle line C346N FOCUS [12-18]. [synthetic sanitized narrative]",1432.99,6.0,3936
43128452,"Customer reports concern related to long block, block, long. Diagnosis performed; minor repair/reseal completed under warranty per applicable TSB. Vehicle line P552N F-150 [15-20]. [synthetic sanitized narrative]",7966.01,15.6,32954
42583133,"Customer reports concern related to clutch, replace clutch, transmission. Diagnosis confirmed component failure; full assembly replacement completed under warranty per applicable TSB. Vehicle line C346N FOCUS [12-18]. [synthetic sanitized narrative]",1963.54,7.3,3936
43095461,"Customer reports concern related to water pump, water, pump. Diagnosis confirmed component failure; full assembly replacement completed under warranty per applicable TSB. Vehicle line U502N EXPLORER [11-19]. [synthetic sanitized narrative]",1793.04,9.9,53967
38741515,"Customer reports concern related to clutch, replace clutch, transmission. Diagnosis confirmed component failure; full assembly replacement completed under warranty per applicable TSB. Vehicle line C346N FOCUS [12-18]. [synthetic sanitized narrative]",1985.04,8.0,3936
36990480,"Customer reports concern related to clutch, replace clutch, transmission. Diagnosis performed; minor repair/reseal completed under warranty per applicable TSB. Vehicle line C346N FOCUS [12-18]. [synthetic sanitized narrative]",1101.77,5.8,3936
42703978,"Customer reports concern related to clutch, replace clutch, transmission. Diagnosis confirmed component failure; full assembly replacement completed under warranty per applicable TSB. Vehicle line C346N FOCUS [12-18]. [synthetic sanitized narrative]",2266.58,8.6,3936
37443467,"Customer reports concern related to oil, oil pan, pan. Diagnosis confirmed component failure; full assembly replacement completed under warranty per applicable TSB. Vehicle line P558N SUPER DUTY [17-22]. [synthetic sanitized narrative]",2237.62,16.4,40109
42681123,"Customer reports concern related to clutch, replace clutch, transmission. Diagnosis confirmed component failure; full assembly replacement completed under warranty per applicable TSB. Vehicle line C346N FOCUS [12-18]. [synthetic sanitized narrative]",2288.92,5.8,3936
42605284,"Customer reports concern related to clutch, replace clutch, transmission. Diagnosis performed; minor repair/reseal completed under warranty per applicable TSB. Vehicle line C346N FOCUS [12-18]. [synthetic sanitized narrative]",1221.7,6.4,3936
42253489,"Customer reports concern related to clutch, replace clutch, transmission. Diagnosis performed; minor repair/reseal completed under warranty per applicable TSB. Vehicle line C346N FOCUS [12-18]. [synthetic sanitized narrative]",1002.52,5.7,3936
42920871,"Customer reports concern related to clutch, replace clutch, transmission. Diagnosis performed; minor repair/reseal completed under warranty per applicable TSB. Vehicle line C346N FOCUS [12-18]. [synthetic sanitized narrative]",1346.87,6.1,3936
42563772,"Customer reports concern related to oil, oil pan, pan. Diagnosis performed; minor repair/reseal completed under warranty per applicable TSB. Vehicle line P558N SUPER DUTY [17-22]. [synthetic sanitized narrative]",1620.06,10.5,40109
42609138,"Customer reports concern related to clutch, replace clutch, transmission. Diagnosis confirmed component failure; full assembly replacement completed under warranty per applicable TSB. Vehicle line C346N FOCUS [12-18]. [synthetic sanitized narrative]",1531.75,6.6,3936
43056720,"Customer reports concern related to clutch, replace clutch, transmission. Diagnosis confirmed component failure; full assembly replacement completed under warranty per applicable TSB. Vehicle line C346N FOCUS [12-18]. [synthetic sanitized narrative]",2139.66,6.3,3936
42565722,"Customer reports concern related to oil, oil pan, pan. Diagnosis performed; minor repair/reseal completed under warranty per applicable TSB. Vehicle line P558N SUPER DUTY [17-22]. [synthetic sanitized narrative]",1828.09,11.6,40109
42883232,"Customer reports concern related to clutch, replace clutch, transmission. Diagnosis confirmed component failure; full assembly replacement completed under warranty per applicable TSB. Vehicle line C346N FOCUS [12-18]. [synthetic sanitized narrative]",2217.77,9.5,3936
42219498,"Customer reports concern related to clutch, replace clutch, transmission. Diagnosis confirmed component failure; full assembly replacement completed under warranty per applicable TSB. Vehicle line C346N FOCUS [12-18]. [synthetic sanitized narrative]",2342.29,9.2,3936
38509528,"Customer reports concern related to water pump, water, pump. Diagnosis performed; minor repair/reseal completed under warranty per applicable TSB. Vehicle line U502N EXPLORER [11-19]. [synthetic sanitized narrative]",1571.47,8.9,53967
42931515,"Customer reports concern related to clutch, replace clutch, transmission. Diagnosis confirmed component failure; full assembly replacement completed under warranty per applicable TSB. Vehicle line C346N FOCUS [12-18]. [synthetic sanitized narrative]",1878.02,6.6,3936
42427540,"Customer reports concern related to clutch, replace clutch, transmission. Diagnosis performed; minor repair/reseal completed under warranty per applicable TSB. Vehicle line C346N FOCUS [12-18]. [synthetic sanitized narrative]",1345.86,6.3,3936
42711983,"Customer reports concern related to main control, main, transmission. Diagnosis performed; minor repair/reseal completed under warranty per applicable TSB. Vehicle line P552N F-150 [15-20]. [synthetic sanitized narrative]",1909.45,16.2,35069
39129540,"Customer reports concern related to clutch, replace clutch, transmission. Diagnosis performed; minor repair/reseal completed under warranty per applicable TSB. Vehicle line C346N FOCUS [12-18]. [synthetic sanitized narrative]",1265.45,7.2,3936
42923616,"Customer reports concern related to clutch, replace clutch, transmission. Diagnosis performed; minor repair/reseal completed under warranty per applicable TSB. Vehicle line C346N FOCUS [12-18]. [synthetic sanitized narrative]",1336.97,7.2,3936
42607393,"Customer reports concern related to clutch, replace clutch, transmission. Diagnosis performed; minor repair/reseal completed under warranty per applicable TSB. Vehicle line C346N FOCUS [12-18]. [synthetic sanitized narrative]",1239.85,7.4,3936
40468579,"Customer reports concern related to clutch, replace clutch, transmission. Diagnosis performed; minor repair/reseal completed under warranty per applicable TSB. Vehicle line C346N FOCUS [12-18]. [synthetic sanitized narrative]",1408.97,6.4,3936
37649463,"Customer reports concern related to clutch, replace clutch, transmission. Diagnosis performed; minor repair/reseal completed under warranty per applicable TSB. Vehicle line C346N FOCUS [12-18]. [synthetic sanitized narrative]",1165.22,6.3,3936
40719469,"Customer reports concern related to clutch, replace clutch, transmission. Diagnosis confirmed component failure; full assembly replacement completed under warranty per applicable TSB. Vehicle line C346N FOCUS [12-18]. [synthetic sanitized narrative]",1621.47,8.3,3936
42896920,"Customer reports concern related to oil, oil pan, pan. Diagnosis confirmed component failure; full assembly replacement completed under warranty per applicable TSB. Vehicle line P558N SUPER DUTY [17-22]. [synthetic sanitized narrative]",2880.8,14.9,40109
37748539,"Customer reports concern related to clutch, replace clutch, transmission. Diagnosis performed; minor repair/reseal completed under warranty per applicable TSB. Vehicle line C346N FOCUS [12-18]. [synthetic sanitized narrative]",1211.28,8.1,3936
40895497,"Customer reports concern related to water pump, water, pump. Diagnosis confirmed component failure; full assembly replacement completed under warranty per applicable TSB. Vehicle line U502N EXPLORER [11-19]. [synthetic sanitized narrative]",2921.16,13.5,53967
43041591,"Customer reports concern related to main control, main, transmission. Diagnosis confirmed component failure; full assembly replacement completed under warranty per applicable TSB. Vehicle line P552N F-150 [15-20]. [synthetic sanitized narrative]",3817.46,23.7,35069
43001705,"Customer reports concern related to water pump, water, pump. Diagnosis confirmed component failure; full assembly replacement completed under warranty per applicable TSB. Vehicle line U502N EXPLORER [11-19]. [synthetic sanitized narrative]",2790.92,12.3,53967
42807968,"Customer reports concern related to clutch, replace clutch, transmission. Diagnosis confirmed component failure; full assembly replacement completed under warranty per applicable TSB. Vehicle line C346N FOCUS [12-18]. [synthetic sanitized narrative]",2628.12,7.8,3936
42056475,"Customer reports concern related to rattle, phasers, cam. Diagnosis performed; minor repair/reseal completed under warranty per applicable TSB. Vehicle line P552N F-150 [15-20]. [synthetic sanitized narrative]",1729.75,10.8,33030
42647121,"Customer reports concern related to clutch, replace clutch, transmission. Diagnosis confirmed component failure; full assembly replacement completed under warranty per applicable TSB. Vehicle line C346N FOCUS [12-18]. [synthetic sanitized narrative]",4217.55,20.0,3936
42399485,"Customer reports concern related to clutch, replace clutch, transmission. Diagnosis confirmed component failure; full assembly replacement completed under warranty per applicable TSB. Vehicle line C346N FOCUS [12-18]. [synthetic sanitized narrative]",1854.34,5.9,3936
42883096,"Customer reports concern related to clutch, replace clutch, transmission. Diagnosis confirmed component failure; full assembly replacement completed under warranty per applicable TSB. Vehicle line C346N FOCUS [12-18]. [synthetic sanitized narrative]",1960.25,8.0,3936
39387500,"Customer reports concern related to clutch, replace clutch, transmission. Diagnosis confirmed component failure; full assembly replacement completed under warranty per applicable TSB. Vehicle line C346N FOCUS [12-18]. [synthetic sanitized narrative]",1760.68,7.1,3936
43139004,"Customer reports concern related to oil, oil pan, pan. Diagnosis confirmed component failure; full assembly replacement completed under warranty per applicable TSB. Vehicle line P558N SUPER DUTY [17-22]. [synthetic sanitized narrative]",2412.86,13.4,40109
42953714,"Customer reports concern related to transmission, repair, fluid. Diagnosis confirmed component failure; full assembly replacement completed under warranty per applicable TSB. Vehicle line V408E TRANSIT CONNECT [13-24]. [synthetic sanitized narrative]",3363.73,18.5,71778
37319468,"Customer reports concern related to water pump, water, pump. Diagnosis performed; minor repair/reseal completed under warranty per applicable TSB. Vehicle line U502N EXPLORER [11-19]. [synthetic sanitized narrative]",947.0,8.9,53967
38822495,"Customer reports concern related to long block, block, long. Diagnosis performed; minor repair/reseal completed under warranty per applicable TSB. Vehicle line CD539N EDGE [15-24]. [synthetic sanitized narrative]",4339.17,14.7,14641
42464319,"Customer reports concern related to transmission, repair, fluid. Diagnosis performed; minor repair/reseal completed under warranty per applicable TSB. Vehicle line V408E TRANSIT CONNECT [13-24]. [synthetic sanitized narrative]",2808.22,18.0,71778
42640781,"Customer reports concern related to oil, oil pan, pan. Diagnosis performed; minor repair/reseal completed under warranty per applicable TSB. Vehicle line P558N SUPER DUTY [17-22]. [synthetic sanitized narrative]",995.0,10.6,40109
41030195,"Customer reports concern related to transmission, repair, fluid. Diagnosis confirmed component failure; full assembly replacement completed under warranty per applicable TSB. Vehicle line V408E TRANSIT CONNECT [13-24]. [synthetic sanitized narrative]",3563.84,16.9,71778
40312529,"Customer reports concern related to long block, block, long. Diagnosis performed; minor repair/reseal completed under warranty per applicable TSB. Vehicle line CD539N EDGE [15-24]. [synthetic sanitized narrative]",3773.73,16.7,14641
42968081,"Customer reports concern related to long block, block, long. Diagnosis confirmed component failure; full assembly replacement completed under warranty per applicable TSB. Vehicle line CD539N EDGE [15-24]. [synthetic sanitized narrative]",5392.77,15.7,14641
42641368,"Customer reports concern related to water pump, water, pump. Diagnosis confirmed component failure; full assembly replacement completed under warranty per applicable TSB. Vehicle line U502N EXPLORER [11-19]. [synthetic sanitized narrative]",1985.46,10.2,53967
37594460,"Customer reports concern related to oil, oil pan, pan. Diagnosis performed; minor repair/reseal completed under warranty per applicable TSB. Vehicle line P558N SUPER DUTY [17-22]. [synthetic sanitized narrative]",1057.25,10.6,40109
43041442,"Customer reports concern related to water pump, water, pump. Diagnosis performed; minor repair/reseal completed under warranty per applicable TSB. Vehicle line U502N EXPLORER [11-19]. [synthetic sanitized narrative]",1579.92,8.7,53967
36913451,"Customer reports concern related to oil, oil pan, pan. Diagnosis performed; minor repair/reseal completed under warranty per applicable TSB. Vehicle line P558N SUPER DUTY [17-22]. [synthetic sanitized narrative]",1908.13,13.9,40109
39325461,"Customer reports concern related to long block, block, long. Diagnosis performed; minor repair/reseal completed under warranty per applicable TSB. Vehicle line CD539N EDGE [15-24]. [synthetic sanitized narrative]",4060.44,14.5,14641
40821465,"Customer reports concern related to long block, block, long. Diagnosis performed; minor repair/reseal completed under warranty per applicable TSB. Vehicle line CD539N EDGE [15-24]. [synthetic sanitized narrative]",3549.82,13.9,14641
40728499,"Customer reports concern related to water pump, water, pump. Diagnosis confirmed component failure; full assembly replacement completed under warranty per applicable TSB. Vehicle line U502N EXPLORER [11-19]. [synthetic sanitized narrative]",2061.79,12.2,53967
42648703,"Customer reports concern related to oil, oil pan, pan. Diagnosis confirmed component failure; full assembly replacement completed under warranty per applicable TSB. Vehicle line P558N SUPER DUTY [17-22]. [synthetic sanitized narrative]",2153.61,10.6,40109
42580173,"Customer reports concern related to long block, block, long. Diagnosis performed; minor repair/reseal completed under warranty per applicable TSB. Vehicle line CD539N EDGE [15-24]. [synthetic sanitized narrative]",3647.68,15.7,14641
42928652,"Customer reports concern related to oil, oil pan, pan. Diagnosis confirmed component failure; full assembly replacement completed under warranty per applicable TSB. Vehicle line P558N SUPER DUTY [17-22]. [synthetic sanitized narrative]",2763.17,14.1,40109
42767378,"Customer reports concern related to water pump, water, pump. Diagnosis confirmed component failure; full assembly replacement completed under warranty per applicable TSB. Vehicle line U502N EXPLORER [11-19]. [synthetic sanitized narrative]",3816.5,21.9,53967
39425488,"Customer reports concern related to long block, block, long. Diagnosis performed; minor repair/reseal completed under warranty per applicable TSB. Vehicle line CD539N EDGE [15-24]. [synthetic sanitized narrative]",3398.82,14.5,14641
37068496,"Customer reports concern related to water pump, water, pump. Diagnosis confirmed component failure; full assembly replacement completed under warranty per applicable TSB. Vehicle line U502N EXPLORER [11-19]. [synthetic sanitized narrative]",1772.24,13.0,53967
42977757,"Customer reports concern related to oil, oil pan, pan. Diagnosis confirmed component failure; full assembly replacement completed under warranty per applicable TSB. Vehicle line P558N SUPER DUTY [17-22]. [synthetic sanitized narrative]",2323.66,13.4,40109
39597505,"Customer reports concern related to long block, block, long. Diagnosis performed; minor repair/reseal completed under warranty per applicable TSB. Vehicle line CD539N EDGE [15-24]. [synthetic sanitized narrative]",3695.4,16.3,14641
43016116,"Customer reports concern related to oil, oil pan, pan. Diagnosis confirmed component failure; full assembly replacement completed under warranty per applicable TSB. Vehicle line P558N SUPER DUTY [17-22]. [synthetic sanitized narrative]",4722.21,20.1,40109
43012913,"Customer reports concern related to long block, block, long. Diagnosis performed; minor repair/reseal completed under warranty per applicable TSB. Vehicle line P552N F-150 [15-20]. [synthetic sanitized narrative]",7718.48,14.2,32954
43000183,"Customer reports concern related to rattle, phasers, cam. Diagnosis confirmed component failure; full assembly replacement completed under warranty per applicable TSB. Vehicle line P552N F-150 [15-20]. [synthetic sanitized narrative]",3564.0,11.7,33030
42497817,"Customer reports concern related to long block, block, long. Diagnosis confirmed component failure; full assembly replacement completed under warranty per applicable TSB. Vehicle line CD539N EDGE [15-24]. [synthetic sanitized narrative]",4811.42,15.2,14641
43001914,"Customer reports concern related to long block, block, long. Diagnosis confirmed component failure; full assembly replacement completed under warranty per applicable TSB. Vehicle line P552N F-150 [15-20]. [synthetic sanitized narrative]",9138.79,16.5,32954
42668109,"Customer reports concern related to long block, block, long. Diagnosis confirmed component failure; full assembly replacement completed under warranty per applicable TSB. Vehicle line CD539N EDGE [15-24]. [synthetic sanitized narrative]",4920.96,15.8,14641
37754469,"Customer reports concern related to long block, block, long. Diagnosis performed; minor repair/reseal completed under warranty per applicable TSB. Vehicle line CD539N EDGE [15-24]. [synthetic sanitized narrative]",3807.78,16.6,14641
37368464,"Customer reports concern related to long block, block, long. Diagnosis performed; minor repair/reseal completed under warranty per applicable TSB. Vehicle line CD539N EDGE [15-24]. [synthetic sanitized narrative]",3182.15,13.3,14641
42597930,"Customer reports concern related to long block, block, long. Diagnosis confirmed component failure; full assembly replacement completed under warranty per applicable TSB. Vehicle line P552N F-150 [15-20]. [synthetic sanitized narrative]",10820.6,14.6,32954
43010126,"Customer reports concern related to long block, block, long. Diagnosis performed; minor repair/reseal completed under warranty per applicable TSB. Vehicle line P552N F-150 [15-20]. [synthetic sanitized narrative]",5820.45,13.8,32954
42524112,"Customer reports concern related to long block, block, long. Diagnosis performed; minor repair/reseal completed under warranty per applicable TSB. Vehicle line CD539N EDGE [15-24]. [synthetic sanitized narrative]",3532.04,13.4,14641
39122458,"Customer reports concern related to long block, block, long. Diagnosis performed; minor repair/reseal completed under warranty per applicable TSB. Vehicle line CD539N EDGE [15-24]. [synthetic sanitized narrative]",3928.58,13.4,14641
42180497,"Customer reports concern related to long block, block, long. Diagnosis confirmed component failure; full assembly replacement completed under warranty per applicable TSB. Vehicle line CD539N EDGE [15-24]. [synthetic sanitized narrative]",4622.25,15.8,14641
42936850,"Customer reports concern related to long block, block, long. Diagnosis performed; minor repair/reseal completed under warranty per applicable TSB. Vehicle line P552N F-150 [15-20]. [synthetic sanitized narrative]",7311.08,17.3,32954
42548765,"Customer reports concern related to long block, block, long. Diagnosis confirmed component failure; full assembly replacement completed under warranty per applicable TSB. Vehicle line CD539N EDGE [15-24]. [synthetic sanitized narrative]",4972.9,14.0,14641
42690082,"Customer reports concern related to long block, block, long. Diagnosis confirmed component failure; full assembly replacement completed under warranty per applicable TSB. Vehicle line P552N F-150 [15-20]. [synthetic sanitized narrative]",10753.12,23.2,32954
42959113,"Customer reports concern related to long block, block, long. Diagnosis confirmed component failure; full assembly replacement completed under warranty per applicable TSB. Vehicle line CD539N EDGE [15-24]. [synthetic sanitized narrative]",6599.2,15.8,14641
37820501,"Customer reports concern related to long block, block, long. Diagnosis confirmed component failure; full assembly replacement completed under warranty per applicable TSB. Vehicle line CD539N EDGE [15-24]. [synthetic sanitized narrative]",4835.11,13.9,14641
42610260,"Customer reports concern related to long block, block, long. Diagnosis confirmed component failure; full assembly replacement completed under warranty per applicable TSB. Vehicle line P552N F-150 [15-20]. [synthetic sanitized narrative]",10384.0,15.5,32954
42970756,"Customer reports concern related to long block, block, long. Diagnosis performed; minor repair/reseal completed under warranty per applicable TSB. Vehicle line P552N F-150 [15-20]. [synthetic sanitized narrative]",6986.84,14.2,32954
42420784,"Customer reports concern related to long block, block, long. Diagnosis performed; minor repair/reseal completed under warranty per applicable TSB. Vehicle line CD539N EDGE [15-24]. [synthetic sanitized narrative]",4337.21,13.4,14641
42985563,"Customer reports concern related to long block, block, long. Diagnosis performed; minor repair/reseal completed under warranty per applicable TSB. Vehicle line CD539N EDGE [15-24]. [synthetic sanitized narrative]",4270.29,15.2,14641
39959480,"Customer reports concern related to long block, block, long. Diagnosis performed; minor repair/reseal completed under warranty per applicable TSB. Vehicle line CD539N EDGE [15-24]. [synthetic sanitized narrative]",4430.64,16.3,14641
42946837,"Customer reports concern related to long block, block, long. Diagnosis confirmed component failure; full assembly replacement completed under warranty per applicable TSB. Vehicle line P552N F-150 [15-20]. [synthetic sanitized narrative]",10978.73,35.8,32954
36766451,"Customer reports concern related to long block, block, long. Diagnosis performed; minor repair/reseal completed under warranty per applicable TSB. Vehicle line CD539N EDGE [15-24]. [synthetic sanitized narrative]",4172.47,16.8,14641
43035964,"Customer reports concern related to long block, block, long. Diagnosis performed; minor repair/reseal completed under warranty per applicable TSB. Vehicle line CD539N EDGE [15-24]. [synthetic sanitized narrative]",4085.43,15.5,14641
36649532,"Customer reports concern related to long block, block, long. Diagnosis performed; minor repair/reseal completed under warranty per applicable TSB. Vehicle line CD539N EDGE [15-24]. [synthetic sanitized narrative]",4184.32,15.6,14641
42684582,"Customer reports concern related to long block, block, long. Diagnosis confirmed component failure; full assembly replacement completed under warranty per applicable TSB. Vehicle line CD539N EDGE [15-24]. [synthetic sanitized narrative]",5705.01,15.5,14641
38986487,"Customer reports concern related to long block, block, long. Diagnosis performed; minor repair/reseal completed under warranty per applicable TSB. Vehicle line CD539N EDGE [15-24]. [synthetic sanitized narrative]",3905.37,15.8,14641
43056877,"Customer reports concern related to long block, block, long. Diagnosis confirmed component failure; full assembly replacement completed under warranty per applicable TSB. Vehicle line CD539N EDGE [15-24]. [synthetic sanitized narrative]",4870.83,15.8,14641
42764025,"Customer reports concern related to long block, block, long. Diagnosis performed; minor repair/reseal completed under warranty per applicable TSB. Vehicle line CD539N EDGE [15-24]. [synthetic sanitized narrative]",4303.21,15.2,14641
42778436,"Customer reports concern related to long block, block, long. Diagnosis performed; minor repair/reseal completed under warranty per applicable TSB. Vehicle line P552N F-150 [15-20]. [synthetic sanitized narrative]",4622.78,31.9,32954
42702149,"Customer reports concern related to long block, block, long. Diagnosis confirmed component failure; full assembly replacement completed under warranty per applicable TSB. Vehicle line CD539N EDGE [15-24]. [synthetic sanitized narrative]",5013.35,15.2,14641
42645485,"Customer reports concern related to long block, block, long. Diagnosis confirmed component failure; full assembly replacement completed under warranty per applicable TSB. Vehicle line CD539N EDGE [15-24]. [synthetic sanitized narrative]",4692.58,15.8,14641
41659538,"Customer reports concern related to long block, block, long. Diagnosis performed; minor repair/reseal completed under warranty per applicable TSB. Vehicle line CD539N EDGE [15-24]. [synthetic sanitized narrative]",3876.54,15.2,14641
39019458,"Customer reports concern related to long block, block, long. Diagnosis performed; minor repair/reseal completed under warranty per applicable TSB. Vehicle line CD539N EDGE [15-24]. [synthetic sanitized narrative]",4106.2,17.2,14641
42946154,"Customer reports concern related to long block, block, long. Diagnosis confirmed component failure; full assembly replacement completed under warranty per applicable TSB. Vehicle line CD539N EDGE [15-24]. [synthetic sanitized narrative]",5892.21,15.2,14641
43007684,"Customer reports concern related to long block, block, long. Diagnosis confirmed component failure; full assembly replacement completed under warranty per applicable TSB. Vehicle line CD539N EDGE [15-24]. [synthetic sanitized narrative]",5761.56,16.0,14641
43118072,"Customer reports concern related to long block, block, long. Diagnosis performed; minor repair/reseal completed under warranty per applicable TSB. Vehicle line CD539N EDGE [15-24]. [synthetic sanitized narrative]",3532.84,13.9,14641
42678166,"Customer reports concern related to long block, block, long. Diagnosis confirmed component failure; full assembly replacement completed under warranty per applicable TSB. Vehicle line CD539N EDGE [15-24]. [synthetic sanitized narrative]",4694.25,15.2,14641
38533463,"Customer reports concern related to long block, block, long. Diagnosis performed; minor repair/reseal completed under warranty per applicable TSB. Vehicle line CD539N EDGE [15-24]. [synthetic sanitized narrative]",3811.62,15.8,14641
41369524,"Customer reports concern related to long block, block, long. Diagnosis performed; minor repair/reseal completed under warranty per applicable TSB. Vehicle line CD539N EDGE [15-24]. [synthetic sanitized narrative]",4546.86,21.0,14641
42970567,"Customer reports concern related to long block, block, long. Diagnosis performed; minor repair/reseal completed under warranty per applicable TSB. Vehicle line P552N F-150 [15-20]. [synthetic sanitized narrative]",8053.33,17.0,32954
43112935,"Customer reports concern related to rattle, phasers, cam. Diagnosis performed; minor repair/reseal completed under warranty per applicable TSB. Vehicle line P552N F-150 [15-20]. [synthetic sanitized narrative]",1509.3,9.6,33030
36845634,"Customer reports concern related to rattle, phasers, cam. Diagnosis performed; minor repair/reseal completed under warranty per applicable TSB. Vehicle line P552N F-150 [15-20]. [synthetic sanitized narrative]",1633.04,11.3,33030
43087823,"Customer reports concern related to rattle, phasers, cam. Diagnosis confirmed component failure; full assembly replacement completed under warranty per applicable TSB. Vehicle line P552N F-150 [15-20]. [synthetic sanitized narrative]",2068.26,9.6,33030
42655856,"Customer reports concern related to rattle, phasers, cam. Diagnosis confirmed component failure; full assembly replacement completed under warranty per applicable TSB. Vehicle line P552N F-150 [15-20]. [synthetic sanitized narrative]",2344.17,10.5,33030
41453480,"Customer reports concern related to rattle, phasers, cam. Diagnosis performed; minor repair/reseal completed under warranty per applicable TSB. Vehicle line P552N F-150 [15-20]. [synthetic sanitized narrative]",1654.06,9.6,33030
43064881,"Customer reports concern related to rattle, phasers, cam. Diagnosis performed; minor repair/reseal completed under warranty per applicable TSB. Vehicle line P552N F-150 [15-20]. [synthetic sanitized narrative]",1805.83,9.6,33030
40198495,"Customer reports concern related to rattle, phasers, cam. Diagnosis performed; minor repair/reseal completed under warranty per applicable TSB. Vehicle line P552N F-150 [15-20]. [synthetic sanitized narrative]",1692.33,9.7,33030
42660594,"Customer reports concern related to rattle, phasers, cam. Diagnosis confirmed component failure; full assembly replacement completed under warranty per applicable TSB. Vehicle line P552N F-150 [15-20]. [synthetic sanitized narrative]",2550.81,14.4,33030
42970601,"Customer reports concern related to rattle, phasers, cam. Diagnosis performed; minor repair/reseal completed under warranty per applicable TSB. Vehicle line P552N F-150 [15-20]. [synthetic sanitized narrative]",1695.13,10.9,33030
42507076,"Customer reports concern related to rattle, phasers, cam. Diagnosis performed; minor repair/reseal completed under warranty per applicable TSB. Vehicle line P552N F-150 [15-20]. [synthetic sanitized narrative]",1723.39,10.0,33030
41665593,"Customer reports concern related to rattle, phasers, cam. Diagnosis performed; minor repair/reseal completed under warranty per applicable TSB. Vehicle line P552N F-150 [15-20]. [synthetic sanitized narrative]",1513.08,10.8,33030
43004822,"Customer reports concern related to main control, main, transmission. Diagnosis confirmed component failure; full assembly replacement completed under warranty per applicable TSB. Vehicle line P552N F-150 [15-20]. [synthetic sanitized narrative]",4572.73,31.6,35069
43056426,"Customer reports concern related to rattle, phasers, cam. Diagnosis confirmed component failure; full assembly replacement completed under warranty per applicable TSB. Vehicle line P552N F-150 [15-20]. [synthetic sanitized narrative]",4399.09,16.8,33030
42975938,"Customer reports concern related to rattle, phasers, cam. Diagnosis performed; minor repair/reseal completed under warranty per applicable TSB. Vehicle line P552N F-150 [15-20]. [synthetic sanitized narrative]",1555.09,9.6,33030
42892784,"Customer reports concern related to rattle, phasers, cam. Diagnosis performed; minor repair/reseal completed under warranty per applicable TSB. Vehicle line P552N F-150 [15-20]. [synthetic sanitized narrative]",1683.28,10.0,33030
41216463,"Customer reports concern related to rattle, phasers, cam. Diagnosis performed; minor repair/reseal completed under warranty per applicable TSB. Vehicle line P552N F-150 [15-20]. [synthetic sanitized narrative]",1623.72,11.4,33030
42729449,"Customer reports concern related to rattle, phasers, cam. Diagnosis performed; minor repair/reseal completed under warranty per applicable TSB. Vehicle line P552N F-150 [15-20]. [synthetic sanitized narrative]",1802.81,12.4,33030
39210472,"Customer reports concern related to rattle, phasers, cam. Diagnosis performed; minor repair/reseal completed under warranty per applicable TSB. Vehicle line P552N F-150 [15-20]. [synthetic sanitized narrative]",1475.67,9.6,33030
43041324,"Customer reports concern related to rattle, phasers, cam. Diagnosis performed; minor repair/reseal completed under warranty per applicable TSB. Vehicle line P552N F-150 [15-20]. [synthetic sanitized narrative]",1516.88,10.1,33030
36865488,"Customer reports concern related to rattle, phasers, cam. Diagnosis performed; minor repair/reseal completed under warranty per applicable TSB. Vehicle line P552N F-150 [15-20]. [synthetic sanitized narrative]",1873.02,9.2,33030
42794736,"Customer reports concern related to rattle, phasers, cam. Diagnosis confirmed component failure; full assembly replacement completed under warranty per applicable TSB. Vehicle line P552N F-150 [15-20]. [synthetic sanitized narrative]",4638.07,35.0,33030
42620621,"Customer reports concern related to rattle, phasers, cam. Diagnosis performed; minor repair/reseal completed under warranty per applicable TSB. Vehicle line P552N F-150 [15-20]. [synthetic sanitized narrative]",1309.09,10.9,33030
42420791,"Customer reports concern related to rattle, phasers, cam. Diagnosis confirmed component failure; full assembly replacement completed under warranty per applicable TSB. Vehicle line P552N F-150 [15-20]. [synthetic sanitized narrative]",2077.89,10.1,33030
43029676,"Customer reports concern related to rattle, phasers, cam. Diagnosis confirmed component failure; full assembly replacement completed under warranty per applicable TSB. Vehicle line P552N F-150 [15-20]. [synthetic sanitized narrative]",2441.32,9.6,33030
42700376,"Customer reports concern related to rattle, phasers, cam. Diagnosis performed; minor repair/reseal completed under warranty per applicable TSB. Vehicle line P552N F-150 [15-20]. [synthetic sanitized narrative]",1749.44,9.6,33030
43122761,"Customer reports concern related to rattle, phasers, cam. Diagnosis performed; minor repair/reseal completed under warranty per applicable TSB. Vehicle line P552N F-150 [15-20]. [synthetic sanitized narrative]",1554.25,9.6,33030
42606684,"Customer reports concern related to rattle, phasers, cam. Diagnosis confirmed component failure; full assembly replacement completed under warranty per applicable TSB. Vehicle line P552N F-150 [15-20]. [synthetic sanitized narrative]",2116.17,9.6,33030
42833509,"Customer reports concern related to rattle, phasers, cam. Diagnosis performed; minor repair/reseal completed under warranty per applicable TSB. Vehicle line P552N F-150 [15-20]. [synthetic sanitized narrative]",1331.49,9.6,33030
38973460,"Customer reports concern related to rattle, phasers, cam. Diagnosis confirmed component failure; full assembly replacement completed under warranty per applicable TSB. Vehicle line P552N F-150 [15-20]. [synthetic sanitized narrative]",2036.13,10.8,33030
42532991,"Customer reports concern related to rattle, phasers, cam. Diagnosis performed; minor repair/reseal completed under warranty per applicable TSB. Vehicle line P552N F-150 [15-20]. [synthetic sanitized narrative]",1280.05,9.7,33030
42526536,"Customer reports concern related to oil, oil pan, pan. Diagnosis performed; minor repair/reseal completed under warranty per applicable TSB. Vehicle line P558N SUPER DUTY [17-22]. [synthetic sanitized narrative]",1592.36,10.2,40109
42546686,"Customer reports concern related to oil, oil pan, pan. Diagnosis performed; minor repair/reseal completed under warranty per applicable TSB. Vehicle line P558N SUPER DUTY [17-22]. [synthetic sanitized narrative]",1486.51,11.3,40109
42841786,"Customer reports concern related to oil, oil pan, pan. Diagnosis performed; minor repair/reseal completed under warranty per applicable TSB. Vehicle line P558N SUPER DUTY [17-22]. [synthetic sanitized narrative]",1453.26,10.2,40109
42745028,"Customer reports concern related to oil, oil pan, pan. Diagnosis performed; minor repair/reseal completed under warranty per applicable TSB. Vehicle line P558N SUPER DUTY [17-22]. [synthetic sanitized narrative]",1415.75,10.3,40109
42073455,"Customer reports concern related to water pump, water, pump. Diagnosis confirmed component failure; full assembly replacement completed under warranty per applicable TSB. Vehicle line U502N EXPLORER [11-19]. [synthetic sanitized narrative]",2113.21,12.8,53967
42876988,"Customer reports concern related to oil, oil pan, pan. Diagnosis performed; minor repair/reseal completed under warranty per applicable TSB. Vehicle line P558N SUPER DUTY [17-22]. [synthetic sanitized narrative]",1073.97,10.2,40109
42460096,"Customer reports concern related to oil, oil pan, pan. Diagnosis performed; minor repair/reseal completed under warranty per applicable TSB. Vehicle line P558N SUPER DUTY [17-22]. [synthetic sanitized narrative]",1494.38,12.1,40109
37328477,"Customer reports concern related to rattle, phasers, cam. Diagnosis confirmed component failure; full assembly replacement completed under warranty per applicable TSB. Vehicle line P552N F-150 [15-20]. [synthetic sanitized narrative]",2385.68,13.6,33030
42555562,"Customer reports concern related to oil, oil pan, pan. Diagnosis confirmed component failure; full assembly replacement completed under warranty per applicable TSB. Vehicle line P558N SUPER DUTY [17-22]. [synthetic sanitized narrative]",1990.0,15.3,40109
37937603,"Customer reports concern related to oil, oil pan, pan. Diagnosis performed; minor repair/reseal completed under warranty per applicable TSB. Vehicle line P558N SUPER DUTY [17-22]. [synthetic sanitized narrative]",1566.26,11.2,40109
37924559,"Customer reports concern related to oil, oil pan, pan. Diagnosis performed; minor repair/reseal completed under warranty per applicable TSB. Vehicle line P558N SUPER DUTY [17-22]. [synthetic sanitized narrative]",1171.4,10.6,40109
42890230,"Customer reports concern related to oil, oil pan, pan. Diagnosis performed; minor repair/reseal completed under warranty per applicable TSB. Vehicle line P558N SUPER DUTY [17-22]. [synthetic sanitized narrative]",1475.23,10.2,40109
42964968,"Customer reports concern related to oil, oil pan, pan. Diagnosis performed; minor repair/reseal completed under warranty per applicable TSB. Vehicle line P558N SUPER DUTY [17-22]. [synthetic sanitized narrative]",1537.03,10.6,40109
42466551,"Customer reports concern related to oil, oil pan, pan. Diagnosis performed; minor repair/reseal completed under warranty per applicable TSB. Vehicle line P558N SUPER DUTY [17-22]. [synthetic sanitized narrative]",1483.45,9.8,40109
42630263,"Customer reports concern related to oil, oil pan, pan. Diagnosis performed; minor repair/reseal completed under warranty per applicable TSB. Vehicle line P558N SUPER DUTY [17-22]. [synthetic sanitized narrative]",1308.33,10.2,40109
42702100,"Customer reports concern related to oil, oil pan, pan. Diagnosis confirmed component failure; full assembly replacement completed under warranty per applicable TSB. Vehicle line P558N SUPER DUTY [17-22]. [synthetic sanitized narrative]",3527.67,18.6,40109
43007908,"Customer reports concern related to oil, oil pan, pan. Diagnosis confirmed component failure; full assembly replacement completed under warranty per applicable TSB. Vehicle line P558N SUPER DUTY [17-22]. [synthetic sanitized narrative]",2596.76,10.7,40109
42577776,"Customer reports concern related to oil, oil pan, pan. Diagnosis confirmed component failure; full assembly replacement completed under warranty per applicable TSB. Vehicle line P558N SUPER DUTY [17-22]. [synthetic sanitized narrative]",2160.21,11.3,40109
42520742,"Customer reports concern related to long block, block, long. Diagnosis confirmed component failure; full assembly replacement completed under warranty per applicable TSB. Vehicle line P552N F-150 [15-20]. [synthetic sanitized narrative]",9120.25,14.2,32954
43125151,"Customer reports concern related to long block, block, long. Diagnosis performed; minor repair/reseal completed under warranty per applicable TSB. Vehicle line P552N F-150 [15-20]. [synthetic sanitized narrative]",7622.93,16.1,32954
38808598,"Customer reports concern related to long block, block, long. Diagnosis performed; minor repair/reseal completed under warranty per applicable TSB. Vehicle line CD539N EDGE [15-24]. [synthetic sanitized narrative]",4049.38,13.4,14641
42993873,"Customer reports concern related to long block, block, long. Diagnosis performed; minor repair/reseal completed under warranty per applicable TSB. Vehicle line P552N F-150 [15-20]. [synthetic sanitized narrative]",7690.55,16.4,32954
43131767,"Customer reports concern related to long block, block, long. Diagnosis performed; minor repair/reseal completed under warranty per applicable TSB. Vehicle line P552N F-150 [15-20]. [synthetic sanitized narrative]",7870.79,15.5,32954
42946139,"Customer reports concern related to long block, block, long. Diagnosis performed; minor repair/reseal completed under warranty per applicable TSB. Vehicle line P552N F-150 [15-20]. [synthetic sanitized narrative]",8588.58,15.3,32954
42395138,"Customer reports concern related to long block, block, long. Diagnosis confirmed component failure; full assembly replacement completed under warranty per applicable TSB. Vehicle line P552N F-150 [15-20]. [synthetic sanitized narrative]",9292.39,20.0,32954
43003102,"Customer reports concern related to long block, block, long. Diagnosis performed; minor repair/reseal completed under warranty per applicable TSB. Vehicle line P552N F-150 [15-20]. [synthetic sanitized narrative]",8335.15,17.0,32954
43090807,"Customer reports concern related to long block, block, long. Diagnosis confirmed component failure; full assembly replacement completed under warranty per applicable TSB. Vehicle line P552N F-150 [15-20]. [synthetic sanitized narrative]",10739.81,16.3,32954
43045109,"Customer reports concern related to long block, block, long. Diagnosis performed; minor repair/reseal completed under warranty per applicable TSB. Vehicle line P552N F-150 [15-20]. [synthetic sanitized narrative]",8097.64,15.3,32954
42586360,"Customer reports concern related to long block, block, long. Diagnosis confirmed component failure; full assembly replacement completed under warranty per applicable TSB. Vehicle line P552N F-150 [15-20]. [synthetic sanitized narrative]",14864.67,14.7,32954
42841312,"Customer reports concern related to long block, block, long. Diagnosis confirmed component failure; full assembly replacement completed under warranty per applicable TSB. Vehicle line P552N F-150 [15-20]. [synthetic sanitized narrative]",9859.79,21.5,32954
42529639,"Customer reports concern related to long block, block, long. Diagnosis performed; minor repair/reseal completed under warranty per applicable TSB. Vehicle line P552N F-150 [15-20]. [synthetic sanitized narrative]",6429.62,17.5,32954
42442778,"Customer reports concern related to long block, block, long. Diagnosis confirmed component failure; full assembly replacement completed under warranty per applicable TSB. Vehicle line P552N F-150 [15-20]. [synthetic sanitized narrative]",10045.37,14.7,32954
42554595,"Customer reports concern related to long block, block, long. Diagnosis confirmed component failure; full assembly replacement completed under warranty per applicable TSB. Vehicle line P552N F-150 [15-20]. [synthetic sanitized narrative]",14235.88,26.3,32954
43032259,"Customer reports concern related to long block, block, long. Diagnosis confirmed component failure; full assembly replacement completed under warranty per applicable TSB. Vehicle line P552N F-150 [15-20]. [synthetic sanitized narrative]",8950.39,28.4,32954
42873561,"Customer reports concern related to long block, block, long. Diagnosis performed; minor repair/reseal completed under warranty per applicable TSB. Vehicle line P552N F-150 [15-20]. [synthetic sanitized narrative]",7565.85,15.0,32954
42738214,"Customer reports concern related to long block, block, long. Diagnosis confirmed component failure; full assembly replacement completed under warranty per applicable TSB. Vehicle line P552N F-150 [15-20]. [synthetic sanitized narrative]",11056.41,17.2,32954
42866290,"Customer reports concern related to long block, block, long. Diagnosis performed; minor repair/reseal completed under warranty per applicable TSB. Vehicle line P552N F-150 [15-20]. [synthetic sanitized narrative]",7908.57,15.3,32954
43104798,"Customer reports concern related to long block, block, long. Diagnosis performed; minor repair/reseal completed under warranty per applicable TSB. Vehicle line P552N F-150 [15-20]. [synthetic sanitized narrative]",8344.01,14.9,32954
42978482,"Customer reports concern related to long block, block, long. Diagnosis confirmed component failure; full assembly replacement completed under warranty per applicable TSB. Vehicle line P552N F-150 [15-20]. [synthetic sanitized narrative]",9457.95,14.2,32954
43115548,"Customer reports concern related to long block, block, long. Diagnosis confirmed component failure; full assembly replacement completed under warranty per applicable TSB. Vehicle line P552N F-150 [15-20]. [synthetic sanitized narrative]",9235.13,16.6,32954
42875252,"Customer reports concern related to long block, block, long. Diagnosis confirmed component failure; full assembly replacement completed under warranty per applicable TSB. Vehicle line P552N F-150 [15-20]. [synthetic sanitized narrative]",9279.92,15.0,32954
42758162,"Customer reports concern related to long block, block, long. Diagnosis performed; minor repair/reseal completed under warranty per applicable TSB. Vehicle line P552N F-150 [15-20]. [synthetic sanitized narrative]",7616.4,28.7,32954
42992580,"Customer reports concern related to long block, block, long. Diagnosis confirmed component failure; full assembly replacement completed under warranty per applicable TSB. Vehicle line P552N F-150 [15-20]. [synthetic sanitized narrative]",9163.01,18.1,32954
42948521,"Customer reports concern related to long block, block, long. Diagnosis performed; minor repair/reseal completed under warranty per applicable TSB. Vehicle line P552N F-150 [15-20]. [synthetic sanitized narrative]",7390.81,16.0,32954
42522586,"Customer reports concern related to long block, block, long. Diagnosis confirmed component failure; full assembly replacement completed under warranty per applicable TSB. Vehicle line P552N F-150 [15-20]. [synthetic sanitized narrative]",10544.54,16.7,32954
43133145,"Customer reports concern related to long block, block, long. Diagnosis confirmed component failure; full assembly replacement completed under warranty per applicable TSB. Vehicle line P552N F-150 [15-20]. [synthetic sanitized narrative]",10996.92,25.2,32954
43009254,"Customer reports concern related to long block, block, long. Diagnosis confirmed component failure; full assembly replacement completed under warranty per applicable TSB. Vehicle line P552N F-150 [15-20]. [synthetic sanitized narrative]",10986.56,19.2,32954
42898778,"Customer reports concern related to long block, block, long. Diagnosis confirmed component failure; full assembly replacement completed under warranty per applicable TSB. Vehicle line P552N F-150 [15-20]. [synthetic sanitized narrative]",13671.81,13.5,32954
43136183,"Customer reports concern related to long block, block, long. Diagnosis confirmed component failure; full assembly replacement completed under warranty per applicable TSB. Vehicle line P552N F-150 [15-20]. [synthetic sanitized narrative]",11396.55,22.9,32954
42975281,"Customer reports concern related to long block, block, long. Diagnosis performed; minor repair/reseal completed under warranty per applicable TSB. Vehicle line P552N F-150 [15-20]. [synthetic sanitized narrative]",8217.45,14.2,32954
43005914,"Customer reports concern related to long block, block, long. Diagnosis performed; minor repair/reseal completed under warranty per applicable TSB. Vehicle line P552N F-150 [15-20]. [synthetic sanitized narrative]",7214.27,14.5,32954
43031907,"Customer reports concern related to long block, block, long. Diagnosis performed; minor repair/reseal completed under warranty per applicable TSB. Vehicle line P552N F-150 [15-20]. [synthetic sanitized narrative]",7254.39,13.5,32954
42555610,"Customer reports concern related to long block, block, long. Diagnosis confirmed component failure; full assembly replacement completed under warranty per applicable TSB. Vehicle line P552N F-150 [15-20]. [synthetic sanitized narrative]",12132.0,24.2,32954
42958693,"Customer reports concern related to long block, block, long. Diagnosis performed; minor repair/reseal completed under warranty per applicable TSB. Vehicle line P552N F-150 [15-20]. [synthetic sanitized narrative]",8588.32,21.2,32954
42941500,"Customer reports concern related to water pump, water, pump. Diagnosis performed; minor repair/reseal completed under warranty per applicable TSB. Vehicle line U502N EXPLORER [11-19]. [synthetic sanitized narrative]",1613.47,8.6,53967
36946491,"Customer reports concern related to water pump, water, pump. Diagnosis performed; minor repair/reseal completed under warranty per applicable TSB. Vehicle line U502N EXPLORER [11-19]. [synthetic sanitized narrative]",1419.3,8.4,53967
42764434,"Customer reports concern related to water pump, water, pump. Diagnosis confirmed component failure; full assembly replacement completed under warranty per applicable TSB. Vehicle line U502N EXPLORER [11-19]. [synthetic sanitized narrative]",1806.04,9.2,53967
42734545,"Customer reports concern related to water pump, water, pump. Diagnosis performed; minor repair/reseal completed under warranty per applicable TSB. Vehicle line U502N EXPLORER [11-19]. [synthetic sanitized narrative]",967.31,8.6,53967
36688487,"Customer reports concern related to water pump, water, pump. Diagnosis performed; minor repair/reseal completed under warranty per applicable TSB. Vehicle line U502N EXPLORER [11-19]. [synthetic sanitized narrative]",1164.88,9.6,53967
42767218,"Customer reports concern related to water pump, water, pump. Diagnosis confirmed component failure; full assembly replacement completed under warranty per applicable TSB. Vehicle line U502N EXPLORER [11-19]. [synthetic sanitized narrative]",2126.61,9.8,53967
43062018,"Customer reports concern related to water pump, water, pump. Diagnosis confirmed component failure; full assembly replacement completed under warranty per applicable TSB. Vehicle line U502N EXPLORER [11-19]. [synthetic sanitized narrative]",1771.85,11.4,53967
42868707,"Customer reports concern related to water pump, water, pump. Diagnosis confirmed component failure; full assembly replacement completed under warranty per applicable TSB. Vehicle line U502N EXPLORER [11-19]. [synthetic sanitized narrative]",2499.59,11.7,53967
42911882,"Customer reports concern related to water pump, water, pump. Diagnosis performed; minor repair/reseal completed under warranty per applicable TSB. Vehicle line U502N EXPLORER [11-19]. [synthetic sanitized narrative]",1539.49,9.0,53967
42764645,"Customer reports concern related to water pump, water, pump. Diagnosis performed; minor repair/reseal completed under warranty per applicable TSB. Vehicle line U502N EXPLORER [11-19]. [synthetic sanitized narrative]",1398.84,8.8,53967
43038666,"Customer reports concern related to water pump, water, pump. Diagnosis confirmed component failure; full assembly replacement completed under warranty per applicable TSB. Vehicle line U502N EXPLORER [11-19]. [synthetic sanitized narrative]",2116.21,8.6,53967
40028483,"Customer reports concern related to water pump, water, pump. Diagnosis confirmed component failure; full assembly replacement completed under warranty per applicable TSB. Vehicle line U502N EXPLORER [11-19]. [synthetic sanitized narrative]",3546.85,25.4,53967
43034074,"Customer reports concern related to rattle, phasers, cam. Diagnosis confirmed component failure; full assembly replacement completed under warranty per applicable TSB. Vehicle line P552N F-150 [15-20]. [synthetic sanitized narrative]",2925.14,13.0,33030
42465383,"Customer reports concern related to water pump, water, pump. Diagnosis confirmed component failure; full assembly replacement completed under warranty per applicable TSB. Vehicle line U502N EXPLORER [11-19]. [synthetic sanitized narrative]",1753.39,10.1,53967
40530453,"Customer reports concern related to water pump, water, pump. Diagnosis performed; minor repair/reseal completed under warranty per applicable TSB. Vehicle line U502N EXPLORER [11-19]. [synthetic sanitized narrative]",1110.41,8.4,53967
42800394,"Customer reports concern related to rattle, phasers, cam. Diagnosis performed; minor repair/reseal completed under warranty per applicable TSB. Vehicle line P552N F-150 [15-20]. [synthetic sanitized narrative]",1869.82,9.6,33030
42457574,"Customer reports concern related to water pump, water, pump. Diagnosis performed; minor repair/reseal completed under warranty per applicable TSB. Vehicle line U502N EXPLORER [11-19]. [synthetic sanitized narrative]",1285.69,8.8,53967
42670912,"Customer reports concern related to water pump, water, pump. Diagnosis performed; minor repair/reseal completed under warranty per applicable TSB. Vehicle line U502N EXPLORER [11-19]. [synthetic sanitized narrative]",1437.28,8.6,53967
42854398,"Customer reports concern related to water pump, water, pump. Diagnosis confirmed component failure; full assembly replacement completed under warranty per applicable TSB. Vehicle line U502N EXPLORER [11-19]. [synthetic sanitized narrative]",1695.76,9.2,53967
42827112,"Customer reports concern related to water pump, water, pump. Diagnosis performed; minor repair/reseal completed under warranty per applicable TSB. Vehicle line U502N EXPLORER [11-19]. [synthetic sanitized narrative]",1607.17,8.6,53967
43040519,"Customer reports concern related to water pump, water, pump. Diagnosis performed; minor repair/reseal completed under warranty per applicable TSB. Vehicle line U502N EXPLORER [11-19]. [synthetic sanitized narrative]",1209.78,8.4,53967
37504498,"Customer reports concern related to water pump, water, pump. Diagnosis performed; minor repair/reseal completed under warranty per applicable TSB. Vehicle line U502N EXPLORER [11-19]. [synthetic sanitized narrative]",1525.57,8.6,53967
42481749,"Customer reports concern related to water pump, water, pump. Diagnosis performed; minor repair/reseal completed under warranty per applicable TSB. Vehicle line U502N EXPLORER [11-19]. [synthetic sanitized narrative]",1364.03,8.6,53967
42557353,"Customer reports concern related to water pump, water, pump. Diagnosis confirmed component failure; full assembly replacement completed under warranty per applicable TSB. Vehicle line U502N EXPLORER [11-19]. [synthetic sanitized narrative]",1720.57,8.6,53967
40882509,"Customer reports concern related to water pump, water, pump. Diagnosis confirmed component failure; full assembly replacement completed under warranty per applicable TSB. Vehicle line U502N EXPLORER [11-19]. [synthetic sanitized narrative]",1778.65,8.6,53967
41534492,"Customer reports concern related to water pump, water, pump. Diagnosis performed; minor repair/reseal completed under warranty per applicable TSB. Vehicle line U502N EXPLORER [11-19]. [synthetic sanitized narrative]",1465.84,8.6,53967
36880493,"Customer reports concern related to water pump, water, pump. Diagnosis confirmed component failure; full assembly replacement completed under warranty per applicable TSB. Vehicle line U502N EXPLORER [11-19]. [synthetic sanitized narrative]",1925.16,13.8,53967
38431459,"Customer reports concern related to water pump, water, pump. Diagnosis performed; minor repair/reseal completed under warranty per applicable TSB. Vehicle line U502N EXPLORER [11-19]. [synthetic sanitized narrative]",1239.28,8.4,53967
38831464,"Customer reports concern related to water pump, water, pump. Diagnosis confirmed component failure; full assembly replacement completed under warranty per applicable TSB. Vehicle line U502N EXPLORER [11-19]. [synthetic sanitized narrative]",1744.58,8.6,53967
43018274,"Customer reports concern related to water pump, water, pump. Diagnosis performed; minor repair/reseal completed under warranty per applicable TSB. Vehicle line U502N EXPLORER [11-19]. [synthetic sanitized narrative]",1266.35,8.6,53967
42725392,"Customer reports concern related to water pump, water, pump. Diagnosis confirmed component failure; full assembly replacement completed under warranty per applicable TSB. Vehicle line U502N EXPLORER [11-19]. [synthetic sanitized narrative]",1737.42,9.2,53967
42564743,"Customer reports concern related to water pump, water, pump. Diagnosis performed; minor repair/reseal completed under warranty per applicable TSB. Vehicle line U502N EXPLORER [11-19]. [synthetic sanitized narrative]",1281.26,9.5,53967
37087538,"Customer reports concern related to rattle, phasers, cam. Diagnosis confirmed component failure; full assembly replacement completed under warranty per applicable TSB. Vehicle line P552N F-150 [15-20]. [synthetic sanitized narrative]",2052.82,15.9,33030
42495691,"Customer reports concern related to water pump, water, pump. Diagnosis performed; minor repair/reseal completed under warranty per applicable TSB. Vehicle line U502N EXPLORER [11-19]. [synthetic sanitized narrative]",1662.61,9.0,53967
43126531,"Customer reports concern related to water pump, water, pump. Diagnosis performed; minor repair/reseal completed under warranty per applicable TSB. Vehicle line U502N EXPLORER [11-19]. [synthetic sanitized narrative]",1592.95,8.2,53967
39651523,"Customer reports concern related to water pump, water, pump. Diagnosis confirmed component failure; full assembly replacement completed under warranty per applicable TSB. Vehicle line U502N EXPLORER [11-19]. [synthetic sanitized narrative]",1703.16,9.4,53967
41452454,"Customer reports concern related to water pump, water, pump. Diagnosis confirmed component failure; full assembly replacement completed under warranty per applicable TSB. Vehicle line U502N EXPLORER [11-19]. [synthetic sanitized narrative]",1676.36,9.2,53967
37349493,"Customer reports concern related to water pump, water, pump. Diagnosis performed; minor repair/reseal completed under warranty per applicable TSB. Vehicle line U502N EXPLORER [11-19]. [synthetic sanitized narrative]",1593.11,9.2,53967
42757423,"Customer reports concern related to water pump, water, pump. Diagnosis confirmed component failure; full assembly replacement completed under warranty per applicable TSB. Vehicle line U502N EXPLORER [11-19]. [synthetic sanitized narrative]",1674.4,10.1,53967
41301453,"Customer reports concern related to water pump, water, pump. Diagnosis performed; minor repair/reseal completed under warranty per applicable TSB. Vehicle line U502N EXPLORER [11-19]. [synthetic sanitized narrative]",1472.54,8.6,53967
42610340,"Customer reports concern related to rattle, phasers, cam. Diagnosis performed; minor repair/reseal completed under warranty per applicable TSB. Vehicle line P552N F-150 [15-20]. [synthetic sanitized narrative]",1759.17,12.6,33030
42744605,"Customer reports concern related to water pump, water, pump. Diagnosis confirmed component failure; full assembly replacement completed under warranty per applicable TSB. Vehicle line U502N EXPLORER [11-19]. [synthetic sanitized narrative]",3050.72,15.0,53967
42574623,"Customer reports concern related to rattle, phasers, cam. Diagnosis confirmed component failure; full assembly replacement completed under warranty per applicable TSB. Vehicle line P552N F-150 [15-20]. [synthetic sanitized narrative]",2018.17,12.0,33030
37038451,"Customer reports concern related to rattle, phasers, cam. Diagnosis confirmed component failure; full assembly replacement completed under warranty per applicable TSB. Vehicle line P552N F-150 [15-20]. [synthetic sanitized narrative]",4989.36,22.3,33030
41163641,"Customer reports concern related to transmission, repair, fluid. Diagnosis confirmed component failure; full assembly replacement completed under warranty per applicable TSB. Vehicle line V408E TRANSIT CONNECT [13-24]. [synthetic sanitized narrative]",8591.34,25.6,71778
42723030,"Customer reports concern related to main control, main, transmission. Diagnosis performed; minor repair/reseal completed under warranty per applicable TSB. Vehicle line P552N F-150 [15-20]. [synthetic sanitized narrative]",2920.77,19.9,35069
43093704,"Customer reports concern related to transmission, repair, fluid. Diagnosis performed; minor repair/reseal completed under warranty per applicable TSB. Vehicle line V408E TRANSIT CONNECT [13-24]. [synthetic sanitized narrative]",3272.76,17.5,71778
43005886,"Customer reports concern related to main control, main, transmission. Diagnosis performed; minor repair/reseal completed under warranty per applicable TSB. Vehicle line P552N F-150 [15-20]. [synthetic sanitized narrative]",2871.35,18.3,35069
42872596,"Customer reports concern related to main control, main, transmission. Diagnosis performed; minor repair/reseal completed under warranty per applicable TSB. Vehicle line P552N F-150 [15-20]. [synthetic sanitized narrative]",2563.13,18.3,35069
42914324,"Customer reports concern related to main control, main, transmission. Diagnosis performed; minor repair/reseal completed under warranty per applicable TSB. Vehicle line P552N F-150 [15-20]. [synthetic sanitized narrative]",3240.19,21.3,35069
43106548,"Customer reports concern related to main control, main, transmission. Diagnosis confirmed component failure; full assembly replacement completed under warranty per applicable TSB. Vehicle line P552N F-150 [15-20]. [synthetic sanitized narrative]",6128.36,22.3,35069
41497454,"Customer reports concern related to transmission, repair, fluid. Diagnosis confirmed component failure; full assembly replacement completed under warranty per applicable TSB. Vehicle line V408E TRANSIT CONNECT [13-24]. [synthetic sanitized narrative]",4256.19,19.8,71778
43130456,"Customer reports concern related to transmission, repair, fluid. Diagnosis confirmed component failure; full assembly replacement completed under warranty per applicable TSB. Vehicle line V408E TRANSIT CONNECT [13-24]. [synthetic sanitized narrative]",8509.6,25.3,71778
42833852,"Customer reports concern related to transmission, repair, fluid. Diagnosis performed; minor repair/reseal completed under warranty per applicable TSB. Vehicle line V408E TRANSIT CONNECT [13-24]. [synthetic sanitized narrative]",3064.04,16.4,71778
40770496,"Customer reports concern related to transmission, repair, fluid. Diagnosis performed; minor repair/reseal completed under warranty per applicable TSB. Vehicle line V408E TRANSIT CONNECT [13-24]. [synthetic sanitized narrative]",2596.76,17.9,71778
43130371,"Customer reports concern related to clutch, replace clutch, transmission. Diagnosis confirmed component failure; full assembly replacement completed under warranty per applicable TSB. Vehicle line C346N FOCUS [12-18]. [synthetic sanitized narrative]",4934.2,17.6,3936
43067840,"Customer reports concern related to rattle, phasers, cam. Diagnosis confirmed component failure; full assembly replacement completed under warranty per applicable TSB. Vehicle line P552N F-150 [15-20]. [synthetic sanitized narrative]",5404.41,34.8,33030
42917936,"Customer reports concern related to main control, main, transmission. Diagnosis performed; minor repair/reseal completed under warranty per applicable TSB. Vehicle line P552N F-150 [15-20]. [synthetic sanitized narrative]",3196.28,21.3,35069
42413573,"Customer reports concern related to transmission, repair, fluid. Diagnosis confirmed component failure; full assembly replacement completed under warranty per applicable TSB. Vehicle line V408E TRANSIT CONNECT [13-24]. [synthetic sanitized narrative]",7103.98,28.6,71778
42807674,"Customer reports concern related to main control, main, transmission. Diagnosis confirmed component failure; full assembly replacement completed under warranty per applicable TSB. Vehicle line P552N F-150 [15-20]. [synthetic sanitized narrative]",4302.89,29.6,35069
42501723,"Customer reports concern related to main control, main, transmission. Diagnosis performed; minor repair/reseal completed under warranty per applicable TSB. Vehicle line P552N F-150 [15-20]. [synthetic sanitized narrative]",2942.96,17.3,35069
42895331,"Customer reports concern related to main control, main, transmission. Diagnosis performed; minor repair/reseal completed under warranty per applicable TSB. Vehicle line P552N F-150 [15-20]. [synthetic sanitized narrative]",2980.98,20.2,35069
42961712,"Customer reports concern related to clutch, replace clutch, transmission. Diagnosis confirmed component failure; full assembly replacement completed under warranty per applicable TSB. Vehicle line C346N FOCUS [12-18]. [synthetic sanitized narrative]",2823.08,10.7,3936
43074884,"Customer reports concern related to main control, main, transmission. Diagnosis performed; minor repair/reseal completed under warranty per applicable TSB. Vehicle line P552N F-150 [15-20]. [synthetic sanitized narrative]",1717.16,16.5,35069
42675911,"Customer reports concern related to main control, main, transmission. Diagnosis performed; minor repair/reseal completed under warranty per applicable TSB. Vehicle line P552N F-150 [15-20]. [synthetic sanitized narrative]",2317.77,18.7,35069
42467910,"Customer reports concern related to transmission, repair, fluid. Diagnosis confirmed component failure; full assembly replacement completed under warranty per applicable TSB. Vehicle line V408E TRANSIT CONNECT [13-24]. [synthetic sanitized narrative]",6258.36,28.0,71778
43131206,"Customer reports concern related to transmission, repair, fluid. Diagnosis performed; minor repair/reseal completed under warranty per applicable TSB. Vehicle line V408E TRANSIT CONNECT [13-24]. [synthetic sanitized narrative]",2329.28,17.5,71778
43120120,"Customer reports concern related to transmission, repair, fluid. Diagnosis confirmed component failure; full assembly replacement completed under warranty per applicable TSB. Vehicle line V408E TRANSIT CONNECT [13-24]. [synthetic sanitized narrative]",4188.85,21.6,71778
42901176,"Customer reports concern related to main control, main, transmission. Diagnosis confirmed component failure; full assembly replacement completed under warranty per applicable TSB. Vehicle line P552N F-150 [15-20]. [synthetic sanitized narrative]",3952.47,21.6,35069
42714271,"Customer reports concern related to transmission, repair, fluid. Diagnosis performed; minor repair/reseal completed under warranty per applicable TSB. Vehicle line V408E TRANSIT CONNECT [13-24]. [synthetic sanitized narrative]",2908.65,16.4,71778
43032265,"Customer reports concern related to long block, block, long. Diagnosis confirmed component failure; full assembly replacement completed under warranty per applicable TSB. Vehicle line P552N F-150 [15-20]. [synthetic sanitized narrative]",10609.66,32.7,32954
42655546,"Customer reports concern related to main control, main, transmission. Diagnosis performed; minor repair/reseal completed under warranty per applicable TSB. Vehicle line P552N F-150 [15-20]. [synthetic sanitized narrative]",2320.02,20.2,35069
43071535,"Customer reports concern related to main control, main, transmission. Diagnosis performed; minor repair/reseal completed under warranty per applicable TSB. Vehicle line P552N F-150 [15-20]. [synthetic sanitized narrative]",3175.52,21.2,35069
42460438,"Customer reports concern related to transmission, repair, fluid. Diagnosis performed; minor repair/reseal completed under warranty per applicable TSB. Vehicle line V408E TRANSIT CONNECT [13-24]. [synthetic sanitized narrative]",2216.47,17.5,71778
42742578,"Customer reports concern related to main control, main, transmission. Diagnosis performed; minor repair/reseal completed under warranty per applicable TSB. Vehicle line P552N F-150 [15-20]. [synthetic sanitized narrative]",2414.85,19.7,35069
42538533,"Customer reports concern related to main control, main, transmission. Diagnosis performed; minor repair/reseal completed under warranty per applicable TSB. Vehicle line P552N F-150 [15-20]. [synthetic sanitized narrative]",2898.22,24.3,35069
42956902,"Customer reports concern related to main control, main, transmission. Diagnosis confirmed component failure; full assembly replacement completed under warranty per applicable TSB. Vehicle line P552N F-150 [15-20]. [synthetic sanitized narrative]",4312.02,25.7,35069
42954622,"Customer reports concern related to main control, main, transmission. Diagnosis performed; minor repair/reseal completed under warranty per applicable TSB. Vehicle line P552N F-150 [15-20]. [synthetic sanitized narrative]",2961.49,18.1,35069
43009944,"Customer reports concern related to long block, block, long. Diagnosis confirmed component failure; full assembly replacement completed under warranty per applicable TSB. Vehicle line P552N F-150 [15-20]. [synthetic sanitized narrative]",15553.91,27.4,32954
43101848,"Customer reports concern related to main control, main, transmission. Diagnosis confirmed component failure; full assembly replacement completed under warranty per applicable TSB. Vehicle line P552N F-150 [15-20]. [synthetic sanitized narrative]",6039.14,13.9,35069
42516453,"Customer reports concern related to transmission, repair, fluid. Diagnosis performed; minor repair/reseal completed under warranty per applicable TSB. Vehicle line V408E TRANSIT CONNECT [13-24]. [synthetic sanitized narrative]",3265.81,16.4,71778
43096173,"Customer reports concern related to rattle, phasers, cam. Diagnosis confirmed component failure; full assembly replacement completed under warranty per applicable TSB. Vehicle line P552N F-150 [15-20]. [synthetic sanitized narrative]",7687.14,28.4,33030
43029307,"Customer reports concern related to main control, main, transmission. Diagnosis performed; minor repair/reseal completed under warranty per applicable TSB. Vehicle line P552N F-150 [15-20]. [synthetic sanitized narrative]",3541.91,25.6,35069
42725153,"Customer reports concern related to transmission, repair, fluid. Diagnosis performed; minor repair/reseal completed under warranty per applicable TSB. Vehicle line V408E TRANSIT CONNECT [13-24]. [synthetic sanitized narrative]",3256.07,17.5,71778
42854901,"Customer reports concern related to main control, main, transmission. Diagnosis performed; minor repair/reseal completed under warranty per applicable TSB. Vehicle line P552N F-150 [15-20]. [synthetic sanitized narrative]",2646.59,17.1,35069
42620755,"Customer reports concern related to main control, main, transmission. Diagnosis performed; minor repair/reseal completed under warranty per applicable TSB. Vehicle line P552N F-150 [15-20]. [synthetic sanitized narrative]",3225.66,19.3,35069
42485983,"Customer reports concern related to transmission, repair, fluid. Diagnosis performed; minor repair/reseal completed under warranty per applicable TSB. Vehicle line V408E TRANSIT CONNECT [13-24]. [synthetic sanitized narrative]",3065.26,20.0,71778
42866719,"Customer reports concern related to main control, main, transmission. Diagnosis performed; minor repair/reseal completed under warranty per applicable TSB. Vehicle line P552N F-150 [15-20]. [synthetic sanitized narrative]",2597.68,19.2,35069
43063619,"Customer reports concern related to transmission, repair, fluid. Diagnosis performed; minor repair/reseal completed under warranty per applicable TSB. Vehicle line V408E TRANSIT CONNECT [13-24]. [synthetic sanitized narrative]",3130.57,16.4,71778
42896037,"Customer reports concern related to transmission, repair, fluid. Diagnosis performed; minor repair/reseal completed under warranty per applicable TSB. Vehicle line V408E TRANSIT CONNECT [13-24]. [synthetic sanitized narrative]",2489.36,17.5,71778
42938914,"Customer reports concern related to main control, main, transmission. Diagnosis confirmed component failure; full assembly replacement completed under warranty per applicable TSB. Vehicle line P552N F-150 [15-20]. [synthetic sanitized narrative]",3819.42,23.6,35069
42761572,"Customer reports concern related to transmission, repair, fluid. Diagnosis performed; minor repair/reseal completed under warranty per applicable TSB. Vehicle line V408E TRANSIT CONNECT [13-24]. [synthetic sanitized narrative]",2797.38,17.5,71778
42674821,"Customer reports concern related to main control, main, transmission. Diagnosis confirmed component failure; full assembly replacement completed under warranty per applicable TSB. Vehicle line P552N F-150 [15-20]. [synthetic sanitized narrative]",6740.84,34.8,35069
42819835,"Customer reports concern related to main control, main, transmission. Diagnosis confirmed component failure; full assembly replacement completed under warranty per applicable TSB. Vehicle line P552N F-150 [15-20]. [synthetic sanitized narrative]",5170.24,34.2,35069
42695335,"Customer reports concern related to main control, main, transmission. Diagnosis performed; minor repair/reseal completed under warranty per applicable TSB. Vehicle line P552N F-150 [15-20]. [synthetic sanitized narrative]",2990.35,20.4,35069
42699828,"Customer reports concern related to rattle, phasers, cam. Diagnosis performed; minor repair/reseal completed under warranty per applicable TSB. Vehicle line P552N F-150 [15-20]. [synthetic sanitized narrative]",1336.21,10.8,33030
42816926,"Customer reports concern related to main control, main, transmission. Diagnosis confirmed component failure; full assembly replacement completed under warranty per applicable TSB. Vehicle line P552N F-150 [15-20]. [synthetic sanitized narrative]",3652.9,19.7,35069
42993009,"Customer reports concern related to main control, main, transmission. Diagnosis performed; minor repair/reseal completed under warranty per applicable TSB. Vehicle line P552N F-150 [15-20]. [synthetic sanitized narrative]",2959.43,21.9,35069
42955551,"Customer reports concern related to main control, main, transmission. Diagnosis confirmed component failure; full assembly replacement completed under warranty per applicable TSB. Vehicle line P552N F-150 [15-20]. [synthetic sanitized narrative]",3836.47,18.7,35069
42674307,"Customer reports concern related to main control, main, transmission. Diagnosis performed; minor repair/reseal completed under warranty per applicable TSB. Vehicle line P552N F-150 [15-20]. [synthetic sanitized narrative]",2712.54,20.1,35069
42728051,"Customer reports concern related to main control, main, transmission. Diagnosis confirmed component failure; full assembly replacement completed under warranty per applicable TSB. Vehicle line P552N F-150 [15-20]. [synthetic sanitized narrative]",3703.35,23.5,35069
43121589,"Customer reports concern related to transmission, repair, fluid. Diagnosis confirmed component failure; full assembly replacement completed under warranty per applicable TSB. Vehicle line V408E TRANSIT CONNECT [13-24]. [synthetic sanitized narrative]",3741.51,17.5,71778
43138459,"Customer reports concern related to transmission, repair, fluid. Diagnosis confirmed component failure; full assembly replacement completed under warranty per applicable TSB. Vehicle line V408E TRANSIT CONNECT [13-24]. [synthetic sanitized narrative]",4429.59,17.5,71778
42976870,"Customer reports concern related to main control, main, transmission. Diagnosis performed; minor repair/reseal completed under warranty per applicable TSB. Vehicle line P552N F-150 [15-20]. [synthetic sanitized narrative]",3112.36,21.0,35069
43134689,"Customer reports concern related to main control, main, transmission. Diagnosis performed; minor repair/reseal completed under warranty per applicable TSB. Vehicle line P552N F-150 [15-20]. [synthetic sanitized narrative]",2973.76,23.4,35069
42818854,"Customer reports concern related to main control, main, transmission. Diagnosis performed; minor repair/reseal completed under warranty per applicable TSB. Vehicle line P552N F-150 [15-20]. [synthetic sanitized narrative]",2425.56,22.2,35069
42399212,"Customer reports concern related to transmission, repair, fluid. Diagnosis confirmed component failure; full assembly replacement completed under warranty per applicable TSB. Vehicle line V408E TRANSIT CONNECT [13-24]. [synthetic sanitized narrative]",6916.35,34.6,71778
42817510,"Customer reports concern related to main control, main, transmission. Diagnosis performed; minor repair/reseal completed under warranty per applicable TSB. Vehicle line P552N F-150 [15-20]. [synthetic sanitized narrative]",3114.03,16.5,35069
42862775,"Customer reports concern related to main control, main, transmission. Diagnosis performed; minor repair/reseal completed under warranty per applicable TSB. Vehicle line P552N F-150 [15-20]. [synthetic sanitized narrative]",3364.06,23.9,35069
43071714,"Customer reports concern related to main control, main, transmission. Diagnosis performed; minor repair/reseal completed under warranty per applicable TSB. Vehicle line P552N F-150 [15-20]. [synthetic sanitized narrative]",2840.53,17.6,35069
43081214,"Customer reports concern related to transmission, repair, fluid. Diagnosis confirmed component failure; full assembly replacement completed under warranty per applicable TSB. Vehicle line V408E TRANSIT CONNECT [13-24]. [synthetic sanitized narrative]",4662.53,20.9,71778
42896627,"Customer reports concern related to transmission, repair, fluid. Diagnosis performed; minor repair/reseal completed under warranty per applicable TSB. Vehicle line V408E TRANSIT CONNECT [13-24]. [synthetic sanitized narrative]",2031.65,17.5,71778
42635791,"Customer reports concern related to transmission, repair, fluid. Diagnosis performed; minor repair/reseal completed under warranty per applicable TSB. Vehicle line V408E TRANSIT CONNECT [13-24]. [synthetic sanitized narrative]",2748.89,16.9,71778
43015494,"Customer reports concern related to transmission, repair, fluid. Diagnosis confirmed component failure; full assembly replacement completed under warranty per applicable TSB. Vehicle line V408E TRANSIT CONNECT [13-24]. [synthetic sanitized narrative]",6738.94,13.7,71778
42715325,"Customer reports concern related to main control, main, transmission. Diagnosis confirmed component failure; full assembly replacement completed under warranty per applicable TSB. Vehicle line P552N F-150 [15-20]. [synthetic sanitized narrative]",7104.16,39.4,35069
42968538,"Customer reports concern related to main control, main, transmission. Diagnosis performed; minor repair/reseal completed under warranty per applicable TSB. Vehicle line P552N F-150 [15-20]. [synthetic sanitized narrative]",3571.61,22.4,35069
38490539,"Customer reports concern related to rattle, phasers, cam. Diagnosis confirmed component failure; full assembly replacement completed under warranty per applicable TSB. Vehicle line P552N F-150 [15-20]. [synthetic sanitized narrative]",3223.23,12.8,33030
42855030,"Customer reports concern related to rattle, phasers, cam. Diagnosis confirmed component failure; full assembly replacement completed under warranty per applicable TSB. Vehicle line P552N F-150 [15-20]. [synthetic sanitized narrative]",2870.35,14.7,33030
39582490,"Customer reports concern related to oil, oil pan, pan. Diagnosis performed; minor repair/reseal completed under warranty per applicable TSB. Vehicle line P558N SUPER DUTY [17-22]. [synthetic sanitized narrative]",1352.38,10.2,40109
41037472,"Customer reports concern related to oil, oil pan, pan. Diagnosis confirmed component failure; full assembly replacement completed under warranty per applicable TSB. Vehicle line P558N SUPER DUTY [17-22]. [synthetic sanitized narrative]",2635.92,13.2,40109
43041670,"Customer reports concern related to main control, main, transmission. Diagnosis confirmed component failure; full assembly replacement completed under warranty per applicable TSB. Vehicle line P552N F-150 [15-20]. [synthetic sanitized narrative]",4402.91,22.1,35069
42688193,"Customer reports concern related to water pump, water, pump. Diagnosis confirmed component failure; full assembly replacement completed under warranty per applicable TSB. Vehicle line U502N EXPLORER [11-19]. [synthetic sanitized narrative]",2471.94,12.6,53967
42873041,"Customer reports concern related to main control, main, transmission. Diagnosis performed; minor repair/reseal completed under warranty per applicable TSB. Vehicle line P552N F-150 [15-20]. [synthetic sanitized narrative]",3235.35,21.3,35069
42983670,"Customer reports concern related to rattle, phasers, cam. Diagnosis confirmed component failure; full assembly replacement completed under warranty per applicable TSB. Vehicle line P552N F-150 [15-20]. [synthetic sanitized narrative]",2100.16,11.1,33030
39871532,"Customer reports concern related to long block, block, long. Diagnosis confirmed component failure; full assembly replacement completed under warranty per applicable TSB. Vehicle line CD539N EDGE [15-24]. [synthetic sanitized narrative]",5334.65,18.8,14641
43097299,"Customer reports concern related to main control, main, transmission. Diagnosis confirmed component failure; full assembly replacement completed under warranty per applicable TSB. Vehicle line P552N F-150 [15-20]. [synthetic sanitized narrative]",6342.2,28.1,35069
42744978,"Customer reports concern related to oil, oil pan, pan. Diagnosis confirmed component failure; full assembly replacement completed under warranty per applicable TSB. Vehicle line P558N SUPER DUTY [17-22]. [synthetic sanitized narrative]",2009.99,11.5,40109
42937362,"Customer reports concern related to oil, oil pan, pan. Diagnosis performed; minor repair/reseal completed under warranty per applicable TSB. Vehicle line P558N SUPER DUTY [17-22]. [synthetic sanitized narrative]",1562.97,11.3,40109
38189463,"Customer reports concern related to oil, oil pan, pan. Diagnosis confirmed component failure; full assembly replacement completed under warranty per applicable TSB. Vehicle line P558N SUPER DUTY [17-22]. [synthetic sanitized narrative]",2204.8,14.3,40109
40886457,"Customer reports concern related to water pump, water, pump. Diagnosis confirmed component failure; full assembly replacement completed under warranty per applicable TSB. Vehicle line U502N EXPLORER [11-19]. [synthetic sanitized narrative]",2775.22,11.3,53967
43021625,"Customer reports concern related to main control, main, transmission. Diagnosis performed; minor repair/reseal completed under warranty per applicable TSB. Vehicle line P552N F-150 [15-20]. [synthetic sanitized narrative]",2101.81,15.3,35069
42907630,"Customer reports concern related to water pump, water, pump. Diagnosis performed; minor repair/reseal completed under warranty per applicable TSB. Vehicle line U502N EXPLORER [11-19]. [synthetic sanitized narrative]",1368.25,9.8,53967
42943465,"Customer reports concern related to long block, block, long. Diagnosis performed; minor repair/reseal completed under warranty per applicable TSB. Vehicle line P552N F-150 [15-20]. [synthetic sanitized narrative]",8311.04,18.4,32954
42900839,"Customer reports concern related to oil, oil pan, pan. Diagnosis confirmed component failure; full assembly replacement completed under warranty per applicable TSB. Vehicle line P558N SUPER DUTY [17-22]. [synthetic sanitized narrative]",2636.34,11.4,40109
39661454,"Customer reports concern related to water pump, water, pump. Diagnosis confirmed component failure; full assembly replacement completed under warranty per applicable TSB. Vehicle line U502N EXPLORER [11-19]. [synthetic sanitized narrative]",2555.75,16.5,53967
42410579,"Customer reports concern related to long block, block, long. Diagnosis performed; minor repair/reseal completed under warranty per applicable TSB. Vehicle line CD539N EDGE [15-24]. [synthetic sanitized narrative]",4261.71,15.0,14641
42640505,"Customer reports concern related to water pump, water, pump. Diagnosis confirmed component failure; full assembly replacement completed under warranty per applicable TSB. Vehicle line U502N EXPLORER [11-19]. [synthetic sanitized narrative]",1867.78,9.9,53967
42778324,"Customer reports concern related to oil, oil pan, pan. Diagnosis confirmed component failure; full assembly replacement completed under warranty per applicable TSB. Vehicle line P558N SUPER DUTY [17-22]. [synthetic sanitized narrative]",3560.49,22.2,40109
43101783,"Customer reports concern related to transmission, repair, fluid. Diagnosis performed; minor repair/reseal completed under warranty per applicable TSB. Vehicle line V408E TRANSIT CONNECT [13-24]. [synthetic sanitized narrative]",178.42,0.0,71778
43094314,"Customer reports concern related to main control, main, transmission. Diagnosis performed; minor repair/reseal completed under warranty per applicable TSB. Vehicle line P552N F-150 [15-20]. [synthetic sanitized narrative]",3049.07,18.7,35069
39369512,"Customer reports concern related to long block, block, long. Diagnosis confirmed component failure; full assembly replacement completed under warranty per applicable TSB. Vehicle line CD539N EDGE [15-24]. [synthetic sanitized narrative]",5757.19,15.2,14641
42920213,"Customer reports concern related to oil, oil pan, pan. Diagnosis confirmed component failure; full assembly replacement completed under warranty per applicable TSB. Vehicle line P558N SUPER DUTY [17-22]. [synthetic sanitized narrative]",2758.08,15.0,40109
42997962,"Customer reports concern related to long block, block, long. Diagnosis performed; minor repair/reseal completed under warranty per applicable TSB. Vehicle line P552N F-150 [15-20]. [synthetic sanitized narrative]",8135.59,16.4,32954
42919919,"Customer reports concern related to main control, main, transmission. Diagnosis confirmed component failure; full assembly replacement completed under warranty per applicable TSB. Vehicle line P552N F-150 [15-20]. [synthetic sanitized narrative]",4511.4,22.8,35069
42721044,"Customer reports concern related to main control, main, transmission. Diagnosis performed; minor repair/reseal completed under warranty per applicable TSB. Vehicle line P552N F-150 [15-20]. [synthetic sanitized narrative]",3349.15,22.4,35069
42754719,"Customer reports concern related to rattle, phasers, cam. Diagnosis performed; minor repair/reseal completed under warranty per applicable TSB. Vehicle line P552N F-150 [15-20]. [synthetic sanitized narrative]",1800.34,12.5,33030
43008748,"Customer reports concern related to rattle, phasers, cam. Diagnosis confirmed component failure; full assembly replacement completed under warranty per applicable TSB. Vehicle line P552N F-150 [15-20]. [synthetic sanitized narrative]",2744.77,12.7,33030
42858534,"Customer reports concern related to long block, block, long. Diagnosis performed; minor repair/reseal completed under warranty per applicable TSB. Vehicle line P552N F-150 [15-20]. [synthetic sanitized narrative]",8209.09,17.5,32954
37675628,"Customer reports concern related to rattle, phasers, cam. Diagnosis performed; minor repair/reseal completed under warranty per applicable TSB. Vehicle line P552N F-150 [15-20]. [synthetic sanitized narrative]",1886.15,10.8,33030
42730189,"Customer reports concern related to water pump, water, pump. Diagnosis confirmed component failure; full assembly replacement completed under warranty per applicable TSB. Vehicle line U502N EXPLORER [11-19]. [synthetic sanitized narrative]",2693.33,10.9,53967
42772652,"Customer reports concern related to main control, main, transmission. Diagnosis performed; minor repair/reseal completed under warranty per applicable TSB. Vehicle line P552N F-150 [15-20]. [synthetic sanitized narrative]",2831.45,21.0,35069
42912141,"Customer reports concern related to long block, block, long. Diagnosis confirmed component failure; full assembly replacement completed under warranty per applicable TSB. Vehicle line P552N F-150 [15-20]. [synthetic sanitized narrative]",15313.15,51.8,32954
42816942,"Customer reports concern related to main control, main, transmission. Diagnosis confirmed component failure; full assembly replacement completed under warranty per applicable TSB. Vehicle line P552N F-150 [15-20]. [synthetic sanitized narrative]",7717.64,33.0,35069
42525133,"Customer reports concern related to clutch, replace clutch, transmission. Diagnosis performed; minor repair/reseal completed under warranty per applicable TSB. Vehicle line C346N FOCUS [12-18]. [synthetic sanitized narrative]",1298.43,5.8,3936
39304482,"Customer reports concern related to clutch, replace clutch, transmission. Diagnosis confirmed component failure; full assembly replacement completed under warranty per applicable TSB. Vehicle line C346N FOCUS [12-18]. [synthetic sanitized narrative]",1589.35,6.3,3936
38569480,"Customer reports concern related to clutch, replace clutch, transmission. Diagnosis performed; minor repair/reseal completed under warranty per applicable TSB. Vehicle line C346N FOCUS [12-18]. [synthetic sanitized narrative]",1251.88,8.7,3936
42568959,"Customer reports concern related to oil, oil pan, pan. Diagnosis confirmed component failure; full assembly replacement completed under warranty per applicable TSB. Vehicle line P558N SUPER DUTY [17-22]. [synthetic sanitized narrative]",3344.3,17.3,40109
41084541,"Customer reports concern related to clutch, replace clutch, transmission. Diagnosis performed; minor repair/reseal completed under warranty per applicable TSB. Vehicle line C346N FOCUS [12-18]. [synthetic sanitized narrative]",1242.87,7.2,3936
40832460,"Customer reports concern related to clutch, replace clutch, transmission. Diagnosis performed; minor repair/reseal completed under warranty per applicable TSB. Vehicle line C346N FOCUS [12-18]. [synthetic sanitized narrative]",1242.87,7.2,3936
39273455,"Customer reports concern related to clutch, replace clutch, transmission. Diagnosis performed; minor repair/reseal completed under warranty per applicable TSB. Vehicle line C346N FOCUS [12-18]. [synthetic sanitized narrative]",1274.08,5.6,3936
42429530,"Customer reports concern related to clutch, replace clutch, transmission. Diagnosis confirmed component failure; full assembly replacement completed under warranty per applicable TSB. Vehicle line C346N FOCUS [12-18]. [synthetic sanitized narrative]",1628.56,6.7,3936
42911234,"Customer reports concern related to main control, main, transmission. Diagnosis confirmed component failure; full assembly replacement completed under warranty per applicable TSB. Vehicle line P552N F-150 [15-20]. [synthetic sanitized narrative]",5066.02,24.3,35069
42788319,"Customer reports concern related to clutch, replace clutch, transmission. Diagnosis performed; minor repair/reseal completed under warranty per applicable TSB. Vehicle line C346N FOCUS [12-18]. [synthetic sanitized narrative]",1463.58,5.8,3936
41126480,"Customer reports concern related to clutch, replace clutch, transmission. Diagnosis confirmed component failure; full assembly replacement completed under warranty per applicable TSB. Vehicle line C346N FOCUS [12-18]. [synthetic sanitized narrative]",1786.7,6.3,3936
42866966,"Customer reports concern related to clutch, replace clutch, transmission. Diagnosis performed; minor repair/reseal completed under warranty per applicable TSB. Vehicle line C346N FOCUS [12-18]. [synthetic sanitized narrative]",1288.59,5.3,3936
38179482,"Customer reports concern related to clutch, replace clutch, transmission. Diagnosis performed; minor repair/reseal completed under warranty per applicable TSB. Vehicle line C346N FOCUS [12-18]. [synthetic sanitized narrative]",1133.22,5.2,3936
42796554,"Customer reports concern related to clutch, replace clutch, transmission. Diagnosis performed; minor repair/reseal completed under warranty per applicable TSB. Vehicle line C346N FOCUS [12-18]. [synthetic sanitized narrative]",1437.41,5.9,3936
38404500,"Customer reports concern related to clutch, replace clutch, transmission. Diagnosis performed; minor repair/reseal completed under warranty per applicable TSB. Vehicle line C346N FOCUS [12-18]. [synthetic sanitized narrative]",1050.95,6.3,3936
42599820,"Customer reports concern related to clutch, replace clutch, transmission. Diagnosis confirmed component failure; full assembly replacement completed under warranty per applicable TSB. Vehicle line C346N FOCUS [12-18]. [synthetic sanitized narrative]",1660.64,7.2,3936
39759463,"Customer reports concern related to clutch, replace clutch, transmission. Diagnosis confirmed component failure; full assembly replacement completed under warranty per applicable TSB. Vehicle line C346N FOCUS [12-18]. [synthetic sanitized narrative]",1579.63,6.6,3936
39350616,"Customer reports concern related to clutch, replace clutch, transmission. Diagnosis performed; minor repair/reseal completed under warranty per applicable TSB. Vehicle line C346N FOCUS [12-18]. [synthetic sanitized narrative]",1274.65,7.7,3936
42699532,"Customer reports concern related to clutch, replace clutch, transmission. Diagnosis confirmed component failure; full assembly replacement completed under warranty per applicable TSB. Vehicle line C346N FOCUS [12-18]. [synthetic sanitized narrative]",1886.12,9.1,3936
42738684,"Customer reports concern related to clutch, replace clutch, transmission. Diagnosis performed; minor repair/reseal completed under warranty per applicable TSB. Vehicle line C346N FOCUS [12-18]. [synthetic sanitized narrative]",1323.17,5.8,3936
38064471,"Customer reports concern related to clutch, replace clutch, transmission. Diagnosis performed; minor repair/reseal completed under warranty per applicable TSB. Vehicle line C346N FOCUS [12-18]. [synthetic sanitized narrative]",1125.32,5.8,3936
42983921,"Customer reports concern related to oil, oil pan, pan. Diagnosis confirmed component failure; full assembly replacement completed under warranty per applicable TSB. Vehicle line P558N SUPER DUTY [17-22]. [synthetic sanitized narrative]",2895.69,14.0,40109
42993269,"Customer reports concern related to clutch, replace clutch, transmission. Diagnosis confirmed component failure; full assembly replacement completed under warranty per applicable TSB. Vehicle line C346N FOCUS [12-18]. [synthetic sanitized narrative]",3138.97,11.2,3936
42507434,"Customer reports concern related to clutch, replace clutch, transmission. Diagnosis performed; minor repair/reseal completed under warranty per applicable TSB. Vehicle line C346N FOCUS [12-18]. [synthetic sanitized narrative]",1118.2,7.5,3936
36829472,"Customer reports concern related to clutch, replace clutch, transmission. Diagnosis performed; minor repair/reseal completed under warranty per applicable TSB. Vehicle line C346N FOCUS [12-18]. [synthetic sanitized narrative]",1173.32,6.3,3936
36935476,"Customer reports concern related to clutch, replace clutch, transmission. Diagnosis performed; minor repair/reseal completed under warranty per applicable TSB. Vehicle line C346N FOCUS [12-18]. [synthetic sanitized narrative]",1398.89,9.3,3936
42576134,"Customer reports concern related to clutch, replace clutch, transmission. Diagnosis performed; minor repair/reseal completed under warranty per applicable TSB. Vehicle line C346N FOCUS [12-18]. [synthetic sanitized narrative]",1089.0,4.8,3936
42640963,"Customer reports concern related to water pump, water, pump. Diagnosis confirmed component failure; full assembly replacement completed under warranty per applicable TSB. Vehicle line U502N EXPLORER [11-19]. [synthetic sanitized narrative]",5890.76,21.5,53967
42778955,"Customer reports concern related to clutch, replace clutch, transmission. Diagnosis confirmed component failure; full assembly replacement completed under warranty per applicable TSB. Vehicle line C346N FOCUS [12-18]. [synthetic sanitized narrative]",2256.83,12.5,3936
42734076,"Customer reports concern related to rattle, phasers, cam. Diagnosis confirmed component failure; full assembly replacement completed under warranty per applicable TSB. Vehicle line P552N F-150 [15-20]. [synthetic sanitized narrative]",5843.56,31.4,33030
41388487,"Customer reports concern related to clutch, replace clutch, transmission. Diagnosis confirmed component failure; full assembly replacement completed under warranty per applicable TSB. Vehicle line C346N FOCUS [12-18]. [synthetic sanitized narrative]",1684.4,6.8,3936
40176565,"Customer reports concern related to clutch, replace clutch, transmission. Diagnosis performed; minor repair/reseal completed under warranty per applicable TSB. Vehicle line C346N FOCUS [12-18]. [synthetic sanitized narrative]",1319.67,6.3,3936
42723241,"Customer reports concern related to clutch, replace clutch, transmission. Diagnosis confirmed component failure; full assembly replacement completed under warranty per applicable TSB. Vehicle line C346N FOCUS [12-18]. [synthetic sanitized narrative]",1868.37,8.2,3936
40241457,"Customer reports concern related to clutch, replace clutch, transmission. Diagnosis confirmed component failure; full assembly replacement completed under warranty per applicable TSB. Vehicle line C346N FOCUS [12-18]. [synthetic sanitized narrative]",1624.33,6.8,3936
42678969,"Customer reports concern related to clutch, replace clutch, transmission. Diagnosis confirmed component failure; full assembly replacement completed under warranty per applicable TSB. Vehicle line C346N FOCUS [12-18]. [synthetic sanitized narrative]",1750.74,6.7,3936
42914284,"Customer reports concern related to rattle, phasers, cam. Diagnosis confirmed component failure; full assembly replacement completed under warranty per applicable TSB. Vehicle line P552N F-150 [15-20]. [synthetic sanitized narrative]",2280.72,10.7,33030
37493469,"Customer reports concern related to clutch, replace clutch, transmission. Diagnosis performed; minor repair/reseal completed under warranty per applicable TSB. Vehicle line C346N FOCUS [12-18]. [synthetic sanitized narrative]",1212.83,6.6,3936
39633495,"Customer reports concern related to clutch, replace clutch, transmission. Diagnosis performed; minor repair/reseal completed under warranty per applicable TSB. Vehicle line C346N FOCUS [12-18]. [synthetic sanitized narrative]",1067.59,6.2,3936
41856461,"Customer reports concern related to clutch, replace clutch, transmission. Diagnosis performed; minor repair/reseal completed under warranty per applicable TSB. Vehicle line C346N FOCUS [12-18]. [synthetic sanitized narrative]",1503.05,5.8,3936
42752480,"Customer reports concern related to oil, oil pan, pan. Diagnosis performed; minor repair/reseal completed under warranty per applicable TSB. Vehicle line P558N SUPER DUTY [17-22]. [synthetic sanitized narrative]",1621.1,12.1,40109
38518543,"Customer reports concern related to oil, oil pan, pan. Diagnosis performed; minor repair/reseal completed under warranty per applicable TSB. Vehicle line P558N SUPER DUTY [17-22]. [synthetic sanitized narrative]",1160.2,10.5,40109
42463256,"Customer reports concern related to oil, oil pan, pan. Diagnosis confirmed component failure; full assembly replacement completed under warranty per applicable TSB. Vehicle line P558N SUPER DUTY [17-22]. [synthetic sanitized narrative]",2186.05,14.6,40109
42527597,"Customer reports concern related to clutch, replace clutch, transmission. Diagnosis confirmed component failure; full assembly replacement completed under warranty per applicable TSB. Vehicle line C346N FOCUS [12-18]. [synthetic sanitized narrative]",1682.69,5.6,3936
42869088,"Customer reports concern related to clutch, replace clutch, transmission. Diagnosis performed; minor repair/reseal completed under warranty per applicable TSB. Vehicle line C346N FOCUS [12-18]. [synthetic sanitized narrative]",1257.94,5.8,3936
42974243,"Customer reports concern related to water pump, water, pump. Diagnosis confirmed component failure; full assembly replacement completed under warranty per applicable TSB. Vehicle line U502N EXPLORER [11-19]. [synthetic sanitized narrative]",4433.44,16.0,53967
40693495,"Customer reports concern related to clutch, replace clutch, transmission. Diagnosis confirmed component failure; full assembly replacement completed under warranty per applicable TSB. Vehicle line C346N FOCUS [12-18]. [synthetic sanitized narrative]",1918.18,6.3,3936
37821553,"Customer reports concern related to clutch, replace clutch, transmission. Diagnosis performed; minor repair/reseal completed under warranty per applicable TSB. Vehicle line C346N FOCUS [12-18]. [synthetic sanitized narrative]",1145.37,7.5,3936
41278503,"Customer reports concern related to clutch, replace clutch, transmission. Diagnosis performed; minor repair/reseal completed under warranty per applicable TSB. Vehicle line C346N FOCUS [12-18]. [synthetic sanitized narrative]",1322.94,6.2,3936
42803849,"Customer reports concern related to main control, main, transmission. Diagnosis confirmed component failure; full assembly replacement completed under warranty per applicable TSB. Vehicle line P552N F-150 [15-20]. [synthetic sanitized narrative]",4490.18,24.0,35069
40513501,"Customer reports concern related to clutch, replace clutch, transmission. Diagnosis confirmed component failure; full assembly replacement completed under warranty per applicable TSB. Vehicle line C346N FOCUS [12-18]. [synthetic sanitized narrative]",2438.86,10.3,3936
42806526,"Customer reports concern related to clutch, replace clutch, transmission. Diagnosis confirmed component failure; full assembly replacement completed under warranty per applicable TSB. Vehicle line C346N FOCUS [12-18]. [synthetic sanitized narrative]",1710.72,6.1,3936
42454982,"Customer reports concern related to clutch, replace clutch, transmission. Diagnosis confirmed component failure; full assembly replacement completed under warranty per applicable TSB. Vehicle line C346N FOCUS [12-18]. [synthetic sanitized narrative]",2058.55,4.9,3936
42975605,"Customer reports concern related to clutch, replace clutch, transmission. Diagnosis confirmed component failure; full assembly replacement completed under warranty per applicable TSB. Vehicle line C346N FOCUS [12-18]. [synthetic sanitized narrative]",1707.64,7.4,3936
42145490,"Customer reports concern related to clutch, replace clutch, transmission. Diagnosis performed; minor repair/reseal completed under warranty per applicable TSB. Vehicle line C346N FOCUS [12-18]. [synthetic sanitized narrative]",1177.63,6.2,3936
42860149,"Customer reports concern related to clutch, replace clutch, transmission. Diagnosis performed; minor repair/reseal completed under warranty per applicable TSB. Vehicle line C346N FOCUS [12-18]. [synthetic sanitized narrative]",1339.68,5.8,3936
42715227,"Customer reports concern related to clutch, replace clutch, transmission. Diagnosis confirmed component failure; full assembly replacement completed under warranty per applicable TSB. Vehicle line C346N FOCUS [12-18]. [synthetic sanitized narrative]",2111.28,10.0,3936
42460499,"Customer reports concern related to clutch, replace clutch, transmission. Diagnosis performed; minor repair/reseal completed under warranty per applicable TSB. Vehicle line C346N FOCUS [12-18]. [synthetic sanitized narrative]",1143.88,7.0,3936
42449693,"Customer reports concern related to water pump, water, pump. Diagnosis performed; minor repair/reseal completed under warranty per applicable TSB. Vehicle line U502N EXPLORER [11-19]. [synthetic sanitized narrative]",1530.59,9.1,53967
43102705,"Customer reports concern related to water pump, water, pump. Diagnosis performed; minor repair/reseal completed under warranty per applicable TSB. Vehicle line U502N EXPLORER [11-19]. [synthetic sanitized narrative]",1530.04,9.6,53967
42083536,"Customer reports concern related to long block, block, long. Diagnosis performed; minor repair/reseal completed under warranty per applicable TSB. Vehicle line CD539N EDGE [15-24]. [synthetic sanitized narrative]",4417.66,17.7,14641
42693284,"Customer reports concern related to oil, oil pan, pan. Diagnosis confirmed component failure; full assembly replacement completed under warranty per applicable TSB. Vehicle line P558N SUPER DUTY [17-22]. [synthetic sanitized narrative]",2795.53,15.9,40109
37566539,"Customer reports concern related to oil, oil pan, pan. Diagnosis confirmed component failure; full assembly replacement completed under warranty per applicable TSB. Vehicle line P558N SUPER DUTY [17-22]. [synthetic sanitized narrative]",2173.08,13.6,40109
39851462,"Customer reports concern related to long block, block, long. Diagnosis confirmed component failure; full assembly replacement completed under warranty per applicable TSB. Vehicle line CD539N EDGE [15-24]. [synthetic sanitized narrative]",4734.93,13.9,14641
42561396,"Customer reports concern related to long block, block, long. Diagnosis performed; minor repair/reseal completed under warranty per applicable TSB. Vehicle line CD539N EDGE [15-24]. [synthetic sanitized narrative]",4323.1,16.5,14641
42992764,"Customer reports concern related to transmission, repair, fluid. Diagnosis performed; minor repair/reseal completed under warranty per applicable TSB. Vehicle line V408E TRANSIT CONNECT [13-24]. [synthetic sanitized narrative]",2850.22,16.9,71778
42451741,"Customer reports concern related to oil, oil pan, pan. Diagnosis performed; minor repair/reseal completed under warranty per applicable TSB. Vehicle line P558N SUPER DUTY [17-22]. [synthetic sanitized narrative]",1931.87,12.4,40109
42677081,"Customer reports concern related to transmission, repair, fluid. Diagnosis confirmed component failure; full assembly replacement completed under warranty per applicable TSB. Vehicle line V408E TRANSIT CONNECT [13-24]. [synthetic sanitized narrative]",4928.72,24.3,71778
43091724,"Customer reports concern related to rattle, phasers, cam. Diagnosis confirmed component failure; full assembly replacement completed under warranty per applicable TSB. Vehicle line P552N F-150 [15-20]. [synthetic sanitized narrative]",2244.09,13.5,33030
42463353,"Customer reports concern related to long block, block, long. Diagnosis confirmed component failure; full assembly replacement completed under warranty per applicable TSB. Vehicle line CD539N EDGE [15-24]. [synthetic sanitized narrative]",4903.45,21.5,14641
39201483,"Customer reports concern related to long block, block, long. Diagnosis confirmed component failure; full assembly replacement completed under warranty per applicable TSB. Vehicle line CD539N EDGE [15-24]. [synthetic sanitized narrative]",5854.15,14.9,14641
39416492,"Customer reports concern related to long block, block, long. Diagnosis confirmed component failure; full assembly replacement completed under warranty per applicable TSB. Vehicle line CD539N EDGE [15-24]. [synthetic sanitized narrative]",5556.53,15.5,14641
39913484,"Customer reports concern related to long block, block, long. Diagnosis confirmed component failure; full assembly replacement completed under warranty per applicable TSB. Vehicle line CD539N EDGE [15-24]. [synthetic sanitized narrative]",4709.83,14.9,14641
42792132,"Customer reports concern related to main control, main, transmission. Diagnosis confirmed component failure; full assembly replacement completed under warranty per applicable TSB. Vehicle line P552N F-150 [15-20]. [synthetic sanitized narrative]",3769.3,20.1,35069
42464814,"Customer reports concern related to transmission, repair, fluid. Diagnosis confirmed component failure; full assembly replacement completed under warranty per applicable TSB. Vehicle line V408E TRANSIT CONNECT [13-24]. [synthetic sanitized narrative]",3867.23,26.9,71778
42964036,"Customer reports concern related to water pump, water, pump. Diagnosis performed; minor repair/reseal completed under warranty per applicable TSB. Vehicle line U502N EXPLORER [11-19]. [synthetic sanitized narrative]",1234.28,9.1,53967
42978931,"Customer reports concern related to oil, oil pan, pan. Diagnosis performed; minor repair/reseal completed under warranty per applicable TSB. Vehicle line P558N SUPER DUTY [17-22]. [synthetic sanitized narrative]",1662.29,13.3,40109
40294477,"Customer reports concern related to long block, block, long. Diagnosis performed; minor repair/reseal completed under warranty per applicable TSB. Vehicle line CD539N EDGE [15-24]. [synthetic sanitized narrative]",4442.01,17.3,14641
39425509,"Customer reports concern related to long block, block, long. Diagnosis performed; minor repair/reseal completed under warranty per applicable TSB. Vehicle line CD539N EDGE [15-24]. [synthetic sanitized narrative]",4150.79,15.2,14641
43004619,"Customer reports concern related to long block, block, long. Diagnosis confirmed component failure; full assembly replacement completed under warranty per applicable TSB. Vehicle line P552N F-150 [15-20]. [synthetic sanitized narrative]",8938.39,18.3,32954
38453460,"Customer reports concern related to long block, block, long. Diagnosis performed; minor repair/reseal completed under warranty per applicable TSB. Vehicle line CD539N EDGE [15-24]. [synthetic sanitized narrative]",3956.47,15.1,14641
42622439,"Customer reports concern related to long block, block, long. Diagnosis confirmed component failure; full assembly replacement completed under warranty per applicable TSB. Vehicle line CD539N EDGE [15-24]. [synthetic sanitized narrative]",5151.59,16.5,14641
42632192,"Customer reports concern related to long block, block, long. Diagnosis performed; minor repair/reseal completed under warranty per applicable TSB. Vehicle line CD539N EDGE [15-24]. [synthetic sanitized narrative]",3842.2,15.8,14641
40224523,"Customer reports concern related to long block, block, long. Diagnosis performed; minor repair/reseal completed under warranty per applicable TSB. Vehicle line CD539N EDGE [15-24]. [synthetic sanitized narrative]",4377.86,15.8,14641
41863483,"Customer reports concern related to long block, block, long. Diagnosis confirmed component failure; full assembly replacement completed under warranty per applicable TSB. Vehicle line CD539N EDGE [15-24]. [synthetic sanitized narrative]",4648.79,13.4,14641
42761926,"Customer reports concern related to long block, block, long. Diagnosis performed; minor repair/reseal completed under warranty per applicable TSB. Vehicle line P552N F-150 [15-20]. [synthetic sanitized narrative]",7706.36,16.8,32954
38575569,"Customer reports concern related to long block, block, long. Diagnosis performed; minor repair/reseal completed under warranty per applicable TSB. Vehicle line CD539N EDGE [15-24]. [synthetic sanitized narrative]",3811.58,17.0,14641
42575081,"Customer reports concern related to long block, block, long. Diagnosis performed; minor repair/reseal completed under warranty per applicable TSB. Vehicle line CD539N EDGE [15-24]. [synthetic sanitized narrative]",4514.21,15.7,14641
43117102,"Customer reports concern related to long block, block, long. Diagnosis confirmed component failure; full assembly replacement completed under warranty per applicable TSB. Vehicle line CD539N EDGE [15-24]. [synthetic sanitized narrative]",6337.38,13.4,14641
40588452,"Customer reports concern related to long block, block, long. Diagnosis confirmed component failure; full assembly replacement completed under warranty per applicable TSB. Vehicle line CD539N EDGE [15-24]. [synthetic sanitized narrative]",5036.99,15.2,14641
42488098,"Customer reports concern related to long block, block, long. Diagnosis performed; minor repair/reseal completed under warranty per applicable TSB. Vehicle line CD539N EDGE [15-24]. [synthetic sanitized narrative]",4416.58,15.1,14641
39351487,"Customer reports concern related to long block, block, long. Diagnosis performed; minor repair/reseal completed under warranty per applicable TSB. Vehicle line CD539N EDGE [15-24]. [synthetic sanitized narrative]",3362.22,15.8,14641
42547749,"Customer reports concern related to long block, block, long. Diagnosis confirmed component failure; full assembly replacement completed under warranty per applicable TSB. Vehicle line CD539N EDGE [15-24]. [synthetic sanitized narrative]",5728.98,17.3,14641
37077487,"Customer reports concern related to long block, block, long. Diagnosis performed; minor repair/reseal completed under warranty per applicable TSB. Vehicle line CD539N EDGE [15-24]. [synthetic sanitized narrative]",3949.73,14.9,14641
43146764,"Customer reports concern related to long block, block, long. Diagnosis performed; minor repair/reseal completed under warranty per applicable TSB. Vehicle line P552N F-150 [15-20]. [synthetic sanitized narrative]",8285.35,24.6,32954
42973740,"Customer reports concern related to long block, block, long. Diagnosis confirmed component failure; full assembly replacement completed under warranty per applicable TSB. Vehicle line P552N F-150 [15-20]. [synthetic sanitized narrative]",9436.34,23.5,32954
42087456,"Customer reports concern related to long block, block, long. Diagnosis performed; minor repair/reseal completed under warranty per applicable TSB. Vehicle line CD539N EDGE [15-24]. [synthetic sanitized narrative]",4400.75,15.2,14641
42763390,"Customer reports concern related to long block, block, long. Diagnosis performed; minor repair/reseal completed under warranty per applicable TSB. Vehicle line CD539N EDGE [15-24]. [synthetic sanitized narrative]",4487.08,15.8,14641
42639925,"Customer reports concern related to long block, block, long. Diagnosis performed; minor repair/reseal completed under warranty per applicable TSB. Vehicle line CD539N EDGE [15-24]. [synthetic sanitized narrative]",4486.13,14.0,14641
42955597,"Customer reports concern related to long block, block, long. Diagnosis confirmed component failure; full assembly replacement completed under warranty per applicable TSB. Vehicle line P552N F-150 [15-20]. [synthetic sanitized narrative]",10130.76,17.9,32954
41456571,"Customer reports concern related to long block, block, long. Diagnosis confirmed component failure; full assembly replacement completed under warranty per applicable TSB. Vehicle line CD539N EDGE [15-24]. [synthetic sanitized narrative]",5214.69,14.0,14641
39174469,"Customer reports concern related to long block, block, long. Diagnosis confirmed component failure; full assembly replacement completed under warranty per applicable TSB. Vehicle line CD539N EDGE [15-24]. [synthetic sanitized narrative]",4694.3,15.8,14641
42454635,"Customer reports concern related to long block, block, long. Diagnosis confirmed component failure; full assembly replacement completed under warranty per applicable TSB. Vehicle line CD539N EDGE [15-24]. [synthetic sanitized narrative]",4708.91,15.2,14641
36950452,"Customer reports concern related to long block, block, long. Diagnosis confirmed component failure; full assembly replacement completed under warranty per applicable TSB. Vehicle line CD539N EDGE [15-24]. [synthetic sanitized narrative]",4652.54,15.0,14641
42915825,"Customer reports concern related to long block, block, long. Diagnosis performed; minor repair/reseal completed under warranty per applicable TSB. Vehicle line P552N F-150 [15-20]. [synthetic sanitized narrative]",8545.18,18.1,32954
43041447,"Customer reports concern related to long block, block, long. Diagnosis confirmed component failure; full assembly replacement completed under warranty per applicable TSB. Vehicle line P552N F-150 [15-20]. [synthetic sanitized narrative]",13467.72,37.9,32954
43047376,"Customer reports concern related to long block, block, long. Diagnosis performed; minor repair/reseal completed under warranty per applicable TSB. Vehicle line CD539N EDGE [15-24]. [synthetic sanitized narrative]",3710.23,15.8,14641
42836487,"Customer reports concern related to long block, block, long. Diagnosis performed; minor repair/reseal completed under warranty per applicable TSB. Vehicle line P552N F-150 [15-20]. [synthetic sanitized narrative]",7233.71,15.3,32954
37581488,"Customer reports concern related to long block, block, long. Diagnosis performed; minor repair/reseal completed under warranty per applicable TSB. Vehicle line CD539N EDGE [15-24]. [synthetic sanitized narrative]",4482.79,13.3,14641
38371488,"Customer reports concern related to long block, block, long. Diagnosis confirmed component failure; full assembly replacement completed under warranty per applicable TSB. Vehicle line CD539N EDGE [15-24]. [synthetic sanitized narrative]",4879.47,15.6,14641
39370561,"Customer reports concern related to long block, block, long. Diagnosis performed; minor repair/reseal completed under warranty per applicable TSB. Vehicle line CD539N EDGE [15-24]. [synthetic sanitized narrative]",3623.83,13.9,14641
37770457,"Customer reports concern related to long block, block, long. Diagnosis performed; minor repair/reseal completed under warranty per applicable TSB. Vehicle line CD539N EDGE [15-24]. [synthetic sanitized narrative]",3761.0,15.6,14641
42923592,"Customer reports concern related to long block, block, long. Diagnosis performed; minor repair/reseal completed under warranty per applicable TSB. Vehicle line P552N F-150 [15-20]. [synthetic sanitized narrative]",7668.96,15.3,32954
39048487,"Customer reports concern related to long block, block, long. Diagnosis confirmed component failure; full assembly replacement completed under warranty per applicable TSB. Vehicle line CD539N EDGE [15-24]. [synthetic sanitized narrative]",5104.42,18.5,14641
36967540,"Customer reports concern related to long block, block, long. Diagnosis performed; minor repair/reseal completed under warranty per applicable TSB. Vehicle line CD539N EDGE [15-24]. [synthetic sanitized narrative]",4421.6,15.6,14641
38244460,"Customer reports concern related to long block, block, long. Diagnosis confirmed component failure; full assembly replacement completed under warranty per applicable TSB. Vehicle line CD539N EDGE [15-24]. [synthetic sanitized narrative]",4667.01,13.4,14641
36688480,"Customer reports concern related to long block, block, long. Diagnosis confirmed component failure; full assembly replacement completed under warranty per applicable TSB. Vehicle line CD539N EDGE [15-24]. [synthetic sanitized narrative]",5698.59,13.3,14641
42675396,"Customer reports concern related to long block, block, long. Diagnosis confirmed component failure; full assembly replacement completed under warranty per applicable TSB. Vehicle line CD539N EDGE [15-24]. [synthetic sanitized narrative]",6336.41,15.5,14641
39467473,"Customer reports concern related to long block, block, long. Diagnosis confirmed component failure; full assembly replacement completed under warranty per applicable TSB. Vehicle line CD539N EDGE [15-24]. [synthetic sanitized narrative]",5255.33,13.4,14641
39579452,"Customer reports concern related to long block, block, long. Diagnosis confirmed component failure; full assembly replacement completed under warranty per applicable TSB. Vehicle line CD539N EDGE [15-24]. [synthetic sanitized narrative]",5084.9,13.4,14641
43029724,"Customer reports concern related to long block, block, long. Diagnosis performed; minor repair/reseal completed under warranty per applicable TSB. Vehicle line CD539N EDGE [15-24]. [synthetic sanitized narrative]",4448.62,15.2,14641
42921063,"Customer reports concern related to long block, block, long. Diagnosis performed; minor repair/reseal completed under warranty per applicable TSB. Vehicle line P552N F-150 [15-20]. [synthetic sanitized narrative]",7453.88,15.3,32954
42737561,"Customer reports concern related to long block, block, long. Diagnosis performed; minor repair/reseal completed under warranty per applicable TSB. Vehicle line CD539N EDGE [15-24]. [synthetic sanitized narrative]",4554.79,19.4,14641
42447537,"Customer reports concern related to long block, block, long. Diagnosis performed; minor repair/reseal completed under warranty per applicable TSB. Vehicle line CD539N EDGE [15-24]. [synthetic sanitized narrative]",4467.12,15.8,14641
41712479,"Customer reports concern related to long block, block, long. Diagnosis performed; minor repair/reseal completed under warranty per applicable TSB. Vehicle line CD539N EDGE [15-24]. [synthetic sanitized narrative]",3420.03,16.7,14641
42980894,"Customer reports concern related to long block, block, long. Diagnosis performed; minor repair/reseal completed under warranty per applicable TSB. Vehicle line CD539N EDGE [15-24]. [synthetic sanitized narrative]",3458.28,15.2,14641
42458770,"Customer reports concern related to long block, block, long. Diagnosis confirmed component failure; full assembly replacement completed under warranty per applicable TSB. Vehicle line P552N F-150 [15-20]. [synthetic sanitized narrative]",9160.79,16.3,32954
38966451,"Customer reports concern related to long block, block, long. Diagnosis confirmed component failure; full assembly replacement completed under warranty per applicable TSB. Vehicle line CD539N EDGE [15-24]. [synthetic sanitized narrative]",4628.79,15.8,14641
42831317,"Customer reports concern related to long block, block, long. Diagnosis confirmed component failure; full assembly replacement completed under warranty per applicable TSB. Vehicle line CD539N EDGE [15-24]. [synthetic sanitized narrative]",6020.14,13.4,14641
43016436,"Customer reports concern related to long block, block, long. Diagnosis performed; minor repair/reseal completed under warranty per applicable TSB. Vehicle line CD539N EDGE [15-24]. [synthetic sanitized narrative]",4506.95,15.8,14641
42611269,"Customer reports concern related to long block, block, long. Diagnosis performed; minor repair/reseal completed under warranty per applicable TSB. Vehicle line CD539N EDGE [15-24]. [synthetic sanitized narrative]",4465.63,17.5,14641
40095481,"Customer reports concern related to long block, block, long. Diagnosis performed; minor repair/reseal completed under warranty per applicable TSB. Vehicle line CD539N EDGE [15-24]. [synthetic sanitized narrative]",3295.39,13.4,14641
43051986,"Customer reports concern related to long block, block, long. Diagnosis confirmed component failure; full assembly replacement completed under warranty per applicable TSB. Vehicle line CD539N EDGE [15-24]. [synthetic sanitized narrative]",5072.99,13.4,14641
40065537,"Customer reports concern related to rattle, phasers, cam. Diagnosis confirmed component failure; full assembly replacement completed under warranty per applicable TSB. Vehicle line P552N F-150 [15-20]. [synthetic sanitized narrative]",2097.22,12.4,33030
42578158,"Customer reports concern related to rattle, phasers, cam. Diagnosis performed; minor repair/reseal completed under warranty per applicable TSB. Vehicle line P552N F-150 [15-20]. [synthetic sanitized narrative]",1808.88,9.6,33030
39256486,"Customer reports concern related to rattle, phasers, cam. Diagnosis performed; minor repair/reseal completed under warranty per applicable TSB. Vehicle line P552N F-150 [15-20]. [synthetic sanitized narrative]",1427.27,9.5,33030
38609572,"Customer reports concern related to rattle, phasers, cam. Diagnosis performed; minor repair/reseal completed under warranty per applicable TSB. Vehicle line P552N F-150 [15-20]. [synthetic sanitized narrative]",1379.94,9.6,33030
40207473,"Customer reports concern related to rattle, phasers, cam. Diagnosis confirmed component failure; full assembly replacement completed under warranty per applicable TSB. Vehicle line P552N F-150 [15-20]. [synthetic sanitized narrative]",1926.26,11.9,33030
37432522,"Customer reports concern related to rattle, phasers, cam. Diagnosis confirmed component failure; full assembly replacement completed under warranty per applicable TSB. Vehicle line P552N F-150 [15-20]. [synthetic sanitized narrative]",2768.91,9.8,33030
38365546,"Customer reports concern related to rattle, phasers, cam. Diagnosis performed; minor repair/reseal completed under warranty per applicable TSB. Vehicle line P552N F-150 [15-20]. [synthetic sanitized narrative]",1893.74,9.7,33030
38430472,"Customer reports concern related to rattle, phasers, cam. Diagnosis performed; minor repair/reseal completed under warranty per applicable TSB. Vehicle line P552N F-150 [15-20]. [synthetic sanitized narrative]",1470.64,9.6,33030
39507522,"Customer reports concern related to rattle, phasers, cam. Diagnosis performed; minor repair/reseal completed under warranty per applicable TSB. Vehicle line P552N F-150 [15-20]. [synthetic sanitized narrative]",1579.08,9.7,33030
37532497,"Customer reports concern related to rattle, phasers, cam. Diagnosis performed; minor repair/reseal completed under warranty per applicable TSB. Vehicle line P552N F-150 [15-20]. [synthetic sanitized narrative]",1163.99,9.7,33030
43137323,"Customer reports concern related to rattle, phasers, cam. Diagnosis performed; minor repair/reseal completed under warranty per applicable TSB. Vehicle line P552N F-150 [15-20]. [synthetic sanitized narrative]",1670.51,9.6,33030
43033201,"Customer reports concern related to rattle, phasers, cam. Diagnosis performed; minor repair/reseal completed under warranty per applicable TSB. Vehicle line P552N F-150 [15-20]. [synthetic sanitized narrative]",1889.97,9.6,33030
42946465,"Customer reports concern related to rattle, phasers, cam. Diagnosis performed; minor repair/reseal completed under warranty per applicable TSB. Vehicle line P552N F-150 [15-20]. [synthetic sanitized narrative]",1451.22,9.6,33030
39227458,"Customer reports concern related to rattle, phasers, cam. Diagnosis confirmed component failure; full assembly replacement completed under warranty per applicable TSB. Vehicle line P552N F-150 [15-20]. [synthetic sanitized narrative]",2173.35,12.6,33030
43082132,"Customer reports concern related to rattle, phasers, cam. Diagnosis performed; minor repair/reseal completed under warranty per applicable TSB. Vehicle line P552N F-150 [15-20]. [synthetic sanitized narrative]",1669.19,9.7,33030
42137489,"Customer reports concern related to rattle, phasers, cam. Diagnosis performed; minor repair/reseal completed under warranty per applicable TSB. Vehicle line P552N F-150 [15-20]. [synthetic sanitized narrative]",1593.07,9.6,33030
42868420,"Customer reports concern related to rattle, phasers, cam. Diagnosis performed; minor repair/reseal completed under warranty per applicable TSB. Vehicle line P552N F-150 [15-20]. [synthetic sanitized narrative]",1820.16,9.6,33030
42637587,"Customer reports concern related to rattle, phasers, cam. Diagnosis performed; minor repair/reseal completed under warranty per applicable TSB. Vehicle line P552N F-150 [15-20]. [synthetic sanitized narrative]",1610.6,9.7,33030
42408542,"Customer reports concern related to rattle, phasers, cam. Diagnosis performed; minor repair/reseal completed under warranty per applicable TSB. Vehicle line P552N F-150 [15-20]. [synthetic sanitized narrative]",1304.73,9.6,33030
39145499,"Customer reports concern related to rattle, phasers, cam. Diagnosis confirmed component failure; full assembly replacement completed under warranty per applicable TSB. Vehicle line P552N F-150 [15-20]. [synthetic sanitized narrative]",1927.44,10.8,33030
40086474,"Customer reports concern related to long block, block, long. Diagnosis performed; minor repair/reseal completed under warranty per applicable TSB. Vehicle line P552N F-150 [15-20]. [synthetic sanitized narrative]",8001.33,18.7,32954
43069648,"Customer reports concern related to rattle, phasers, cam. Diagnosis performed; minor repair/reseal completed under warranty per applicable TSB. Vehicle line P552N F-150 [15-20]. [synthetic sanitized narrative]",1534.34,9.6,33030
38889459,"Customer reports concern related to rattle, phasers, cam. Diagnosis confirmed component failure; full assembly replacement completed under warranty per applicable TSB. Vehicle line P552N F-150 [15-20]. [synthetic sanitized narrative]",2158.74,16.0,33030
42437190,"Customer reports concern related to rattle, phasers, cam. Diagnosis performed; minor repair/reseal completed under warranty per applicable TSB. Vehicle line P552N F-150 [15-20]. [synthetic sanitized narrative]",1737.01,9.7,33030
42865241,"Customer reports concern related to rattle, phasers, cam. Diagnosis confirmed component failure; full assembly replacement completed under warranty per applicable TSB. Vehicle line P552N F-150 [15-20]. [synthetic sanitized narrative]",2779.59,12.5,33030
42546698,"Customer reports concern related to rattle, phasers, cam. Diagnosis confirmed component failure; full assembly replacement completed under warranty per applicable TSB. Vehicle line P552N F-150 [15-20]. [synthetic sanitized narrative]",2240.75,9.6,33030
39310739,"Customer reports concern related to rattle, phasers, cam. Diagnosis performed; minor repair/reseal completed under warranty per applicable TSB. Vehicle line P552N F-150 [15-20]. [synthetic sanitized narrative]",1100.22,9.6,33030
42684877,"Customer reports concern related to rattle, phasers, cam. Diagnosis performed; minor repair/reseal completed under warranty per applicable TSB. Vehicle line P552N F-150 [15-20]. [synthetic sanitized narrative]",1849.59,11.2,33030
37612460,"Customer reports concern related to rattle, phasers, cam. Diagnosis performed; minor repair/reseal completed under warranty per applicable TSB. Vehicle line P552N F-150 [15-20]. [synthetic sanitized narrative]",1442.99,9.6,33030
42881914,"Customer reports concern related to rattle, phasers, cam. Diagnosis confirmed component failure; full assembly replacement completed under warranty per applicable TSB. Vehicle line P552N F-150 [15-20]. [synthetic sanitized narrative]",2231.75,12.8,33030
43052826,"Customer reports concern related to rattle, phasers, cam. Diagnosis performed; minor repair/reseal completed under warranty per applicable TSB. Vehicle line P552N F-150 [15-20]. [synthetic sanitized narrative]",1384.53,9.6,33030
42846173,"Customer reports concern related to rattle, phasers, cam. Diagnosis confirmed component failure; full assembly replacement completed under warranty per applicable TSB. Vehicle line P552N F-150 [15-20]. [synthetic sanitized narrative]",2023.06,9.6,33030
43017201,"Customer reports concern related to rattle, phasers, cam. Diagnosis confirmed component failure; full assembly replacement completed under warranty per applicable TSB. Vehicle line P552N F-150 [15-20]. [synthetic sanitized narrative]",5642.93,37.1,33030
41339598,"Customer reports concern related to rattle, phasers, cam. Diagnosis confirmed component failure; full assembly replacement completed under warranty per applicable TSB. Vehicle line P552N F-150 [15-20]. [synthetic sanitized narrative]",2009.3,10.1,33030
40015462,"Customer reports concern related to rattle, phasers, cam. Diagnosis performed; minor repair/reseal completed under warranty per applicable TSB. Vehicle line P552N F-150 [15-20]. [synthetic sanitized narrative]",1256.08,9.7,33030
41980549,"Customer reports concern related to rattle, phasers, cam. Diagnosis performed; minor repair/reseal completed under warranty per applicable TSB. Vehicle line P552N F-150 [15-20]. [synthetic sanitized narrative]",1827.14,10.7,33030
42705447,"Customer reports concern related to rattle, phasers, cam. Diagnosis performed; minor repair/reseal completed under warranty per applicable TSB. Vehicle line P552N F-150 [15-20]. [synthetic sanitized narrative]",1657.31,9.6,33030
39053698,"Customer reports concern related to rattle, phasers, cam. Diagnosis performed; minor repair/reseal completed under warranty per applicable TSB. Vehicle line P552N F-150 [15-20]. [synthetic sanitized narrative]",1593.51,9.7,33030
37354523,"Customer reports concern related to rattle, phasers, cam. Diagnosis performed; minor repair/reseal completed under warranty per applicable TSB. Vehicle line P552N F-150 [15-20]. [synthetic sanitized narrative]",545.82,4.2,33030
42223474,"Customer reports concern related to rattle, phasers, cam. Diagnosis confirmed component failure; full assembly replacement completed under warranty per applicable TSB. Vehicle line P552N F-150 [15-20]. [synthetic sanitized narrative]",1989.15,13.2,33030
42516724,"Customer reports concern related to oil, oil pan, pan. Diagnosis performed; minor repair/reseal completed under warranty per applicable TSB. Vehicle line P558N SUPER DUTY [17-22]. [synthetic sanitized narrative]",1347.07,10.2,40109
43078009,"Customer reports concern related to oil, oil pan, pan. Diagnosis confirmed component failure; full assembly replacement completed under warranty per applicable TSB. Vehicle line P558N SUPER DUTY [17-22]. [synthetic sanitized narrative]",2355.23,10.9,40109
43062978,"Customer reports concern related to oil, oil pan, pan. Diagnosis performed; minor repair/reseal completed under warranty per applicable TSB. Vehicle line P558N SUPER DUTY [17-22]. [synthetic sanitized narrative]",1765.49,10.2,40109
43007405,"Customer reports concern related to oil, oil pan, pan. Diagnosis confirmed component failure; full assembly replacement completed under warranty per applicable TSB. Vehicle line P558N SUPER DUTY [17-22]. [synthetic sanitized narrative]",1945.9,11.9,40109
42486551,"Customer reports concern related to oil, oil pan, pan. Diagnosis confirmed component failure; full assembly replacement completed under warranty per applicable TSB. Vehicle line P558N SUPER DUTY [17-22]. [synthetic sanitized narrative]",8389.64,21.9,40109
42416949,"Customer reports concern related to oil, oil pan, pan. Diagnosis performed; minor repair/reseal completed under warranty per applicable TSB. Vehicle line P558N SUPER DUTY [17-22]. [synthetic sanitized narrative]",1821.82,13.1,40109
42524891,"Customer reports concern related to oil, oil pan, pan. Diagnosis performed; minor repair/reseal completed under warranty per applicable TSB. Vehicle line P558N SUPER DUTY [17-22]. [synthetic sanitized narrative]",1876.37,11.9,40109
43132047,"Customer reports concern related to oil, oil pan, pan. Diagnosis confirmed component failure; full assembly replacement completed under warranty per applicable TSB. Vehicle line P558N SUPER DUTY [17-22]. [synthetic sanitized narrative]",2241.53,11.6,40109
40633459,"Customer reports concern related to water pump, water, pump. Diagnosis confirmed component failure; full assembly replacement completed under warranty per applicable TSB. Vehicle line U502N EXPLORER [11-19]. [synthetic sanitized narrative]",1689.9,15.4,53967
42593191,"Customer reports concern related to rattle, phasers, cam. Diagnosis confirmed component failure; full assembly replacement completed under warranty per applicable TSB. Vehicle line P552N F-150 [15-20]. [synthetic sanitized narrative]",4743.43,34.8,33030
41427557,"Customer reports concern related to oil, oil pan, pan. Diagnosis confirmed component failure; full assembly replacement completed under warranty per applicable TSB. Vehicle line P558N SUPER DUTY [17-22]. [synthetic sanitized narrative]",2076.43,10.2,40109
42868146,"Customer reports concern related to main control, main, transmission. Diagnosis confirmed component failure; full assembly replacement completed under warranty per applicable TSB. Vehicle line P552N F-150 [15-20]. [synthetic sanitized narrative]",3692.8,23.8,35069
37934493,"Customer reports concern related to oil, oil pan, pan. Diagnosis performed; minor repair/reseal completed under warranty per applicable TSB. Vehicle line P558N SUPER DUTY [17-22]. [synthetic sanitized narrative]",1523.54,13.3,40109
37348488,"Customer reports concern related to rattle, phasers, cam. Diagnosis confirmed component failure; full assembly replacement completed under warranty per applicable TSB. Vehicle line P552N F-150 [15-20]. [synthetic sanitized narrative]",2946.49,23.7,33030
40514457,"Customer reports concern related to oil, oil pan, pan. Diagnosis confirmed component failure; full assembly replacement completed under warranty per applicable TSB. Vehicle line P558N SUPER DUTY [17-22]. [synthetic sanitized narrative]",2201.51,12.7,40109
42476745,"Customer reports concern related to oil, oil pan, pan. Diagnosis performed; minor repair/reseal completed under warranty per applicable TSB. Vehicle line P558N SUPER DUTY [17-22]. [synthetic sanitized narrative]",1425.19,12.0,40109
40566496,"Customer reports concern related to oil, oil pan, pan. Diagnosis performed; minor repair/reseal completed under warranty per applicable TSB. Vehicle line P558N SUPER DUTY [17-22]. [synthetic sanitized narrative]",1471.64,10.2,40109
42572697,"Customer reports concern related to oil, oil pan, pan. Diagnosis performed; minor repair/reseal completed under warranty per applicable TSB. Vehicle line P558N SUPER DUTY [17-22]. [synthetic sanitized narrative]",1664.46,10.2,40109
37775466,"Customer reports concern related to oil, oil pan, pan. Diagnosis confirmed component failure; full assembly replacement completed under warranty per applicable TSB. Vehicle line P558N SUPER DUTY [17-22]. [synthetic sanitized narrative]",2592.87,16.5,40109
42516723,"Customer reports concern related to oil, oil pan, pan. Diagnosis confirmed component failure; full assembly replacement completed under warranty per applicable TSB. Vehicle line P558N SUPER DUTY [17-22]. [synthetic sanitized narrative]",2262.59,14.3,40109
42550723,"Customer reports concern related to oil, oil pan, pan. Diagnosis performed; minor repair/reseal completed under warranty per applicable TSB. Vehicle line P558N SUPER DUTY [17-22]. [synthetic sanitized narrative]",1771.39,10.2,40109
40151552,"Customer reports concern related to oil, oil pan, pan. Diagnosis performed; minor repair/reseal completed under warranty per applicable TSB. Vehicle line P558N SUPER DUTY [17-22]. [synthetic sanitized narrative]",1574.14,10.2,40109
42845636,"Customer reports concern related to oil, oil pan, pan. Diagnosis confirmed component failure; full assembly replacement completed under warranty per applicable TSB. Vehicle line P558N SUPER DUTY [17-22]. [synthetic sanitized narrative]",3810.79,16.1,40109
37242451,"Customer reports concern related to rattle, phasers, cam. Diagnosis confirmed component failure; full assembly replacement completed under warranty per applicable TSB. Vehicle line P552N F-150 [15-20]. [synthetic sanitized narrative]",2343.28,13.2,33030
42696545,"Customer reports concern related to oil, oil pan, pan. Diagnosis confirmed component failure; full assembly replacement completed under warranty per applicable TSB. Vehicle line P558N SUPER DUTY [17-22]. [synthetic sanitized narrative]",5019.94,16.2,40109
41499480,"Customer reports concern related to oil, oil pan, pan. Diagnosis performed; minor repair/reseal completed under warranty per applicable TSB. Vehicle line P558N SUPER DUTY [17-22]. [synthetic sanitized narrative]",1166.76,10.2,40109
43144854,"Customer reports concern related to oil, oil pan, pan. Diagnosis performed; minor repair/reseal completed under warranty per applicable TSB. Vehicle line P558N SUPER DUTY [17-22]. [synthetic sanitized narrative]",1868.39,10.6,40109
42542004,"Customer reports concern related to oil, oil pan, pan. Diagnosis performed; minor repair/reseal completed under warranty per applicable TSB. Vehicle line P558N SUPER DUTY [17-22]. [synthetic sanitized narrative]",1387.39,10.2,40109
42924879,"Customer reports concern related to main control, main, transmission. Diagnosis confirmed component failure; full assembly replacement completed under warranty per applicable TSB. Vehicle line P552N F-150 [15-20]. [synthetic sanitized narrative]",7006.81,21.3,35069
41636472,"Customer reports concern related to oil, oil pan, pan. Diagnosis performed; minor repair/reseal completed under warranty per applicable TSB. Vehicle line P558N SUPER DUTY [17-22]. [synthetic sanitized narrative]",1369.39,10.6,40109
42503997,"Customer reports concern related to oil, oil pan, pan. Diagnosis confirmed component failure; full assembly replacement completed under warranty per applicable TSB. Vehicle line P558N SUPER DUTY [17-22]. [synthetic sanitized narrative]",2894.75,10.2,40109
43109725,"Customer reports concern related to oil, oil pan, pan. Diagnosis performed; minor repair/reseal completed under warranty per applicable TSB. Vehicle line P558N SUPER DUTY [17-22]. [synthetic sanitized narrative]",1574.36,11.0,40109
42824171,"Customer reports concern related to oil, oil pan, pan. Diagnosis performed; minor repair/reseal completed under warranty per applicable TSB. Vehicle line P558N SUPER DUTY [17-22]. [synthetic sanitized narrative]",1669.62,10.3,40109
43143793,"Customer reports concern related to oil, oil pan, pan. Diagnosis confirmed component failure; full assembly replacement completed under warranty per applicable TSB. Vehicle line P558N SUPER DUTY [17-22]. [synthetic sanitized narrative]",2258.65,10.2,40109
40374540,"Customer reports concern related to oil, oil pan, pan. Diagnosis performed; minor repair/reseal completed under warranty per applicable TSB. Vehicle line P558N SUPER DUTY [17-22]. [synthetic sanitized narrative]",947.19,10.2,40109
43093038,"Customer reports concern related to oil, oil pan, pan. Diagnosis confirmed component failure; full assembly replacement completed under warranty per applicable TSB. Vehicle line P558N SUPER DUTY [17-22]. [synthetic sanitized narrative]",2297.44,11.6,40109
42753444,"Customer reports concern related to long block, block, long. Diagnosis performed; minor repair/reseal completed under warranty per applicable TSB. Vehicle line P552N F-150 [15-20]. [synthetic sanitized narrative]",8228.57,18.4,32954
42731342,"Customer reports concern related to oil, oil pan, pan. Diagnosis confirmed component failure; full assembly replacement completed under warranty per applicable TSB. Vehicle line P558N SUPER DUTY [17-22]. [synthetic sanitized narrative]",2092.19,13.1,40109
42544240,"Customer reports concern related to oil, oil pan, pan. Diagnosis performed; minor repair/reseal completed under warranty per applicable TSB. Vehicle line P558N SUPER DUTY [17-22]. [synthetic sanitized narrative]",1894.68,11.6,40109
42595491,"Customer reports concern related to oil, oil pan, pan. Diagnosis performed; minor repair/reseal completed under warranty per applicable TSB. Vehicle line P558N SUPER DUTY [17-22]. [synthetic sanitized narrative]",1544.39,10.3,40109
42885182,"Customer reports concern related to long block, block, long. Diagnosis performed; minor repair/reseal completed under warranty per applicable TSB. Vehicle line P552N F-150 [15-20]. [synthetic sanitized narrative]",8088.66,14.2,32954
42899435,"Customer reports concern related to long block, block, long. Diagnosis performed; minor repair/reseal completed under warranty per applicable TSB. Vehicle line P552N F-150 [15-20]. [synthetic sanitized narrative]",7359.52,14.1,32954
43067798,"Customer reports concern related to long block, block, long. Diagnosis confirmed component failure; full assembly replacement completed under warranty per applicable TSB. Vehicle line P552N F-150 [15-20]. [synthetic sanitized narrative]",9743.59,34.5,32954
43133208,"Customer reports concern related to long block, block, long. Diagnosis confirmed component failure; full assembly replacement completed under warranty per applicable TSB. Vehicle line P552N F-150 [15-20]. [synthetic sanitized narrative]",9692.02,16.6,32954
42957412,"Customer reports concern related to long block, block, long. Diagnosis confirmed component failure; full assembly replacement completed under warranty per applicable TSB. Vehicle line P552N F-150 [15-20]. [synthetic sanitized narrative]",11996.58,16.2,32954
42951555,"Customer reports concern related to long block, block, long. Diagnosis confirmed component failure; full assembly replacement completed under warranty per applicable TSB. Vehicle line P552N F-150 [15-20]. [synthetic sanitized narrative]",10783.58,15.9,32954
43088948,"Customer reports concern related to long block, block, long. Diagnosis performed; minor repair/reseal completed under warranty per applicable TSB. Vehicle line P552N F-150 [15-20]. [synthetic sanitized narrative]",7900.39,15.5,32954
43023694,"Customer reports concern related to long block, block, long. Diagnosis performed; minor repair/reseal completed under warranty per applicable TSB. Vehicle line P552N F-150 [15-20]. [synthetic sanitized narrative]",8633.85,18.2,32954
42961725,"Customer reports concern related to long block, block, long. Diagnosis performed; minor repair/reseal completed under warranty per applicable TSB. Vehicle line P552N F-150 [15-20]. [synthetic sanitized narrative]",8479.65,19.0,32954
41744495,"Customer reports concern related to long block, block, long. Diagnosis performed; minor repair/reseal completed under warranty per applicable TSB. Vehicle line P552N F-150 [15-20]. [synthetic sanitized narrative]",6008.15,17.3,32954
43135399,"Customer reports concern related to long block, block, long. Diagnosis confirmed component failure; full assembly replacement completed under warranty per applicable TSB. Vehicle line P552N F-150 [15-20]. [synthetic sanitized narrative]",9313.83,15.5,32954
42940571,"Customer reports concern related to long block, block, long. Diagnosis performed; minor repair/reseal completed under warranty per applicable TSB. Vehicle line P552N F-150 [15-20]. [synthetic sanitized narrative]",7889.84,17.4,32954
42906285,"Customer reports concern related to long block, block, long. Diagnosis confirmed component failure; full assembly replacement completed under warranty per applicable TSB. Vehicle line P552N F-150 [15-20]. [synthetic sanitized narrative]",10073.18,20.0,32954
42972551,"Customer reports concern related to long block, block, long. Diagnosis performed; minor repair/reseal completed under warranty per applicable TSB. Vehicle line P552N F-150 [15-20]. [synthetic sanitized narrative]",8676.92,21.9,32954
43057705,"Customer reports concern related to long block, block, long. Diagnosis confirmed component failure; full assembly replacement completed under warranty per applicable TSB. Vehicle line P552N F-150 [15-20]. [synthetic sanitized narrative]",12815.89,16.2,32954
42826634,"Customer reports concern related to long block, block, long. Diagnosis confirmed component failure; full assembly replacement completed under warranty per applicable TSB. Vehicle line P552N F-150 [15-20]. [synthetic sanitized narrative]",11491.91,14.6,32954
42868083,"Customer reports concern related to long block, block, long. Diagnosis performed; minor repair/reseal completed under warranty per applicable TSB. Vehicle line P552N F-150 [15-20]. [synthetic sanitized narrative]",8610.52,19.0,32954
42963845,"Customer reports concern related to long block, block, long. Diagnosis performed; minor repair/reseal completed under warranty per applicable TSB. Vehicle line P552N F-150 [15-20]. [synthetic sanitized narrative]",8156.63,17.0,32954
42546519,"Customer reports concern related to long block, block, long. Diagnosis performed; minor repair/reseal completed under warranty per applicable TSB. Vehicle line P552N F-150 [15-20]. [synthetic sanitized narrative]",6780.59,16.0,32954
42859780,"Customer reports concern related to long block, block, long. Diagnosis performed; minor repair/reseal completed under warranty per applicable TSB. Vehicle line P552N F-150 [15-20]. [synthetic sanitized narrative]",7221.52,15.0,32954
43098880,"Customer reports concern related to long block, block, long. Diagnosis confirmed component failure; full assembly replacement completed under warranty per applicable TSB. Vehicle line P552N F-150 [15-20]. [synthetic sanitized narrative]",12845.6,20.2,32954
39948512,"Customer reports concern related to long block, block, long. Diagnosis performed; minor repair/reseal completed under warranty per applicable TSB. Vehicle line P552N F-150 [15-20]. [synthetic sanitized narrative]",6426.08,21.9,32954
42923765,"Customer reports concern related to long block, block, long. Diagnosis performed; minor repair/reseal completed under warranty per applicable TSB. Vehicle line P552N F-150 [15-20]. [synthetic sanitized narrative]",8402.85,17.0,32954
42999729,"Customer reports concern related to long block, block, long. Diagnosis confirmed component failure; full assembly replacement completed under warranty per applicable TSB. Vehicle line P552N F-150 [15-20]. [synthetic sanitized narrative]",10026.09,16.9,32954
43135051,"Customer reports concern related to long block, block, long. Diagnosis performed; minor repair/reseal completed under warranty per applicable TSB. Vehicle line P552N F-150 [15-20]. [synthetic sanitized narrative]",7487.92,14.9,32954
43063787,"Customer reports concern related to long block, block, long. Diagnosis performed; minor repair/reseal completed under warranty per applicable TSB. Vehicle line P552N F-150 [15-20]. [synthetic sanitized narrative]",7177.44,13.5,32954
43035156,"Customer reports concern related to long block, block, long. Diagnosis performed; minor repair/reseal completed under warranty per applicable TSB. Vehicle line P552N F-150 [15-20]. [synthetic sanitized narrative]",7341.82,14.1,32954
42993627,"Customer reports concern related to long block, block, long. Diagnosis performed; minor repair/reseal completed under warranty per applicable TSB. Vehicle line P552N F-150 [15-20]. [synthetic sanitized narrative]",7922.63,18.0,32954
42905855,"Customer reports concern related to long block, block, long. Diagnosis confirmed component failure; full assembly replacement completed under warranty per applicable TSB. Vehicle line P552N F-150 [15-20]. [synthetic sanitized narrative]",10979.95,16.7,32954
42889477,"Customer reports concern related to long block, block, long. Diagnosis performed; minor repair/reseal completed under warranty per applicable TSB. Vehicle line P552N F-150 [15-20]. [synthetic sanitized narrative]",7882.89,15.6,32954
40455468,"Customer reports concern related to long block, block, long. Diagnosis performed; minor repair/reseal completed under warranty per applicable TSB. Vehicle line P552N F-150 [15-20]. [synthetic sanitized narrative]",7097.25,13.9,32954
43130317,"Customer reports concern related to long block, block, long. Diagnosis performed; minor repair/reseal completed under warranty per applicable TSB. Vehicle line P552N F-150 [15-20]. [synthetic sanitized narrative]",7804.33,14.8,32954
36879515,"Customer reports concern related to rattle, phasers, cam. Diagnosis confirmed component failure; full assembly replacement completed under warranty per applicable TSB. Vehicle line P552N F-150 [15-20]. [synthetic sanitized narrative]",2997.63,16.8,33030
42715404,"Customer reports concern related to water pump, water, pump. Diagnosis performed; minor repair/reseal completed under warranty per applicable TSB. Vehicle line U502N EXPLORER [11-19]. [synthetic sanitized narrative]",1390.97,8.6,53967
38862464,"Customer reports concern related to water pump, water, pump. Diagnosis confirmed component failure; full assembly replacement completed under warranty per applicable TSB. Vehicle line U502N EXPLORER [11-19]. [synthetic sanitized narrative]",2642.81,14.5,53967
42531707,"Customer reports concern related to water pump, water, pump. Diagnosis performed; minor repair/reseal completed under warranty per applicable TSB. Vehicle line U502N EXPLORER [11-19]. [synthetic sanitized narrative]",1384.29,9.6,53967
42648382,"Customer reports concern related to water pump, water, pump. Diagnosis confirmed component failure; full assembly replacement completed under warranty per applicable TSB. Vehicle line U502N EXPLORER [11-19]. [synthetic sanitized narrative]",2198.35,10.5,53967
37006488,"Customer reports concern related to water pump, water, pump. Diagnosis performed; minor repair/reseal completed under warranty per applicable TSB. Vehicle line U502N EXPLORER [11-19]. [synthetic sanitized narrative]",1318.42,8.4,53967
39310596,"Customer reports concern related to water pump, water, pump. Diagnosis performed; minor repair/reseal completed under warranty per applicable TSB. Vehicle line U502N EXPLORER [11-19]. [synthetic sanitized narrative]",1495.03,8.8,53967
42413766,"Customer reports concern related to water pump, water, pump. Diagnosis performed; minor repair/reseal completed under warranty per applicable TSB. Vehicle line U502N EXPLORER [11-19]. [synthetic sanitized narrative]",1147.34,8.6,53967
42833078,"Customer reports concern related to water pump, water, pump. Diagnosis performed; minor repair/reseal completed under warranty per applicable TSB. Vehicle line U502N EXPLORER [11-19]. [synthetic sanitized narrative]",1598.14,8.6,53967
42970160,"Customer reports concern related to water pump, water, pump. Diagnosis performed; minor repair/reseal completed under warranty per applicable TSB. Vehicle line U502N EXPLORER [11-19]. [synthetic sanitized narrative]",996.18,8.6,53967
42804509,"Customer reports concern related to water pump, water, pump. Diagnosis confirmed component failure; full assembly replacement completed under warranty per applicable TSB. Vehicle line U502N EXPLORER [11-19]. [synthetic sanitized narrative]",2339.65,7.9,53967
42569680,"Customer reports concern related to water pump, water, pump. Diagnosis confirmed component failure; full assembly replacement completed under warranty per applicable TSB. Vehicle line U502N EXPLORER [11-19]. [synthetic sanitized narrative]",2166.94,12.8,53967
42934560,"Customer reports concern related to water pump, water, pump. Diagnosis confirmed component failure; full assembly replacement completed under warranty per applicable TSB. Vehicle line U502N EXPLORER [11-19]. [synthetic sanitized narrative]",1910.53,9.2,53967
42982660,"Customer reports concern related to rattle, phasers, cam. Diagnosis confirmed component failure; full assembly replacement completed under warranty per applicable TSB. Vehicle line P552N F-150 [15-20]. [synthetic sanitized narrative]",2233.52,12.6,33030
42727486,"Customer reports concern related to water pump, water, pump. Diagnosis performed; minor repair/reseal completed under warranty per applicable TSB. Vehicle line U502N EXPLORER [11-19]. [synthetic sanitized narrative]",1430.1,8.6,53967
42759155,"Customer reports concern related to water pump, water, pump. Diagnosis confirmed component failure; full assembly replacement completed under warranty per applicable TSB. Vehicle line U502N EXPLORER [11-19]. [synthetic sanitized narrative]",3914.38,16.2,53967
43092858,"Customer reports concern related to water pump, water, pump. Diagnosis confirmed component failure; full assembly replacement completed under warranty per applicable TSB. Vehicle line U502N EXPLORER [11-19]. [synthetic sanitized narrative]",1988.63,10.0,53967
42503426,"Customer reports concern related to water pump, water, pump. Diagnosis confirmed component failure; full assembly replacement completed under warranty per applicable TSB. Vehicle line U502N EXPLORER [11-19]. [synthetic sanitized narrative]",1817.62,10.6,53967
40629465,"Customer reports concern related to water pump, water, pump. Diagnosis performed; minor repair/reseal completed under warranty per applicable TSB. Vehicle line U502N EXPLORER [11-19]. [synthetic sanitized narrative]",1373.11,10.8,53967
42803469,"Customer reports concern related to rattle, phasers, cam. Diagnosis confirmed component failure; full assembly replacement completed under warranty per applicable TSB. Vehicle line P552N F-150 [15-20]. [synthetic sanitized narrative]",2052.43,12.2,33030
38546488,"Customer reports concern related to rattle, phasers, cam. Diagnosis confirmed component failure; full assembly replacement completed under warranty per applicable TSB. Vehicle line P552N F-150 [15-20]. [synthetic sanitized narrative]",1998.41,12.5,33030
36996461,"Customer reports concern related to water pump, water, pump. Diagnosis performed; minor repair/reseal completed under warranty per applicable TSB. Vehicle line U502N EXPLORER [11-19]. [synthetic sanitized narrative]",1480.48,8.4,53967
38503469,"Customer reports concern related to water pump, water, pump. Diagnosis confirmed component failure; full assembly replacement completed under warranty per applicable TSB. Vehicle line U502N EXPLORER [11-19]. [synthetic sanitized narrative]",1807.1,10.6,53967
40182474,"Customer reports concern related to water pump, water, pump. Diagnosis confirmed component failure; full assembly replacement completed under warranty per applicable TSB. Vehicle line U502N EXPLORER [11-19]. [synthetic sanitized narrative]",2003.02,15.0,53967
37120463,"Customer reports concern related to water pump, water, pump. Diagnosis performed; minor repair/reseal completed under warranty per applicable TSB. Vehicle line U502N EXPLORER [11-19]. [synthetic sanitized narrative]",1559.3,8.4,53967
40520460,"Customer reports concern related to water pump, water, pump. Diagnosis performed; minor repair/reseal completed under warranty per applicable TSB. Vehicle line U502N EXPLORER [11-19]. [synthetic sanitized narrative]",1410.05,8.6,53967
42456241,"Customer reports concern related to water pump, water, pump. Diagnosis performed; minor repair/reseal completed under warranty per applicable TSB. Vehicle line U502N EXPLORER [11-19]. [synthetic sanitized narrative]",891.48,8.6,53967
43027456,"Customer reports concern related to water pump, water, pump. Diagnosis confirmed component failure; full assembly replacement completed under warranty per applicable TSB. Vehicle line U502N EXPLORER [11-19]. [synthetic sanitized narrative]",1881.15,9.6,53967
43097263,"Customer reports concern related to water pump, water, pump. Diagnosis confirmed component failure; full assembly replacement completed under warranty per applicable TSB. Vehicle line U502N EXPLORER [11-19]. [synthetic sanitized narrative]",2454.14,12.0,53967
37914457,"Customer reports concern related to water pump, water, pump. Diagnosis performed; minor repair/reseal completed under warranty per applicable TSB. Vehicle line U502N EXPLORER [11-19]. [synthetic sanitized narrative]",1296.27,9.8,53967
42711982,"Customer reports concern related to water pump, water, pump. Diagnosis confirmed component failure; full assembly replacement completed under warranty per applicable TSB. Vehicle line U502N EXPLORER [11-19]. [synthetic sanitized narrative]",1880.96,9.6,53967
36688459,"Customer reports concern related to water pump, water, pump. Diagnosis performed; minor repair/reseal completed under warranty per applicable TSB. Vehicle line U502N EXPLORER [11-19]. [synthetic sanitized narrative]",1525.22,9.1,53967
38217486,"Customer reports concern related to water pump, water, pump. Diagnosis performed; minor repair/reseal completed under warranty per applicable TSB. Vehicle line U502N EXPLORER [11-19]. [synthetic sanitized narrative]",1625.62,8.8,53967
42877524,"Customer reports concern related to water pump, water, pump. Diagnosis confirmed component failure; full assembly replacement completed under warranty per applicable TSB. Vehicle line U502N EXPLORER [11-19]. [synthetic sanitized narrative]",2051.86,8.6,53967
42614911,"Customer reports concern related to water pump, water, pump. Diagnosis confirmed component failure; full assembly replacement completed under warranty per applicable TSB. Vehicle line U502N EXPLORER [11-19]. [synthetic sanitized narrative]",1791.09,8.6,53967
42770767,"Customer reports concern related to water pump, water, pump. Diagnosis confirmed component failure; full assembly replacement completed under warranty per applicable TSB. Vehicle line U502N EXPLORER [11-19]. [synthetic sanitized narrative]",1757.34,10.6,53967
39746463,"Customer reports concern related to water pump, water, pump. Diagnosis performed; minor repair/reseal completed under warranty per applicable TSB. Vehicle line U502N EXPLORER [11-19]. [synthetic sanitized narrative]",1636.49,10.5,53967
40473530,"Customer reports concern related to water pump, water, pump. Diagnosis confirmed component failure; full assembly replacement completed under warranty per applicable TSB. Vehicle line U502N EXPLORER [11-19]. [synthetic sanitized narrative]",2277.16,11.6,53967
41493455,"Customer reports concern related to water pump, water, pump. Diagnosis performed; minor repair/reseal completed under warranty per applicable TSB. Vehicle line U502N EXPLORER [11-19]. [synthetic sanitized narrative]",1423.4,8.8,53967
42634227,"Customer reports concern related to water pump, water, pump. Diagnosis performed; minor repair/reseal completed under warranty per applicable TSB. Vehicle line U502N EXPLORER [11-19]. [synthetic sanitized narrative]",1540.58,10.1,53967
43079442,"Customer reports concern related to water pump, water, pump. Diagnosis confirmed component failure; full assembly replacement completed under warranty per applicable TSB. Vehicle line U502N EXPLORER [11-19]. [synthetic sanitized narrative]",2061.48,10.1,53967
42865141,"Customer reports concern related to long block, block, long. Diagnosis confirmed component failure; full assembly replacement completed under warranty per applicable TSB. Vehicle line CD539N EDGE [15-24]. [synthetic sanitized narrative]",5345.83,19.3,14641
43023494,"Customer reports concern related to long block, block, long. Diagnosis confirmed component failure; full assembly replacement completed under warranty per applicable TSB. Vehicle line P552N F-150 [15-20]. [synthetic sanitized narrative]",14122.43,29.3,32954
40046509,"Customer reports concern related to rattle, phasers, cam. Diagnosis confirmed component failure; full assembly replacement completed under warranty per applicable TSB. Vehicle line P552N F-150 [15-20]. [synthetic sanitized narrative]",2954.0,12.7,33030
38974452,"Customer reports concern related to long block, block, long. Diagnosis confirmed component failure; full assembly replacement completed under warranty per applicable TSB. Vehicle line CD539N EDGE [15-24]. [synthetic sanitized narrative]",4647.1,18.1,14641
36957487,"Customer reports concern related to oil, oil pan, pan. Diagnosis confirmed component failure; full assembly replacement completed under warranty per applicable TSB. Vehicle line P558N SUPER DUTY [17-22]. [synthetic sanitized narrative]",2416.73,20.9,40109
36899466,"Customer reports concern related to long block, block, long. Diagnosis performed; minor repair/reseal completed under warranty per applicable TSB. Vehicle line P552N F-150 [15-20]. [synthetic sanitized narrative]",8305.31,21.0,32954
42858493,"Customer reports concern related to main control, main, transmission. Diagnosis performed; minor repair/reseal completed under warranty per applicable TSB. Vehicle line P552N F-150 [15-20]. [synthetic sanitized narrative]",3224.13,18.8,35069
42468603,"Customer reports concern related to main control, main, transmission. Diagnosis confirmed component failure; full assembly replacement completed under warranty per applicable TSB. Vehicle line P552N F-150 [15-20]. [synthetic sanitized narrative]",4770.41,26.2,35069
41414548,"Customer reports concern related to transmission, repair, fluid. Diagnosis confirmed component failure; full assembly replacement completed under warranty per applicable TSB. Vehicle line V408E TRANSIT CONNECT [13-24]. [synthetic sanitized narrative]",3666.55,21.3,71778
42821255,"Customer reports concern related to main control, main, transmission. Diagnosis performed; minor repair/reseal completed under warranty per applicable TSB. Vehicle line P552N F-150 [15-20]. [synthetic sanitized narrative]",2851.16,19.1,35069
42778377,"Customer reports concern related to main control, main, transmission. Diagnosis performed; minor repair/reseal completed under warranty per applicable TSB. Vehicle line P552N F-150 [15-20]. [synthetic sanitized narrative]",2407.84,18.2,35069
42845921,"Customer reports concern related to main control, main, transmission. Diagnosis performed; minor repair/reseal completed under warranty per applicable TSB. Vehicle line P552N F-150 [15-20]. [synthetic sanitized narrative]",3567.47,19.9,35069
42985866,"Customer reports concern related to main control, main, transmission. Diagnosis performed; minor repair/reseal completed under warranty per applicable TSB. Vehicle line P552N F-150 [15-20]. [synthetic sanitized narrative]",3426.54,20.6,35069
42811657,"Customer reports concern related to main control, main, transmission. Diagnosis confirmed component failure; full assembly replacement completed under warranty per applicable TSB. Vehicle line P552N F-150 [15-20]. [synthetic sanitized narrative]",5598.91,10.8,35069
43083030,"Customer reports concern related to main control, main, transmission. Diagnosis performed; minor repair/reseal completed under warranty per applicable TSB. Vehicle line P552N F-150 [15-20]. [synthetic sanitized narrative]",3329.08,22.2,35069
42591568,"Customer reports concern related to clutch, replace clutch, transmission. Diagnosis confirmed component failure; full assembly replacement completed under warranty per applicable TSB. Vehicle line C346N FOCUS [12-18]. [synthetic sanitized narrative]",2010.52,8.2,3936
42593052,"Customer reports concern related to transmission, repair, fluid. Diagnosis confirmed component failure; full assembly replacement completed under warranty per applicable TSB. Vehicle line V408E TRANSIT CONNECT [13-24]. [synthetic sanitized narrative]",3750.07,17.5,71778
42858825,"Customer reports concern related to main control, main, transmission. Diagnosis performed; minor repair/reseal completed under warranty per applicable TSB. Vehicle line P552N F-150 [15-20]. [synthetic sanitized narrative]",2966.68,19.7,35069
42925493,"Customer reports concern related to main control, main, transmission. Diagnosis confirmed component failure; full assembly replacement completed under warranty per applicable TSB. Vehicle line P552N F-150 [15-20]. [synthetic sanitized narrative]",3610.24,24.1,35069
42709225,"Customer reports concern related to main control, main, transmission. Diagnosis confirmed component failure; full assembly replacement completed under warranty per applicable TSB. Vehicle line P552N F-150 [15-20]. [synthetic sanitized narrative]",3749.06,26.0,35069
42836106,"Customer reports concern related to transmission, repair, fluid. Diagnosis performed; minor repair/reseal completed under warranty per applicable TSB. Vehicle line V408E TRANSIT CONNECT [13-24]. [synthetic sanitized narrative]",2557.47,16.4,71778
42825125,"Customer reports concern related to main control, main, transmission. Diagnosis performed; minor repair/reseal completed under warranty per applicable TSB. Vehicle line P552N F-150 [15-20]. [synthetic sanitized narrative]",3474.95,20.6,35069
42841345,"Customer reports concern related to transmission, repair, fluid. Diagnosis performed; minor repair/reseal completed under warranty per applicable TSB. Vehicle line V408E TRANSIT CONNECT [13-24]. [synthetic sanitized narrative]",3134.46,17.5,71778
42885206,"Customer reports concern related to main control, main, transmission. Diagnosis confirmed component failure; full assembly replacement completed under warranty per applicable TSB. Vehicle line P552N F-150 [15-20]. [synthetic sanitized narrative]",3602.34,20.9,35069
42945713,"Customer reports concern related to rattle, phasers, cam. Diagnosis confirmed component failure; full assembly replacement completed under warranty per applicable TSB. Vehicle line P552N F-150 [15-20]. [synthetic sanitized narrative]",5848.01,33.9,33030
42496218,"Customer reports concern related to main control, main, transmission. Diagnosis performed; minor repair/reseal completed under warranty per applicable TSB. Vehicle line P552N F-150 [15-20]. [synthetic sanitized narrative]",3538.65,20.3,35069
42973158,"Customer reports concern related to main control, main, transmission. Diagnosis confirmed component failure; full assembly replacement completed under warranty per applicable TSB. Vehicle line P552N F-150 [15-20]. [synthetic sanitized narrative]",4298.9,31.2,35069
42840445,"Customer reports concern related to main control, main, transmission. Diagnosis performed; minor repair/reseal completed under warranty per applicable TSB. Vehicle line P552N F-150 [15-20]. [synthetic sanitized narrative]",3220.97,16.5,35069
42773564,"Customer reports concern related to transmission, repair, fluid. Diagnosis performed; minor repair/reseal completed under warranty per applicable TSB. Vehicle line V408E TRANSIT CONNECT [13-24]. [synthetic sanitized narrative]",2847.83,17.5,71778
42781291,"Customer reports concern related to main control, main, transmission. Diagnosis performed; minor repair/reseal completed under warranty per applicable TSB. Vehicle line P552N F-150 [15-20]. [synthetic sanitized narrative]",3352.67,24.6,35069
43127901,"Customer reports concern related to main control, main, transmission. Diagnosis confirmed component failure; full assembly replacement completed under warranty per applicable TSB. Vehicle line P552N F-150 [15-20]. [synthetic sanitized narrative]",6820.1,29.5,35069
43089732,"Customer reports concern related to main control, main, transmission. Diagnosis confirmed component failure; full assembly replacement completed under warranty per applicable TSB. Vehicle line P552N F-150 [15-20]. [synthetic sanitized narrative]",4334.19,22.9,35069
43088166,"Customer reports concern related to main control, main, transmission. Diagnosis confirmed component failure; full assembly replacement completed under warranty per applicable TSB. Vehicle line P552N F-150 [15-20]. [synthetic sanitized narrative]",3828.08,18.8,35069
42974520,"Customer reports concern related to main control, main, transmission. Diagnosis performed; minor repair/reseal completed under warranty per applicable TSB. Vehicle line P552N F-150 [15-20]. [synthetic sanitized narrative]",3365.65,20.0,35069
42484785,"Customer reports concern related to transmission, repair, fluid. Diagnosis performed; minor repair/reseal completed under warranty per applicable TSB. Vehicle line V408E TRANSIT CONNECT [13-24]. [synthetic sanitized narrative]",2939.81,19.6,71778
42654984,"Customer reports concern related to transmission, repair, fluid. Diagnosis confirmed component failure; full assembly replacement completed under warranty per applicable TSB. Vehicle line V408E TRANSIT CONNECT [13-24]. [synthetic sanitized narrative]",4090.47,19.0,71778
42746671,"Customer reports concern related to rattle, phasers, cam. Diagnosis confirmed component failure; full assembly replacement completed under warranty per applicable TSB. Vehicle line P552N F-150 [15-20]. [synthetic sanitized narrative]",5284.21,30.4,33030
42965186,"Customer reports concern related to main control, main, transmission. Diagnosis confirmed component failure; full assembly replacement completed under warranty per applicable TSB. Vehicle line P552N F-150 [15-20]. [synthetic sanitized narrative]",4697.12,19.9,35069
43100775,"Customer reports concern related to main control, main, transmission. Diagnosis confirmed component failure; full assembly replacement completed under warranty per applicable TSB. Vehicle line P552N F-150 [15-20]. [synthetic sanitized narrative]",3697.89,22.2,35069
42530860,"Customer reports concern related to main control, main, transmission. Diagnosis confirmed component failure; full assembly replacement completed under warranty per applicable TSB. Vehicle line P552N F-150 [15-20]. [synthetic sanitized narrative]",3635.25,19.2,35069
42469555,"Customer reports concern related to transmission, repair, fluid. Diagnosis confirmed component failure; full assembly replacement completed under warranty per applicable TSB. Vehicle line V408E TRANSIT CONNECT [13-24]. [synthetic sanitized narrative]",3884.82,21.1,71778
42911223,"Customer reports concern related to main control, main, transmission. Diagnosis confirmed component failure; full assembly replacement completed under warranty per applicable TSB. Vehicle line P552N F-150 [15-20]. [synthetic sanitized narrative]",4172.63,21.0,35069
42857802,"Customer reports concern related to long block, block, long. Diagnosis confirmed component failure; full assembly replacement completed under warranty per applicable TSB. Vehicle line P552N F-150 [15-20]. [synthetic sanitized narrative]",13742.46,30.4,32954
42794615,"Customer reports concern related to transmission, repair, fluid. Diagnosis performed; minor repair/reseal completed under warranty per applicable TSB. Vehicle line V408E TRANSIT CONNECT [13-24]. [synthetic sanitized narrative]",2334.11,16.4,71778
42692325,"Customer reports concern related to main control, main, transmission. Diagnosis confirmed component failure; full assembly replacement completed under warranty per applicable TSB. Vehicle line P552N F-150 [15-20]. [synthetic sanitized narrative]",5158.11,23.8,35069
42856099,"Customer reports concern related to main control, main, transmission. Diagnosis performed; minor repair/reseal completed under warranty per applicable TSB. Vehicle line P552N F-150 [15-20]. [synthetic sanitized narrative]",2532.54,17.4,35069
42957205,"Customer reports concern related to main control, main, transmission. Diagnosis confirmed component failure; full assembly replacement completed under warranty per applicable TSB. Vehicle line P552N F-150 [15-20]. [synthetic sanitized narrative]",5774.13,34.5,35069
42790196,"Customer reports concern related to main control, main, transmission. Diagnosis performed; minor repair/reseal completed under warranty per applicable TSB. Vehicle line P552N F-150 [15-20]. [synthetic sanitized narrative]",2985.13,20.8,35069
42922019,"Customer reports concern related to main control, main, transmission. Diagnosis confirmed component failure; full assembly replacement completed under warranty per applicable TSB. Vehicle line P552N F-150 [15-20]. [synthetic sanitized narrative]",7300.5,12.5,35069
42789457,"Customer reports concern related to main control, main, transmission. Diagnosis performed; minor repair/reseal completed under warranty per applicable TSB. Vehicle line P552N F-150 [15-20]. [synthetic sanitized narrative]",3191.05,22.4,35069
43028447,"Customer reports concern related to main control, main, transmission. Diagnosis performed; minor repair/reseal completed under warranty per applicable TSB. Vehicle line P552N F-150 [15-20]. [synthetic sanitized narrative]",3311.77,20.8,35069
42890133,"Customer reports concern related to main control, main, transmission. Diagnosis confirmed component failure; full assembly replacement completed under warranty per applicable TSB. Vehicle line P552N F-150 [15-20]. [synthetic sanitized narrative]",6959.22,18.1,35069
40169475,"Customer reports concern related to transmission, repair, fluid. Diagnosis performed; minor repair/reseal completed under warranty per applicable TSB. Vehicle line V408E TRANSIT CONNECT [13-24]. [synthetic sanitized narrative]",3141.67,23.8,71778
42905462,"Customer reports concern related to main control, main, transmission. Diagnosis performed; minor repair/reseal completed under warranty per applicable TSB. Vehicle line P552N F-150 [15-20]. [synthetic sanitized narrative]",2830.07,16.8,35069
42964076,"Customer reports concern related to main control, main, transmission. Diagnosis performed; minor repair/reseal completed under warranty per applicable TSB. Vehicle line P552N F-150 [15-20]. [synthetic sanitized narrative]",2630.29,16.2,35069
42873248,"Customer reports concern related to main control, main, transmission. Diagnosis confirmed component failure; full assembly replacement completed under warranty per applicable TSB. Vehicle line P552N F-150 [15-20]. [synthetic sanitized narrative]",4072.88,22.6,35069
41339502,"Customer reports concern related to transmission, repair, fluid. Diagnosis performed; minor repair/reseal completed under warranty per applicable TSB. Vehicle line V408E TRANSIT CONNECT [13-24]. [synthetic sanitized narrative]",2843.47,16.5,71778
43115663,"Customer reports concern related to oil, oil pan, pan. Diagnosis confirmed component failure; full assembly replacement completed under warranty per applicable TSB. Vehicle line P558N SUPER DUTY [17-22]. [synthetic sanitized narrative]",4027.77,21.4,40109
42913153,"Customer reports concern related to transmission, repair, fluid. Diagnosis performed; minor repair/reseal completed under warranty per applicable TSB. Vehicle line V408E TRANSIT CONNECT [13-24]. [synthetic sanitized narrative]",2838.81,19.3,71778
43018239,"Customer reports concern related to main control, main, transmission. Diagnosis performed; minor repair/reseal completed under warranty per applicable TSB. Vehicle line P552N F-150 [15-20]. [synthetic sanitized narrative]",3166.54,21.1,35069
42994077,"Customer reports concern related to main control, main, transmission. Diagnosis confirmed component failure; full assembly replacement completed under warranty per applicable TSB. Vehicle line P552N F-150 [15-20]. [synthetic sanitized narrative]",3868.05,19.9,35069
43058371,"Customer reports concern related to main control, main, transmission. Diagnosis performed; minor repair/reseal completed under warranty per applicable TSB. Vehicle line P552N F-150 [15-20]. [synthetic sanitized narrative]",3404.92,18.4,35069
42868517,"Customer reports concern related to main control, main, transmission. Diagnosis performed; minor repair/reseal completed under warranty per applicable TSB. Vehicle line P552N F-150 [15-20]. [synthetic sanitized narrative]",3187.91,20.4,35069
42930832,"Customer reports concern related to rattle, phasers, cam. Diagnosis confirmed component failure; full assembly replacement completed under warranty per applicable TSB. Vehicle line P552N F-150 [15-20]. [synthetic sanitized narrative]",2116.33,11.1,33030
38963473,"Customer reports concern related to rattle, phasers, cam. Diagnosis confirmed component failure; full assembly replacement completed under warranty per applicable TSB. Vehicle line P552N F-150 [15-20]. [synthetic sanitized narrative]",2271.87,12.5,33030
42903030,"Customer reports concern related to long block, block, long. Diagnosis confirmed component failure; full assembly replacement completed under warranty per applicable TSB. Vehicle line P552N F-150 [15-20]. [synthetic sanitized narrative]",11963.86,31.7,32954
42827219,"Customer reports concern related to rattle, phasers, cam. Diagnosis confirmed component failure; full assembly replacement completed under warranty per applicable TSB. Vehicle line P552N F-150 [15-20]. [synthetic sanitized narrative]",3682.17,16.5,33030
40838489,"Customer reports concern related to oil, oil pan, pan. Diagnosis confirmed component failure; full assembly replacement completed under warranty per applicable TSB. Vehicle line P558N SUPER DUTY [17-22]. [synthetic sanitized narrative]",2805.39,22.0,40109
42688249,"Customer reports concern related to oil, oil pan, pan. Diagnosis confirmed component failure; full assembly replacement completed under warranty per applicable TSB. Vehicle line P558N SUPER DUTY [17-22]. [synthetic sanitized narrative]",2011.56,13.0,40109
42695201,"Customer reports concern related to clutch, replace clutch, transmission. Diagnosis confirmed component failure; full assembly replacement completed under warranty per applicable TSB. Vehicle line C346N FOCUS [12-18]. [synthetic sanitized narrative]",1713.89,7.5,3936
42806718,"Customer reports concern related to main control, main, transmission. Diagnosis confirmed component failure; full assembly replacement completed under warranty per applicable TSB. Vehicle line P552N F-150 [15-20]. [synthetic sanitized narrative]",3705.46,24.7,35069
39603528,"Customer reports concern related to clutch, replace clutch, transmission. Diagnosis confirmed component failure; full assembly replacement completed under warranty per applicable TSB. Vehicle line C346N FOCUS [12-18]. [synthetic sanitized narrative]",1614.35,7.4,3936
42896531,"Customer reports concern related to long block, block, long. Diagnosis confirmed component failure; full assembly replacement completed under warranty per applicable TSB. Vehicle line P552N F-150 [15-20]. [synthetic sanitized narrative]",10658.28,37.8,32954
37241491,"Customer reports concern related to water pump, water, pump. Diagnosis confirmed component failure; full assembly replacement completed under warranty per applicable TSB. Vehicle line U502N EXPLORER [11-19]. [synthetic sanitized narrative]",1904.1,9.8,53967
37261451,"Customer reports concern related to water pump, water, pump. Diagnosis performed; minor repair/reseal completed under warranty per applicable TSB. Vehicle line U502N EXPLORER [11-19]. [synthetic sanitized narrative]",1290.13,8.9,53967
42516170,"Customer reports concern related to rattle, phasers, cam. Diagnosis confirmed component failure; full assembly replacement completed under warranty per applicable TSB. Vehicle line P552N F-150 [15-20]. [synthetic sanitized narrative]",2549.04,12.5,33030
37441537,"Customer reports concern related to water pump, water, pump. Diagnosis confirmed component failure; full assembly replacement completed under warranty per applicable TSB. Vehicle line U502N EXPLORER [11-19]. [synthetic sanitized narrative]",4600.32,14.2,53967
39145470,"Customer reports concern related to rattle, phasers, cam. Diagnosis performed; minor repair/reseal completed under warranty per applicable TSB. Vehicle line P552N F-150 [15-20]. [synthetic sanitized narrative]",1838.02,13.2,33030
38302453,"Customer reports concern related to long block, block, long. Diagnosis performed; minor repair/reseal completed under warranty per applicable TSB. Vehicle line CD539N EDGE [15-24]. [synthetic sanitized narrative]",3655.53,13.3,14641
42784054,"Customer reports concern related to water pump, water, pump. Diagnosis confirmed component failure; full assembly replacement completed under warranty per applicable TSB. Vehicle line U502N EXPLORER [11-19]. [synthetic sanitized narrative]",1812.15,10.9,53967
42571107,"Customer reports concern related to long block, block, long. Diagnosis confirmed component failure; full assembly replacement completed under warranty per applicable TSB. Vehicle line P552N F-150 [15-20]. [synthetic sanitized narrative]",9927.81,15.6,32954
42905921,"Customer reports concern related to clutch, replace clutch, transmission. Diagnosis confirmed component failure; full assembly replacement completed under warranty per applicable TSB. Vehicle line C346N FOCUS [12-18]. [synthetic sanitized narrative]",1807.4,6.8,3936
43114463,"Customer reports concern related to main control, main, transmission. Diagnosis confirmed component failure; full assembly replacement completed under warranty per applicable TSB. Vehicle line P552N F-150 [15-20]. [synthetic sanitized narrative]",4370.64,23.8,35069
41012500,"Customer reports concern related to long block, block, long. Diagnosis confirmed component failure; full assembly replacement completed under warranty per applicable TSB. Vehicle line CD539N EDGE [15-24]. [synthetic sanitized narrative]",6090.76,13.4,14641
42949966,"Customer reports concern related to main control, main, transmission. Diagnosis performed; minor repair/reseal completed under warranty per applicable TSB. Vehicle line P552N F-150 [15-20]. [synthetic sanitized narrative]",3273.06,22.3,35069
42789034,"Customer reports concern related to main control, main, transmission. Diagnosis confirmed component failure; full assembly replacement completed under warranty per applicable TSB. Vehicle line P552N F-150 [15-20]. [synthetic sanitized narrative]",3716.94,21.1,35069
42898543,"Customer reports concern related to main control, main, transmission. Diagnosis performed; minor repair/reseal completed under warranty per applicable TSB. Vehicle line P552N F-150 [15-20]. [synthetic sanitized narrative]",2145.5,21.5,35069
42477460,"Customer reports concern related to clutch, replace clutch, transmission. Diagnosis confirmed component failure; full assembly replacement completed under warranty per applicable TSB. Vehicle line C346N FOCUS [12-18]. [synthetic sanitized narrative]",2497.03,6.2,3936
36790459,"Customer reports concern related to water pump, water, pump. Diagnosis performed; minor repair/reseal completed under warranty per applicable TSB. Vehicle line U502N EXPLORER [11-19]. [synthetic sanitized narrative]",1097.26,9.3,53967
42776174,"Customer reports concern related to water pump, water, pump. Diagnosis confirmed component failure; full assembly replacement completed under warranty per applicable TSB. Vehicle line U502N EXPLORER [11-19]. [synthetic sanitized narrative]",2082.87,12.2,53967
43022583,"Customer reports concern related to long block, block, long. Diagnosis performed; minor repair/reseal completed under warranty per applicable TSB. Vehicle line P552N F-150 [15-20]. [synthetic sanitized narrative]",8346.78,22.6,32954
42622557,"Customer reports concern related to water pump, water, pump. Diagnosis confirmed component failure; full assembly replacement completed under warranty per applicable TSB. Vehicle line U502N EXPLORER [11-19]. [synthetic sanitized narrative]",3539.08,20.3,53967
42433481,"Customer reports concern related to oil, oil pan, pan. Diagnosis performed; minor repair/reseal completed under warranty per applicable TSB. Vehicle line P558N SUPER DUTY [17-22]. [synthetic sanitized narrative]",385.17,1.2,40109
43109946,"Customer reports concern related to water pump, water, pump. Diagnosis confirmed component failure; full assembly replacement completed under warranty per applicable TSB. Vehicle line U502N EXPLORER [11-19]. [synthetic sanitized narrative]",2779.26,17.0,53967
42902798,"Customer reports concern related to oil, oil pan, pan. Diagnosis confirmed component failure; full assembly replacement completed under warranty per applicable TSB. Vehicle line P558N SUPER DUTY [17-22]. [synthetic sanitized narrative]",3753.62,17.2,40109
42453792,"Customer reports concern related to oil, oil pan, pan. Diagnosis confirmed component failure; full assembly replacement completed under warranty per applicable TSB. Vehicle line P558N SUPER DUTY [17-22]. [synthetic sanitized narrative]",2899.18,16.7,40109
43126203,"Customer reports concern related to main control, main, transmission. Diagnosis confirmed component failure; full assembly replacement completed under warranty per applicable TSB. Vehicle line P552N F-150 [15-20]. [synthetic sanitized narrative]",4177.19,23.9,35069
42819928,"Customer reports concern related to long block, block, long. Diagnosis confirmed component failure; full assembly replacement completed under warranty per applicable TSB. Vehicle line P552N F-150 [15-20]. [synthetic sanitized narrative]",10455.64,15.3,32954
43096914,"Customer reports concern related to oil, oil pan, pan. Diagnosis confirmed component failure; full assembly replacement completed under warranty per applicable TSB. Vehicle line P558N SUPER DUTY [17-22]. [synthetic sanitized narrative]",2096.01,11.9,40109
42963016,"Customer reports concern related to oil, oil pan, pan. Diagnosis confirmed component failure; full assembly replacement completed under warranty per applicable TSB. Vehicle line P558N SUPER DUTY [17-22]. [synthetic sanitized narrative]",2888.37,17.1,40109
42962490,"Customer reports concern related to main control, main, transmission. Diagnosis confirmed component failure; full assembly replacement completed under warranty per applicable TSB. Vehicle line P552N F-150 [15-20]. [synthetic sanitized narrative]",4536.0,20.1,35069
42824046,"Customer reports concern related to rattle, phasers, cam. Diagnosis performed; minor repair/reseal completed under warranty per applicable TSB. Vehicle line P552N F-150 [15-20]. [synthetic sanitized narrative]",1326.32,11.6,33030
