signature_id,vehicle_line,causal_part,repair_name,canonical_cost,n_claims,n_above,avoidable_overspend,savings_per_claim,pct_claims_above,total_spend
33047,P552N F-150 [15-20],6256,Cam Phaser Replacement,1767.84,9640,4820,5549676.1,575.69,50.0,20880855.98
30464,P552N F-150 [15-20],16502C22,Sunroof Track/Frame Assembly Replacement,2739.88,3420,1710,2296781.14,671.57,50.0,10757016.58
53967,U502N EXPLORER [11-19],8501,Water Pump Replacement,1631.44,5419,2709,2260051.99,417.06,50.0,10312857.52
53958,U502N EXPLORER [11-19],8501,Water Pump Replacement,1482.08,5224,2612,1969166.12,376.95,50.0,9073356.83
15225,CD539N EDGE [15-24],7902,Torque Converter Replacement,2453.8,2347,1173,1917717.71,817.09,50.0,6970040.68
34364,P552N F-150 [15-20],7902,Torque Converter Replacement/Repair,2370.53,1961,980,1637398.86,834.98,50.0,5680952.1
35074,P552N F-150 [15-20],7H351,Transmission Overhaul/Rebuild,3254.96,1833,916,1550114.66,845.67,50.0,6888901.35
14641,CD539N EDGE [15-24],6009,Engine Long Block Replacement,4571.79,3260,1630,1194323.86,366.36,50.0,15201541.5
7350,C520N ESCAPE [13-19],6009,Engine Replacement for Coolant Intrusion,4363.5,2122,1061,1049375.83,494.52,50.0,9580059.7
14629,CD539N EDGE [15-24],6009,Engine Long Block Replacement for Coolant Intrusion,4408.15,2552,1276,1027341.05,402.56,50.0,11592790.5
32954,P552N F-150 [15-20],6148,Engine Long Block Replacement,8923.13,961,480,966396.12,1005.62,49.9,8899963.07
59401,U553N EXPEDITION [18-24],7H351,Transmission Assembly Replacement,3785.0,1013,506,925355.96,913.48,50.0,4376792.57
51919,U502N EXPLORER [11-19],3504,Steering Gear Replacement,1824.86,1423,711,881074.38,619.16,50.0,3233075.27
40108,P558N SUPER DUTY [17-22],6675,Upper Oil Pan Replacement,2104.19,1256,628,862355.47,686.59,50.0,3198871.68
7362,C520N ESCAPE [13-19],6009,Short Block and Fuel System Component Replacement,4230.9,1657,828,834219.15,503.45,50.0,7227002.07
7366,C520N ESCAPE [13-19],6009,Engine Long Block Replacement,4742.2,1739,869,810546.69,466.1,50.0,8555587.85
32838,P552N F-150 [15-20],6049,Cylinder Head Replacement,4968.34,490,245,724177.68,1477.92,50.0,2825712.41
3936,C346N FOCUS [12-18],7B546,Dual-Clutch Assembly Replacement,1510.58,2077,1038,658707.25,317.15,50.0,3495305.97
33025,P552N F-150 [15-20],6256,VCT/Timing Component and Cylinder Head Replacement,15925.82,229,114,629660.12,2749.61,49.8,4016153.22
37883,P558N SUPER DUTY [17-22],16502C22,Full Sunroof Assembly Replacement,2649.33,1013,506,629046.09,620.98,50.0,3037068.06
33055,P552N F-150 [15-20],6256,Extensive Engine/Timing System Repair,2045.26,794,397,602263.7,758.52,50.0,2076663.33
8218,C520N ESCAPE [13-19],7902,Transmission Assembly Replacement,3451.74,1038,519,593526.69,571.8,50.0,3859801.07
33037,P552N F-150 [15-20],6256,Timing System Repair,2137.7,892,446,592671.99,664.43,50.0,2305518.39
7913,C520N ESCAPE [13-19],6K682,Turbocharger Replacement,1886.38,812,406,567817.24,699.28,50.0,1958758.28
40331,P558N SUPER DUTY [17-22],6K682,Turbocharger and Emissions System Replacement,3513.77,476,238,524959.99,1102.86,50.0,2045419.44
53161,U502N EXPLORER [11-19],7251,PTU Replacement,2221.51,738,369,481239.66,652.09,50.0,1961173.25
53368,U502N EXPLORER [11-19],7902,Transmission Replacement/Overhaul,4561.26,568,284,455549.79,802.03,50.0,2723574.39
57449,U553N EXPEDITION [18-24],19860,Evaporator Core Replacement,1209.68,565,282,452667.46,801.18,49.9,1068509.88
32762,P552N F-150 [15-20],6019,Timing Cover Reseal,1964.75,738,369,451528.4,611.83,50.0,1725822.36
53160,U502N EXPLORER [11-19],7251,Power Transfer Unit (PTU) Replacement,2382.08,683,341,422351.31,618.38,49.9,1894752.43
53390,U502N EXPLORER [11-19],7902,Transmission Assembly Replacement,3619.8,689,344,420899.15,610.88,49.9,2683012.95
8765,C520N ESCAPE [13-19],8501,Water Pump Replacement,1195.01,632,316,412093.03,652.04,50.0,1082787.98
8213,C520N ESCAPE [13-19],7902,Transmission Overhaul/Replacement,2936.78,853,426,401739.99,470.97,49.9,2603636.96
15238,CD539N EDGE [15-24],7902,Transmission Assembly Replacement,4235.81,597,298,401680.31,672.83,49.9,2655790.33
10371,CD391N FUSION [13-20],6009,Engine Long Block Replacement,4674.07,710,355,388471.7,547.14,50.0,3499882.73
70711,V363N TRANSIT [14-27],8C607,Engine Cooling Fan Assembly Replacement,763.94,689,344,380385.62,552.08,49.9,853460.33
34460,P552N F-150 [15-20],7A100,Transmission Assembly Replacement,3793.26,423,211,372861.52,881.47,49.9,1772361.97
10359,CD391N FUSION [13-20],6009,Engine Long Block Replacement,4317.01,805,402,368770.62,458.1,49.9,3602816.86
10368,CD391N FUSION [13-20],6009,Short Block and Cylinder Head Replacement for Severe Coolant Damage,4095.72,671,335,368702.37,549.48,49.9,2887226.22
33056,P552N F-150 [15-20],6256,Engine Timing Component Replacement,1862.65,518,259,366903.74,708.31,50.0,1223804.98
53386,U502N EXPLORER [11-19],7902,Automatic Transmission Internal Repair/Overhaul,2962.46,735,367,327787.77,445.97,49.9,2239555.26
7917,C520N ESCAPE [13-19],6K682,Catastrophic Turbocharger Failure with Engine Damage,1714.44,338,169,312530.4,924.65,50.0,841373.6
61039,U554N NAVIGATOR [18-24],19860,Evaporator Core Replacement,1516.03,311,155,297699.2,957.23,49.8,716093.1
2139,B562A FIGO/KA [15-22],3504,EPAS Gear Replacement,13837.51,89,44,294141.78,3304.97,49.4,1405326.28
36565,P552N F-150 [15-20],KEYSVC,Key Fob Replacement and Programming,227.54,712,356,289144.57,406.1,50.0,432798.13
70725,V363N TRANSIT [14-27],8C607,Cooling Fan System Repair,908.7,517,258,283235.02,547.84,49.9,689653.41
1455,B515A ECOSPORT INDIA [13-22],6C348,Long Block Engine Replacement,4305.74,710,355,277008.3,390.15,50.0,3157482.16
5843,C520 FOE [12-21],7902,Transmission Assembly Replacement,16794.35,43,21,275858.01,6415.3,48.8,881953.58
33026,P552N F-150 [15-20],6256,VCT Phaser/Solenoid Replacement,1663.59,454,227,265290.26,584.34,50.0,940667.21
10932,CD391N FUSION [13-20],7902,Transmission Overhaul for Internal Component Failure,3185.56,454,227,263161.84,579.65,50.0,1429326.9
31860,P552N F-150 [15-20],3222,Differential Noise - Worn Internal Components,2228.02,326,163,251155.0,770.41,50.0,892710.39
35397,P552N F-150 [15-20],7h351,Transmission Assembly Replacement,3551.56,263,131,244572.23,929.93,49.8,1085965.87
60729,U554N NAVIGATOR [18-24],16502C22,Sunroof Track/Frame Assembly Replacement,3353.97,259,129,243593.58,940.51,49.8,1000191.71
41017,P558N SUPER DUTY [17-22],7H351,Transmission Assembly Replacement,3172.01,267,133,241432.57,904.24,49.8,971715.03
58367,U553N EXPEDITION [18-24],6256,Engine Timing Component Replacement,16013.72,76,38,241084.86,3172.17,50.0,1374026.3
6963,C520N ESCAPE [13-19],3504,Steering Gear Replacement,1798.78,513,256,237436.51,462.84,49.9,1080280.33
39811,P558N SUPER DUTY [17-22],6020,Replace Engine Front Timing Cover Assembly,2697.45,280,140,234348.41,836.96,50.0,896104.69
5021,C489N MKC [15-19],6009,Long Block Replacement,4602.54,350,175,231830.69,662.37,50.0,1753102.83
8759,C520N ESCAPE [13-19],8501,Water Pump Replacement,1094.02,487,243,230506.77,473.32,49.9,708710.44
3946,C346N FOCUS [12-18],7B546,Dual-Clutch Assembly Replacement,1452.0,688,344,225847.24,328.27,50.0,1132041.72
33386,P552N F-150 [15-20],6600,Engine Long Block Replacement,8922.85,236,118,224291.71,950.39,50.0,2158931.4
32994,P552N F-150 [15-20],6211,Engine Long Block Replacement,8886.02,210,105,220586.26,1050.41,50.0,1927337.62
10913,CD391N FUSION [13-20],7902,Transmission Replacement / Rebuild,4236.67,331,165,215367.27,650.66,49.8,1325782.97
40124,P558N SUPER DUTY [17-22],6695,Upper Oil Pan Reseal,2070.09,282,141,215015.63,762.47,50.0,717821.26
55823,U540N MKX [16-23],7902,Torque Converter Replacement,2526.03,230,115,209266.58,909.85,50.0,719021.48
1051,B515A ECOSPORT INDIA [13-22],3504,Steering Gear Replacement,14265.87,25,12,208960.49,8358.42,48.0,512398.28
58391,U553N EXPEDITION [18-24],6256,Timing System Overhaul (TSB 23-2173),2099.77,291,145,208742.97,717.33,49.8,763879.74
3846,C346N FOCUS [12-18],7515,Dual Clutch Assembly Replacement,1865.1,605,302,205675.12,339.96,49.9,1231211.26
5015,C489N MKC [15-19],6009,Engine Long Block Replacement,4528.04,403,201,204841.37,508.29,49.9,1906473.63
46933,S550N MUSTANG [15-23],6211,Engine Replacement,8580.67,49,24,202751.63,4137.79,49.0,563406.51
33031,P552N F-150 [15-20],6256,Repair for Part 6256 Rattle Noise,1939.2,294,147,200406.7,681.65,50.0,725152.61
69848,V363N TRANSIT [14-27],6020,Engine Front Cover Oil Leak Reseal,2434.07,250,125,198527.62,794.11,50.0,708101.94
33433,P552N F-150 [15-20],6700,Timing Cover Reseal,2092.91,249,124,194174.14,779.82,49.8,644282.92
52388,U502N EXPLORER [11-19],6019,Timing Cover Replacement,1593.98,299,148,193576.47,647.41,49.5,609284.66
14666,CD539N EDGE [15-24],6020,Timing Cover Reseal,1504.2,319,159,185843.8,582.58,49.8,598132.64
32837,P552N F-150 [15-20],6049,Engine Long Block Replacement,8878.14,157,78,185495.45,1181.5,49.7,1463548.83
32584,P552N F-150 [15-20],5560,Rear Leaf Spring Replacement,1436.09,268,134,181900.13,678.73,50.0,522025.58
2115,B562A FIGO/KA [15-22],19788,HVAC/Door Actuator Noise,6126.12,50,25,180798.54,3615.97,50.0,438500.86
71574,V408E TRANSIT CONNECT [13-24],7902,Transmission Overhaul,3936.31,242,121,178301.89,736.79,50.0,1024466.56
10778,CD391N FUSION [13-20],6K682,Turbocharger Assembly Replacement,1798.93,250,125,177092.54,708.37,50.0,594291.36
5767,C520 FOE [12-21],3504,Steering Rack/EPAS Gear Replacement,25016.33,81,40,173384.29,2140.54,49.4,2088492.22
7094,C520N ESCAPE [13-19],4000,Rear Differential Noise,2981.95,257,128,171824.31,668.58,49.8,862476.42
28550,P473N SUPER DUTY [11-16],6K682,Turbocharger Assembly Replacement,3151.72,205,102,167791.3,818.49,49.8,762422.21
41821,P558N SUPER DUTY [17-22],9a543,Fuel System Replacement,8139.64,122,61,166907.99,1368.1,50.0,1050302.8
51925,U502N EXPLORER [11-19],3504,Steering Gear Replacement,2042.45,52,26,165302.47,3178.89,50.0,262009.33
22827,D471N FLEX [09-19],8501,Water Pump Replacement,1706.53,338,169,164941.42,487.99,50.0,692228.5
57439,U553N EXPEDITION [18-24],19860,Multiple Evaporator Replacement,1456.14,266,133,164322.35,617.75,50.0,517354.91
12506,CD533N MKZ [13-20],6009,Engine Long Block Replacement,4608.31,260,130,163991.18,630.73,50.0,1292637.65
41004,P558N SUPER DUTY [17-22],7H351,Transmission Repair,5665.78,186,93,163530.2,879.19,50.0,1071912.1
58364,U553N EXPEDITION [18-24],6256,VCT Unit Replacement for Engine Noise,1994.28,274,137,163027.47,594.99,50.0,665941.46
71781,V408E TRANSIT CONNECT [13-24],7N473,Transmission Overhaul,3887.8,184,92,158733.91,862.68,50.0,813218.04
52056,U502N EXPLORER [11-19],4000,Rear Differential Replacement,1858.9,173,86,157535.32,910.61,49.7,444135.55
57433,U553N EXPEDITION [18-24],19850,Rear Evaporator Core Replacement,1575.23,259,129,155946.21,602.11,49.8,520091.05
28472,P473N SUPER DUTY [11-16],6710,Upper Oil Pan Reseal,1943.65,222,111,154821.68,697.39,50.0,530904.97
21591,D258N TAURUS [10-19],8501,Water Pump Replacement (Catastrophic Intermix),1513.6,492,246,153459.95,311.91,50.0,835259.65
59405,U553N EXPEDITION [18-24],7H351,Internal Transmission Component Repair/Overhaul,3997.15,168,84,151548.64,902.07,50.0,741675.48
36250,P552N F-150 [15-20],9H307,Fuel Pump Replacement,795.6,232,116,150047.07,646.75,50.0,313943.38
40591,P558N SUPER DUTY [17-22],7902,Transmission Replacement,6477.64,138,69,150023.77,1087.13,50.0,925597.36
28327,P473N SUPER DUTY [11-16],6020,Engine Front Timing Cover Oil Leak Repair,2708.08,142,71,149843.26,1055.23,50.0,482097.02
21586,D258N TAURUS [10-19],8501,Internal Water Pump Replacement,1361.83,555,277,149784.38,269.88,49.9,848365.08
71570,V408E TRANSIT CONNECT [13-24],7902,Automatic Transmission Internal Component Repair or Replacement,3017.2,248,124,147810.72,596.01,50.0,777926.79
5720,C520 FOE [12-21],19703,A/C Compressor Replacement,10382.37,24,12,147435.55,6143.15,50.0,376429.83
10114,CD391N FUSION [13-20],3504,Steering Gear Assembly Replacement,2254.53,294,147,146834.03,499.43,50.0,738584.87
69176,V363N TRANSIT [14-27],18A484,A/C Evaporator Housing Replacement,1694.33,266,131,146629.86,551.24,49.2,556549.31
15011,CD539N EDGE [15-24],6K682,Turbocharger Replacement,2090.58,142,71,146469.1,1031.47,50.0,413265.57
7367,C520N ESCAPE [13-19],6009,Engine Long Block Replacement,5072.74,206,103,145768.06,707.61,50.0,1088742.85
10928,CD391N FUSION [13-20],7902,Transmission Assembly Replacement,3015.5,338,169,145367.95,430.08,50.0,1045967.82
40125,P558N SUPER DUTY [17-22],6695,Oil Pan Leak Repair,1975.95,245,122,143467.32,585.58,49.8,555084.51
69174,V363N TRANSIT [14-27],18A484,A/C Evaporator Core Replacement,1767.93,212,106,139520.97,658.12,50.0,470029.2
7372,C520N ESCAPE [13-19],6009,Engine Short/Long Block Replacement,4477.76,277,138,138745.52,500.89,49.8,1273647.3
66145,U625N EXPLORER [20-27],6211,Engine Long Block Replacement,7672.97,176,88,138423.41,786.5,50.0,1394562.11
30475,P552N F-150 [15-20],16502c22,Sunroof Track/Assembly Failure,2673.33,211,105,134590.25,637.87,49.8,642130.56
7233,C520N ESCAPE [13-19],5808,Rear Trailing Arm Replacement,785.93,414,207,133877.93,323.38,50.0,409225.15
15973,CD539N EDGE [15-24],9D289,EVAP Purge Valve Replacement,383.29,376,188,130560.8,347.24,50.0,257919.31
34358,P552N F-150 [15-20],7902,Transmission Drivability Concern,21486.25,12,6,129867.09,10822.25,50.0,363773.8
4837,C489N MKC [15-19],3504,Steering Gear Assembly Replacement,2264.45,142,71,128861.74,907.48,50.0,420098.46
14192,CD539N EDGE [15-24],3504,Steering Gear Replacement,1935.62,216,108,127146.78,588.65,50.0,508297.43
32955,P552N F-150 [15-20],6148,Long Block Engine Replacement,8531.85,103,51,126740.34,1230.49,49.5,929068.25
5885,C520 FOE [12-21],8501,Water Pump Replacement (Extensive),5198.14,21,10,125775.11,5989.29,47.6,214752.41
59064,U553N EXPEDITION [18-24],7902,Transmission Internal Failure,5663.0,129,64,124964.15,968.71,49.6,771063.28
46913,S550N MUSTANG [15-23],6148,Long Block Engine Replacement,14994.26,64,32,124434.3,1944.28,50.0,862467.74
58377,U553N EXPEDITION [18-24],6256,Timing Chain and Cam Phaser Replacement,1985.47,228,114,120598.93,528.94,50.0,527130.12
3683,C346N FOCUS [12-18],6C348,Engine Long Block Replacement,3945.52,296,148,120082.74,405.69,50.0,1219065.85
62259,U554N NAVIGATOR [18-24],7H351,Transmission Assembly Replacement,3727.92,152,76,119608.2,786.9,50.0,629912.11
70514,V363N TRANSIT [14-27],7H351,Transmission Overhaul or Replacement,4046.91,160,80,119179.24,744.87,50.0,701744.59
61037,U554N NAVIGATOR [18-24],19860,A/C Evaporator Core Service,1514.51,128,64,118490.29,925.7,50.0,284932.93
62263,U554N NAVIGATOR [18-24],7H351,Transmission Replacement,4164.72,143,71,117756.69,823.47,49.7,647961.87
71778,V408E TRANSIT CONNECT [13-24],7N473,Automatic Transmission Overhaul,3353.08,172,86,116600.19,677.91,50.0,638707.4
70269,V363N TRANSIT [14-27],7902,New Transmission Assembly Replacement,5500.63,136,68,115702.44,850.75,50.0,786854.99
57451,U553N EXPEDITION [18-24],19860,Rear Evaporator Core Replacement,1312.84,197,98,115350.44,585.53,49.7,348092.32
32949,P552N F-150 [15-20],6148,Short Block Repair,7788.79,99,49,114322.56,1154.77,49.5,795897.86
31217,P552N F-150 [15-20],19E616,Blend Door Assembly Replacement,964.32,125,62,114029.35,912.24,49.6,213182.12
33044,P552N F-150 [15-20],6256,Water Pump and Timing Component Replacement (Rattle/Leak),2049.38,209,104,113131.08,541.3,49.8,501761.62
58612,U553N EXPEDITION [18-24],6C525,Comprehensive Timing System Repair (TSB 22-2200),1904.07,144,72,112816.94,783.45,50.0,358620.12
70658,V363N TRANSIT [14-27],8501,Water Pump Replacement,722.98,225,112,112366.76,499.4,49.8,254517.63
2124,B562A FIGO/KA [15-22],19B588,A/C Evaporator/Plenum Chamber Seal Leak,3033.16,32,16,112202.25,3506.32,50.0,199844.14
22823,D471N FLEX [09-19],8501,Internal Water Pump Catastrophic Failure with Engine Contamination,1576.86,266,133,112110.28,421.47,50.0,496497.89
49161,U222N EXPEDITION [02-17],7902,Transmission Overhaul/Replacement,2318.5,178,89,111961.88,629.0,50.0,475379.22
2068,B562A FIGO/KA [15-22],11002,Starter Motor Replacement,9530.41,38,19,111498.77,2934.18,50.0,440907.25
46873,S550N MUSTANG [15-23],6051,Short Block Replacement,4560.31,88,44,110737.16,1258.37,50.0,478387.6
1533,B515A ECOSPORT INDIA [13-22],6c348,Engine Long Block and Turbocharger Replacement,4352.06,276,138,110669.11,400.98,50.0,1238925.2
52472,U502N EXPLORER [11-19],6051,Engine Long Block Replacement,7922.83,109,54,110296.46,1011.89,49.5,896314.79
46857,S550N MUSTANG [15-23],6049,Cylinder Head Replacement,3094.86,127,63,109959.22,865.82,49.6,466847.33
14656,CD539N EDGE [15-24],6019,Timing Cover Reseal,1364.94,152,76,108763.12,715.55,50.0,294590.02
32957,P552N F-150 [15-20],6148,Engine Long Block Replacement,9424.33,100,50,108552.33,1085.52,50.0,972481.24
46579,S550N MUSTANG [15-23],3504,Steering Gear Assembly Replacement,1879.84,136,68,107173.62,788.04,50.0,340257.92
58620,U553N EXPEDITION [18-24],6C525,VCT Phaser Replacement,1835.3,182,91,106678.13,586.14,50.0,402438.24
53951,U502N EXPLORER [11-19],8501,Water Pump Replacement,12092.1,23,11,105959.43,4606.93,47.8,346561.89
39337,P558N SUPER DUTY [17-22],4026,Rear Differential Assembly Replacement,2604.85,68,34,105594.66,1552.86,50.0,258722.59
56362,U553N EXPEDITION [18-24],10346,Alternator Replacement,1366.39,206,103,105024.73,509.83,50.0,354080.14
38307,P558N SUPER DUTY [17-22],19860,Evaporator Core Replacement,1317.44,165,82,103579.48,627.76,49.7,298072.57
58278,U553N EXPEDITION [18-24],6019,Front Timing Cover Reseal,2144.09,152,76,103129.22,678.48,50.0,386457.48
2067,B562A FIGO/KA [15-22],11002,Starter Motor Replacement,9579.23,58,27,102999.59,1775.86,46.6,611807.68
15840,CD539N EDGE [15-24],8501,Water Pump Replacement with Engine Damage,1774.43,211,105,102911.31,487.73,49.8,433068.69
42392,P702N F150 [21-27],13008,Headlamp Assembly Replacement,1551.83,270,135,102578.18,379.92,50.0,467654.64
3932,C346N FOCUS [12-18],7B546,DPS6 Clutch Assembly Replacement,19258.06,22,11,102253.73,4647.9,50.0,508140.61
10973,CD391N FUSION [13-20],7A103,Major Transmission Internal Repair or Replacement,4166.46,132,66,102144.23,773.82,50.0,561098.57
15232,CD539N EDGE [15-24],7902,Transmission Replacement (Catastrophic Failure),3331.99,134,67,101453.74,757.11,50.0,501081.46
59465,U553N EXPEDITION [18-24],7Z490,Transmission Assembly Replacement,25076.83,11,5,101198.13,9199.83,45.5,308989.75
35446,P552N F-150 [15-20],8005,Radiator Replacement,1083.38,106,53,100934.81,952.22,50.0,198164.14
53957,U502N EXPLORER [11-19],8501,Engine Water Pump Replacement,1655.39,197,98,100434.87,509.82,49.7,405911.44
2275,B562A FIGO/KA [15-22],9E926,Throttle Body Replacement,5336.71,24,12,99574.17,4148.92,50.0,223306.1
44536,P702N F150 [21-27],7H351,Complete Transmission Overhaul/Rebuild,3748.1,124,62,99488.62,802.33,50.0,523558.76
32922,P552N F-150 [15-20],6108,Engine Long Block Replacement,8805.69,125,62,99231.76,793.86,49.6,1079939.68
32282,P552N F-150 [15-20],4221,Front Differential Overhaul,1691.67,102,51,99210.56,972.65,50.0,251949.39
53139,U502N EXPLORER [11-19],7251,PTU Replacement,2473.02,183,91,98735.8,539.54,49.7,512056.14
53387,U502N EXPLORER [11-19],7902,Transmission Internal Component Failure,3755.8,126,63,97210.22,771.51,50.0,515046.47
10986,CD391N FUSION [13-20],7A103,Transmission Internal Failure Repair/Replacement,3210.13,135,67,96729.53,716.51,49.6,462302.49
40001,P558N SUPER DUTY [17-22],6500,Engine Short Block Replacement,6238.32,66,33,96566.05,1463.12,50.0,482875.3
53159,U502N EXPLORER [11-19],7251,PTU Replacement,2529.12,174,87,96532.66,554.79,50.0,500537.4
5075,C489N MKC [15-19],6051,Cylinder Head/Long Block Replacement,3065.31,69,34,96159.13,1393.61,49.3,284231.35
48889,U222N EXPEDITION [02-17],6020,Engine Front Cover Reseal,1978.72,155,77,96112.02,620.08,49.7,370648.83
12499,CD533N MKZ [13-20],6009,Engine Long Block Replacement for Coolant Intrusion,4506.64,221,110,96019.21,434.48,49.8,1033005.55
59584,U553N EXPEDITION [18-24],7h351,Transmission Internal Repair or Replacement,4112.14,101,50,95691.9,947.44,49.5,458450.72
69258,V363N TRANSIT [14-27],19860,Evaporator Core Replacement,1796.06,149,74,95544.59,641.24,49.7,333686.52
41013,P558N SUPER DUTY [17-22],7H351,Transmission Assembly Replacement,4466.52,90,45,95529.52,1061.44,50.0,443317.73
15156,CD539N EDGE [15-24],7251,Power Transfer Unit (PTU) Replacement,1708.17,137,68,94675.73,691.06,49.6,306296.89
51501,U502N EXPLORER [11-19],19835,Rear AC Line Replacement,1346.82,211,105,94664.62,448.65,49.8,342929.49
40351,P558N SUPER DUTY [17-22],6K682,Turbocharger Replacement,3494.26,102,51,93985.58,921.43,50.0,425722.61
47120,S550N MUSTANG [15-23],6600,Long Block Replacement,8093.36,28,14,91842.11,3280.07,50.0,288305.88
43660,P702N F150 [21-27],3504,Steering Gear Assembly Replacement,1800.04,141,70,91318.51,647.65,49.6,319720.61
40664,P558N SUPER DUTY [17-22],7A103,Transmission Internal Failure,5859.91,78,39,90839.71,1164.61,50.0,462730.46
10782,CD391N FUSION [13-20],6K682,Turbocharger Replacement,1707.68,119,59,90548.91,760.92,49.6,274587.96
59079,U553N EXPEDITION [18-24],7902,Transmission Internal Component Repair/Replacement,4754.94,112,56,90251.88,805.82,50.0,569312.08
5185,C489N MKC [15-19],6K682,Turbocharger Replacement,2052.74,84,42,89020.79,1059.77,50.0,246470.12
33050,P552N F-150 [15-20],6256,Engine Long Block Replacement,8915.07,74,37,87754.08,1185.86,50.0,683270.61
1040,B515A ECOSPORT INDIA [13-22],3078,Front Control Arm Replacement,10512.68,21,10,87307.29,4157.49,47.6,260985.23
32958,P552N F-150 [15-20],6148,Engine Assembly Replacement,8660.94,72,36,87126.32,1210.09,50.0,675441.87
8211,C520N ESCAPE [13-19],7902,Transmission Overhaul/Replacement,2941.84,130,65,85809.98,660.08,50.0,430922.04
52621,U502N EXPLORER [11-19],6335,Rear Main Seal Replacement,1990.31,129,64,85238.3,660.76,49.6,306949.67
15835,CD539N EDGE [15-24],8501,Water Pump Replacement (Complex),1706.56,221,110,84919.51,384.25,49.8,426884.25
56063,U540N MKX [16-23],8501,Water Pump Replacement,1904.83,206,103,83966.61,407.61,50.0,443806.24
58368,U553N EXPEDITION [18-24],6256,Engine Replacement due to VCT System Failure,1673.0,112,56,83544.98,745.94,50.0,247386.79
56058,U540N MKX [16-23],8501,Water Pump Replacement,1709.17,195,97,83116.16,426.24,49.7,388671.46
40644,P558N SUPER DUTY [17-22],7A100,Transmission Internal Repair / Replacement,5330.69,75,37,82554.76,1100.73,49.3,438030.66
3468,C346N FOCUS [12-18],6038,Engine Mount Replacement,4491.87,15,7,81703.53,5446.9,46.7,136146.08
15157,CD539N EDGE [15-24],7251,PTU Replacement,1513.29,158,79,80885.78,511.94,50.0,301012.45
57431,U553N EXPEDITION [18-24],19850,Evaporator Housing and A/C Lines Replacement,1579.13,114,57,80667.26,707.61,50.0,236565.97
53384,U502N EXPLORER [11-19],7902,Transmission Overhaul or Replacement,3191.63,158,79,80282.7,508.12,50.0,536941.29
49279,U222N EXPEDITION [02-17],8501,Water Pump Replacement,948.7,172,85,80119.01,465.81,49.4,219666.42
40352,P558N SUPER DUTY [17-22],6K682,Turbocharger and Engine Short Block Replacement,3467.19,112,56,79317.81,708.2,50.0,430857.58
70520,V363N TRANSIT [14-27],7H351,Transmission Assembly Replacement,4252.29,100,50,78964.87,789.65,50.0,451892.45
40601,P558N SUPER DUTY [17-22],7902,Transmission Repair/Replacement,5561.69,81,40,78931.04,974.46,49.4,478638.49
15282,CD539N EDGE [15-24],7A103,Transmission Assembly Replacement/Overhaul,4886.03,96,48,78686.0,819.65,50.0,497657.77
59408,U553N EXPEDITION [18-24],7H351,Major Transmission Internal Repair / Replacement,3834.56,103,51,78202.78,759.25,49.5,432533.15
31010,P552N F-150 [15-20],19703,A/C Compressor Replacement,1199.57,115,57,77190.4,671.22,49.6,199302.04
59578,U553N EXPEDITION [18-24],7h351,Transmission Extensive Repair or Replacement,3939.77,113,56,76635.74,678.19,49.6,467720.0
52065,U502N EXPLORER [11-19],4000,Rear Drive Unit Replacement,2242.0,73,36,76539.44,1048.48,49.3,217461.91
26050,P375E RANGER [11-23],8C607,Engine Cooling Fan Replacement,8116.44,45,22,76495.54,1699.9,48.9,425754.28
66059,U625N EXPLORER [20-27],6020,Front Timing Cover Reseal,2293.16,57,28,76265.17,1337.99,49.1,185518.79
28473,P473N SUPER DUTY [11-16],6710,Upper Oil Pan Reseal,1730.95,120,60,76016.12,633.47,50.0,256087.71
2217,B562A FIGO/KA [15-22],7124,Por Repair,21020.99,15,7,74429.97,4962.0,46.7,354305.25
16257,CD539N EDGE [15-24],KEYSVC,Lost Key/Fob Replacement,244.73,222,110,74369.43,335.0,49.5,124317.35
48485,U222N EXPEDITION [02-17],19850,Evaporator Core Replacement,1600.73,222,111,73220.64,329.82,50.0,394166.38
59100,U553N EXPEDITION [18-24],7A100,Complete Transmission Assembly Replacement,24744.21,9,4,73194.46,8132.72,44.4,281128.82
53433,U502N EXPLORER [11-19],7A103,Transmission Assembly Replacement/Overhaul,4949.0,102,51,73161.84,717.28,50.0,528386.52
55330,U540N MKX [16-23],4000,Rear Differential Assembly Replacement,2833.8,171,85,73103.76,427.51,49.7,499884.11
18318,CX482N ESCAPE [20-26],4000,Rear Differential Noise - Replacement,2643.59,95,47,72665.92,764.91,49.5,296563.87
32840,P552N F-150 [15-20],6049,Engine Long Block Replacement,7319.46,60,30,72638.79,1210.65,50.0,435745.51
14643,CD539N EDGE [15-24],6009,Engine Long Block Replacement,4467.3,185,92,72390.66,391.3,49.7,860370.45
33141,P552N F-150 [15-20],6333,Engine Long Block Replacement,8989.69,81,40,72389.33,893.7,49.4,725483.7
7629,C520N ESCAPE [13-19],6375,Torque Converter and Related Component Replacement,2109.76,127,63,72211.29,568.59,49.6,306566.32
67191,U625N EXPLORER [20-27],7H351,Transmission Assembly Replacement,4080.87,83,41,71746.08,864.41,49.4,372988.62
53686,U502N EXPLORER [11-19],7G384,Transmission Overhaul,3536.68,138,69,71549.91,518.47,50.0,511359.0
29221,P552N F-150 [15-20],1104,Prior Approval for Warranty Claim,784.53,115,57,71432.98,621.15,49.6,146487.74
15262,CD539N EDGE [15-24],7A100,Transmission Replacement,4891.65,85,42,71137.84,836.91,49.4,444989.09
7932,C520N ESCAPE [13-19],6K682,Turbocharger Replacement with Collateral Damage Repair,2208.89,97,48,70975.46,731.71,49.5,258056.33
7370,C520N ESCAPE [13-19],6009,Engine Internal Failure - Replacement,4482.54,147,73,70888.6,482.23,49.7,686757.3
64278,U625N EXPLORER [20-27],13008,Headlamp Assembly Replacement,1687.61,205,102,69574.03,339.39,49.8,390153.5
65485,U625N EXPLORER [20-27],3B403,Front Differential Assembly Replacement,2491.15,107,53,69421.7,648.8,49.5,304992.41
35402,P552N F-150 [15-20],7h351,Transmission Overhaul for Shifting Concerns,3789.49,69,34,68888.24,998.38,49.3,301556.77
11375,CD391N FUSION [13-20],8501,Water Pump Replacement,828.68,85,42,68520.15,806.12,49.4,127602.47
52618,U502N EXPLORER [11-19],6335,Engine Rear Main Seal Replacement,2293.03,137,68,68247.61,498.16,49.6,329477.41
34722,P552N F-150 [15-20],7B164,Transmission Assembly Replacement,3348.98,73,36,68028.7,931.9,49.3,286176.66
1692,B515A ECOSPORT INDIA [13-22],7E395,Transmission Shifter Cable Replacement,3890.5,22,11,67735.81,3078.9,50.0,143217.3
38554,P558N SUPER DUTY [17-22],2005,Hydro-Boost/Brake Booster Replacement,868.43,52,26,67725.32,1302.41,50.0,109196.44
7342,C520N ESCAPE [13-19],6009,Engine Long Block Replacement for Coolant Intrusion,4555.95,142,71,67304.97,473.98,50.0,668860.49
61029,U554N NAVIGATOR [18-24],19860,A/C Evaporator Replacement,1732.81,67,33,67097.34,1001.45,49.3,172357.88
2121,B562A FIGO/KA [15-22],19B555,A/C Evaporator/Housing/Blend Door Replacement,12132.66,26,13,66989.09,2576.51,50.0,344344.88
40662,P558N SUPER DUTY [17-22],7A100,Transmission Internal Repair or Replacement,4841.52,69,34,66200.16,959.42,49.3,362701.12
46914,S550N MUSTANG [15-23],6148,Engine Internal Damage Repair,4829.62,18,9,66034.93,3668.6,50.0,131795.0
33693,P552N F-150 [15-20],6C525,Comprehensive Timing System Overhaul,2381.53,116,57,65810.07,567.33,49.1,311614.44
32990,P552N F-150 [15-20],6211,Engine Short Block Replacement,8166.49,48,24,65141.89,1357.12,50.0,410699.79
58393,U553N EXPEDITION [18-24],6256,Cam Phaser Replacement,1881.28,128,64,65084.49,508.48,50.0,287433.4
15298,CD539N EDGE [15-24],7A103,Transmission Overhaul / Internal Repair,4092.38,89,44,64955.65,729.84,49.4,391014.55
58005,U553N EXPEDITION [18-24],4209,Rear Differential Noise Repair,2209.63,77,38,64804.97,841.62,49.4,216091.35
67185,U625N EXPLORER [20-27],7H351,Transmission Internal Component Repair/Overhaul,3855.56,85,42,64683.89,760.99,49.4,354953.64
20259,CX727N MACH-E [21-26],10C666,HV Battery Contactor/BECM Repair,2306.92,178,89,64433.42,361.99,50.0,436856.75
32738,P552N F-150 [15-20],6009,Long Block Assembly Replacement,8532.99,66,33,64338.64,974.83,50.0,566588.59
1289,B515A ECOSPORT INDIA [13-22],6268,Por Repair,16565.46,7,3,64142.92,9163.27,42.9,160634.45
7346,C520N ESCAPE [13-19],6009,Engine Assembly Replacement,4201.51,147,73,63977.77,435.22,49.7,609620.74
67277,U625N EXPLORER [20-27],7P238,AWD Module Replacement,4573.87,22,10,63364.79,2880.21,45.5,162457.6
65246,U625N EXPLORER [20-27],2005,ABS Control Module Replacement,1543.69,75,37,63361.58,844.82,49.3,168279.83
32817,P552N F-150 [15-20],6049,Cylinder Head Replacement,6902.67,56,28,63303.0,1130.41,50.0,415228.03
59579,U553N EXPEDITION [18-24],7h351,Transmission Assembly Replacement,3519.49,62,31,63293.06,1020.86,50.0,263915.93
33313,P552N F-150 [15-20],6571,Engine Long Block Replacement,8914.6,61,30,63201.58,1036.09,49.2,578817.77
47967,S550N MUSTANG [15-23],KEYSVC,Key Fob Replacement and Programming,260.07,125,62,63007.14,504.06,49.6,92074.84
70284,V363N TRANSIT [14-27],7902,Transmission Overhaul/Replacement,4543.64,97,48,62892.87,648.38,49.5,456413.2
53430,U502N EXPLORER [11-19],7A100,Transmission Internal Component Repair or Replacement,3654.47,92,46,62488.86,679.23,50.0,365892.32
18947,CX482N ESCAPE [20-26],7902,Transmission Internal Failure,5073.09,80,40,62403.89,780.05,50.0,416993.81
28761,P473N SUPER DUTY [11-16],8005,Primary Radiator Replacement,1349.47,79,39,62368.74,789.48,49.4,160125.52
38387,P558N SUPER DUTY [17-22],19E616,HVAC Actuator Malfunction,1194.64,110,55,62358.17,566.89,50.0,168110.8
3327,C346N FOCUS [12-18],3504,Steering Gear Replacement,1551.63,186,93,62333.01,335.12,50.0,330502.72
7643,C520N ESCAPE [13-19],6375,Flexplate Replacement with Secondary Damage,1353.72,144,72,62196.93,431.92,50.0,222015.94
59389,U553N EXPEDITION [18-24],7H351,Full Transmission Replacement,3745.37,83,41,62137.5,748.64,49.4,344357.25
27031,P375N RANGER [19-23],7H351,Internal Transmission Component Repair / Replacement,3495.48,134,67,61771.29,460.98,50.0,493348.85
57847,U553N EXPEDITION [18-24],3222,Front Differential Internal Component Failure,2473.68,60,30,61681.99,1028.03,50.0,189752.62
54276,U502N EXPLORER [11-19],9H307,Fuel Pump Replacement,899.82,153,76,61654.94,402.98,49.7,186503.6
33027,P552N F-150 [15-20],6256,Cam Phaser Replacement,1974.25,101,50,61647.21,610.37,49.5,242079.85
50167,U228N NAVIGATOR [03-17],7902,Torque Converter Replacement,2286.49,87,43,61522.66,707.16,49.4,236377.6
26336,P375N RANGER [19-23],18478,HVAC Air Distribution Housing Replacement,940.76,230,115,61355.33,266.76,50.0,258837.99
40004,P558N SUPER DUTY [17-22],6500,Long Block Replacement,6844.18,49,24,61339.32,1251.82,49.0,369795.5
1922,B515A ECOSPORT INDIA [13-22],9E926,Throttle Body Replacement,5718.29,15,7,61050.7,4070.05,46.7,140181.08
29010,P473N SUPER DUTY [11-16],9a543,High-Pressure Fuel Pump / Fuel System Replacement,7774.11,30,15,60920.57,2030.68,50.0,268596.2
35010,P552N F-150 [15-20],7G276,Transmission Leadframe Replacement,875.54,163,81,60616.04,371.88,49.7,184071.77
27037,P375N RANGER [19-23],7H351,Transmission Overhaul/Rebuild,4019.32,101,50,60408.86,598.11,49.5,424041.24
70516,V363N TRANSIT [14-27],7H351,Transmission Overhaul or Replacement,3472.93,75,37,60116.74,801.56,49.3,293854.91
52470,U502N EXPLORER [11-19],6051,Engine Short Block Replacement,5165.22,44,22,59844.47,1360.11,50.0,268671.47
29123,P552N F-150 [15-20],10346,Alternator/Generator Replacement,933.64,71,35,59577.71,839.13,49.3,120110.04
71779,V408E TRANSIT CONNECT [13-24],7N473,Transmission Internal Failure Repair,5025.83,47,23,59517.58,1266.33,48.9,261762.08
68721,V363N TRANSIT [14-27],10346,Alternator Replacement,939.84,211,105,59472.37,281.86,49.8,234961.29
31753,P552N F-150 [15-20],3010,Front Differential Service/Replacement,2222.08,89,44,59471.21,668.22,49.4,231765.67
3299,C346N FOCUS [12-18],3078,Front Control Arm Replacement,10119.15,24,12,59407.5,2475.31,50.0,268588.31
23269,D472N MKT [10-19],8501,Water Pump Replacement,2465.95,46,23,59144.63,1285.75,50.0,157178.19
51492,U502N EXPLORER [11-19],19835,Rear AC Line Replacement,1420.84,136,68,59101.19,434.56,50.0,226763.81
38305,P558N SUPER DUTY [17-22],19860,Evaporator Core Replacement,1245.56,73,36,58818.83,805.74,49.3,139689.95
5316,C489N MKC [15-19],7902,Trans Repair,3753.85,133,66,58614.78,440.71,49.6,515353.98
44542,P702N F150 [21-27],7H351,Transmission Assembly Replacement,3401.27,63,31,58340.95,926.05,49.2,259621.44
41018,P558N SUPER DUTY [17-22],7H351,Transmission Assembly Replacement,3764.95,46,23,58308.01,1267.57,50.0,205705.86
10161,CD391N FUSION [13-20],3B437,Front Axle Shaft Replacement,7467.04,11,5,58139.19,5285.38,45.5,129326.51
53520,U502N EXPLORER [11-19],7B164,Transmission Overhaul/Replacement,3407.97,68,34,57844.61,850.66,50.0,266096.32
70508,V363N TRANSIT [14-27],7H351,Transmission Repair/Replacement,5793.7,82,41,57614.97,702.62,50.0,473148.61
53947,U502N EXPLORER [11-19],8501,Water Pump Replacement,1942.89,97,48,57584.27,593.66,49.5,227121.87
14623,CD539N EDGE [15-24],6009,Engine Coolant Intrusion,4567.82,155,77,57575.16,371.45,49.7,733492.67
34740,P552N F-150 [15-20],7B177,Transmission Assembly Replacement,3982.34,66,33,57360.78,869.1,50.0,294751.69
15280,CD539N EDGE [15-24],7A100,Transmission Overhaul or Replacement,4219.87,71,35,57291.73,806.92,49.3,326966.2
8217,C520N ESCAPE [13-19],7902,Transmission Internal Failure,3095.75,78,39,56845.36,728.79,50.0,264318.0
53970,U502N EXPLORER [11-19],8501,Long Block Engine Replacement,6861.08,81,40,56653.13,699.42,49.4,567767.03
46875,S550N MUSTANG [15-23],6051,Engine Long Block Replacement,6124.26,68,34,56610.83,832.51,50.0,446014.44
1350,B515A ECOSPORT INDIA [13-22],6600,Engine Long Block Replacement,4155.93,128,64,56479.33,441.25,50.0,558458.94
10372,CD391N FUSION [13-20],6009,Engine Major Component Replacement,5351.72,84,42,56225.31,669.35,50.0,449084.86
201,B299N FIESTA MCA [13-19],3078,Front Control Arm Replacement,7959.18,19,9,55807.11,2937.22,47.4,184148.77
8526,C520N ESCAPE [13-19],7G384,Transmission Overhaul for Internal Failure,3339.6,107,53,55443.19,518.16,49.5,382168.51
32902,P552N F-150 [15-20],6102,Long Block Engine Replacement,8611.79,38,19,55280.93,1454.76,50.0,345063.71
50231,U228N NAVIGATOR [03-17],8501,Water Pump Replacement with Engine Damage Repair,1092.32,92,46,54950.82,597.29,50.0,138969.61
1054,B515A ECOSPORT INDIA [13-22],3504,Steering Gear Replacement,1131.89,28,14,54226.63,1936.67,50.0,81360.08
6115,C520N ESCAPE [13-19],13008,Headlamp Assembly Replacement,1332.54,119,59,54128.71,454.86,49.6,196566.55
66833,U625N EXPLORER [20-27],7902,Transmission Assembly Replacement,4530.04,62,31,53910.44,869.52,50.0,309627.55
53675,U502N EXPLORER [11-19],7G384,Transmission Internal Component Repair or Replacement,4101.86,73,36,53824.56,737.32,49.3,321663.72
30820,P552N F-150 [15-20],18476,Heater Core Replacement,1296.85,105,52,53673.26,511.17,49.5,172238.37
5914,C520N ESCAPE [13-19],10346,Alternator Replacement,952.92,111,55,53660.42,483.42,49.5,149269.11
61676,U554N NAVIGATOR [18-24],6256,Labor Hours Repair,2369.74,65,32,53449.07,822.3,49.2,196432.03
33683,P552N F-150 [15-20],6C525,VCT Component Replacement,16196.02,12,6,53230.23,4435.85,50.0,227676.22
8047,C520N ESCAPE [13-19],7005,Transmission Replacement,4208.15,103,51,52787.66,512.5,49.5,425959.79
7371,C520N ESCAPE [13-19],6009,Engine Assembly Replacement for Coolant Intrusion,4753.63,87,43,52719.66,605.97,49.4,419601.68
47617,S550N MUSTANG [15-23],7H351,Internal Transmission Component Replacement/Overhaul,3532.04,70,35,52526.92,750.38,50.0,277510.13
31087,P552N F-150 [15-20],19860,A/C Evaporator Core Replacement,1338.91,93,46,52462.5,564.12,49.5,158977.44
29412,P552N F-150 [15-20],12A699,Knock Sensor Replacement,1600.71,51,25,52025.65,1020.11,49.0,123548.59
32919,P552N F-150 [15-20],6108,Engine Short Block/Assembly Replacement,6400.72,39,19,52007.24,1333.52,48.7,282743.97
44538,P702N F150 [21-27],7H351,Transmission Assembly Replacement,3653.01,45,22,51567.47,1145.95,48.9,194362.57
1490,B515A ECOSPORT INDIA [13-22],6K682,Turbocharger Replacement,2802.96,60,30,50851.97,847.53,50.0,197766.01
58381,U553N EXPEDITION [18-24],6256,Water Pump Repair,2176.11,77,38,50524.37,656.16,49.4,200096.32
3731,C346N FOCUS [12-18],6c348,Engine Long Block Replacement,3972.45,112,56,50398.8,449.99,50.0,465528.57
11840,CD533N MKZ [13-20],13008,Headlamp Assembly Replacement,1564.97,135,67,50389.92,373.26,49.6,244044.08
7253,C520N ESCAPE [13-19],5A968,Rear Trailing/Control Arm Bushing Replacement,1262.33,148,74,49956.2,337.54,50.0,204576.21
40674,P558N SUPER DUTY [17-22],7A103,Transmission Overhaul/Replacement,4307.69,42,21,49929.9,1188.81,50.0,212880.29
8193,C520N ESCAPE [13-19],7902,Transmission Overhaul or Replacement,3756.52,80,40,49874.44,623.43,50.0,312365.18
35741,P552N F-150 [15-20],9424,Intake Manifold IMRC System Failure,884.91,141,70,49751.9,352.85,49.6,162883.95
1599,B515A ECOSPORT INDIA [13-22],7902,Torque Converter and Clutch Replacement,10335.1,17,8,49736.2,2925.66,47.1,215878.65
46640,S550N MUSTANG [15-23],4209,Rear Differential Rebuild,2257.21,44,22,49219.51,1118.62,50.0,137236.79
12289,CD533N MKZ [13-20],3504,Steering Gear Assembly Replacement,2380.33,81,40,49155.25,606.85,49.4,221756.42
66912,U625N EXPLORER [20-27],7A130,Transmission Assembly Replacement,3141.1,61,30,49147.72,805.7,49.2,215907.91
52790,U502N EXPLORER [11-19],6781,Oil Pan Gasket Reseal (Complex Access),2330.21,48,24,48699.48,1014.57,50.0,139993.31
52465,U502N EXPLORER [11-19],6051,Engine Long Block Replacement,8161.82,38,19,48571.64,1278.2,50.0,310277.9
66277,U625N EXPLORER [20-27],6600,Engine Long Block Replacement,7476.7,49,24,48415.28,988.07,49.0,388537.12
36742,P552N F-150 [15-20],misc,Warranty Inquiry Resolution,735.37,41,20,48251.55,1176.87,48.8,69111.38
53366,U502N EXPLORER [11-19],7902,Transmission Overhaul/Replacement,3414.16,102,51,48155.57,472.11,50.0,366372.3
33278,P552N F-150 [15-20],6513,Cylinder Head Replacement,2635.81,30,15,47997.25,1599.91,50.0,119761.71
56568,U553N EXPEDITION [18-24],13405,Tail Lamp Assembly Replacement,1020.23,60,30,47986.9,799.78,50.0,92929.93
625,B515A ECOSPORT INDIA [13-22],11002,Starter Motor Replacement,9148.19,42,21,47873.4,1139.84,50.0,385442.52
35754,P552N F-150 [15-20],9424,Intake Manifold Runner Control Failure,969.94,109,54,47842.94,438.93,49.5,140165.01
57052,U553N EXPEDITION [18-24],1651070,Sunroof Guide/Bracket Replacement,4814.56,21,10,47832.06,2277.72,47.6,135936.53
5312,C489N MKC [15-19],7902,Automatic Transmission Internal Failure/Wear,3370.78,134,67,47821.28,356.88,50.0,456454.94
69838,V363N TRANSIT [14-27],6019,Timing Cover Reseal (Extensive),2163.76,67,33,47297.02,705.93,49.3,168621.12
59393,U553N EXPEDITION [18-24],7H351,Transmission Repair with Rental,3731.76,42,21,47049.83,1120.23,50.0,182585.29
39905,P558N SUPER DUTY [17-22],6211,Engine Long Block Replacement,12896.26,30,15,46980.3,1566.01,50.0,384606.82
70719,V363N TRANSIT [14-27],8C607,Engine Cooling Fan Assembly Replacement,815.6,94,47,46841.29,498.31,50.0,113422.17
34488,P552N F-150 [15-20],7A130,Transmission Internal Failure/Wear,5092.41,52,26,46818.51,900.35,50.0,274189.36
62260,U554N NAVIGATOR [18-24],7H351,Transmission Internal Repair or Replacement,4190.31,39,19,46806.27,1200.16,48.7,196837.64
33703,P552N F-150 [15-20],6C525,Camshaft Phaser/VCT Actuator Replacement,2244.36,56,28,46796.62,835.66,50.0,159795.99
52556,U502N EXPLORER [11-19],6256,Cam Phaser/VCT Replacement,2267.56,65,32,46536.09,715.94,49.2,178090.0
10982,CD391N FUSION [13-20],7A103,Automatic Transmission Overhaul,3159.16,76,38,46488.47,611.69,50.0,265695.49
48810,U222N EXPEDITION [02-17],4947,Rear Differential Assembly Replacement,1410.31,109,54,46408.91,425.77,49.5,182812.02
61238,U554N NAVIGATOR [18-24],2200,Rear Brake Pads and Rotor Machining,596.11,81,40,46180.21,570.12,49.4,87525.42
30466,P552N F-150 [15-20],16502C22,Sunroof Assembly/Frame Replacement,2601.73,104,52,46150.7,443.76,50.0,286005.27
3947,C346N FOCUS [12-18],7B546,Transmission Assembly Replacement,1712.8,79,39,46058.65,583.02,49.4,166768.11
49786,U228N NAVIGATOR [03-17],19850,Evaporator Core Replacement,1819.21,65,32,45865.72,705.63,49.2,150750.47
16055,CD539N EDGE [15-24],9F464,EGR Cooler Replacement with Consequential Engine Damage,650.29,98,49,45819.45,467.54,50.0,104654.76
1443,B515A ECOSPORT INDIA [13-22],6C348,Engine Long Block and Turbocharger Replacement,3966.15,51,25,45555.61,893.25,49.0,235922.01
7348,C520N ESCAPE [13-19],6009,Major Engine Repair (Coolant Intrusion),4631.58,76,38,45350.1,596.71,50.0,366905.61
35457,P552N F-150 [15-20],8005,Radiator Assembly Replacement,1239.29,74,37,45337.42,612.67,50.0,119159.76
30513,P552N F-150 [15-20],16519A02,Sunshade Assembly Replacement,2061.35,32,16,45072.34,1408.51,50.0,97708.38
5026,C489N MKC [15-19],6009,Engine Long Block Replacement,4839.67,99,49,44848.65,453.01,49.5,500801.38
6652,C520N ESCAPE [13-19],19850,A/C Evaporator Core Replacement,1321.12,129,64,44795.07,347.25,49.6,203691.44
3704,C346N FOCUS [12-18],6K682,Turbocharger Assembly Replacement,1881.81,66,33,44764.03,678.24,50.0,160410.49
16351,CD539N EDGE [15-24],keysvc,Lost Key/Fob Replacement,249.4,116,58,44666.19,385.06,50.0,71137.32
3444,C346N FOCUS [12-18],6009,Engine Long Block Replacement,4197.16,32,16,44515.92,1391.12,50.0,166727.31
33904,P552N F-150 [15-20],6M280,VCT Solenoid Replacement,947.49,94,47,44373.62,472.06,50.0,122634.41
61441,U554N NAVIGATOR [18-24],4209,Rear Differential Noise - Internal Component Failure,2441.0,26,13,44171.01,1698.88,50.0,102003.37
14645,CD539N EDGE [15-24],6009,Engine Coolant Intrusion / Replacement,4775.47,83,41,43987.09,529.97,49.4,416100.75
33684,P552N F-150 [15-20],6C525,Engine Replacement due to Phaser Failure,1661.06,59,29,43705.9,740.78,49.2,130689.73
18962,CX482N ESCAPE [20-26],7902,Transmission Overhaul/Replacement,4830.64,69,34,43660.03,632.75,49.3,339896.82
34707,P552N F-150 [15-20],7B067,Transmission Overhaul,3868.28,59,29,43583.85,738.71,49.2,246962.88
27493,P473N SUPER DUTY [11-16],1000155,Cab Mount/Bushing Replacement,2064.21,42,21,43496.19,1035.62,50.0,116953.29
11373,CD391N FUSION [13-20],8501,Water Pump Replacement,802.54,80,40,43371.78,542.15,50.0,99586.94
35056,P552N F-150 [15-20],7H351,Transmission Internal Component Repair,39937.43,6,3,43334.34,7222.39,50.0,228176.44
10375,CD391N FUSION [13-20],6009,Engine Coolant Intrusion Repair,4678.76,101,50,43210.93,427.83,49.5,476757.4
41414,P558N SUPER DUTY [17-22],9424,Intake Manifold Replacement,1332.6,71,35,43203.28,608.49,49.3,126214.84
57422,U553N EXPEDITION [18-24],19850,Rear Evaporator/Climate Control Housing Replacement,1743.26,65,32,43087.29,662.88,49.2,143324.81
8758,C520N ESCAPE [13-19],8501,Water Pump Replacement,1156.47,68,34,43039.39,632.93,50.0,114675.31
58372,U553N EXPEDITION [18-24],6256,Repair of Causal Part 6256,1952.65,104,52,43002.77,413.49,50.0,226242.01
35064,P552N F-150 [15-20],7H351,Full Transmission Assembly Replacement,4046.1,63,31,42949.99,681.75,49.2,282595.65
71603,V408E TRANSIT CONNECT [13-24],7A103,Transmission Assembly Replacement,5378.19,62,31,42739.52,689.35,50.0,333735.85
8244,C520N ESCAPE [13-19],7A100,Transmission Replacement,4692.38,61,30,42158.94,691.13,49.2,296719.91
67508,U625N EXPLORER [20-27],8501,Water Pump Replacement,849.2,68,34,42062.75,618.57,50.0,89115.84
70312,V363N TRANSIT [14-27],7A103,Transmission Replacement or Major Overhaul,5334.96,51,25,42042.48,824.36,49.0,279978.17
35063,P552N F-150 [15-20],7H351,Transmission Assembly Replacement,3051.32,68,34,42029.43,618.08,50.0,233783.35
32768,P552N F-150 [15-20],6019,Engine Oil Leak Reseal,2159.62,32,16,41990.39,1312.2,50.0,105876.87
7386,C520N ESCAPE [13-19],6019,Timing Cover Reseal,1167.02,80,40,41857.78,523.22,50.0,123627.73
65494,U625N EXPLORER [20-27],3B403,Front Differential Assembly Replacement,2716.19,55,27,41730.07,758.73,49.1,174288.7
47069,S550N MUSTANG [15-23],6507,Engine Long Block Replacement,8649.54,11,5,41677.09,3788.83,45.5,129399.46
34736,P552N F-150 [15-20],7B177,Transmission Assembly Replacement,3356.03,46,23,41611.33,904.59,50.0,180868.22
46625,S550N MUSTANG [15-23],4026,Rear Differential Assembly Replacement,2293.18,47,23,41323.63,879.23,48.9,134708.33
54161,U502N EXPLORER [11-19],9E731,Cruise Control Module Replacement,1515.43,62,31,41170.25,664.03,50.0,125637.99
15975,CD539N EDGE [15-24],9D289,EVAP System Component Replacement,3200.94,11,5,40932.04,3721.1,45.5,74161.13
61453,U554N NAVIGATOR [18-24],4220,Front Differential Driveline Repair,2965.73,35,17,40860.7,1167.45,48.6,131296.25
31905,P552N F-150 [15-20],3504,EPAS Gear Replacement,2226.14,33,16,40694.32,1233.16,48.5,107869.45
51528,U502N EXPLORER [11-19],19867,Rear AC Line Replacement,1336.16,74,37,40399.43,545.94,50.0,125283.73
38286,P558N SUPER DUTY [17-22],19850,Complete Climate Control Housing Assembly Replacement,1588.18,91,45,40324.94,443.13,49.5,171106.19
69970,V363N TRANSIT [14-27],6211,Engine Short Block Replacement,6925.0,28,14,40310.92,1439.68,50.0,212326.14
9218,C520N ESCAPE [13-19],keysvc,Key Fob Replacement/Programming,212.35,127,63,40286.88,317.22,49.6,64473.06
52717,U502N EXPLORER [11-19],6600,Engine Long Block Replacement,7499.75,34,17,40225.86,1183.11,50.0,269618.42
15220,CD539N EDGE [15-24],7902,Transmission Internal Component Failure,4129.25,27,13,39962.18,1480.08,48.1,135571.55
32736,P552N F-150 [15-20],6009,Long Block Replacement,7150.92,42,21,39922.6,950.54,50.0,305211.77
2140,B562A FIGO/KA [15-22],3504,Steering Gear Replacement,15573.36,16,8,39912.18,2494.51,50.0,265558.38
5714,C520 FOE [12-21],18198,Front Strut Bearing and Mount Replacement,5794.5,11,5,39852.39,3622.95,45.5,90142.34
4585,C489N MKC [15-19],18124,Front Suspension Component Replacement,1306.44,93,46,39842.66,428.41,49.5,146110.85
10927,CD391N FUSION [13-20],7902,Transmission Internal Component Failure / Overhaul or Replacement,2968.46,80,40,39682.11,496.03,50.0,248090.29
8289,C520N ESCAPE [13-19],7A130,Transmission Repair,4860.44,43,21,39539.64,919.52,48.8,226962.56
71596,V408E TRANSIT CONNECT [13-24],7A100,Transmission Assembly Replacement,3014.79,50,25,39399.73,788.0,50.0,161372.67
9163,C520N ESCAPE [13-19],KEYSVC,Key/Key Fob Replacement and Programming,220.85,203,101,39335.38,193.77,49.8,79918.01
29244,P552N F-150 [15-20],1104,Front Wheel Hub/Bearing Replacement,995.23,116,58,39154.92,337.54,50.0,139831.29
38293,P558N SUPER DUTY [17-22],19850,Evaporator Core/Housing Replacement,1459.41,90,45,39120.82,434.68,50.0,157289.51
69971,V363N TRANSIT [14-27],6211,Engine Long Block Replacement,7359.53,55,27,39041.43,709.85,49.1,412710.36
7621,C520N ESCAPE [13-19],6375,Transmission Assembly Replacement,4161.33,56,28,38972.53,695.94,50.0,222518.8
7232,C520N ESCAPE [13-19],5808,Rear Trailing Arm Bushing/Arm Replacement,686.49,84,42,38942.52,463.6,50.0,88531.07
4032,C346N FOCUS [12-18],7b546,Clutch Assembly Replacement,1538.13,129,64,38883.2,301.42,49.6,220166.42
65566,U625N EXPLORER [20-27],3K147,Front Differential Assembly Replacement,2320.32,50,25,38871.42,777.43,50.0,140759.31
57236,U553N EXPEDITION [18-24],18124,Front Strut/Shock Replacement,1250.79,72,36,38806.35,538.98,50.0,106742.46
48914,U222N EXPEDITION [02-17],6256,Timing Chain Component Replacement,2786.87,58,29,38802.94,669.02,50.0,183837.37
52455,U502N EXPLORER [11-19],6049,Engine Long Block Replacement,7223.81,24,12,38640.04,1610.0,50.0,200093.69
10352,CD391N FUSION [13-20],6009,Engine Internal Failure/Replacement,4323.1,65,32,38501.78,592.34,49.2,298132.06
41057,P558N SUPER DUTY [17-22],7R081,Transmission Line Leak Repair,990.29,41,20,38474.6,938.4,48.8,72413.81
26334,P375N RANGER [19-23],18478,HVAC Air Distribution Housing Replacement,950.55,200,100,38423.88,192.12,50.0,212703.17
14239,CD539N EDGE [15-24],3B436,Front Axle Shaft Assembly Replacement,763.65,42,21,38368.85,913.54,50.0,65515.4
53682,U502N EXPLORER [11-19],7G384,Transmission Full Replacement (Catastrophic Failure),3002.45,76,38,38307.06,504.04,50.0,245358.8
15536,CD539N EDGE [15-24],7G384,Transmission Overhaul with Torque Converter Replacement,3656.91,51,25,38080.56,746.68,49.0,206767.11
12921,CD533N MKZ [13-20],9D289,EVAP Canister Purge Valve Replacement,456.18,116,58,38076.98,328.25,50.0,84942.83
61657,U554N NAVIGATOR [18-24],6256,VCT System Component Replacement,15974.08,21,10,38062.43,1812.5,47.6,350810.71
10957,CD391N FUSION [13-20],7A100,Transmission Assembly Replacement,4406.7,36,18,38017.73,1056.05,50.0,164988.83
33157,P552N F-150 [15-20],6335,Rear Main Seal Replacement,1817.69,45,22,37962.42,843.61,48.9,109650.32
52025,U502N EXPLORER [11-19],3V504,Steering Gear Replacement,1616.82,59,29,37918.27,642.68,49.2,125243.97
70636,V363N TRANSIT [14-27],8005,Radiator Replacement,990.92,81,40,37910.94,468.04,49.4,109005.73
8523,C520N ESCAPE [13-19],7G384,Transmission Assembly Replacement,3078.87,81,40,37904.89,467.96,49.4,267686.82
33315,P552N F-150 [15-20],6571,Cylinder Head Replacement,4646.76,35,17,37882.0,1082.34,48.6,186106.37
66902,U625N EXPLORER [20-27],7A130,Transmission Assembly Replacement/Overhaul,4077.97,57,28,37696.65,661.34,49.1,247455.95
55341,U540N MKX [16-23],4000,Rear Differential / Axle Assembly Replacement,2003.32,54,27,37691.68,697.99,50.0,131756.42
8259,C520N ESCAPE [13-19],7A100,Transmission Replacement,3242.9,69,34,37443.61,542.66,49.3,236608.94
64518,U625N EXPLORER [20-27],14C689,Blind Spot/Cross Traffic System Fault,1061.51,50,25,37393.22,747.86,50.0,83999.58
27032,P375N RANGER [19-23],7H351,Transmission Assembly Replacement,3529.55,68,34,37134.41,546.09,50.0,253674.15
40731,P558N SUPER DUTY [17-22],7A248,Torque Converter and/or Pump Replacement,1763.15,56,28,37129.7,663.03,50.0,124875.67
69290,V363N TRANSIT [14-27],19B555,Multiple Evaporator System Replacement,2030.11,77,38,37073.35,481.47,49.4,180716.71
34704,P552N F-150 [15-20],7B067,Transmission Internal Component Repair,3367.81,38,19,37061.75,975.31,50.0,148754.05
58362,U553N EXPEDITION [18-24],6256,Engine Rattle - VCT/Cam Phaser Issue,1601.04,64,32,37011.43,578.3,50.0,128098.09
58376,U553N EXPEDITION [18-24],6256,VCT/Cam Phaser Replacement,1979.7,67,33,36906.14,550.84,49.3,156387.97
449,B299N FIESTA MCA [13-19],7Z369,TCM Replacement,9668.37,10,5,36887.51,3688.75,50.0,131243.41
33449,P552N F-150 [15-20],6701,Engine Rear Main Seal Replacement,1903.16,46,23,36861.07,801.33,50.0,113091.51
17209,CX430N C-SUV [21-27],8501,Water Pump Replacement,977.7,118,59,36831.42,312.13,50.0,138493.26
32795,P552N F-150 [15-20],6020,Timing Cover Gasket Reseal,2141.39,58,29,36829.92,635.0,50.0,146081.04
61792,U554N NAVIGATOR [18-24],6C525,Cam Phaser Replacement,2487.09,62,31,36820.55,593.88,50.0,169179.68
65043,U625N EXPLORER [20-27],19860,Evaporator Core Replacement,1563.71,49,24,36777.03,750.55,49.0,104428.46
8360,C520N ESCAPE [13-19],7B164,Transmission Internal Damage/Failure,4714.11,55,27,36770.47,668.55,49.1,267659.92
33252,P552N F-150 [15-20],6507,Engine Long Block Replacement,8816.99,36,18,36726.46,1020.18,50.0,320248.32
33024,P552N F-150 [15-20],6256,Prior Approval Exemption,1354.27,146,72,36705.76,251.41,49.3,216367.68
33680,P552N F-150 [15-20],6C525,Engine Assembly Replacement,2458.17,34,17,36488.02,1073.18,50.0,111581.01
3852,C346N FOCUS [12-18],7515,Transmission Repair,1797.55,91,45,36093.79,396.63,49.5,185203.34
40332,P558N SUPER DUTY [17-22],6K682,Turbocharger Assembly Replacement,3451.8,65,32,36086.82,555.18,49.2,236880.77
35060,P552N F-150 [15-20],7H351,Transmission Internal Component Repair/Overhaul,3829.29,37,18,36075.18,975.01,48.6,165266.18
34695,P552N F-150 [15-20],7B067,Transmission Replacement,6283.71,47,23,36045.73,766.93,48.9,296917.14
39889,P558N SUPER DUTY [17-22],6148,Engine Long Block Replacement,8613.57,15,7,35862.67,2390.85,46.7,153801.82
3905,C346N FOCUS [12-18],7A508,Clutch System Repair,1798.48,49,24,35856.76,731.77,49.0,112714.71
33404,P552N F-150 [15-20],6675,Engine Oil Pan Replacement,4647.07,16,8,35832.1,2239.5,50.0,101317.42
30122,P552N F-150 [15-20],15043B13,Airbag Module Replacement,4632.12,11,5,35720.96,3247.36,45.5,81229.67
57423,U553N EXPEDITION [18-24],19850,Rear A/C Evaporator Replacement,1375.06,47,23,35604.95,757.55,48.9,93537.42
13941,CD539N EDGE [15-24],19G490,Rear View Camera Replacement,543.57,54,27,35568.15,658.67,50.0,61060.97
10832,CD391N FUSION [13-20],7000,Transmission Assembly Replacement,4342.11,35,17,35389.81,1011.13,48.6,151751.92
46809,S550N MUSTANG [15-23],6009,Engine Long Block Replacement,5011.78,12,6,35253.31,2937.77,50.0,93144.74
61678,U554N NAVIGATOR [18-24],6256,VCT Phaser Replacement,2432.52,87,43,35049.24,402.86,49.4,222396.64
7933,C520N ESCAPE [13-19],6K682,Turbocharger Assembly Replacement,1837.52,62,31,34842.72,561.98,50.0,138244.41
5043,C489N MKC [15-19],6020,Timing Cover Reseal,1273.78,47,23,34797.08,740.36,48.9,86912.69
71364,V408E TRANSIT CONNECT [13-24],3504,EPAS Steering Gear Replacement,1596.46,112,56,34758.08,310.34,50.0,201234.92
31906,P552N F-150 [15-20],3504,EPAS Steering Gear Replacement,1858.52,66,33,34726.84,526.16,50.0,146857.61
27387,P375S RANGER [12-23],19B555,Evaporator/HVAC Case Replacement (Extensive),10631.0,21,10,34661.33,1650.54,47.6,247826.12
34155,P552N F-150 [15-20],7007,Separator Plate Replacement,1208.83,45,22,34323.45,762.75,48.9,81327.45
46269,S550N MUSTANG [15-23],18124,Front Strut Assembly Replacement,996.93,11,5,34292.25,3117.48,45.5,44162.33
57859,U553N EXPEDITION [18-24],3222,Front Differential/PTU Internal Repair/Overhaul,2239.1,35,17,34089.25,973.98,48.6,103423.39
66199,U625N EXPLORER [20-27],6333,Engine Long Block Replacement,7877.98,48,24,33931.47,706.91,50.0,387676.29
46363,S550N MUSTANG [15-23],19850,AC Evaporator Leak/Failure,1776.68,120,60,33530.09,279.42,50.0,226446.6
39920,P558N SUPER DUTY [17-22],6250,Camshaft and Valvetrain Replacement,3742.49,24,12,33429.67,1392.9,50.0,108110.52
11683,CD391N FUSION [13-20],KEYSVC,Lost Key/Fob Replacement,236.93,144,72,33186.83,230.46,50.0,64196.57
5844,C520 FOE [12-21],7902,Torque Converter Replacement with Contamination,12854.33,10,5,33135.98,3313.59,50.0,153960.84
31808,P552N F-150 [15-20],3082,Front Upper Control Arm Replacement,1361.67,46,23,32808.2,713.22,50.0,83127.21
33014,P552N F-150 [15-20],6250,Engine Camshaft/Valvetrain Component Replacement,2783.16,24,12,32785.59,1366.06,50.0,88842.23
28600,P473N SUPER DUTY [11-16],6k682,Turbocharger Replacement (as part of Engine Replacement),3562.82,12,6,32691.53,2724.29,50.0,72310.86
55815,U540N MKX [16-23],7902,Transmission Assembly Replacement,5155.07,39,19,32657.18,837.36,48.7,219698.42
15293,CD539N EDGE [15-24],7A103,Transmission Replacement,3987.57,54,27,32592.22,603.56,50.0,224335.69
66916,U625N EXPLORER [20-27],7A130,Transmission Overhaul/Rebuild,3991.47,53,26,32544.98,614.05,49.1,221324.76
1063,B515A ECOSPORT INDIA [13-22],3B436,Front Axle Shaft Replacement,9609.85,12,6,32376.79,2698.06,50.0,139768.55
15652,CD539N EDGE [15-24],7N473,Transmission Assembly Replacement,5321.45,54,27,32334.79,598.79,50.0,289038.98
53287,U502N EXPLORER [11-19],78502C22,Sunroof Track Replacement with Water Damage Remediation,2426.62,58,29,32300.28,556.9,50.0,152818.5
43717,P702N F150 [21-27],3C247,Integrated Wheel End (IWE) Actuator Replacement,744.08,53,26,32226.1,608.04,49.1,66919.92
69256,V363N TRANSIT [14-27],19860,Tech Findings Repair,1935.49,68,34,32046.91,471.28,50.0,145208.63
15660,CD539N EDGE [15-24],7N473,Transmission Overhaul or Replacement,4968.08,51,25,32021.86,627.88,49.0,260042.73
4581,C489N MKC [15-19],18124,Front Strut Assembly Replacement,1289.78,58,29,31889.58,549.82,50.0,95360.62
3853,C346N FOCUS [12-18],7515,Clutch System Repair/Replacement,1979.5,14,7,31854.96,2275.35,50.0,57124.61
41064,P558N SUPER DUTY [17-22],7R081,Transmission Cooler Line Replacement,933.98,60,30,31796.58,529.94,50.0,77457.98
51517,U502N EXPLORER [11-19],19850,A/C Evaporator Core Replacement,1411.16,69,34,31737.9,459.97,49.3,116538.69
61653,U554N NAVIGATOR [18-24],6256,VCT System Repair,2528.27,51,25,31735.41,622.26,49.0,149745.13
30468,P552N F-150 [15-20],16502C22,Labor Hours Repair,2836.25,57,28,31654.41,555.34,49.1,182931.27
16066,CD539N EDGE [15-24],9F464,EGR Cooler Replacement,799.87,66,33,31619.39,479.08,50.0,80849.86
5275,C489N MKC [15-19],78502C22,Sunroof Track/Assembly Replacement,2905.96,34,17,31595.14,929.27,50.0,119700.55
66143,U625N EXPLORER [20-27],6211,Short Block Replacement,6242.51,20,10,31577.29,1578.86,50.0,148336.0
6968,C520N ESCAPE [13-19],3504,Steering Gear Replacement,1969.92,46,23,31377.87,682.13,50.0,116660.1
35126,P552N F-150 [15-20],7P086,Auxiliary Transmission Fluid Pump Replacement,736.82,88,44,31254.02,355.16,50.0,89925.54
33383,P552N F-150 [15-20],6600,Short Block Replacement,8837.46,25,12,31171.54,1246.86,48.0,220347.25
35514,P552N F-150 [15-20],8501,Water Pump Replacement,960.52,61,30,31170.28,510.99,49.2,81547.88
31765,P552N F-150 [15-20],3010,Front Differential Internal Repair or Replacement,2132.54,41,20,31095.39,758.43,48.8,108751.07
58668,U553N EXPEDITION [18-24],6K682,Turbocharger Replacement,3032.44,28,14,31043.06,1108.68,50.0,103443.35
10931,CD391N FUSION [13-20],7902,Transmission Malfunction/Failure,3878.67,41,20,31042.34,757.13,48.8,168514.6
21478,D258N TAURUS [10-19],7251,PTU Internal Failure/Replacement,2181.89,65,32,31017.55,477.19,49.2,159858.72
33208,P552N F-150 [15-20],6375,Starter and Flywheel/Flexplate Replacement,1552.03,30,15,30986.53,1032.88,50.0,71630.37
57453,U553N EXPEDITION [18-24],19860,Evaporator Core Replacement,1280.99,63,31,30977.63,491.71,49.2,105596.47
19537,CX482N ESCAPE [20-26],KEYSVC,Ignition Control Module & Key Replacement,258.54,155,77,30937.5,199.59,49.7,67931.21
52560,U502N EXPLORER [11-19],6256,Complete Timing System Overhaul,2213.68,83,41,30880.42,372.05,49.4,195023.84
70074,V363N TRANSIT [14-27],6701,Rear Main Seal Replacement,2162.91,26,13,30825.82,1185.61,50.0,78191.55
24830,H567N MEDIUM TRUCK [16-27],6675,Upper Oil Pan Leak Repair,2657.38,16,8,30794.22,1924.64,50.0,69213.98
32742,P552N F-150 [15-20],6009,Internal Engine Failure - Engine/Short Block Replacement,8375.75,26,13,30742.43,1182.4,50.0,222015.17
30499,P552N F-150 [15-20],1651070,Panoramic Roof Guide Replacement,975.28,44,22,30680.72,697.29,50.0,63648.08
61660,U554N NAVIGATOR [18-24],6256,Camshaft Phaser System Repair,2448.71,37,18,30511.52,824.64,48.6,109299.04
432,B299N FIESTA MCA [13-19],7B546,DPS6 Clutch Assembly Replacement,20523.64,10,5,30499.63,3049.96,50.0,215155.33
10386,CD391N FUSION [13-20],6019,Timing Cover Reseal,1051.92,72,36,30482.59,423.37,50.0,94625.94
2232,B562A FIGO/KA [15-22],7B546,DPS6 Clutch Replacement,19775.86,16,7,30471.02,1904.44,43.8,317550.11
36245,P552N F-150 [15-20],9H307,Fuel Pump Module Replacement,853.44,28,14,30406.11,1085.93,50.0,51573.66
59497,U553N EXPEDITION [18-24],7a100,Transmission Overhaul or Replacement,3938.04,40,20,30375.62,759.39,50.0,163029.38
27036,P375N RANGER [19-23],7H351,Transmission Assembly Replacement,3857.28,38,18,30347.54,798.62,47.4,161747.3
71780,V408E TRANSIT CONNECT [13-24],7N473,Transmission Assembly Replacement,3622.06,37,18,30301.19,818.95,48.6,153534.6
52368,U502N EXPLORER [11-19],6009,Engine Short Block/Component Repair,5351.07,29,14,30260.72,1043.47,48.3,167553.82
4080,C346N FOCUS [12-18],8501,Water Pump Replacement/Repair,740.34,54,27,30217.06,559.58,50.0,61790.65
43833,P702N F150 [21-27],4234,Rear Axle Shaft Replacement,1212.08,134,67,30206.88,225.42,50.0,173210.31
25821,P131N STRIPPED CHASSIS [99-26],6500,Engine Short Block Replacement,6436.57,39,19,30197.52,774.29,48.7,271112.88
23266,D472N MKT [10-19],8501,Water Pump Replacement,1826.47,41,20,30158.13,735.56,48.8,99245.3
37133,P558N SUPER DUTY [17-22],13404,Rear Taillight Assembly Replacement,1296.36,51,25,30029.84,588.82,49.0,73987.22
35925,P552N F-150 [15-20],9C015,Fuel Tank Pressure Sensor Replacement,556.48,30,15,30016.27,1000.54,50.0,45422.84
14236,CD539N EDGE [15-24],3B436,Front Axle Shaft Replacement,695.95,22,11,29952.85,1361.49,50.0,43319.66
52802,U502N EXPLORER [11-19],6A257,Extensive Engine Timing System Repair or Replacement,2601.96,20,10,29909.54,1495.48,50.0,75919.87
18169,CX482N ESCAPE [20-26],2005,Electronic Brake Booster Replacement,1334.69,25,12,29716.04,1188.64,48.0,59347.4
32760,P552N F-150 [15-20],6019,Engine Front Cover Oil Leak Reseal,1568.13,29,14,29594.28,1020.49,48.3,70119.87
39888,P558N SUPER DUTY [17-22],6148,Engine Short Block Replacement,9690.52,21,10,29579.63,1408.55,47.6,191505.72
70493,V363N TRANSIT [14-27],7G276,Transmission Lead Frame/Main Control Replacement,1411.07,64,32,29497.19,460.89,50.0,102647.35
37686,P558N SUPER DUTY [17-22],15200,Fog Lamp Assembly Replacement,590.42,37,18,29429.28,795.38,48.6,46999.66
32855,P552N F-150 [15-20],6051,Engine Long Block Replacement,9257.37,35,17,29268.55,836.24,48.6,326032.38
14810,CD539N EDGE [15-24],6375,Flexplate/Flywheel Replacement,2491.0,29,14,29251.94,1008.69,48.3,92830.22
32726,P552N F-150 [15-20],6009,Engine Long Block Replacement,7487.92,23,11,29207.84,1269.91,47.8,168758.84
22493,D471N FLEX [09-19],6020,Timing Cover Oil Leak Reseal,1650.05,52,26,29112.39,559.85,50.0,105015.54
27034,P375N RANGER [19-23],7H351,Transmission Repair/Replacement,3937.83,28,14,29011.28,1036.11,50.0,128446.02
33357,P552N F-150 [15-20],6584,VCT System Component Replacement,2554.2,29,14,28980.89,999.34,48.3,94353.09
47016,S550N MUSTANG [15-23],6333,Engine Long Block Replacement,7634.66,13,6,28900.77,2223.14,46.2,119803.31
28222,P473N SUPER DUTY [11-16],5J225,Reductant Tank Assembly Replacement,726.26,42,21,28887.81,687.81,50.0,55440.27
50678,U502N EXPLORER [11-19],13008,Both Headlamp Assemblies Replacement,1397.17,75,37,28815.27,384.21,49.3,117531.06
40868,P558N SUPER DUTY [17-22],7D019,Transmission Overhaul or Replacement,2027.62,33,16,28794.98,872.58,48.5,91140.38
29241,P552N F-150 [15-20],1104,Integrated Wheel End (IWE) System Repair,1108.67,67,33,28779.87,429.55,49.3,89627.43
10577,CD391N FUSION [13-20],6375,Flexplate/Flywheel Replacement,1516.71,74,37,28658.24,387.28,50.0,122266.7
22333,D471N FLEX [09-19],3504,Steering Gear Replacement,1878.02,72,36,28646.65,397.87,50.0,153242.99
1440,B515A ECOSPORT INDIA [13-22],6C348,Engine and Turbocharger Replacement due to Oil Pump Failure,4299.44,93,46,28612.82,307.66,49.5,406124.59
29207,P552N F-150 [15-20],11002,Starter Motor Replacement,546.46,66,33,28590.52,433.19,50.0,60541.68
25823,P131N STRIPPED CHASSIS [99-26],6500,Engine Long Block Replacement,7921.35,23,11,28519.17,1239.96,47.8,196625.96
29201,P552N F-150 [15-20],11002,Starter Motor Replacement,534.37,58,29,28450.39,490.53,50.0,55190.78
21912,D385N MKS [09-16],8501,Water Pump Replacement,1635.44,41,20,28441.64,693.69,48.8,88320.04
51926,U502N EXPLORER [11-19],3504,Steering Gear Assembly Replacement,1938.09,61,30,28379.33,465.23,49.2,132445.76
32781,P552N F-150 [15-20],6020,Engine Front Cover Oil Leak Repair,1873.74,72,36,28371.06,394.04,50.0,145076.41
10373,CD391N FUSION [13-20],6009,Engine Long Block Replacement for Coolant Intrusion,4408.67,66,33,28369.4,429.84,50.0,299472.14
4020,C346N FOCUS [12-18],7Z369,Transmission Control Module (TCM) Failure,1013.83,47,23,28347.68,603.14,48.9,69489.79
34469,P552N F-150 [15-20],7A103,Torque Converter and Transmission Component Replacement/Overhaul,3625.32,28,14,28330.46,1011.81,50.0,118356.66
28770,P473N SUPER DUTY [11-16],8005,Radiator Replacement,1393.53,52,26,28245.53,543.18,50.0,93127.3
53577,U502N EXPLORER [11-19],7D491,Transmission Internal Component Failure,3871.39,35,17,28199.11,805.69,48.6,155795.69
21331,D258N TAURUS [10-19],6020,Timing Cover Reseal,1541.58,50,25,28170.05,563.4,50.0,95082.57
65495,U625N EXPLORER [20-27],3B403,PTU/Differential Assembly Replacement,2394.06,48,24,28113.16,585.69,50.0,130446.6
53489,U502N EXPLORER [11-19],7A262,Transmission Internal Component Overhaul/Repair,2789.81,46,23,28102.29,610.92,50.0,149807.34
70153,V363N TRANSIT [14-27],6K682,Turbocharger and Exhaust Manifold Replacement,2576.52,29,14,27978.32,964.77,48.3,94722.75
15798,CD539N EDGE [15-24],8005,Radiator Replacement,1173.12,27,13,27921.22,1034.12,48.1,56139.72
5188,C489N MKC [15-19],6K682,Turbocharger Assembly Replacement,1840.73,28,14,27864.06,995.15,50.0,76141.83
39871,P558N SUPER DUTY [17-22],6108,Engine Short Block Replacement,7943.6,17,8,27841.49,1637.73,47.1,145513.3
61604,U554N NAVIGATOR [18-24],6019,Timing Cover Reseal,2426.9,29,14,27809.26,958.94,48.3,87608.12
33242,P552N F-150 [15-20],6505,Engine Long Block Replacement,8624.89,29,14,27772.18,957.66,48.3,249322.28
39782,P558N SUPER DUTY [17-22],6009,Short Block Replacement,8815.76,15,7,27762.47,1850.83,46.7,132191.5
62252,U554N NAVIGATOR [18-24],7H351,Transmission Shifting Issue - Internal Component Failure,4734.66,33,16,27741.11,840.64,48.5,164859.74
36891,P558N SUPER DUTY [17-22],1104,Front Wheel Hub Bearing Replacement,856.79,40,20,27477.44,686.94,50.0,57194.5
57043,U553N EXPEDITION [18-24],16502c22,Sunroof Track Assembly Replacement,2770.78,36,18,27432.91,762.02,50.0,113251.27
31792,P552N F-150 [15-20],3078,All Four Control Arms Replacement,14396.51,9,4,27423.67,3047.07,44.4,149067.61
32393,P552N F-150 [15-20],4676,Prior Approval Exemption Processing,855.13,33,16,27393.98,830.12,48.5,47136.0
9874,CD391N FUSION [13-20],19B555,HVAC Blend/Mode Door Actuator/Housing Replacement,1845.01,44,22,27360.67,621.83,50.0,100491.26
44086,P702N F150 [21-27],6148,Engine Long Block Replacement,7551.75,18,9,27315.85,1517.55,50.0,152538.29
69751,V363N TRANSIT [14-27],4R602,Driveshaft Replacement,1308.23,43,21,27289.14,634.63,48.8,76664.68
6112,C520N ESCAPE [13-19],13008,Headlamp Assembly Replacement,1021.2,71,35,27287.99,384.33,49.3,76471.08
47454,S550N MUSTANG [15-23],7902,Transmission Assembly Replacement,5788.61,27,13,27228.71,1008.47,48.1,164855.84
46680,S550N MUSTANG [15-23],4947,Rear Differential Noise - Internal Wear/Damage,1643.59,55,27,27207.01,494.67,49.1,108235.57
62262,U554N NAVIGATOR [18-24],7H351,Transmission Internal Failure Repair,4323.41,29,14,27162.23,936.63,48.3,136249.64
58405,U553N EXPEDITION [18-24],6268,Timing System Overhaul,1791.59,37,18,27120.19,732.98,48.6,87559.93
3453,C346N FOCUS [12-18],6019,Engine Front Cover Reseal,993.26,41,20,27087.62,660.67,48.8,63803.1
46805,S550N MUSTANG [15-23],6009,Engine Long Block Replacement for Internal Damage,5863.62,12,6,27085.39,2257.12,50.0,90453.63
34376,P552N F-150 [15-20],7902,Torque Converter Replacement,2168.29,31,15,27085.12,873.71,48.4,87582.97
24075,D544N CONTINENTAL [17-20],8501,Water Pump Repair,2047.93,31,15,27041.29,872.3,48.4,85340.58
48483,U222N EXPEDITION [02-17],19850,Evaporator Assembly Replacement,1583.75,71,35,27024.97,380.63,49.3,127753.04
28447,P473N SUPER DUTY [11-16],6695,Upper Oil Pan Reseal,1666.07,62,31,26978.38,435.14,50.0,118364.92
42394,P702N F150 [21-27],13008,Headlamp Assembly Replacement - LED Inoperative,1760.99,48,24,26937.81,561.2,50.0,103127.62
26910,P375N RANGER [19-23],7902,Automatic Transmission Assembly Replacement,3842.77,18,9,26894.89,1494.16,50.0,81475.66
70150,V363N TRANSIT [14-27],6K682,Turbocharger Assembly Replacement,1906.47,21,10,26886.92,1280.33,47.6,62246.98
1681,B515A ECOSPORT INDIA [13-22],7B546,DPS6 Clutch Assembly Replacement,22080.61,11,5,26815.64,2437.79,45.5,259285.71
1613,B515A ECOSPORT INDIA [13-22],7902,Transmission Internal Failure Repair,3337.27,40,20,26797.79,669.94,50.0,151249.3
57972,U553N EXPEDITION [18-24],4026,Rear Differential Noise - Internal Failure,2450.33,42,21,26646.31,634.44,50.0,117192.07
66399,U625N EXPLORER [20-27],6K682,Turbocharger System and Related Engine Repair,2360.71,22,11,26629.26,1210.42,50.0,73693.25
57441,U553N EXPEDITION [18-24],19860,Prior Approval Claim Processing,1064.74,37,18,26629.0,719.7,48.6,62953.07
26440,P375N RANGER [19-23],19B555,Evaporator/Heater Case Assembly Replacement,1867.45,49,24,26625.05,543.37,49.0,105874.25
35386,P552N F-150 [15-20],7h351,Transmission Assembly Replacement,3489.51,24,12,26615.14,1108.96,50.0,102070.68
52789,U502N EXPLORER [11-19],6781,Oil Pan Gasket/Seal Leak Repair,1826.72,20,10,26548.91,1327.45,50.0,57610.21
53389,U502N EXPLORER [11-19],7902,Transmission/Torque Converter Replacement/Overhaul,3380.43,62,31,26525.31,427.83,50.0,214304.83
53950,U502N EXPLORER [11-19],8501,Warranty Claim Prior Approval Exemption Processing,1210.29,105,51,26484.35,252.23,48.6,144157.07
31078,P552N F-150 [15-20],19860,Evaporator Core Replacement,1621.93,69,34,26467.99,383.59,49.3,126218.85
65682,U625N EXPLORER [20-27],4001,Rear Axle Assembly Replacement,2001.29,38,19,26447.68,695.99,50.0,92446.8
15403,CD539N EDGE [15-24],7D491,Transmission Internal Failure Repair/Replacement,5171.35,37,18,26428.6,714.29,48.6,204595.14
61139,U554N NAVIGATOR [18-24],19G468,HUD Module Replacement,2557.99,14,7,26296.95,1878.35,50.0,57876.76
66450,U625N EXPLORER [20-27],7000,Transmission Replacement,5962.08,14,7,26273.71,1876.7,50.0,95676.46
61667,U554N NAVIGATOR [18-24],6256,Timing Repair,2482.43,34,17,26208.93,770.85,50.0,103260.15
61446,U554N NAVIGATOR [18-24],4220,Front Differential Overhaul,3386.54,29,14,26176.72,902.64,48.3,108810.57
12874,CD533N MKZ [13-20],8501,Water Pump Replacement,1923.86,43,21,26059.68,606.04,48.8,96747.02
28628,P473N SUPER DUTY [11-16],7902,Transmission Replacement,6701.35,18,9,26047.92,1447.11,50.0,130065.98
6801,C520N ESCAPE [13-19],2200,Rear Brake Service,421.86,92,46,26045.07,283.1,50.0,60688.99
57432,U553N EXPEDITION [18-24],19850,HVAC Evaporator/Assembly Replacement,1568.67,34,17,26018.33,765.24,50.0,74230.18
71569,V408E TRANSIT CONNECT [13-24],7902,Transmission Overhaul or Replacement,3580.33,31,15,25955.1,837.26,48.4,126406.38
55819,U540N MKX [16-23],7902,Torque Converter Replacement,2347.02,19,9,25943.53,1365.45,47.4,64285.11
56146,U540N MKX [16-23],9D289,EVAP Purge Valve Replacement,474.2,62,31,25918.8,418.04,50.0,52149.82
39873,P558N SUPER DUTY [17-22],6108,Engine Long Block Replacement,9105.91,14,7,25899.56,1849.97,50.0,131223.27
33150,P552N F-150 [15-20],6335,Engine Replacement,1948.54,24,12,25826.67,1076.11,50.0,65972.22
125,B299N FIESTA MCA [13-19],19703,A/C Compressor Replacement with System Flush and Component Replacement,1276.92,26,13,25797.39,992.21,50.0,55190.0
22824,D471N FLEX [09-19],8501,Engine Replacement due to Catastrophic Failure,2145.15,22,11,25780.31,1171.83,50.0,68097.24
50491,U502N EXPLORER [11-19],10346,Alternator/Generator Replacement,795.38,45,22,25771.4,572.69,48.9,57339.32
12209,CD533N MKZ [13-20],19G490,Rearview Camera Module Replacement,859.2,39,19,25751.78,660.3,48.7,53932.79
3604,C346N FOCUS [12-18],6600,Engine Long Block and Turbocharger Replacement,4069.62,72,36,25724.45,357.29,50.0,304484.89
7263,C520N ESCAPE [13-19],5A969,Rear Control Arm Assembly Replacement,1243.24,78,39,25701.21,329.5,50.0,108883.25
65430,U625N EXPLORER [20-27],3A329,FAD Assembly Replacement (Catastrophic Failure),1218.44,35,17,25647.57,732.78,48.6,62268.7
70009,V363N TRANSIT [14-27],6333,Engine Long Block Replacement,7011.78,21,10,25599.65,1219.03,47.6,153536.51
22675,D471N FLEX [09-19],7251,Power Transfer Unit Replacement,1918.03,31,15,25567.7,824.77,48.4,78832.03
66161,U625N EXPLORER [20-27],6256,VCT Phaser and Timing Chain Replacement,2921.97,23,11,25489.37,1108.23,47.8,87232.94
55830,U540N MKX [16-23],7902,Transmission Replacement,4416.15,47,23,25389.86,540.21,48.9,216719.01
14642,CD539N EDGE [15-24],6009,Engine Coolant Intrusion Repair,5079.08,50,25,25376.57,507.53,50.0,259250.5
41192,P558N SUPER DUTY [17-22],7h351,Transmission Internal Failure,6248.82,22,11,25268.96,1148.59,50.0,145352.23
7546,C520N ESCAPE [13-19],6256,VCT Phaser Replacement,1887.8,17,8,25197.92,1482.23,47.1,53871.79
15144,CD539N EDGE [15-24],7251,Rental Repair,2070.04,32,16,25180.5,786.89,50.0,83998.59
8197,C520N ESCAPE [13-19],7902,Transmission/Torque Converter Internal Repair,3250.31,39,19,25158.65,645.09,48.7,135021.15
66946,U625N EXPLORER [20-27],7A195,Transfer Case/PTU Replacement,1514.36,18,9,25152.37,1397.35,50.0,48809.34
1971,B515A ECOSPORT INDIA [13-22],9H307,Fuel Pump Replacement,11173.39,15,6,25114.15,1674.28,40.0,185879.3
10356,CD391N FUSION [13-20],6009,Engine Replacement for Coolant Intrusion,4121.72,49,24,25096.65,512.18,49.0,209261.04
38389,P558N SUPER DUTY [17-22],19E616,HVAC Blend Door Actuator Malfunction,1031.96,63,31,25082.81,398.14,49.2,80661.85
32266,P552N F-150 [15-20],4220,Front Axle System Noise Repair,2076.7,25,12,25031.35,1001.26,48.0,70461.23
33120,P552N F-150 [15-20],6306,Engine Long Block Replacement,8600.68,36,18,24990.69,694.19,50.0,307300.58
51921,U502N EXPLORER [11-19],3504,Steering Gear Assembly Replacement,1648.85,71,35,24933.93,351.18,49.3,133530.1
4162,C346N FOCUS [12-18],9D289,EVAP Purge Valve Replacement,282.35,71,35,24914.68,350.91,49.3,42147.27
16065,CD539N EDGE [15-24],9F464,EGR Cooler Replacement,791.54,51,25,24879.26,487.83,49.0,59705.61
52214,U502N EXPLORER [11-19],5A638,Rear Suspension Arm Bushing Replacement,1173.67,19,9,24747.68,1302.51,47.4,43170.92
32937,P552N F-150 [15-20],6148,Engine Oil Consumption / Internal Failure Repair,8735.99,24,12,24733.51,1030.56,50.0,224477.31
46912,S550N MUSTANG [15-23],6148,Short Block Replacement,5823.06,21,10,24720.8,1177.18,47.6,128417.23
15289,CD539N EDGE [15-24],7A103,Torque Converter Failure Repair,3705.01,41,20,24638.76,600.94,48.8,158613.59
7439,C520N ESCAPE [13-19],6051,Engine Long Block Replacement for Coolant Intrusion,4894.12,27,13,24598.03,911.04,48.1,139577.87
46325,S550N MUSTANG [15-23],19703,Repair of Component 19703,1035.21,10,5,24596.29,2459.63,50.0,33926.34
11731,CD391N FUSION [13-20],keysvc,Lost Key Fob Replacement,239.47,97,48,24361.19,251.14,49.5,45898.65
33610,P552N F-150 [15-20],6A968,Turbocharger Coolant Line Leak Repair,1900.85,13,6,24352.28,1873.26,46.2,44513.68
36548,P552N F-150 [15-20],H42006,Rear Heated Window Replacement,1256.95,40,20,24291.81,607.29,50.0,69415.28
66096,U625N EXPLORER [20-27],6051,Engine Internal Repair (Cylinder Head/Gasket/Block),4908.76,30,15,24279.05,809.3,50.0,142747.63
33317,P552N F-150 [15-20],6571,Cylinder Head or Engine Replacement,6202.31,22,11,24278.62,1103.57,50.0,139674.39
62458,U554N NAVIGATOR [18-24],9661711,Seat Track Assembly Replacement,2132.99,20,10,24221.22,1211.06,50.0,59966.17
15279,CD539N EDGE [15-24],7A100,Internal Transmission Repair,3425.49,26,13,24174.12,929.77,50.0,98788.46
7341,C520N ESCAPE [13-19],6009,Engine Coolant Intrusion Repair,3874.31,41,20,24155.98,589.17,48.8,154894.7
70148,V363N TRANSIT [14-27],6K682,Turbocharger Assembly Replacement,2119.39,14,7,24123.2,1723.09,50.0,49736.02
40006,P558N SUPER DUTY [17-22],6500,Engine Internal Component Repair or Replacement,5482.53,25,12,24105.85,964.24,48.0,144533.93
18978,CX482N ESCAPE [20-26],7A100,Transmission Overhaul or Replacement,1396.42,17,8,24051.61,1414.8,47.1,46417.66
33012,P552N F-150 [15-20],6250,Cylinder Head/Internal Engine Repair,3694.84,11,5,24048.19,2186.2,45.5,58539.99
52371,U502N EXPLORER [11-19],6009,Engine Block/Assembly Replacement,5990.57,21,10,24032.48,1144.4,47.6,138404.37
1492,B515A ECOSPORT INDIA [13-22],6K682,Engine and Turbocharger Replacement,4414.46,20,10,24016.38,1200.82,50.0,95813.55
66849,U625N EXPLORER [20-27],7902,Transmission Assembly Replacement,4668.69,37,18,23955.87,647.45,48.6,177665.39
7543,C520N ESCAPE [13-19],6256,Cam Phaser and Timing Component Replacement,1798.32,18,9,23898.47,1327.7,50.0,51402.98
26327,P375N RANGER [19-23],18478,Extensive Upper Heater Plenum Replacement,1126.93,63,31,23887.95,379.17,49.2,88141.81
32789,P552N F-150 [15-20],6020,Engine Oil Leak - Major Component Replacement,2043.67,84,42,23876.37,284.25,50.0,180256.68
33379,P552N F-150 [15-20],6600,Engine Long Block Replacement,7010.39,12,6,23875.6,1989.63,50.0,88586.07
32778,P552N F-150 [15-20],6020,Engine Front Cover Reseal,2357.47,43,21,23869.15,555.09,48.8,112100.43
15102,CD539N EDGE [15-24],7005,Transmission Repair/Overhaul,2680.79,45,22,23845.36,529.89,48.9,125088.31
23904,D544N CONTINENTAL [17-20],6028,Engine Mount Replacement (Comprehensive),1396.68,27,13,23831.8,882.66,48.1,56660.74
38797,P558N SUPER DUTY [17-22],2C215,ABS Module/HCU Replacement,1789.16,33,16,23782.2,720.67,48.5,76192.57
53968,U502N EXPLORER [11-19],8501,Engine Short Block/Cylinder Head Replacement due to Coolant Contamination,8491.05,25,12,23759.96,950.4,48.0,219851.8
12525,CD533N MKZ [13-20],6038,Engine Mount Replacement,11704.01,10,5,23726.65,2372.67,50.0,109580.69
33304,P552N F-150 [15-20],6564,Camshaft and Rocker Arm Replacement,2060.24,47,23,23691.54,504.07,48.9,110141.22
31871,P552N F-150 [15-20],3222,Front Drivetrain Noise/Failure,2804.68,23,11,23664.74,1028.9,47.8,80462.49
30788,P552N F-150 [15-20],18471,HVAC Air Distribution System Repair,1108.62,37,18,23661.57,639.5,48.6,60000.44
12707,CD533N MKZ [13-20],7902,Torque Converter Replacement,3049.23,23,11,23635.38,1027.63,47.8,83623.83
10488,CD391N FUSION [13-20],6211,Engine Long Block Replacement,5407.43,20,10,23575.54,1178.78,50.0,126543.24
21477,D258N TAURUS [10-19],7251,PTU Replacement,2457.1,54,27,23552.89,436.16,50.0,142290.95
13823,CD539N EDGE [15-24],19703,A/C Compressor Replacement,815.64,77,38,23515.49,305.4,49.4,80670.65
32267,P552N F-150 [15-20],4220,Front Differential Internal Repair,2108.04,52,26,23470.0,451.34,50.0,120870.92
411,B299N FIESTA MCA [13-19],7515,Full Clutch Assembly and Actuator/Fork Replacement,2076.91,31,15,23466.48,756.99,48.4,80035.5
14829,CD539N EDGE [15-24],6375,Flexplate Replacement,1784.46,25,12,23342.11,933.68,48.0,64951.3
32923,P552N F-150 [15-20],6108,Engine Long Block Replacement,8843.1,28,14,23280.84,831.46,50.0,246595.81
14627,CD539N EDGE [15-24],6009,Engine Long Block Replacement,4218.87,65,32,23270.58,358.01,49.2,283463.11
66147,U625N EXPLORER [20-27],6211,Engine Replacement,7076.36,29,14,23251.69,801.78,48.3,211747.54
48881,U222N EXPEDITION [02-17],6019,Extensive Front Timing Cover System Repair,2076.46,59,29,23157.87,392.51,49.2,128759.53
53517,U502N EXPLORER [11-19],7B164,Transmission Repair,3146.05,41,20,23044.11,562.05,48.8,139606.07
50907,U502N EXPLORER [11-19],14B351,Prior Approval Exemption Assessment,749.73,10,5,23004.78,2300.48,50.0,28688.36
59398,U553N EXPEDITION [18-24],7H351,Transmission Extensive Internal Overhaul,2993.75,20,10,22989.96,1149.5,50.0,78263.26
67243,U625N EXPLORER [20-27],7N169,Transmission Valve Body Replacement,2246.77,52,26,22938.95,441.13,50.0,131849.08
30469,P552N F-150 [15-20],16502C22,Sunroof Major Component/Assembly Replacement,2750.56,60,30,22780.38,379.67,50.0,167895.71
34217,P552N F-150 [15-20],7153,Transmission Overhaul,3308.21,34,17,22765.8,669.58,50.0,123384.55
53491,U502N EXPLORER [11-19],7A262,Transmission Overhaul for Internal Component Failure,3443.45,25,12,22755.93,910.24,48.0,101207.51
43841,P702N F150 [21-27],4234,Rear Axle Shaft/Component Repair,907.94,41,20,22564.34,550.35,48.8,55845.49
39963,P558N SUPER DUTY [17-22],6333,Engine Long Block Replacement,11195.84,11,5,22534.49,2048.59,45.5,133081.1
47708,S550N MUSTANG [15-23],8501,Water Pump Replacement,549.96,76,38,22523.14,296.36,50.0,60497.39
14707,CD539N EDGE [15-24],6051,Engine Long Block Replacement,4569.88,25,12,22441.88,897.68,48.0,127101.03
24399,ECONOLINE [97-27],6500,Short Block Replacement,6695.71,31,15,22411.35,722.95,48.4,221109.08
49336,U222N EXPEDITION [02-17],9431,Manifold Repair,1682.8,44,22,22374.54,508.51,50.0,87940.19
21162,D258N TAURUS [10-19],3504,Steering Gear Replacement,1908.83,52,26,22371.19,430.22,50.0,111281.29
1457,B515A ECOSPORT INDIA [13-22],6C348,Engine Long Block and Turbocharger Replacement,4407.54,64,32,22354.18,349.28,50.0,289628.08
4148,C346N FOCUS [12-18],9350,High-Pressure Fuel Pump Replacement,1074.13,17,8,22347.46,1314.56,47.1,38106.25
14313,CD539N EDGE [15-24],4000,Rear Drive Unit Replacement,1888.26,21,10,22245.37,1059.3,47.6,58653.54
41007,P558N SUPER DUTY [17-22],7H351,Transmission Assembly Replacement,4420.15,12,6,22232.23,1852.69,50.0,68120.71
46808,S550N MUSTANG [15-23],6009,Engine Short Block Replacement,4418.94,47,23,22231.81,473.02,48.9,213453.73
33324,P552N F-150 [15-20],6582,Camshaft Timing System Repair,959.34,32,16,22151.89,692.25,50.0,45370.22
14821,CD539N EDGE [15-24],6375,Transmission Overhaul and Short Block Replacement,2280.4,34,17,22134.92,651.03,50.0,94204.84
2064,B562A FIGO/KA [15-22],10346,Alternator Replacement,10966.53,10,5,22099.78,2209.98,50.0,119840.62
67242,U625N EXPLORER [20-27],7N169,Parts Repair,2447.56,42,21,22064.29,525.34,50.0,114845.5
58336,U553N EXPEDITION [18-24],6108,Long Block Engine Replacement,9657.35,10,5,22060.95,2206.1,50.0,113327.17
14697,CD539N EDGE [15-24],6049,Engine Long Block Replacement (Coolant Intrusion/Failure),4510.45,19,9,22002.06,1158.01,47.4,100484.46
8944,C520N ESCAPE [13-19],9D289,EVAP System Malfunction Repair,589.46,23,11,21975.67,955.47,47.8,34211.01
3771,C346N FOCUS [12-18],7005,Transmission Overhaul or Replacement,2652.72,37,18,21911.04,592.19,48.6,107819.8
14644,CD539N EDGE [15-24],6009,Engine Replacement for Coolant Intrusion,4495.2,59,29,21811.86,369.69,49.2,260385.5
7521,C520N ESCAPE [13-19],6211,Engine Long Block Replacement,6979.56,27,13,21790.66,807.06,48.1,189079.82
48476,U222N EXPEDITION [02-17],19850,Comprehensive AC System Overhaul (Catastrophic Evaporator Failure),1817.28,46,23,21778.12,473.44,50.0,96971.45
209,B299N FIESTA MCA [13-19],3504,EPAS Gear Replacement,17910.28,14,7,21720.05,1551.43,50.0,245832.79
3674,C346N FOCUS [12-18],6C348,Engine and Turbo Replacement,3900.13,42,21,21669.97,515.96,50.0,179752.78
47801,S550N MUSTANG [15-23],9923394,Window Lift Mechanism Repair,510.07,45,22,21659.02,481.31,48.9,41194.15
5037,C489N MKC [15-19],6019,Engine Front Cover Replacement,1570.7,32,16,21609.72,675.3,50.0,62804.03
32080,P552N F-150 [15-20],3N134,Repair of Causal Part 3N134,1074.35,17,8,21587.66,1269.86,47.1,35772.87
35052,P552N F-150 [15-20],7H351,Transmission Internal Failure Repair,3529.51,23,11,21581.47,938.32,47.8,88549.87
50548,U502N EXPLORER [11-19],1104,Prior Approval Claim Processing,781.69,32,16,21498.25,671.82,50.0,42250.22
58065,U553N EXPEDITION [18-24],4630,Rear Differential Overhaul - Internal Component Failure,1784.46,37,18,21486.3,580.71,48.6,81017.1
31764,P552N F-150 [15-20],3010,Front Differential Repair,1727.95,27,13,21471.2,795.23,48.1,61590.68
1340,B515A ECOSPORT INDIA [13-22],6600,Engine Damage from Oil Pump Failure,4158.61,18,9,21453.19,1191.84,50.0,90730.75
28559,P473N SUPER DUTY [11-16],6K682,Turbocharger Replacement,3390.37,39,19,21415.37,549.11,48.7,142955.1
69247,V363N TRANSIT [14-27],19850,A/C Evaporator Replacement,1879.55,58,29,21415.17,369.23,50.0,118666.94
7520,C520N ESCAPE [13-19],6211,Engine Short Block Replacement,6138.1,29,14,21382.09,737.32,48.3,179304.96
29534,P552N F-150 [15-20],13832,Horn Assembly Replacement,1024.32,15,7,21379.9,1425.33,46.7,33839.99
32808,P552N F-150 [15-20],6038,Engine Mount Replacement,1140.91,12,6,21351.78,1779.32,50.0,34317.24
32997,P552N F-150 [15-20],6211,Engine Assembly Replacement,9461.01,24,12,21245.71,885.24,50.0,212470.36
7548,C520N ESCAPE [13-19],6256,Extensive Timing System Repair / Engine Replacement,1702.01,15,7,21237.33,1415.82,46.7,44748.98
40089,P558N SUPER DUTY [17-22],6600,Engine Long Block Replacement,14408.9,15,7,21213.78,1414.25,46.7,207924.35
32995,P552N F-150 [15-20],6211,Engine Internal Damage Repair,7325.67,10,5,21157.89,2115.79,50.0,90083.88
910,B515A ECOSPORT INDIA [13-22],19788,HVAC Actuator/Gear Noise Repair,8184.19,13,6,21140.85,1626.22,46.2,103053.09
18525,CX482N ESCAPE [20-26],6009,Complex Engine Repair - Post Long Block Failure,5051.97,14,7,21138.38,1509.88,50.0,83991.91
65554,U625N EXPLORER [20-27],3D102,Front Wheel Hub/IWE Fault,1640.28,43,21,21129.56,491.38,48.8,82962.86
3948,C346N FOCUS [12-18],7B546,Transmission Engagement Bearing Replacement,1453.98,48,24,21110.7,439.8,50.0,84933.2
19144,CX482N ESCAPE [20-26],7P030,Transmission Overhaul or Replacement,249.8,18,6,21038.77,1168.82,33.3,25310.26
14257,CD539N EDGE [15-24],3B437,Front Axle Shaft Replacement,634.14,30,15,21022.68,700.75,50.0,37280.96
40752,P558N SUPER DUTY [17-22],7A360,Transmission Replacement,6850.46,22,11,20987.51,953.97,50.0,145608.77
69177,V363N TRANSIT [14-27],18A484,A/C Compressor and Housing Replacement,1738.1,17,8,20878.31,1228.13,47.1,49150.12
20264,CX727N MACH-E [21-26],10C666,High Voltage Battery Junction Box (HVBJB) Replacement,2133.32,64,32,20875.23,326.18,50.0,146646.11
5074,C489N MKC [15-19],6051,Engine Long Block Replacement,5850.06,19,9,20856.11,1097.69,47.4,124379.43
10796,CD391N FUSION [13-20],6K682,Turbocharger Replacement,1771.42,30,15,20809.57,693.65,50.0,69649.2
39362,P558N SUPER DUTY [17-22],4209,Rear Differential Rebuild/Overhaul,1770.87,17,8,20798.14,1223.42,47.1,46951.97
8771,C520N ESCAPE [13-19],8501,"Water Pump, Timing Belt, and Tensioner Replacement",1014.23,27,13,20786.9,769.88,48.1,45571.44
2134,B562A FIGO/KA [15-22],3078,Front Lower Control Arm Replacement,8837.45,10,5,20771.13,2077.11,50.0,97329.07
52380,U502N EXPLORER [11-19],6010,Engine Long Block Replacement,5859.6,10,5,20723.69,2072.37,50.0,71757.73
58431,U553N EXPEDITION [18-24],6335,Rear Main Seal Replacement,1995.48,26,13,20625.72,793.3,50.0,64374.82
28365,P473N SUPER DUTY [11-16],6211,Engine Long Block Replacement with Additional Components,14298.49,12,6,20608.44,1717.37,50.0,166947.7
15354,CD539N EDGE [15-24],7B164,Transmission Internal Failure,5071.05,27,13,20590.32,762.6,48.1,146765.05
31216,P552N F-150 [15-20],19E616,HVAC Actuator Replacement,880.93,52,26,20583.77,395.84,50.0,57689.96
18326,CX482N ESCAPE [20-26],4000,Rear Drive Unit (RDU) Assembly Replacement,2272.91,27,13,20542.09,760.82,48.1,75857.93
12872,CD533N MKZ [13-20],8501,Water Pump Replacement,1795.93,33,16,20445.84,619.57,48.5,71646.58
57697,U553N EXPEDITION [18-24],2001,Brake Pads & Rotor Replacement,633.33,35,17,20409.9,583.14,48.6,39232.42
7934,C520N ESCAPE [13-19],6K682,Turbocharger Replacement,2038.61,16,8,20366.85,1272.93,50.0,49773.14
3766,C346N FOCUS [12-18],7005,Internal Transmission Repair/Replacement,2140.91,34,17,20314.32,597.48,50.0,82989.18
8277,C520N ESCAPE [13-19],7A103,Transmission Assembly Replacement/Overhaul,4494.98,39,19,20290.92,520.28,48.7,170662.4
46856,S550N MUSTANG [15-23],6049,Long Block Replacement,5640.24,22,11,20286.24,922.1,50.0,136471.97
70317,V363N TRANSIT [14-27],7A103,Transmission Internal Component Failure,4465.93,14,7,20272.58,1448.04,50.0,74610.49
22064,D471N FLEX [09-19],14C689,Side Object Detection Module Replacement,1311.43,50,25,20264.06,405.28,50.0,80569.91
48764,U222N EXPEDITION [02-17],4209,Rear Differential Internal Component Replacement,1854.59,33,16,20251.87,613.7,48.5,75900.5
27792,P473N SUPER DUTY [11-16],19860,Evaporator Core Replacement,1139.47,67,33,20247.6,302.2,49.3,90427.1
11509,CD391N FUSION [13-20],9D289,EVAP Purge Valve Replacement,2844.74,11,5,20215.03,1837.73,45.5,49327.58
54053,U502N EXPLORER [11-19],9350,Fuel Pump Replacement,1505.71,26,13,20153.32,775.13,50.0,53854.29
7493,C520N ESCAPE [13-19],6108,Engine Long Block Replacement,6171.09,23,11,20090.98,873.52,47.8,152794.88
7215,C520N ESCAPE [13-19],5500,Rear Suspension Control Arm Replacement (Major),1185.46,40,20,20045.39,501.13,50.0,60357.76
433,B299N FIESTA MCA [13-19],7B546,Dual Clutch Assembly Replacement,1851.05,64,32,20041.4,313.15,50.0,124403.54
11837,CD533N MKZ [13-20],13008,Headlamp Assembly Replacement,1571.7,86,43,19966.84,232.17,50.0,144097.79
40347,P558N SUPER DUTY [17-22],6K682,Engine Long Block Replacement,15307.4,12,6,19960.56,1663.38,50.0,200087.92
60328,U554N NAVIGATOR [18-24],13A565,Rear Lamp/Reflector Assembly Full Replacement,774.97,25,12,19930.64,797.22,48.0,34582.01
32941,P552N F-150 [15-20],6148,Engine Replacement for Internal Damage/Oil Consumption,9130.41,17,8,19918.78,1171.7,47.1,148428.71
51762,U502N EXPLORER [11-19],2200,Rear Brake Service,441.93,121,60,19873.58,164.24,49.6,66623.32
61032,U554N NAVIGATOR [18-24],19860,A/C Evaporator Core Replacement,1728.98,18,9,19815.5,1100.86,50.0,48588.37
24078,D544N CONTINENTAL [17-20],8501,Water Pump Replacement,2173.05,34,17,19771.37,581.51,50.0,85876.18
71777,V408E TRANSIT CONNECT [13-24],7N473,Transmission Valve Body Replacement,3698.91,36,18,19735.97,548.22,50.0,143128.98
32245,P552N F-150 [15-20],4209,Rear Differential Internal Component Replacement,2195.36,34,17,19735.12,580.45,50.0,83786.62
46554,S550N MUSTANG [15-23],3078,Front Lower Control Arm and Stabilizer Link Replacement,4442.3,10,5,19732.95,1973.29,50.0,57528.41
27790,P473N SUPER DUTY [11-16],19860,Evaporator Core Replacement,1430.6,24,12,19665.97,819.41,50.0,49445.54
619,B515A ECOSPORT INDIA [13-22],11000,Starter Motor Replacement,3352.24,12,6,19621.54,1635.13,50.0,57583.01
42699,P702N F150 [21-27],14G371,APIM Repair,1198.17,34,17,19606.14,576.65,50.0,51962.58
43322,P702N F150 [21-27],19860,Evaporator Core Replacement,1187.41,47,23,19571.24,416.41,48.9,69808.45
11162,CD391N FUSION [13-20],7G384,Automatic Transmission Overhaul/Rebuild,3085.99,44,22,19555.44,444.44,50.0,145756.85
16850,CX430N C-SUV [21-27],4000,Rear Axle Assembly Replacement,2400.61,32,16,19526.71,610.21,50.0,90635.44
33040,P552N F-150 [15-20],6256,Engine Rattle/Noise on Start-Up (Cam Phaser/Timing Chain),2090.73,48,24,19510.85,406.47,50.0,110784.35
69895,V363N TRANSIT [14-27],6096,Engine Mount Replacement (Complex),814.75,17,8,19490.91,1146.52,47.1,30623.39
67984,U625N EXPLORER [20-27],misc,Customer/Dealer Inquiry Handling,228.38,11,5,19469.63,1769.97,45.5,21397.83
44530,P702N F150 [21-27],7H351,Transmission Replacement,4254.04,31,15,19460.94,627.77,48.4,139373.78
51443,U502N EXPLORER [11-19],19703,Prior Approval Claim Processing,712.89,28,14,19455.13,694.82,50.0,38148.99
35007,P552N F-150 [15-20],7G276,Transmission Valve Body/Lead Frame Repair,1112.67,47,23,19425.06,413.3,48.9,66977.45
48916,U222N EXPEDITION [02-17],6256,VCT Phaser Replacement,2467.9,25,12,19411.24,776.45,48.0,76234.1
14898,CD539N EDGE [15-24],6701,Rear Main Seal Replacement,1965.67,22,11,19404.0,882.0,50.0,57791.31
36592,P552N F-150 [15-20],MISC,Warranty/Contract Coverage Inquiry,1284.39,18,9,19358.47,1075.47,50.0,36037.41
59076,U553N EXPEDITION [18-24],7902,Transmission Assembly Replacement,4827.55,21,10,19354.87,921.66,47.6,108968.75
51515,U502N EXPLORER [11-19],19850,Evaporator Core Replacement,1462.95,31,15,19303.46,622.69,48.4,61197.55
9847,CD391N FUSION [13-20],19850,Evaporator Core Replacement,1442.68,22,11,19288.18,876.74,50.0,47208.9
64611,U625N EXPLORER [20-27],14G371,APIM Replacement,964.54,39,19,19249.45,493.57,48.7,51639.72
53588,U502N EXPLORER [11-19],7E195,Transmission Overhaul,6021.78,15,7,19186.93,1279.13,46.7,99480.94
10358,CD391N FUSION [13-20],6009,Engine Short Block/Assembly Replacement,4503.2,34,17,19183.9,564.23,50.0,154352.2
14551,CD539N EDGE [15-24],58611B09,Driver's Seat Belt Retractor/Pretensioner Replacement,652.31,10,5,19179.6,1917.96,50.0,24922.53
32996,P552N F-150 [15-20],6211,Engine Internal Damage / Replacement,8543.37,19,9,19158.64,1008.35,47.4,166380.98
10561,CD391N FUSION [13-20],6375,Flexplate/Flywheel Replacement,1855.98,39,19,19152.91,491.1,48.7,82304.77
15662,CD539N EDGE [15-24],7P030,Transmission Assembly Replacement,6647.1,18,9,19143.29,1063.51,50.0,123392.55
46813,S550N MUSTANG [15-23],6009,Engine Internal Failure - Replacement,5129.47,18,6,19116.21,1062.01,33.3,103791.07
33228,P552N F-150 [15-20],6500,Cylinder Head Replacement,6070.9,16,8,19091.34,1193.21,50.0,94789.32
53421,U502N EXPLORER [11-19],7A100,Transmission Shudder Repair,3195.77,27,13,19077.04,706.56,48.1,96513.49
33883,P552N F-150 [15-20],6L266,Engine Replacement due to Timing Failure,1869.79,24,12,19066.86,794.46,50.0,57629.41
34605,P552N F-150 [15-20],7A262,Transmission Assembly Replacement,3656.72,22,11,19049.89,865.9,50.0,92573.28
33231,P552N F-150 [15-20],6500,Cylinder Head Replacement due to Valvetrain Failure,2036.33,27,13,19037.74,705.1,48.1,68955.87
33107,P552N F-150 [15-20],6303,Engine Long Block Replacement or Major Internal Repair,8961.11,19,8,19028.22,1001.49,42.1,176201.29
67283,U625N EXPLORER [20-27],7P238,AWD Control Module Replacement,541.56,53,26,18998.72,358.46,49.1,43816.69
12644,CD533N MKZ [13-20],6K682,Turbocharger Assembly Replacement,2352.63,16,8,18983.31,1186.45,50.0,53037.51
61670,U554N NAVIGATOR [18-24],6256,Water Pump Replacement,2227.41,15,7,18935.77,1262.39,46.7,48775.89
51476,U502N EXPLORER [11-19],19712,A/C Condenser Replacement,974.29,48,24,18851.33,392.73,50.0,61334.41
41941,P558N SUPER DUTY [17-22],H42006,Rear Defroster Inoperative - Rear Glass Replacement,1346.78,45,22,18838.2,418.63,48.9,71570.47
1216,B515A ECOSPORT INDIA [13-22],6009,Engine Long Block Replacement,4252.27,35,17,18830.3,538.01,48.6,156038.35
58230,U553N EXPEDITION [18-24],5A649,Rear Lower Control Arm Service,2255.11,13,6,18804.18,1446.48,46.2,43774.53
43359,P702N F150 [21-27],19A464,Pro Power Onboard System Fault,641.47,39,19,18795.17,481.93,48.7,39793.69
14228,CD539N EDGE [15-24],3B436,CV Axle Assembly Replacement,856.56,15,7,18776.54,1251.77,46.7,29546.44
12702,CD533N MKZ [13-20],7902,Transmission Internal Failure - Replace/Overhaul,4549.89,31,15,18770.3,605.5,48.4,149554.04
57387,U553N EXPEDITION [18-24],19703,Full A/C System Replacement (Seized Compressor),1454.06,31,15,18746.84,604.74,48.4,60478.42
66369,U625N EXPLORER [20-27],6C525,Engine Timing System Overhaul,4751.91,17,8,18709.77,1100.58,47.1,91759.44
8772,C520N ESCAPE [13-19],8501,Rental Repair,1186.21,32,16,18701.88,584.43,50.0,54003.73
39988,P558N SUPER DUTY [17-22],6375,Starter and Flex Plate/Flywheel Replacement,1372.55,64,32,18701.64,292.21,50.0,98635.5
12518,CD533N MKZ [13-20],6020,Timing Cover Reseal,1508.59,42,21,18649.75,444.04,50.0,70836.49
51914,U502N EXPLORER [11-19],3504,EPAS Unit / Steering Gear Assembly Replacement,2080.12,28,14,18649.23,666.05,50.0,70662.23
10565,CD391N FUSION [13-20],6375,Cracked Flywheel/Flex Plate Replacement,1412.52,28,14,18622.56,665.09,50.0,55244.24
37327,P558N SUPER DUTY [17-22],14407,DEF System Wiring Harness and Component Replacement,1879.77,23,11,18614.04,809.31,47.8,58806.9
53511,U502N EXPLORER [11-19],7B164,Transmission Internal Component Failure / Replacement,5136.92,36,18,18599.29,516.65,50.0,186771.86
65977,U625N EXPLORER [20-27],5E212,Catalytic Converter Replacement,1763.67,13,6,18564.12,1428.01,46.2,37360.24
52617,U502N EXPLORER [11-19],6335,Rear Main Seal Replacement,1974.89,25,12,18551.83,742.07,48.0,62716.02
26933,P375N RANGER [19-23],7A100,Transmission Internal Component Repair,3645.77,20,10,18550.07,927.5,50.0,75511.14
26333,P375N RANGER [19-23],18478,HVAC Air Distribution Housing Replacement,892.77,66,33,18472.68,279.89,50.0,72060.21
57835,U553N EXPEDITION [18-24],3084,Upper Control Arm and Spindle Replacement,1211.73,17,8,18462.83,1086.05,47.1,34951.45
944,B515A ECOSPORT INDIA [13-22],19B555,A/C Evaporator Replacement,16213.12,14,7,18428.4,1316.31,50.0,220001.23
20566,CX727N MACH-E [21-26],19H405,IPMA Module Replacement,3883.84,25,12,18401.23,736.05,48.0,104345.85
38290,P558N SUPER DUTY [17-22],19850,Evaporator/Housing Assembly Replacement,1486.77,42,21,18397.24,438.03,50.0,77586.06
2255,B562A FIGO/KA [15-22],8501,Water Pump Replacement,6440.67,12,6,18373.73,1531.14,50.0,83485.44
30599,P552N F-150 [15-20],16A507,Prior Approval Exemption for 16A507 Repair,830.63,39,18,18314.78,469.61,46.2,47422.45
70321,V363N TRANSIT [14-27],7A103,Transmission Assembly Replacement,5099.49,26,13,18269.6,702.68,50.0,139438.45
65833,U625N EXPLORER [20-27],4K139,Rear Axle Shaft Replacement,7714.96,10,5,18249.22,1824.92,50.0,82590.41
21811,D385N MKS [09-16],3504,Steering Gear Replacement,2343.93,32,16,18210.62,569.08,50.0,85412.59
4584,C489N MKC [15-19],18124,Front Strut Assembly Replacement,1443.39,28,14,18200.05,650.0,50.0,53868.46
22832,D471N FLEX [09-19],8501,Water Pump Replacement,1948.54,19,9,18144.19,954.96,47.4,51763.04
60113,U553N EXPEDITION [18-24],misc,Warranty Claim Investigation and Customer Education,710.34,27,13,18111.57,670.8,48.1,32252.65
62308,U554N NAVIGATOR [18-24],7a100,Internal Transmission Component Replacement/Overhaul,4338.06,12,6,18097.8,1508.15,50.0,59549.02
40198,P558N SUPER DUTY [17-22],6781,Upper Oil Pan Replacement,1686.66,10,5,18096.13,1809.61,50.0,34027.54
65773,U625N EXPLORER [20-27],4A015,FAD Seal Replacement (Complex),1645.86,31,15,18092.56,583.63,48.4,61977.29
47919,S550N MUSTANG [15-23],9H307,Extensive Fuel System Repair,790.45,24,12,18081.83,753.41,50.0,35054.52
53960,U502N EXPLORER [11-19],8501,Water Pump Replacement,1719.2,34,17,18068.94,531.44,50.0,69695.9
10471,CD391N FUSION [13-20],6148,Short Block Replacement,4682.55,27,13,18044.37,668.31,48.1,132517.17
10579,CD391N FUSION [13-20],6375,Flywheel/Flex Plate Replacement,1673.38,30,15,18038.89,601.3,50.0,61982.76
8654,C520N ESCAPE [13-19],7a103,Transmission Internal Component Repair or Replacement,4462.12,39,19,17991.96,461.34,48.7,174105.49
7542,C520N ESCAPE [13-19],6256,Extensive Timing System Overhaul,1605.35,11,5,17987.47,1635.22,45.5,34465.18
7235,C520N ESCAPE [13-19],5808,Rear Suspension Bushing/Component Replacement,772.87,44,22,17977.41,408.58,50.0,48583.51
47618,S550N MUSTANG [15-23],7H351,Transmission Valve Body Replacement / Overhaul,3536.53,22,11,17937.61,815.35,50.0,89178.62
46361,S550N MUSTANG [15-23],19850,A/C Evaporator Core Replacement,1606.72,53,26,17871.03,337.19,49.1,94543.49
23727,D544N CONTINENTAL [17-20],4000,Rear Differential Assembly Replacement,3273.84,20,10,17845.46,892.27,50.0,74410.06
59240,U553N EXPEDITION [18-24],7B067,Transmission Overhaul for Internal Failure,3790.43,24,12,17799.69,741.66,50.0,103315.1
40453,P558N SUPER DUTY [17-22],7005,Transmission Assembly Replacement,5135.33,16,8,17567.5,1097.97,50.0,91015.81
5064,C489N MKC [15-19],6049,Cylinder Head Replacement,3389.34,30,15,17564.91,585.5,50.0,106878.19
59258,U553N EXPEDITION [18-24],7B177,Transmission Assembly Replacement,4675.58,14,7,17537.73,1252.69,50.0,78604.73
6689,C520N ESCAPE [13-19],19B555,HVAC Case/Evaporator Core Replacement,1900.93,55,27,17518.45,318.52,49.1,113633.79
54262,U502N EXPLORER [11-19],9G444,Multiple Oxygen Sensors Replacement,221.7,16,8,17517.65,1094.85,50.0,20592.39
46376,S550N MUSTANG [15-23],19860,Evaporator Core Replacement,1116.13,46,23,17485.54,380.12,50.0,63653.04
32853,P552N F-150 [15-20],6051,Short Block Replacement,8677.56,13,5,17464.83,1343.45,38.5,114977.09
61677,U554N NAVIGATOR [18-24],6256,Engine Timing Component Replacement,2085.67,24,12,17462.58,727.61,50.0,63120.33
50169,U228N NAVIGATOR [03-17],7902,Torque Converter Replacement,1978.56,20,10,17417.07,870.86,50.0,53346.67
52630,U502N EXPLORER [11-19],6335,Engine Oil Leak - Rear Engine/Oil Pan Area,2189.17,26,13,17405.69,669.45,50.0,67620.48
46821,S550N MUSTANG [15-23],6019,Timing Cover Replacement,1170.98,38,19,17401.54,457.94,50.0,56584.63
4911,C489N MKC [15-19],4000,Rear Differential Assembly Replacement,3201.54,33,16,17400.13,527.27,48.5,109926.88
67772,U625N EXPLORER [20-27],9H307,Fuel Pump Module Replacement,1273.57,21,10,17372.55,827.26,47.6,39242.42
26934,P375N RANGER [19-23],7A100,Transmission Overhaul/Internal Repair,4267.15,16,8,17328.36,1083.03,50.0,78295.1
1973,B515A ECOSPORT INDIA [13-22],9H307,Fuel Pump Assembly Replacement,8454.9,15,7,17306.6,1153.77,46.7,92230.81
63175,U611N AVIATOR [20-27],3083,Lower Control Arm and Knuckle Replacement,1617.57,17,7,17293.74,1017.28,41.2,39633.95
14824,CD539N EDGE [15-24],6375,Short Block and Drivetrain Component Replacement,4828.54,55,27,17133.99,311.53,49.1,263945.52
69973,V363N TRANSIT [14-27],6211,Engine Long Block Replacement,6445.63,11,5,17133.38,1557.58,45.5,83380.4
10981,CD391N FUSION [13-20],7A103,Transmission Internal Component Repair/Overhaul,2603.83,22,11,17126.54,778.48,50.0,70376.94
65653,U625N EXPLORER [20-27],3k147,Front Differential Replacement,2496.67,19,9,17109.55,900.5,47.4,59070.34
8274,C520N ESCAPE [13-19],7A103,Transmission Replacement,2517.37,31,15,17095.06,551.45,48.4,86410.09
50006,U228N NAVIGATOR [03-17],6020,Engine Front Cover Reseal,2163.4,41,20,17087.36,416.77,48.8,95973.47
10797,CD391N FUSION [13-20],6K682,Catastrophic Turbo Failure with Collateral Damage,2014.66,19,9,17057.47,897.76,47.4,52113.65
2282,B562A FIGO/KA [15-22],9H307,Fuel Pump Replacement,6888.7,15,7,17044.35,1136.29,46.7,115104.12
66889,U625N EXPLORER [20-27],7A103,Transmission Assembly Replacement,4460.62,28,14,17010.64,607.52,50.0,133653.1
7505,C520N ESCAPE [13-19],6148,Engine Internal Damage,5377.92,17,8,16967.92,998.12,47.1,104348.26
21205,D258N TAURUS [10-19],3V504,Steering Gear Replacement,2035.85,17,8,16965.19,997.95,47.1,46637.35
32727,P552N F-150 [15-20],6009,Engine Replacement for Excessive Oil Consumption,8627.49,15,7,16930.23,1128.68,46.7,129310.11
28558,P473N SUPER DUTY [11-16],6K682,Turbocharger Assembly Replacement,3432.12,31,15,16923.1,545.91,48.4,111693.26
60485,U554N NAVIGATOR [18-24],14B351,Power Liftgate Motor/Strut Replacement,1396.2,18,9,16898.5,938.81,50.0,37541.83
19122,CX482N ESCAPE [20-26],7N473,Transmission Assembly Replacement,4420.17,23,11,16887.88,734.25,47.8,105335.34
13251,CD539N EDGE [15-24],13008,Both Headlamp Assemblies Replacement,1478.99,26,13,16862.89,648.57,50.0,52399.88
7444,C520N ESCAPE [13-19],6051,Engine Coolant Intrusion - Block Replacement,4491.06,34,17,16852.31,495.66,50.0,149954.82
58365,U553N EXPEDITION [18-24],6256,VCT Phaser and Timing Chain Replacement,1775.76,34,17,16811.1,494.44,50.0,72345.38
64996,U625N EXPLORER [20-27],19703,A/C Compressor Replacement,1111.57,30,15,16761.09,558.71,50.0,46047.06
41412,P558N SUPER DUTY [17-22],9424,Intake Manifold Replacement for Internal Failure,1163.65,25,12,16747.88,669.91,48.0,43148.47
7914,C520N ESCAPE [13-19],6K682,Turbocharger Replacement,1761.74,51,25,16711.98,327.69,49.0,97793.66
42089,P558N SUPER DUTY [17-22],misc,Warranty Coverage Inquiry Processing,206.78,24,12,16696.39,695.69,50.0,20747.64
31240,P552N F-150 [15-20],19G490,Driver Assist Camera Module Service,779.12,26,13,16687.0,641.81,50.0,32723.82
69147,V363N TRANSIT [14-27],18198,Front Strut Bearing/Mount Replacement,1206.6,10,5,16665.59,1666.56,50.0,27032.02
65786,U625N EXPLORER [20-27],4A015,Front Differential/Axle Seal Leak Repair,1363.17,30,15,16648.85,554.96,50.0,51446.02
70014,V363N TRANSIT [14-27],6335,Crankshaft Rear Main Seal Replacement,2245.98,17,8,16588.61,975.8,47.1,48123.95
27274,P375N RANGER [19-23],KEYSVC,Security System Module Replacement for Lost Key,205.17,103,51,16588.52,161.05,49.5,35766.74
34582,P552N F-150 [15-20],7A248,Torque Converter Seal/Gasket Leak Repair,2449.88,38,19,16548.15,435.48,50.0,92742.36
7104,C520N ESCAPE [13-19],4000,Rear Drive Unit Replacement,2675.99,47,23,16537.91,351.87,48.9,124888.69
69619,V363N TRANSIT [14-27],3V504,Steering Gear Replacement,1626.98,26,13,16537.41,636.06,50.0,54291.05
26458,P375N RANGER [19-23],19E616,HVAC Blend Door Actuator Replacement,756.58,33,16,16518.01,500.55,48.5,36575.28
8300,C520N ESCAPE [13-19],7A130,Transmission Internal Mechanical Failure,3232.65,33,16,16515.34,500.47,48.5,112932.14
39609,P558N SUPER DUTY [17-22],5J249,Prior Approval Exemption for Claim,565.04,57,28,16501.46,289.5,49.1,42410.4
40112,P558N SUPER DUTY [17-22],6675,Oil Pan/Gasket Replacement,2315.88,26,13,16437.89,632.22,50.0,71628.27
58366,U553N EXPEDITION [18-24],6256,Prior Approval Exemption,1370.91,55,27,16376.47,297.76,49.1,85192.31
26852,P375N RANGER [19-23],6K682,Turbocharger Replacement,1727.67,23,11,16334.16,710.18,47.8,52708.33
29199,P552N F-150 [15-20],11002,Prior Approval Exemption Processing,366.65,57,27,16286.78,285.73,47.4,35141.86
56767,U553N EXPEDITION [18-24],14B351,Power Liftgate Actuator Replacement,1087.59,20,10,16264.69,813.23,50.0,33878.6
34361,P552N F-150 [15-20],7902,Repair of Causal Part 7902,3203.05,13,6,16258.61,1250.66,46.2,53952.47
32233,P552N F-150 [15-20],4209,Repair/Replace Component 4209 with Prior Approval,1068.25,20,10,16235.83,811.79,50.0,35676.21
39821,P558N SUPER DUTY [17-22],6020,Engine Front Cover Reseal,3063.03,22,11,16232.15,737.82,50.0,75927.82
8369,C520N ESCAPE [13-19],7B164,Transmission Overhaul,2924.58,44,22,16218.3,368.6,50.0,130756.93
53628,U502N EXPLORER [11-19],7F401,Converter Repair,2234.17,22,11,16217.66,737.17,50.0,58381.25
1522,B515A ECOSPORT INDIA [13-22],6c348,Engine and Turbo Replacement,4460.24,34,17,16206.01,476.64,50.0,159108.86
66836,U625N EXPLORER [20-27],7902,Transmission Assembly Replacement,4940.9,17,8,16172.26,951.31,47.1,86174.28
69175,V363N TRANSIT [14-27],18A484,Evaporator Core/Housing Replacement,1885.85,42,21,16153.87,384.61,50.0,87699.81
35813,P552N F-150 [15-20],9450,Exhaust Manifold Replacement,1825.27,22,11,16084.04,731.09,50.0,51603.91
37114,P558N SUPER DUTY [17-22],13008,Headlamp Assembly Replacement,1437.29,26,13,16062.02,617.77,50.0,42621.94
67231,U625N EXPLORER [20-27],7N169,Transmission A Clutch/Front Support Replacement,2227.84,42,21,16060.48,382.39,50.0,102144.19
14900,CD539N EDGE [15-24],6701,Rear Main Seal Replacement,2021.22,27,13,16060.0,594.81,48.1,62629.76
51511,U502N EXPLORER [11-19],19850,Front and Rear A/C Evaporator Replacement,2143.06,35,17,16034.57,458.13,48.6,82181.8
70396,V363N TRANSIT [14-27],7B164,Transmission Assembly Replacement,5762.46,10,5,16028.3,1602.83,50.0,68026.89
59073,U553N EXPEDITION [18-24],7902,Transmission Assembly Replacement,5828.92,21,10,15994.2,761.62,47.6,126382.65
38059,P558N SUPER DUTY [17-22],17D696,Prior Approval Exemption Processing,372.57,18,9,15937.83,885.44,50.0,21079.69
47564,S550N MUSTANG [15-23],7B546,Clutch Assembly Replacement,2101.39,13,6,15919.96,1224.61,46.2,37958.33
51518,U502N EXPLORER [11-19],19850,A/C Evaporator Replacement,1824.3,34,17,15918.09,468.18,50.0,72036.57
31821,P552N F-150 [15-20],3084,Upper Control Arm / Ball Joint Replacement,1229.58,24,12,15909.59,662.9,50.0,40514.13
2836,C346E FOCUS MCA [14-19],7002,Transmission Replacement,5445.36,18,9,15908.95,883.83,50.0,105283.06
33452,P552N F-150 [15-20],6701,Rear Main Oil Seal Replacement (Extensive R&I),1985.86,22,11,15848.22,720.37,50.0,50274.46
11839,CD533N MKZ [13-20],13008,Labor Hours Repair,1599.08,21,10,15844.51,754.5,47.6,47649.13
12536,CD533N MKZ [13-20],6049,Cylinder Head Failure,5539.0,15,7,15844.5,1056.3,46.7,88941.82
24831,H567N MEDIUM TRUCK [16-27],6675,Upper Oil Pan Reseal,2820.92,10,5,15841.82,1584.18,50.0,40309.13
4726,C489N MKC [15-19],19G490,Rear View Camera Replacement,604.44,42,21,15830.6,376.92,50.0,37941.62
67303,U625N EXPLORER [20-27],7Z490,Transmission Internal Mechanical Repair or Replacement,1900.48,48,24,15822.31,329.63,50.0,93644.23
2013,B515A ECOSPORT INDIA [13-22],KEYSVC,Lost Key/Fob Replacement,242.96,58,29,15788.24,272.21,50.0,29008.87
7492,C520N ESCAPE [13-19],6108,Engine Short Block Replacement,5348.53,18,9,15783.63,876.87,50.0,103464.72
66117,U625N EXPLORER [20-27],6148,Engine Long Block Replacement,7030.53,23,11,15767.5,685.54,47.8,161827.85
57568,U553N EXPEDITION [18-24],19D701,AC Schrader Valve Replacement and Recharge,418.01,35,17,15760.33,450.29,48.6,29051.5
47535,S550N MUSTANG [15-23],7A512,Clutch Assembly and Flywheel Replacement,2095.11,17,8,15738.76,925.81,47.1,45294.59
53369,U502N EXPLORER [11-19],7902,Prior Approval Exemption Processing,1599.02,15,7,15734.22,1048.95,46.7,36478.52
52716,U502N EXPLORER [11-19],6600,Oil Pump Failure with Consequential Damage,8372.41,16,8,15728.73,983.04,50.0,136455.41
63191,U611N AVIATOR [20-27],3504,Steering System Control or Feel Issue,2343.91,29,14,15713.74,541.86,48.3,78085.1
33423,P552N F-150 [15-20],6675,Oil Pan Leak Repair,1094.2,32,16,15707.79,490.87,50.0,46805.44
60866,U554N NAVIGATOR [18-24],18124,Front Strut/Shock Absorber Replacement,1033.83,20,10,15684.56,784.23,50.0,32303.89
35211,P552N F-150 [15-20],7a103,Transmission Internal Failure,5477.8,12,6,15679.8,1306.65,50.0,76548.72
25870,P131N STRIPPED CHASSIS [99-26],7902,Transmission Replacement,5639.16,15,7,15672.67,1044.84,46.7,90952.39
35736,P552N F-150 [15-20],9424,Intake Manifold Replacement,1303.84,32,16,15669.48,489.67,50.0,52063.9
28551,P473N SUPER DUTY [11-16],6K682,Turbocharger Replacement,3164.67,21,10,15661.63,745.8,47.6,74395.97
71723,V408E TRANSIT CONNECT [13-24],7G384,Transmission Internal Repair/Replacement,3521.5,17,8,15649.46,920.56,47.1,68642.8
33681,P552N F-150 [15-20],6C525,VCT Phaser Replacement,1749.56,28,14,15621.0,557.89,50.0,58845.13
902,B515A ECOSPORT INDIA [13-22],19703,A/C Compressor Replacement,1344.97,54,27,15597.25,288.83,50.0,77790.74
16375,CD539N EDGE [15-24],misc,Warranty Inquiry and Administrative Processing,1187.77,15,7,15577.64,1038.51,46.7,27004.75
32961,P552N F-150 [15-20],6149,Engine Long Block Replacement,8411.2,12,6,15554.97,1296.25,50.0,107517.34
18961,CX482N ESCAPE [20-26],7902,Transmission Assembly Replacement/Overhaul,5466.33,12,6,15549.53,1295.79,50.0,74141.74
31053,P552N F-150 [15-20],19849,Thermostatic Expansion Valve Replacement,574.46,25,12,15520.43,620.82,48.0,28532.43
32989,P552N F-150 [15-20],6211,Engine Assembly Replacement,9655.3,21,10,15515.58,738.84,47.6,190064.38
68624,U725N BRONCO [21-26],KEYSVC,Lost Key/Fob Replacement and Programming,266.59,86,43,15509.49,180.34,50.0,36727.19
56370,U553N EXPEDITION [18-24],10346,Alternator Replacement,1381.63,39,19,15498.47,397.4,48.7,64382.61
70157,V363N TRANSIT [14-27],6K682,Extensive Turbocharger System Repair,2339.32,16,8,15471.11,966.94,50.0,47939.01
19140,CX482N ESCAPE [20-26],7P030,Automatic Transmission Rebuild/Replacement,2057.48,33,16,15398.29,466.62,48.5,75790.19
15657,CD539N EDGE [15-24],7N473,Transmission Assembly Replacement,4112.8,16,8,15377.1,961.07,50.0,77615.13
1219,B515A ECOSPORT INDIA [13-22],6009,Engine Long Block Replacement,4756.67,20,10,15371.82,768.59,50.0,105635.07
10487,CD391N FUSION [13-20],6211,Catastrophic Engine Failure Repair,6325.8,14,7,15368.32,1097.73,50.0,92842.19
31235,P552N F-150 [15-20],19G490,Prior Approval Processing for 19G490,571.44,12,6,15352.56,1279.38,50.0,21244.91
15294,CD539N EDGE [15-24],7A103,Transmission Internal Repair or Replacement,4736.98,18,9,15328.97,851.61,50.0,89665.07
37884,P558N SUPER DUTY [17-22],16502C22,Sunroof System Repair,2781.96,37,18,15283.96,413.08,48.6,103922.71
22939,D471N FLEX [09-19],keysvc,Key Fob Replacement,207.61,41,20,15282.69,372.75,48.8,22900.24
43957,P702N F150 [21-27],5560,Rear Leaf Spring Replacement,1720.57,25,12,15268.65,610.75,48.0,47845.74
26914,P375N RANGER [19-23],7902,Transmission Assembly Replacement,4571.8,16,8,15265.69,954.1,50.0,81595.27
47794,S550N MUSTANG [15-23],9661710,Seat Track Assembly Replacement,1592.02,12,6,15259.41,1271.61,50.0,32710.83
33909,P552N F-150 [15-20],6M280,VCT Solenoid Malfunction,756.54,31,15,15220.45,490.98,48.4,36051.95
44532,P702N F150 [21-27],7H351,Transmission Assembly Replacement,4143.51,23,11,15211.79,661.39,47.8,93323.96
22909,D471N FLEX [09-19],KEYSVC,Key/Key Fob Replacement,225.2,37,18,15191.84,410.59,48.6,22511.28
28224,P473N SUPER DUTY [11-16],5J225,Reductant Heater and Sender Assembly Replacement,650.03,38,19,15189.3,399.72,50.0,37391.98
67268,U625N EXPLORER [20-27],7P209,Major Transmission Replacement/Overhaul,7409.61,15,7,15185.38,1012.36,46.7,119803.29
5445,C489N MKC [15-19],7G384,Transmission Internal Failure Repair,3940.98,26,13,15181.34,583.9,50.0,106544.73
23135,D472N MKT [10-19],4000,Rear Differential Assembly Replacement,6464.49,20,10,15177.39,758.87,50.0,127413.34
52524,U502N EXPLORER [11-19],6148,Extensive Engine Component Replacement,7641.64,10,5,15157.2,1515.72,50.0,84531.41
5014,C489N MKC [15-19],6009,Rental Vehicle for Engine Replacement,4736.74,37,18,15154.02,409.57,48.6,179049.1
7710,C520N ESCAPE [13-19],6600,Engine Short Block Replacement,6333.3,15,7,15149.0,1009.94,46.7,96555.64
30459,P552N F-150 [15-20],16502C22,Sunroof/Moonroof Assembly Repair,2849.95,31,15,15147.63,488.63,48.4,94731.46
3686,C346N FOCUS [12-18],6C348,Engine Assembly Replacement,3627.93,25,12,15142.19,605.69,48.0,102816.55
61472,U554N NAVIGATOR [18-24],4621,Differential Overhaul for Noise,2439.24,12,6,15131.57,1260.97,50.0,41208.24
1458,B515A ECOSPORT INDIA [13-22],6C348,Engine Assembly Replacement,4274.19,15,7,15122.4,1008.16,46.7,75429.65
51783,U502N EXPLORER [11-19],2553,"Rear Brake Caliper, Pads, and Rotors Replacement",687.31,34,17,15117.27,444.63,50.0,35100.53
19143,CX482N ESCAPE [20-26],7P030,Transmission Assembly Replacement,1989.85,20,10,15112.69,755.64,50.0,49303.05
10917,CD391N FUSION [13-20],7902,Transmission Internal Malfunction,5376.75,11,5,15038.97,1367.18,45.5,58866.95
28318,P473N SUPER DUTY [11-16],6019,Front Timing Cover Reseal,2110.07,14,7,15032.11,1073.72,50.0,43176.89
59074,U553N EXPEDITION [18-24],7902,Transmission Overhaul/Replacement with Torque Converter,3761.17,19,9,15028.66,790.98,47.4,80316.44
14792,CD539N EDGE [15-24],6335,Crankshaft Rear Main Seal Replacement,1904.92,42,21,15021.34,357.65,50.0,87006.76
61456,U554N NAVIGATOR [18-24],4221,Differential Overhaul for Noise,3149.05,17,8,15006.01,882.7,47.1,58773.94
49267,U222N EXPEDITION [02-17],8501,Prior Approval Exemption Processing,630.2,34,17,15003.04,441.27,50.0,32739.3
59063,U553N EXPEDITION [18-24],7902,Transmission Replacement,4575.25,11,5,15001.23,1363.75,45.5,57591.66
69954,V363N TRANSIT [14-27],6148,Long Block Repair,7284.57,14,7,14973.77,1069.56,50.0,107990.33
40677,P558N SUPER DUTY [17-22],7A130,Transmission Replacement/Overhaul,6567.52,27,13,14937.16,553.23,48.1,171896.19
63272,U611N AVIATOR [20-27],3D102,Front Intermediate Shaft / CV Axle Replacement,2174.7,21,10,14930.49,710.97,47.6,55611.15
42393,P702N F150 [21-27],13008,Headlamp Assembly Replacement,1784.27,10,5,14921.58,1492.16,50.0,31696.67
51664,U502N EXPLORER [11-19],19G490,Rear View Camera Assembly Replacement,787.22,50,25,14918.74,298.38,50.0,47722.73
69750,V363N TRANSIT [14-27],4R602,Driveshaft Assembly Replacement,1305.99,24,12,14914.9,621.45,50.0,43421.19
6500,C520N ESCAPE [13-19],18125,Prior Approval Exemption Processing,480.86,10,5,14908.39,1490.84,50.0,18671.13
32972,P552N F-150 [15-20],6200,Engine Long Block Replacement,9112.07,17,8,14904.78,876.75,47.1,151324.37
57399,U553N EXPEDITION [18-24],19712,A/C Condenser Replacement,849.87,17,8,14830.35,872.38,47.1,27713.21
34703,P552N F-150 [15-20],7B067,Transmission Overhaul for Internal Component Failure,4074.38,19,9,14751.77,776.41,47.4,85089.75
3930,C346N FOCUS [12-18],7B546,Dual Clutch Replacement,1896.03,19,9,14699.17,773.64,47.4,45078.35
15292,CD539N EDGE [15-24],7A103,Transmission Overhaul/Internal Component Replacement,4019.54,12,6,14693.99,1224.5,50.0,57253.01
66148,U625N EXPLORER [20-27],6211,Internal Engine Failure,7849.4,27,13,14673.26,543.45,48.1,206730.21
14197,CD539N EDGE [15-24],3504,Steering Rack/EPAS Gear Replacement,1967.87,16,8,14653.25,915.83,50.0,42387.98
40645,P558N SUPER DUTY [17-22],7A100,Prior Approval Exemption Processing,1166.32,12,6,14611.77,1217.64,50.0,26534.65
39725,P558N SUPER DUTY [17-22],5j249,Prior Approval Processing,494.34,16,8,14589.91,911.87,50.0,21131.32
10157,CD391N FUSION [13-20],3B436,CV Axle Shaft Replacement,792.01,21,10,14580.45,694.31,47.6,28863.1
1429,B515A ECOSPORT INDIA [13-22],6B651,Engine Long Block Replacement,4173.9,43,21,14555.37,338.49,48.8,184430.53
24401,ECONOLINE [97-27],6500,Engine Internal Damage,7431.8,16,8,14541.22,908.83,50.0,118215.13
14704,CD539N EDGE [15-24],6051,Engine Long Block Replacement,4642.98,22,11,14501.48,659.16,50.0,110552.82
56950,U553N EXPEDITION [18-24],15604,Body Control Module (BCM) Replacement,1181.4,13,6,14490.9,1114.69,46.2,27281.74
33840,P552N F-150 [15-20],6K682,6K682 Control Module Repair,1513.24,15,7,14466.16,964.41,46.7,34404.04
32488,P552N F-150 [15-20],4R602,Driveshaft Replacement,1525.76,11,5,14418.95,1310.81,45.5,28777.67
46810,S550N MUSTANG [15-23],6009,Cylinder Head or Engine Assembly Replacement,5097.65,36,18,14414.06,400.39,50.0,178816.81
14833,CD539N EDGE [15-24],6375,Flex Plate Replacement,2005.29,15,7,14399.58,959.97,46.7,42036.11
7024,C520N ESCAPE [13-19],3B436,Front Half-Shaft/CV Axle Replacement,1198.21,22,11,14384.37,653.83,50.0,35589.16
53946,U502N EXPLORER [11-19],8501,Water Pump Replacement for Leak,1324.98,14,7,14329.8,1023.56,50.0,28231.18
62394,U554N NAVIGATOR [18-24],8501,Water Pump Replacement,1538.34,24,12,14328.5,597.02,50.0,45925.83
32924,P552N F-150 [15-20],6108,Engine Internal Damage/Wear,9844.31,19,9,14307.86,753.05,47.4,182103.39
29301,P552N F-150 [15-20],12029,Ignition System Misfire Repair,565.11,19,9,14303.15,752.8,47.4,22386.97
8770,C520N ESCAPE [13-19],8501,Water Pump Replacement,1275.07,21,10,14256.82,678.89,47.6,38298.48
36144,P552N F-150 [15-20],9F593,Fuel Injector Replacement,1348.55,25,12,14254.0,570.16,48.0,43639.41
32741,P552N F-150 [15-20],6009,Engine Replacement for Internal Failure,8040.42,13,6,14232.56,1094.82,46.2,98441.3
17093,CX430N C-SUV [21-27],7902,Transmission Assembly Replacement,6637.97,18,9,14195.79,788.65,50.0,119605.75
61428,U554N NAVIGATOR [18-24],4026,Differential Assembly Replacement,2256.84,11,5,14194.53,1290.41,45.5,36197.2
21914,D385N MKS [09-16],8501,Water Pump Replacement,1725.29,44,22,14167.0,321.98,50.0,84889.78
66109,U625N EXPLORER [20-27],6108,Engine Long Block Replacement,7523.1,16,8,14161.57,885.1,50.0,124285.94
34124,P552N F-150 [15-20],7005,Transmission Malfunction Repair or Replacement,5621.76,11,5,14160.7,1287.34,45.5,69325.16
58370,U553N EXPEDITION [18-24],6256,Timing Cover Oil Leak and VCT Phaser Rattle Repair,2046.88,18,9,14152.27,786.24,50.0,46440.44
6626,C520N ESCAPE [13-19],19712,A/C Condenser Replacement,1120.27,36,18,14111.28,391.98,50.0,49065.21
70627,V363N TRANSIT [14-27],7h351,Transmission Replacement/Comprehensive Rebuild,4965.23,25,12,14105.15,564.21,48.0,119795.98
56849,U553N EXPEDITION [18-24],14G371,APIM Module Replacement,670.64,19,9,14105.11,742.38,47.4,24373.6
50513,U502N EXPLORER [11-19],10884,Active Grille Shutter Assembly Replacement,1673.26,10,5,14103.09,1410.31,50.0,27320.7
6964,C520N ESCAPE [13-19],3504,EPAS Gear Assembly Replacement,1592.66,21,10,14102.06,671.53,47.6,44596.99
32285,P552N F-150 [15-20],4222,Front Differential Assembly Replacement,1790.72,15,7,14098.12,939.87,46.7,39373.98
32258,P552N F-150 [15-20],4220,Front Differential Gear & Pinion Overhaul,2312.26,39,19,14094.06,361.39,48.7,93975.77
57049,U553N EXPEDITION [18-24],1651070,Sunroof Guide/Mechanism Repair,2463.66,14,7,14090.96,1006.5,50.0,39409.46
3033,C346N FOCUS [12-18],13008,Headlamp Assembly Replacement,441.25,10,5,14083.81,1408.38,50.0,17063.55
61172,U554N NAVIGATOR [18-24],19K350,Telematics Control Unit Replacement,921.48,21,10,14080.55,670.5,47.6,29342.48
33042,P552N F-150 [15-20],6256,Cam Phaser and Engine Noise Repair,3158.64,12,6,14060.69,1171.72,50.0,44809.18
37900,P558N SUPER DUTY [17-22],1651070,Fender Repair/Replacement,583.99,21,10,13988.71,666.13,47.6,23914.12
7503,C520N ESCAPE [13-19],6148,Short Block Replacement,4446.35,27,13,13988.31,518.08,48.1,128462.37
58301,U553N EXPEDITION [18-24],6020,Front Cover Reseal and Water Pump Replacement,4008.49,13,6,13978.04,1075.23,46.2,56517.47
5023,C489N MKC [15-19],6009,Engine Long Block Replacement (Coolant Intrusion),4738.95,27,13,13977.78,517.7,48.1,135254.81
68728,V363N TRANSIT [14-27],10346,Generator/Alternator Replacement,936.28,58,29,13967.81,240.82,50.0,64555.92
52941,U502N EXPLORER [11-19],6K682,Engine Replacement due to Catastrophic Turbocharger Failure,2321.74,14,7,13905.01,993.21,50.0,42864.62
1354,B515A ECOSPORT INDIA [13-22],6600,Engine Oil Pump Belt Failure & Engine Damage,4812.08,31,15,13883.77,447.86,48.4,155596.33
36596,P552N F-150 [15-20],MISC,Customer/Dealer Inquiry Handling,508.88,22,11,13865.7,630.26,50.0,21931.67
32248,P552N F-150 [15-20],4209,Rear Differential Internal Component Repair,1727.37,15,7,13864.42,924.29,46.7,35054.12
63542,U611N AVIATOR [20-27],6C525,VCT Phaser Replacement,7021.87,12,6,13769.54,1147.46,50.0,96066.62
64912,U625N EXPLORER [20-27],18476,Heater Core Replacement,1253.96,34,17,13755.43,404.57,50.0,50576.41
40683,P558N SUPER DUTY [17-22],7A130,Major Transmission Overhaul or Replacement,4828.03,12,6,13752.19,1146.02,50.0,63640.39
53382,U502N EXPLORER [11-19],7902,Transmission Component Replacement/Overhaul,3595.09,19,9,13750.43,723.71,47.4,75479.69
40493,P558N SUPER DUTY [17-22],7060,Transmission Assembly Replacement,5515.29,17,8,13747.3,808.66,47.1,100413.56
31086,P552N F-150 [15-20],19860,Evaporator Core Replacement,1165.06,25,12,13740.2,549.61,48.0,39369.76
914,B515A ECOSPORT INDIA [13-22],19805,Blower Motor Replacement,871.43,41,20,13721.0,334.66,48.8,44643.46
5071,C489N MKC [15-19],6051,Engine Long Block Replacement,4908.74,16,8,13699.9,856.25,50.0,82858.21
8542,C520N ESCAPE [13-19],7G391,Internal Transmission Repair/Overhaul,3258.7,38,19,13694.69,360.39,50.0,125718.75
13293,CD539N EDGE [15-24],13A565,Rear Liftgate Lighting Assembly Replacement,609.74,19,9,13690.27,720.54,47.4,21688.59
23912,D544N CONTINENTAL [17-20],6028,Engine/Transmission Mount Replacement,1589.87,12,6,13663.86,1138.66,50.0,30378.69
67514,U625N EXPLORER [20-27],8501,Engine Long Block Replacement,8273.2,14,7,13663.49,975.96,50.0,125350.31
15222,CD539N EDGE [15-24],7902,Transmission Assembly Replacement,4676.32,12,6,13658.36,1138.19,50.0,63053.44
11532,CD391N FUSION [13-20],9E731,Cruise Control Module Replacement,1269.6,18,9,13603.45,755.74,50.0,33741.02
6624,C520N ESCAPE [13-19],19712,AC Condenser Replacement,1095.35,26,13,13570.03,521.92,50.0,38907.26
33045,P552N F-150 [15-20],6256,Short Block Replacement,7050.64,16,8,13555.93,847.25,50.0,110687.58
53923,U502N EXPLORER [11-19],8005,Radiator Replacement,1100.71,16,8,13534.62,845.91,50.0,28886.69
31001,P552N F-150 [15-20],19703,A/C Compressor Repair/Replacement,1246.29,32,16,13518.71,422.46,50.0,47335.7
26649,P375N RANGER [19-23],4209,Rear Differential Internal Component Replacement/Overhaul,2406.45,23,11,13517.13,587.7,47.8,62573.46
29007,P473N SUPER DUTY [11-16],9V425,EGR Valve/Cooler Replacement,1411.3,11,5,13497.19,1227.01,45.5,28582.84
13838,CD539N EDGE [15-24],19712,A/C Condenser Replacement,1118.44,39,19,13484.06,345.74,48.7,53205.44
6687,C520N ESCAPE [13-19],19B555,HVAC Case Assembly Replacement,1763.04,29,14,13457.79,464.06,48.3,59394.38
51495,U502N EXPLORER [11-19],19835,A/C Line Replacement,1139.2,27,13,13446.12,498.01,48.1,41271.57
52370,U502N EXPLORER [11-19],6009,Engine Long Block Replacement,7384.34,18,9,13443.57,746.87,50.0,127043.58
40785,P558N SUPER DUTY [17-22],7B067,Transmission Replacement,6735.4,18,9,13437.37,746.52,50.0,117826.59
12960,CD533N MKZ [13-20],9F593,Fuel Injector Related Engine Damage Repair,1137.61,10,5,13436.73,1343.68,50.0,23668.67
53461,U502N EXPLORER [11-19],7A130,Transmission Assembly Replacement,3790.45,18,9,13417.6,745.42,50.0,75125.62
15409,CD539N EDGE [15-24],7D491,Transmission Internal Failure Repair,5477.52,20,10,13412.09,670.61,50.0,111880.88
43715,P702N F150 [21-27],3C247,Integrated Wheel End (IWE) System Malfunction,948.87,10,5,13407.19,1340.72,50.0,21089.56
49029,U222N EXPEDITION [02-17],6K682,Turbocharger Replacement,2119.67,28,14,13388.43,478.16,50.0,65521.09
71789,V408E TRANSIT CONNECT [13-24],7P030,Transmission Overhaul/Repair,3655.05,10,5,13369.11,1336.91,50.0,47537.72
8026,C520N ESCAPE [13-19],7000,Transmission Replacement/Rebuild,4372.15,16,8,13355.22,834.7,50.0,67944.3
60893,U554N NAVIGATOR [18-24],18472,Heater Hose Replacement,766.55,21,10,13353.52,635.89,47.6,26277.93
51491,U502N EXPLORER [11-19],19835,A/C Line Leak Repair,1603.67,47,23,13350.73,284.06,48.9,80328.41
66207,U625N EXPLORER [20-27],6335,Rear Main Seal Replacement,1856.26,13,6,13330.92,1025.46,46.2,34476.18
4004,C346N FOCUS [12-18],7Z369,TCM Replacement,1135.41,11,5,13313.54,1210.32,45.5,24317.76
69919,V363N TRANSIT [14-27],6108,Long Block Engine Replacement,7681.3,14,7,13267.48,947.68,50.0,111308.1
3203,C346N FOCUS [12-18],19712,AC Condenser Replacement,550.43,11,5,13249.39,1204.49,45.5,19005.44
40197,P558N SUPER DUTY [17-22],6781,Upper Oil Pan Reseal,2140.39,27,13,13248.38,490.68,48.1,64570.84
3706,C346N FOCUS [12-18],6K682,Turbocharger Replacement,1734.23,26,13,13232.1,508.93,50.0,55613.89
32344,P552N F-150 [15-20],4621,Front Differential Internal Component Repair,2231.06,10,5,13207.46,1320.74,50.0,32846.58
14692,CD539N EDGE [15-24],6049,Engine Long Block Replacement for Coolant Intrusion,4082.35,19,9,13205.97,695.05,47.4,81940.58
61666,U554N NAVIGATOR [18-24],6256,Comprehensive Cam Phaser and Timing System Replacement,2367.32,14,7,13177.61,941.26,50.0,42022.98
8663,C520N ESCAPE [13-19],7a103,Transmission Assembly Replacement,3532.96,25,12,13170.32,526.81,48.0,94348.57
36872,P558N SUPER DUTY [17-22],11002,Starter Motor Replacement,1155.87,10,5,13138.99,1313.9,50.0,22003.29
70979,V363N TRANSIT [14-27],KEYSVC,Key Repair,219.3,63,31,13138.43,208.54,49.2,25359.27
49784,U228N NAVIGATOR [03-17],19850,A/C Evaporator Replacement,1770.85,20,10,13131.57,656.58,50.0,45085.04
50828,U502N EXPLORER [11-19],14A067,Battery Junction Box and Wiring Replacement,1303.41,39,19,13102.91,335.97,48.7,58511.01
33071,P552N F-150 [15-20],6265,Cam Phaser/VCT Replacement,1848.83,15,7,13099.79,873.32,46.7,37789.24
2955,C346N FOCUS [12-18],10346,Alternator Replacement,657.05,18,9,13090.14,727.23,50.0,23237.72
10474,CD391N FUSION [13-20],6148,Engine Long Block Replacement,5624.81,12,6,13069.88,1089.16,50.0,73069.13
34721,P552N F-150 [15-20],7B164,Transmission Overhaul for Shifting Concerns,4491.06,16,8,13057.72,816.11,50.0,72528.4
40308,P558N SUPER DUTY [17-22],6F073,CAC Outlet Pipe/Tube/Hose Replacement,1049.05,10,5,13055.67,1305.56,50.0,21010.7
29979,P552N F-150 [15-20],14G371,APIM Malfunction Repair,717.08,24,12,13038.66,543.28,50.0,26972.24
6650,C520N ESCAPE [13-19],19850,A/C Evaporator Core Replacement,1324.8,46,23,13026.6,283.19,50.0,69533.06
59618,U553N EXPEDITION [18-24],8005,Radiator Assembly Replacement,1436.0,10,5,13015.54,1301.55,50.0,24679.72
48995,U222N EXPEDITION [02-17],6A968,Turbocharger Coolant Line/Fitting Leak,2771.73,11,5,12990.02,1180.91,45.5,41103.74
61332,U554N NAVIGATOR [18-24],3222,Front Differential Internal Component Failure,3065.93,18,9,12978.61,721.04,50.0,59274.3
3939,C346N FOCUS [12-18],7B546,Transmission and Dual Clutch Assembly Replacement,1480.08,15,7,12969.95,864.66,46.7,33678.07
59399,U553N EXPEDITION [18-24],7H351,Torque Converter or Transmission Replacement,4434.75,23,11,12949.62,563.02,47.8,104111.64
69261,V363N TRANSIT [14-27],19860,Comprehensive A/C System Overhaul due to Contamination,3271.26,15,7,12919.78,861.32,46.7,56220.75
13740,CD539N EDGE [15-24],18198,Front Strut Bearing/Mount Replacement,826.84,11,5,12884.43,1171.31,45.5,20738.4
54472,U502N EXPLORER [11-19],misc,Warranty/Contract Inquiry Handling,516.51,19,9,12883.53,678.08,47.4,19753.29
27458,P375S RANGER [12-23],8C607,Engine Cooling Fan Replacement,7775.98,17,8,12880.71,757.69,47.1,139179.59
70015,V363N TRANSIT [14-27],6335,Rear Main Seal Replacement,2614.66,13,6,12823.48,986.42,46.2,40079.29
44560,P702N F150 [21-27],7P209,Automatic Transmission Assembly Replacement,9052.45,11,4,12820.81,1165.53,36.4,101409.65
34765,P552N F-150 [15-20],7B442,Transmission Overhaul,3592.12,17,8,12815.1,753.83,47.1,69926.59
3445,C346N FOCUS [12-18],6009,Engine Long Block Replacement,5773.2,14,7,12784.72,913.19,50.0,79858.45
18325,CX482N ESCAPE [20-26],4000,Rear Drive Unit Replacement,2666.58,21,10,12771.83,608.18,47.6,63125.46
31895,P552N F-150 [15-20],3504,Steering Gear Replacement,2058.74,27,13,12726.8,471.36,48.1,61954.06
8252,C520N ESCAPE [13-19],7A100,Transmission Replacement or Extensive Internal Repair,2397.05,17,8,12720.52,748.26,47.1,48420.78
65349,U625N EXPLORER [20-27],3083,Lower Control Arm Replacement,1273.87,22,11,12718.53,578.11,50.0,38126.3
47330,S550N MUSTANG [15-23],7124,Transmission Replacement,2917.61,14,7,12712.82,908.06,50.0,48107.92
35295,P552N F-150 [15-20],7b164,Transmission Overhaul,3466.52,13,6,12675.04,975.0,46.2,53145.15
28457,P473N SUPER DUTY [11-16],6701,Rear Main Seal Replacement,1388.95,12,6,12662.0,1055.17,50.0,26504.42
34027,P552N F-150 [15-20],6k682,Repair for Causal Part 6k682,1500.77,11,5,12649.23,1149.93,45.5,26451.85
57605,U553N EXPEDITION [18-24],19G490,Complex Camera System Repair/Replacement,608.34,20,10,12646.41,632.32,50.0,22032.53
16033,CD539N EDGE [15-24],9E731,Speed Sensor/Cruise Control Module Replacement,883.13,20,10,12603.63,630.18,50.0,27654.82
6791,C520N ESCAPE [13-19],2001,Brake System Wear Repair,491.45,35,17,12580.11,359.43,48.6,27302.04
1482,B515A ECOSPORT INDIA [13-22],6K254,Engine Long Block and Turbocharger Replacement,4583.17,20,10,12579.7,628.98,50.0,95608.69
7738,C520N ESCAPE [13-19],6700,Engine Oil Leak - Combined Crankshaft Seal and Oil Pan Reseal,1118.67,13,6,12571.27,967.02,46.2,26592.53
46470,S550N MUSTANG [15-23],2001,Brake System Service,661.19,44,22,12534.41,284.87,50.0,36952.5
32791,P552N F-150 [15-20],6020,Water Pump and Front Cover Leak Repair,2168.27,46,23,12527.88,272.35,50.0,101721.9
5009,C489N MKC [15-19],6009,Comprehensive Engine Assembly Replacement with Turbo,4834.79,38,19,12520.16,329.48,50.0,182269.21
30575,P552N F-150 [15-20],16700,Prior Approval Exemption Processing,200.07,14,7,12507.94,893.42,50.0,15065.37
53699,U502N EXPLORER [11-19],7G391,Transmission Overhaul,3327.77,28,14,12504.94,446.6,50.0,94784.76
22270,D471N FLEX [09-19],19G490,Rear View Camera System Repair,536.47,54,27,12500.78,231.5,50.0,38312.66
1459,B515A ECOSPORT INDIA [13-22],6C348,Engine Oil Pressure Loss - Engine Replacement,4823.11,37,18,12497.45,337.77,48.6,178465.29
18544,CX482N ESCAPE [20-26],6020,Engine Front Cover Oil Leak Reseal,1265.89,40,20,12496.56,312.42,50.0,54984.45
32959,P552N F-150 [15-20],6148,Engine Long Block Replacement,10116.17,15,7,12480.07,832.0,46.7,156242.16
21594,D258N TAURUS [10-19],8501,Engine Assembly Replacement,2009.53,13,6,12476.05,959.7,46.2,34908.72
48484,U222N EXPEDITION [02-17],19850,A/C Evaporator Core Replacement,1762.79,22,11,12472.63,566.93,50.0,48027.31
6819,C520N ESCAPE [13-19],2A451,Engine Vacuum Pump Replacement,971.86,14,7,12468.13,890.58,50.0,22455.36
47774,S550N MUSTANG [15-23],9424,Engine Repair,1230.4,16,8,12453.98,778.38,50.0,27812.91
4968,C489N MKC [15-19],5808,Rear Control Arm Replacement,787.3,41,20,12415.86,302.82,48.8,41159.86
10374,CD391N FUSION [13-20],6009,Engine Long Block Replacement,4347.97,30,15,12411.23,413.71,50.0,129958.07
48773,U222N EXPEDITION [02-17],4220,Rear Differential Overhaul,1796.99,37,18,12409.34,335.39,48.6,75228.03
509,B299N FIESTA MCA [13-19],9C047,EVAP Valve Replacement,2695.5,11,5,12403.54,1127.6,45.5,36651.66
10084,CD391N FUSION [13-20],3078,Control Arm Replacement,1052.55,12,6,12337.4,1028.12,50.0,22766.34
5311,C489N MKC [15-19],7902,Transmission Harsh Shifting/Slipping,3493.2,28,14,12318.05,439.93,50.0,102181.54
27091,P375N RANGER [19-23],7h351,Transmission Overhaul/Replacement for Internal Failure,3344.18,17,8,12315.24,724.43,47.1,63042.95
5315,C489N MKC [15-19],7902,Transmission Internal Repair/Replacement,3884.93,31,15,12220.93,394.23,48.4,126001.42
65325,U625N EXPLORER [20-27],3010,Front Differential Assembly Replacement,2000.02,11,5,12218.17,1110.75,45.5,31455.3
51973,U502N EXPLORER [11-19],3B437,Front Halfshaft Replacement,791.21,20,10,12204.85,610.24,50.0,25378.82
61658,U554N NAVIGATOR [18-24],6256,VCT System Fault Repair,1799.23,31,15,12182.54,392.98,48.4,61990.45
36140,P552N F-150 [15-20],9F593,Engine Long Block Replacement,9036.16,17,8,12168.0,715.76,47.1,153329.85
52926,U502N EXPLORER [11-19],6K682,Turbocharger Replacement,2048.2,21,10,12160.22,579.06,47.6,48691.92
40007,P558N SUPER DUTY [17-22],6500,Extensive Engine Repair or Replacement,3123.49,20,10,12158.57,607.93,50.0,64572.95
27026,P375N RANGER [19-23],7H351,Automatic Transmission Internal Repair/Replacement,4110.38,11,5,12151.46,1104.68,45.5,53062.53
12665,CD533N MKZ [13-20],7005,Transmission Replacement or Major Internal Repair,2452.05,10,5,12144.38,1214.44,50.0,33591.61
35950,P552N F-150 [15-20],9C888,9C888 Prior Approval Review,1156.37,10,5,12138.97,1213.9,50.0,20672.38
66903,U625N EXPLORER [20-27],7A130,Transmission Assembly Replacement,2832.6,14,7,12136.89,866.92,50.0,46588.7
5341,C489N MKC [15-19],7A103,Automatic Transmission Internal Component Repair/Rebuild,3238.62,20,10,12115.83,605.79,50.0,69019.89
7249,C520N ESCAPE [13-19],5A968,Rear Suspension Noise - Component Replacement,1179.48,41,20,12110.05,295.36,48.8,55596.89
29225,P552N F-150 [15-20],1104,Front Wheel Hub/Bearing Replacement,1008.6,33,16,12106.35,366.86,48.5,40560.58
31763,P552N F-150 [15-20],3010,Front Differential Repair or Replacement,1920.02,16,8,12096.16,756.01,50.0,39278.37
43621,P702N F150 [21-27],3084,Front Upper Suspension Component Repair,1308.48,20,10,12089.78,604.49,50.0,33758.75
19030,CX482N ESCAPE [20-26],7D491,Transmission Replacement,4696.85,12,6,12084.25,1007.02,50.0,64666.98
35385,P552N F-150 [15-20],7h351,Transmission CDF Hub/Clutch Repair,3754.74,19,9,12079.97,635.79,47.4,75450.67
5211,C489N MKC [15-19],7005,Transmission Overhaul or Replacement,3427.15,15,7,12076.2,805.08,46.7,58021.89
34861,P552N F-150 [15-20],7D491,Transmission Assembly Replacement,5259.17,13,6,12075.54,928.89,46.2,74399.14
67233,U625N EXPLORER [20-27],7N169,Transmission Clutch Assembly Replacement,2138.77,40,20,12056.42,301.41,50.0,89641.05
69409,V363N TRANSIT [14-27],2553,"Rear Caliper, Pads, and Rotors Replacement",979.14,18,9,12045.13,669.17,50.0,27661.98
65572,U625N EXPLORER [20-27],3K147,Front Drive Axle Assembly Replacement,1743.22,31,15,12026.28,387.95,48.4,61109.81
23910,D544N CONTINENTAL [17-20],6028,Engine Mount Replacement,1704.31,13,6,12005.15,923.47,46.2,31685.63
62504,U554N NAVIGATOR [18-24],9F472,Complex Oxygen Sensor Replacement,248.78,15,7,11981.8,798.79,46.7,15529.8
52835,U502N EXPLORER [11-19],6B209,Serpentine Belt System Repair,396.12,25,12,11970.63,478.83,48.0,20635.68
15155,CD539N EDGE [15-24],7251,Power Transfer Unit (PTU) Replacement,1865.16,25,12,11964.61,478.59,48.0,54370.09
39591,P558N SUPER DUTY [17-22],5J229,Reductant System Component Replacement,1772.37,15,7,11958.85,797.26,46.7,36743.07
34798,P552N F-150 [15-20],7D006,Transmission Assembly Replacement,6452.75,22,11,11939.84,542.72,50.0,138075.95
15977,CD539N EDGE [15-24],9D289,EVAP Purge Valve System Repair,556.63,17,8,11924.06,701.42,47.1,20465.86
58134,U553N EXPEDITION [18-24],4C180,ELSD Differential Assembly/Major Component Replacement,2013.18,15,7,11904.89,793.66,46.7,39232.45
31026,P552N F-150 [15-20],19712,A/C Condenser Leak Repair,745.02,10,5,11883.68,1188.37,50.0,18893.19
12342,CD533N MKZ [13-20],4000,Rear Differential Replacement,3493.43,21,10,11880.55,565.74,47.6,76177.85
24400,ECONOLINE [97-27],6500,Engine Long Block Replacement,8460.93,20,10,11868.84,593.44,50.0,167294.7
1197,B515A ECOSPORT INDIA [13-22],6006,Engine Long Block Replacement,4498.04,21,10,11824.55,563.07,47.6,99944.49
21894,D385N MKS [09-16],7251,PTU Replacement,2276.46,16,8,11814.98,738.44,50.0,44345.01
21215,D258N TAURUS [10-19],4000,Rear Differential Unit Replacement,1876.65,27,13,11813.54,437.54,48.1,58343.94
52381,U502N EXPLORER [11-19],6010,Engine Assembly Replacement for Coolant Intrusion,5909.14,12,6,11790.52,982.54,50.0,78470.12
18064,CX482N ESCAPE [20-26],19805,Blower Motor Replacement,536.7,13,6,11786.49,906.66,46.2,17780.04
10862,CD391N FUSION [13-20],7005,Transmission Overhaul or Replacement,3419.01,37,18,11771.95,318.16,48.6,114248.08
44539,P702N F150 [21-27],7H351,Transmission Assembly Replacement,4011.54,20,10,11763.4,588.17,50.0,85633.67
11833,CD533N MKZ [13-20],13008,Headlamp Assembly Replacement,1721.32,19,9,11760.28,618.96,47.4,43238.08
58515,U553N EXPEDITION [18-24],6600,Engine Long Block Replacement,9657.94,17,8,11754.93,691.47,47.1,157708.4
66172,U625N EXPLORER [20-27],6268,Engine Long Block Replacement,7333.42,10,5,11742.55,1174.26,50.0,78160.08
30751,P552N F-150 [15-20],18124,Prior Approval Exemption Processing,1049.57,19,9,11742.22,618.01,47.4,26960.32
34422,P552N F-150 [15-20],7A095,Transmission Replacement,865.1,24,12,11718.57,488.27,50.0,29610.62
29114,P552N F-150 [15-20],10346,Prior Approval Exemption for Part 10346 Repair,812.67,26,13,11705.19,450.2,50.0,29938.07
57912,U553N EXPEDITION [18-24],3C529,Steering Column Replacement,1709.03,17,8,11693.0,687.82,47.1,36754.71
33301,P552N F-150 [15-20],6564,Long Block Engine Assembly Replacement,9302.29,21,10,11692.21,556.77,47.6,186493.09
10433,CD391N FUSION [13-20],6051,Engine Long Block Replacement,5874.09,18,9,11689.15,649.4,50.0,107453.27
69126,V363N TRANSIT [14-27],18124,Tech Findings Repair,1398.12,17,8,11688.79,687.58,47.1,29709.48
71775,V408E TRANSIT CONNECT [13-24],7N473,Transmission Assembly Replacement,3610.84,34,17,11683.91,343.65,50.0,125904.31
7430,C520N ESCAPE [13-19],6049,Engine Long Block Replacement,6070.97,20,10,11678.42,583.92,50.0,120091.46
39612,P558N SUPER DUTY [17-22],5J249,Reductant Injector Line Repair,759.19,27,13,11663.24,431.97,48.1,28006.25
27322,P375N RANGER [19-23],keysvc,Key/Fob Replacement and Programming,209.12,70,35,11649.83,166.43,50.0,24864.97
37921,P558N SUPER DUTY [17-22],16519A02,Sunshade Assembly Replacement,1485.12,15,7,11626.09,775.07,46.7,32471.66
26774,P375N RANGER [19-23],6020,Timing Cover Replacement / Major Repair,1666.59,19,9,11618.37,611.49,47.4,40748.82
62640,U554N NAVIGATOR [18-24],misc,Warranty Coverage Inquiry & Minor Service Approval,477.63,11,5,11605.36,1055.03,45.5,15603.13
7334,C520N ESCAPE [13-19],6006,Long Block Engine Replacement,4933.59,15,7,11586.84,772.46,46.7,80657.07
40310,P558N SUPER DUTY [17-22],6F073,Prior Approval Exemption Processing,204.93,30,15,11586.07,386.2,50.0,16887.11
34762,P552N F-150 [15-20],7B442,Transmission Assembly Replacement,3177.22,14,7,11583.54,827.39,50.0,50937.61
58379,U553N EXPEDITION [18-24],6256,Cam Phaser/VCT Unit Replacement,2233.15,20,10,11569.61,578.48,50.0,50401.88
8984,C520N ESCAPE [13-19],9E926,Throttle Body Replacement,547.27,17,8,11558.91,679.93,47.1,19701.68
46666,S550N MUSTANG [15-23],4630,Rear Differential Overhaul,1717.83,20,10,11554.52,577.73,50.0,43198.15
34311,P552N F-150 [15-20],78502C22,Sunroof/Moonroof Track/Frame/Assembly Repair or Replacement,2611.79,18,9,11527.68,640.42,50.0,51732.96
51510,U502N EXPLORER [11-19],19850,A/C Evaporator Replacement,1508.37,41,20,11513.35,280.81,48.8,68071.64
40144,P558N SUPER DUTY [17-22],6701,Engine Rear Main Seal Replacement,1431.73,20,10,11512.14,575.61,50.0,35863.81
59166,U553N EXPEDITION [18-24],7A195,Transfer Case Replacement,2419.71,10,5,11509.03,1150.91,50.0,32930.89
43813,P702N F150 [21-27],4209,Rear Differential Internal Component Failure,2046.09,10,5,11493.85,1149.39,50.0,28076.39
43521,P702N F150 [21-27],2200,Rear Brake Pad and Rotor Service,544.73,32,16,11483.11,358.85,50.0,26947.8
13664,CD539N EDGE [15-24],17508,Wiper Motor Replacement,406.67,20,10,11480.55,574.03,50.0,18665.19
26335,P375N RANGER [19-23],18478,Air Distribution Housing Replacement,956.96,58,29,11446.25,197.35,50.0,62974.52
51882,U502N EXPLORER [11-19],3078,Front Lower Control Arm Replacement,1364.15,18,9,11418.96,634.39,50.0,31676.25
3928,C346N FOCUS [12-18],7B546,Transmission Clutch Assembly Replacement,1740.39,62,31,11410.53,184.04,50.0,109026.86
23068,D472N MKT [10-19],19703,AC Compressor Replacement,1071.35,14,7,11408.59,814.9,50.0,24102.11
12714,CD533N MKZ [13-20],7902,Transmission Overhaul,3740.38,25,12,11400.12,456.0,48.0,99204.56
7332,C520N ESCAPE [13-19],6006,Engine Long Block Replacement for Coolant Intrusion,5174.02,11,5,11375.33,1034.12,45.5,59004.44
46931,S550N MUSTANG [15-23],6211,Engine Short Block Replacement,4899.03,13,6,11365.04,874.23,46.2,69180.07
37030,P558N SUPER DUTY [17-22],12A650,PCM Replacement,1148.38,16,8,11355.97,709.75,50.0,26511.34
2512,C344N C-MAX [13-18],6020,Timing Cover Reseal,1141.66,18,9,11342.07,630.11,50.0,30775.19
52691,U502N EXPLORER [11-19],6582,Valve Cover Oil Leak Repair,1047.05,24,12,11341.78,472.58,50.0,31947.7
26326,P375N RANGER [19-23],18478,Blend Door/Actuator Replacement,987.8,79,39,11333.9,143.47,49.4,82336.64
63366,U611N AVIATOR [20-27],4A015,Front Axle Disconnect Assembly/PTU Leak,2032.85,19,9,11329.1,596.27,47.4,46054.33
68678,U725N BRONCO [21-26],keysvc,Key Fob Replacement and Programming,278.84,53,26,11316.03,213.51,49.1,24877.87
8538,C520N ESCAPE [13-19],7G391,Transmission Overhaul or Replacement,2451.44,24,12,11310.82,471.28,50.0,60591.55
36750,P552N F-150 [15-20],misc,Electrical System/Module Diagnosis and Repair,1162.77,10,5,11306.78,1130.68,50.0,20619.06
32900,P552N F-150 [15-20],6102,Short Block Replacement,7345.62,11,5,11305.26,1027.75,45.5,81911.74
40907,P558N SUPER DUTY [17-22],7F207,Transmission Replacement,3337.63,10,5,11286.16,1128.62,50.0,42036.54
51311,U502N EXPLORER [11-19],18125,Rear Shock Absorber Replacement,1143.43,13,6,11284.13,868.01,46.2,23428.21
7811,C520N ESCAPE [13-19],6A785,Oil Separator Replacement,1429.76,17,8,11281.01,663.59,47.1,31911.81
66166,U625N EXPLORER [20-27],6256,VCT System Malfunction Repair,3164.11,11,5,11259.86,1023.62,45.5,42291.38
48265,U222N EXPEDITION [02-17],14G371,APIM Module Replacement,844.0,22,11,11247.71,511.26,50.0,25538.3
14515,CD539N EDGE [15-24],5851070,Sunroof Mechanism Component Replacement,2041.26,29,14,11242.99,387.69,48.3,63502.04
38807,P558N SUPER DUTY [17-22],2C219,ABS Module Replacement,1182.84,13,6,11204.63,861.89,46.2,25107.4
7424,C520N ESCAPE [13-19],6049,Engine Coolant Intrusion Repair,4517.11,23,11,11172.65,485.77,47.8,103537.68
52405,U502N EXPLORER [11-19],6020,Component 6020 Major Repair/Replacement,1267.37,10,5,11152.11,1115.21,50.0,22093.93
33742,P552N F-150 [15-20],6C880,Extensive Engine Repair for Solenoid-Related Failure,2317.26,13,6,11148.74,857.6,46.2,36854.53
33705,P552N F-150 [15-20],6C525,Camshaft Phaser Replacement,1849.23,29,14,11144.52,384.29,48.3,61349.74
32481,P552N F-150 [15-20],4R602,Drive Shaft Replacement for Vibration,1358.44,17,8,11140.22,655.31,47.1,31332.74
960,B515A ECOSPORT INDIA [13-22],19E616,Multiple HVAC Actuators Replacement,1096.08,31,15,11137.88,359.28,48.4,41958.76
34903,P552N F-150 [15-20],7F207,Transmission Replacement,3725.68,14,7,11135.92,795.43,50.0,58835.69
56555,U553N EXPEDITION [18-24],13404,Tail Light Assembly Replacement for Water Intrusion,547.5,21,10,11124.99,529.76,47.6,19229.58
71672,V408E TRANSIT CONNECT [13-24],7D491,Transmission Internal Component Failure,4637.79,14,7,11117.23,794.09,50.0,71587.59
23681,D544N CONTINENTAL [17-20],3504,Steering Gear Replacement,3126.16,26,13,11115.64,427.53,50.0,86687.38
7009,C520N ESCAPE [13-19],3B436,Repair/Replacement of Component 3B436,909.0,13,6,11098.56,853.74,46.2,20599.2
67022,U625N EXPLORER [20-27],7B164,Transmission Internal Component Failure,4165.5,12,6,11095.43,924.62,50.0,58026.86
44551,P702N F150 [21-27],7P086,Auxiliary Transmission Fluid Pump Replacement,1251.93,12,6,11085.85,923.82,50.0,24679.27
20742,CX727N MACH-E [21-26],7P086,Rear Electric Drive Unit Fluid Pump or Electrical Fault,1845.74,17,8,11073.79,651.4,47.1,40306.26
33011,P552N F-150 [15-20],6250,Engine Long Block Replacement,8917.65,13,6,11071.71,851.67,46.2,118225.78
51399,U502N EXPLORER [11-19],18936,Antenna Assembly Replacement,621.83,25,12,11060.67,442.43,48.0,24234.63
36704,P552N F-150 [15-20],h42006,Heated Back Glass Replacement,1699.85,15,7,11055.47,737.03,46.7,31377.99
64273,U625N EXPLORER [20-27],13008,Headlamp Assembly Replacement,1375.34,22,11,11022.57,501.02,50.0,36637.78
66165,U625N EXPLORER [20-27],6256,Engine Long Block Replacement,3435.93,10,5,10982.58,1098.26,50.0,42234.58
4880,C489N MKC [15-19],3B437,Front Axle Shaft Assembly Replacement,829.26,14,7,10977.18,784.09,50.0,20973.67
7103,C520N ESCAPE [13-19],4000,RDU Assembly Replacement,2968.06,23,11,10967.3,476.84,47.8,70349.67
53373,U502N EXPLORER [11-19],7902,Transmission Assembly Replacement,3498.79,25,12,10957.57,438.3,48.0,91807.15
16056,CD539N EDGE [15-24],9F464,Rental Expense Approval,753.45,18,9,10948.1,608.23,50.0,23816.43
56256,U540N MKX [16-23],KEYSVC,Lost/Damaged Key Replacement,239.64,62,31,10948.1,176.58,50.0,24437.47
8256,C520N ESCAPE [13-19],7A100,Transmission Performance Repair,4320.65,10,5,10935.6,1093.56,50.0,48453.01
19319,CX482N ESCAPE [20-26],9350,Fuel Pump Replacement,1290.26,12,6,10904.19,908.68,50.0,22304.88
7888,C520N ESCAPE [13-19],6K301,Engine Rear Main Seal Oil Leak Repair,1484.86,18,9,10894.82,605.27,50.0,36082.35
8606,C520N ESCAPE [13-19],7L328,Trans Repair,3432.85,28,14,10877.05,388.47,50.0,95561.94
52555,U502N EXPLORER [11-19],6256,Engine Timing System Replacement,3798.91,17,7,10864.56,639.09,41.2,57741.08
53143,U502N EXPLORER [11-19],7251,Transmission/Transaxle Assembly Replacement,1919.57,12,6,10864.26,905.36,50.0,31112.08
7021,C520N ESCAPE [13-19],3B436,Front Axle Half Shaft Replacement,799.32,15,7,10862.69,724.18,46.7,21401.24
35012,P552N F-150 [15-20],7G276,Molded Leadframe Replacement,790.42,45,22,10845.99,241.02,48.9,43403.91
11615,CD391N FUSION [13-20],9H307,Fuel Pump Assembly Replacement,701.57,30,15,10829.48,360.98,50.0,29053.23
18536,CX482N ESCAPE [20-26],6019,Timing Cover Reseal,1688.84,20,10,10825.27,541.26,50.0,35552.16
71558,V408E TRANSIT CONNECT [13-24],7902,Transmission Assembly Replacement,3656.71,10,5,10823.5,1082.35,50.0,41713.67
9048,C520N ESCAPE [13-19],9G444,Engine Repair,347.26,42,21,10780.46,256.68,50.0,23766.68
70068,V363N TRANSIT [14-27],6700,Timing Cover Oil Leak Repair,1915.75,21,10,10777.58,513.22,47.6,46821.98
1409,B515A ECOSPORT INDIA [13-22],6A311,Engine Internal Damage Repair,4627.31,18,9,10771.31,598.41,50.0,88302.67
62178,U554N NAVIGATOR [18-24],7B067,Transmission Overhaul,4696.36,12,6,10765.69,897.14,50.0,60006.77
8751,C520N ESCAPE [13-19],8501,Water Pump Replacement,1822.73,10,5,10765.36,1076.54,50.0,25934.62
53427,U502N EXPLORER [11-19],7A100,Major Transmission Repair/Replacement,4165.43,14,7,10725.88,766.14,50.0,56546.04
40092,P558N SUPER DUTY [17-22],6600,Engine Oil Pump Replacement (with potential secondary damage repair),6462.55,10,5,10723.15,1072.31,50.0,63993.35
28968,P473N SUPER DUTY [11-16],9H529,Extensive Fuel Injector System Repair,1074.15,13,6,10706.72,823.6,46.2,22824.9
5336,C489N MKC [15-19],7A103,Transmission Internal Failure,4609.72,16,8,10704.05,669.0,50.0,78149.4
10779,CD391N FUSION [13-20],6K682,Turbocharger Assembly Replacement,1690.47,21,10,10703.29,509.68,47.6,44417.72
40353,P558N SUPER DUTY [17-22],6K682,Turbocharger Repair/Replacement,3421.24,17,8,10686.3,628.61,47.1,63371.91
8414,C520N ESCAPE [13-19],7D491,Transmission Replacement,4594.44,26,13,10685.79,410.99,50.0,119396.09
54259,U502N EXPLORER [11-19],9G444,O2 Sensor Replacement,395.73,29,14,10683.67,368.4,48.3,20170.19
5022,C489N MKC [15-19],6009,Engine Internal Damage Repair,5305.12,16,8,10656.5,666.03,50.0,87566.96
41047,P558N SUPER DUTY [17-22],7L192,Transmission Replacement,4250.48,14,7,10646.18,760.44,50.0,67012.15
14613,CD539N EDGE [15-24],6006,Engine Coolant Intrusion Repair,4595.09,25,12,10626.71,425.07,48.0,120763.36
41721,P558N SUPER DUTY [17-22],9H307,Repair of Part 9H307 (Prior Approval Exemption),837.03,17,8,10607.02,623.95,47.1,22600.02
15622,CD539N EDGE [15-24],7J251,Transmission Assembly Replacement,4908.09,18,9,10602.85,589.05,50.0,91748.48
14628,CD539N EDGE [15-24],6009,Engine Coolant Intrusion and Replacement,4846.68,18,9,10596.59,588.7,50.0,89797.7
30837,P552N F-150 [15-20],18502C22,Sunroof Mechanism Repair/Replacement,2884.23,19,9,10587.7,557.25,47.4,58401.36
11534,CD391N FUSION [13-20],9E731,Cruise Control Module Replacement,1318.45,24,12,10586.94,441.12,50.0,39922.37
55151,U540N MKX [16-23],19G490,Front Camera and IPMB Replacement,1739.12,29,14,10575.93,364.69,48.3,54438.76
26438,P375N RANGER [19-23],19B555,Evaporator Core Extensive Replacement,1838.38,30,15,10555.92,351.86,50.0,60768.22
41599,P558N SUPER DUTY [17-22],9D370,Fuel Pump Driver Module Replacement,1088.4,16,8,10541.17,658.82,50.0,24592.11
51156,U502N EXPLORER [11-19],15790,Sunroof Motor Replacement,903.31,28,13,10538.51,376.38,46.4,32144.66
19628,CX482N ESCAPE [20-26],maint,Scheduled Maintenance Service,85.11,104,52,10531.4,101.27,50.0,18096.61
14795,CD539N EDGE [15-24],6335,Crankshaft Rear Main Seal Replacement,1937.5,18,9,10528.65,584.93,50.0,41505.88
32786,P552N F-150 [15-20],6020,Engine Front Cover Reseal and Water Pump Replacement,1723.71,21,10,10494.02,499.72,47.6,42948.48
54273,U502N EXPLORER [11-19],9H307,Fuel Pump/Sender Assembly Replacement,744.66,15,7,10467.54,697.83,46.7,20979.35
61459,U554N NAVIGATOR [18-24],4221,PTU/Front Differential Internal Repair,2825.12,11,5,10462.36,951.13,45.5,37224.9
41985,P558N SUPER DUTY [17-22],MISC,Customer Inquiry / Administrative Action,195.48,10,5,10441.32,1044.14,50.0,11909.04
7617,C520N ESCAPE [13-19],6375,Transmission and Flex Plate Replacement,1189.36,21,10,10427.04,496.53,47.6,32993.79
53680,U502N EXPLORER [11-19],7G384,Transmission Internal Component Repair/Replacement,3787.22,15,7,10418.19,694.54,46.7,58901.87
52564,U502N EXPLORER [11-19],6256,Camshaft Phaser/VCT Unit Replacement,2366.71,19,9,10408.7,547.83,47.4,48162.03
28097,P473N SUPER DUTY [11-16],3B396,Front Wheel Hub Assembly and Bearing Replacement,873.68,11,5,10405.12,945.92,45.5,18276.5
57444,U553N EXPEDITION [18-24],19860,Evaporator Core Replacement,1397.59,25,12,10391.91,415.67,48.0,42104.17
58349,U553N EXPEDITION [18-24],6211,Engine Long Block Replacement,9252.6,12,6,10380.65,865.05,50.0,115142.11
40836,P558N SUPER DUTY [17-22],7B442,Transmission Overhaul for Internal Component Failure,3589.28,12,6,10360.41,863.37,50.0,51163.83
61796,U554N NAVIGATOR [18-24],6C525,Comprehensive Timing System Overhaul,2122.69,13,6,10355.01,796.54,46.2,36314.95
34088,P552N F-150 [15-20],7000,Transmission Repair,6509.32,11,5,10340.61,940.06,45.5,72976.18
8386,C520N ESCAPE [13-19],7B442,Transmission Repair or Replacement,2637.29,14,7,10338.06,738.43,50.0,43352.3
3498,C346N FOCUS [12-18],6051,Engine Long Block Replacement,4348.12,15,7,10334.26,688.95,46.7,70396.68
58019,U553N EXPEDITION [18-24],4220,Differential Overhaul,2673.83,12,6,10319.62,859.97,50.0,38262.63
44331,P702N F150 [21-27],7210,Gear Shift Module Replacement,525.2,24,12,10298.9,429.12,50.0,21207.2
19950,CX483N CORSAIR [20-26],54519A02,Roof Opening Panel Component Replacement,1523.15,11,5,10284.85,934.98,45.5,25743.32
10983,CD391N FUSION [13-20],7A103,Transmission Overhaul,4227.78,15,7,10282.96,685.53,46.7,65520.86
64743,U625N EXPLORER [20-27],15K859,Parking Aid Sensor Replacement,1356.85,31,15,10271.48,331.34,48.4,45975.43
31220,P552N F-150 [15-20],19E616,Blend Door Actuator Replacement,1051.46,29,14,10259.75,353.78,48.3,34586.61
35009,P552N F-150 [15-20],7G276,Extensive Transmission IMLF Replacement,867.29,34,17,10246.89,301.38,50.0,35831.69
33461,P552N F-150 [15-20],6701,Rear Main Seal Replacement,2010.14,15,7,10236.18,682.41,46.7,35269.16
51639,U502N EXPLORER [11-19],19E616,Prior Approval Exemption Processing,355.01,30,15,10198.87,339.96,50.0,19178.85
29921,P552N F-150 [15-20],14D696,Prior Approval Exemption Processing,330.85,26,13,10192.81,392.03,50.0,17308.68
46270,S550N MUSTANG [15-23],18124,Front Strut/Shock Absorber Replacement,1314.45,24,12,10179.04,424.12,50.0,35688.25
51527,U502N EXPLORER [11-19],19867,Rear A/C Line Replacement,1357.71,19,9,10142.01,533.79,47.4,32711.23
9296,CD391N FUSION [13-20],10B687,BECM Module Replacement,1040.1,20,10,10123.28,506.16,50.0,28819.13
34995,P552N F-150 [15-20],7G276,Transmission Molded Lead Frame Replacement,709.77,30,15,10088.12,336.27,50.0,29080.31
69403,V363N TRANSIT [14-27],2552,Rear Brake Caliper Seizure and Component Replacement,1100.47,33,16,10081.27,305.49,48.5,40957.41
14115,CD539N EDGE [15-24],2C219,Complex ABS Control Module and System Repair,1229.82,18,9,10077.76,559.88,50.0,30612.8
2826,C346E FOCUS MCA [14-19],6K682,Turbocharger Assembly Replacement,2947.89,15,7,10054.42,670.29,46.7,48551.95
52422,U502N EXPLORER [11-19],6038,Transmission Mount Replacement,833.74,17,8,10048.09,591.06,47.1,21807.29
52525,U502N EXPLORER [11-19],6148,Engine Long Block Replacement,8620.91,17,8,10044.71,590.87,47.1,136061.44
15933,CD539N EDGE [15-24],9661711,Driver Power Seat Track/Motor Fault,1298.24,24,12,10043.99,418.5,50.0,39122.73
38899,P558N SUPER DUTY [17-22],3049,Ball Joint Replacement,2048.39,15,7,10030.34,668.69,46.7,33453.32
71721,V408E TRANSIT CONNECT [13-24],7G384,Automatic Transmission Internal Repair or Replacement,3084.43,14,7,10012.28,715.16,50.0,47912.21
58031,U553N EXPEDITION [18-24],4221,Front Differential Internal Component Repair/Rebuild,1644.93,16,8,9999.79,624.99,50.0,33393.18
57437,U553N EXPEDITION [18-24],19860,Evaporator Replacement,1350.08,19,9,9991.99,525.9,47.4,33537.13
5313,C489N MKC [15-19],7902,Transmission Assembly Replacement or Major Overhaul,4110.16,22,11,9991.82,454.17,50.0,91050.24
69159,V363N TRANSIT [14-27],18476,HVAC Core Leak Repair,1342.74,28,14,9991.48,356.84,50.0,43766.14
33884,P552N F-150 [15-20],6L266,Extensive Timing System Overhaul,2253.02,12,6,9971.64,830.97,50.0,32970.09
59067,U553N EXPEDITION [18-24],7902,Transmission Component Replacement,4682.69,11,5,9968.84,906.26,45.5,54751.06
7043,C520N ESCAPE [13-19],3B437,Half-shaft Assembly Repair,856.41,13,6,9962.27,766.33,46.2,19119.37
50162,U228N NAVIGATOR [03-17],7861711,Driver Seat Track Assembly Replacement,1715.78,24,12,9962.22,415.1,50.0,45989.93
52406,U502N EXPLORER [11-19],6020,Engine Repair,1511.03,19,9,9949.73,523.67,47.4,33897.06
31209,P552N F-150 [15-20],19E616,HVAC Control Module Repair with Prior Approval,513.87,15,7,9941.36,662.76,46.7,15280.95
12804,CD533N MKZ [13-20],7G384,Automatic Transmission Internal Repair or Replacement,3952.56,10,5,9938.62,993.86,50.0,46578.21
7078,C520N ESCAPE [13-19],3b436,CV Axle Replacement,863.93,11,5,9926.51,902.41,45.5,18164.15
36846,P558N SUPER DUTY [17-22],10849,Instrument Cluster Replacement,1047.07,21,10,9910.99,471.95,47.6,29307.26
57,B299N FIESTA MCA [13-19],14D212,APIM Module Replacement,2030.29,11,5,9892.24,899.3,45.5,25477.88
34360,P552N F-150 [15-20],7902,Torque Converter / Transmission Internal Failure,5239.29,13,6,9890.64,760.82,46.2,64814.13
9440,CD391N FUSION [13-20],13008,Headlamp Assembly Internal Component or Full Replacement,915.26,22,11,9887.87,449.45,50.0,26509.82
66872,U625N EXPLORER [20-27],7A100,Transmission Overhaul,47479.1,2,1,9830.3,4915.15,50.0,94958.19
15582,CD539N EDGE [15-24],7H351,Transmission Replacement,6041.88,12,6,9816.91,818.08,50.0,77270.51
30588,P552N F-150 [15-20],16A506,Prior Approval Exemption Processing,1210.19,33,16,9800.64,296.99,48.5,43886.03
48482,U222N EXPEDITION [02-17],19850,A/C Evaporator Assembly Replacement,1631.35,38,19,9792.08,257.69,50.0,64422.8
40030,P558N SUPER DUTY [17-22],6513,Engine Long Block Replacement,8588.09,10,5,9787.41,978.74,50.0,91975.65
32867,P552N F-150 [15-20],6057,Cylinder Head or Long Block Replacement,3828.69,10,5,9769.53,976.96,50.0,42886.58
52515,U502N EXPLORER [11-19],61280B62,Exhaust Replacement & Body Reseal for Odor,1765.64,10,5,9765.97,976.6,50.0,24913.88
1091,B515A ECOSPORT INDIA [13-22],4000,Rear Differential Replacement,3116.2,28,14,9757.28,348.47,50.0,93305.67
52803,U502N EXPLORER [11-19],6A257,Timing System Component Replacement,2215.52,39,19,9739.92,249.75,48.7,87157.47
47779,S550N MUSTANG [15-23],9424,Intake Manifold Replacement,1115.45,25,12,9733.16,389.32,48.0,35169.14
70255,V363N TRANSIT [14-27],7869,Transmission Assembly Repair/Replacement,1048.57,18,9,9689.89,538.33,50.0,26496.89
8198,C520N ESCAPE [13-19],7902,Unspecified Repair (Claim Approval Process),3486.5,13,6,9681.2,744.71,46.2,51015.98
42095,P558N SUPER DUTY [17-22],misc,Warranty/Coverage Inquiry Assistance,753.87,18,9,9679.47,537.75,50.0,18905.18
52413,U502N EXPLORER [11-19],6020,Front Cover and Oil Pan Oil Leak,1963.91,14,7,9677.92,691.28,50.0,32186.89
12710,CD533N MKZ [13-20],7902,Transmission Overhaul/Rebuild,3652.73,19,9,9645.56,507.66,47.4,74299.89
8468,C520N ESCAPE [13-19],7F465,Transmission Internal Mechanical Failure,3545.81,15,7,9616.09,641.07,46.7,55696.06
30817,P552N F-150 [15-20],18476,Heater Core Replacement,1521.9,20,10,9612.25,480.61,50.0,36265.41
13088,CD539N EDGE [15-24],10346,Alternator/Generator Replacement,876.69,14,7,9601.68,685.84,50.0,20451.63
6400,C520N ESCAPE [13-19],15790,Sunroof Track/Assembly Replacement,800.63,24,12,9572.01,398.84,50.0,27314.17
13835,CD539N EDGE [15-24],19712,A/C Condenser Replacement (Complex/System Contamination),1060.0,18,9,9564.1,531.34,50.0,26095.99
10989,CD391N FUSION [13-20],7A130,Transmission Assembly Replacement,5243.8,14,7,9549.38,682.1,50.0,70768.53
7377,C520N ESCAPE [13-19],6010,Engine Long Block Replacement,5101.01,11,5,9538.41,867.13,45.5,62949.18
16068,CD539N EDGE [15-24],9F472,Emission System Malfunction Diagnosis and Component Replacement,667.97,13,6,9533.0,733.31,46.2,16570.5
4274,C489N MKC [15-19],10346,Alternator Replacement,908.45,27,13,9530.58,352.98,48.1,32260.12
51294,U502N EXPLORER [11-19],18124,Extensive Front Suspension Repair (Strut-Related),1163.62,17,8,9529.86,560.58,47.1,27841.87
61822,U554N NAVIGATOR [18-24],6M280,VCT Solenoid Replacement,1012.72,15,7,9528.44,635.23,46.7,22604.0
39079,P558N SUPER DUTY [17-22],3A131,Power Steering Pump Malfunction,673.15,27,13,9526.32,352.82,48.1,23429.75
46866,S550N MUSTANG [15-23],6051,Engine Replacement (Head Gasket Related),1983.46,10,5,9497.48,949.75,50.0,27644.77
53955,U502N EXPLORER [11-19],8501,Water Pump Replacement,1817.07,21,10,9497.18,452.25,47.6,43978.0
46691,S550N MUSTANG [15-23],4947,Rear Differential Assembly Replacement,1353.6,28,14,9494.52,339.09,50.0,44642.87
40336,P558N SUPER DUTY [17-22],6K682,Turbocharger Assembly Replacement,4453.75,18,9,9481.8,526.77,50.0,83431.55
26271,P375N RANGER [19-23],15K601,Key Fob Replacement/Addition,193.88,27,13,9480.41,351.13,48.1,14213.33
39728,P558N SUPER DUTY [17-22],5j249,5j249 Component Service,393.51,15,7,9467.28,631.15,46.7,14740.35
34150,P552N F-150 [15-20],7007,Separator Plate Replacement,910.01,14,7,9459.08,675.65,50.0,20451.15
2449,C344N C-MAX [13-18],3504,Steering Gear Replacement,1865.03,30,15,9450.14,315.01,50.0,61151.59
65699,U625N EXPLORER [20-27],4200,Rear Differential Internal Failure,2763.14,21,10,9435.91,449.33,47.6,59456.88
67179,U625N EXPLORER [20-27],7H351,Transmission Overhaul / Replacement,4228.14,14,7,9432.71,673.76,50.0,60119.33
3687,C346N FOCUS [12-18],6C348,Engine Long Block Replacement,4154.89,11,5,9430.58,857.32,45.5,52255.49
51164,U502N EXPLORER [11-19],15K601,Body Control Module Repair (Prior Approval Required),319.3,28,14,9418.77,336.39,50.0,16699.7
7428,C520N ESCAPE [13-19],6049,Short Block and Cylinder Head(s) Replacement,4866.55,21,10,9418.07,448.48,47.6,103890.62
69736,V363N TRANSIT [14-27],4A263,Driveshaft Assembly Replacement,1326.05,25,12,9403.67,376.15,48.0,41404.72
56122,U540N MKX [16-23],9B325,EVAP Purge Valve Replacement,560.03,11,5,9394.73,854.06,45.5,14512.44
18706,CX482N ESCAPE [20-26],6K682,Turbocharger Replacement with Collateral Damage,1452.14,26,13,9369.6,360.37,50.0,43319.76
1535,B515A ECOSPORT INDIA [13-22],6c348,Engine Long Block and Turbocharger Replacement,4363.13,25,12,9367.47,374.7,48.0,112853.47
34518,P552N F-150 [15-20],7A191,Transmission Fluid Leak Repair,885.29,20,10,9338.35,466.92,50.0,23255.06
54159,U502N EXPLORER [11-19],9E731,Collision Control Module (CCM) / Radar Sensor Repair,1476.95,28,14,9336.97,333.46,50.0,46624.5
15024,CD539N EDGE [15-24],6K682,Turbocharger Assembly Replacement,2040.25,13,6,9322.16,717.09,46.2,35122.2
12061,CD533N MKZ [13-20],17683,Exterior Power-Folding Mirror Repair,1564.5,26,12,9302.99,357.81,46.2,46372.04
40598,P558N SUPER DUTY [17-22],7902,Transmission Internal Component or Assembly Failure,5166.02,13,6,9289.93,714.61,46.2,66478.21
51847,U502N EXPLORER [11-19],2V001,Brake Wear Item Service,505.16,29,14,9270.77,319.68,48.3,21864.73
11245,CD391N FUSION [13-20],7L328,Transmission Repair/Replacement,3289.59,10,5,9259.84,925.98,50.0,38065.87
16263,CD539N EDGE [15-24],MAINT,Maintenance Service with Cabin Filter,68.49,88,44,9250.87,105.12,50.0,14643.92
8296,C520N ESCAPE [13-19],7A130,Automatic Transmission Overhaul,3073.41,27,13,9232.36,341.94,48.1,82457.97
29150,P552N F-150 [15-20],10849,Instrument Panel Cluster Replacement,1203.95,13,6,9228.28,709.87,46.2,22297.64
41067,P558N SUPER DUTY [17-22],7R081,Transmission Cooler Line Leak Repair,825.89,11,5,9218.78,838.07,45.5,17434.38
51535,U502N EXPLORER [11-19],19867,A/C System Leak Repair,1417.07,30,15,9217.47,307.25,50.0,46574.33
37885,P558N SUPER DUTY [17-22],16502C22,Sunroof Component Repair,3418.8,18,9,9202.8,511.27,50.0,63022.34
35687,P552N F-150 [15-20],9034,EVAP System Component Replacement,567.61,15,7,9198.39,613.23,46.7,16397.34
22546,D471N FLEX [09-19],6335,Rear Main Seal & Driveline Component Replacement,1899.89,14,7,9196.01,656.86,50.0,32927.73
31876,P552N F-150 [15-20],3222,Front Differential Assembly Replacement,2025.5,11,5,9182.4,834.76,45.5,30529.32
7494,C520N ESCAPE [13-19],6108,Engine Internal Failure - Component Replacement,4894.5,12,6,9177.58,764.8,50.0,64500.34
30765,P552N F-150 [15-20],18125,Shock Absorber Replacement,1319.12,9,4,9157.8,1017.54,44.4,18398.74
7504,C520N ESCAPE [13-19],6148,Engine Long Block Replacement,6617.47,17,8,9137.49,537.5,47.1,115356.82
65917,U625N EXPLORER [20-27],5461018,Seat Frame/Back Assembly Replacement,1128.67,24,12,9137.33,380.72,50.0,32519.43
9834,CD391N FUSION [13-20],19805,Blower Motor Replacement,313.26,29,14,9135.79,315.03,48.3,17171.11
65780,U625N EXPLORER [20-27],4A015,Front Axle Disconnect (FAD) Seal Leak,1576.88,12,6,9131.98,761.0,50.0,26386.36
50027,U228N NAVIGATOR [03-17],6256,Timing Chain and VCT Phaser Replacement,3187.57,20,10,9131.13,456.55,50.0,65369.0
8229,C520N ESCAPE [13-19],7A089,Transmission Replacement/Major Overhaul,4702.36,22,11,9124.16,414.73,50.0,97753.31
34616,P552N F-150 [15-20],7A360,Transmission Overhaul or Replacement,3013.56,15,7,9076.43,605.1,46.7,50120.19
17946,CX482N ESCAPE [20-26],18124,Front Strut Assembly Replacement,7510.44,10,5,9057.5,905.75,50.0,72448.07
33606,P552N F-150 [15-20],6A968,Prior Approval Exemption Processing,1040.97,14,7,9052.83,646.63,50.0,21816.16
34278,P552N F-150 [15-20],78218A42,Door Lock Actuator Replacement,270.78,25,12,9039.57,361.58,48.0,14975.37
3749,C346N FOCUS [12-18],7002,Transmission Assembly Replacement,3810.23,22,11,9031.1,410.51,50.0,85608.91
9064,C520N ESCAPE [13-19],9K378,Turbocharger Wastegate Solenoid Replacement,366.05,12,6,9005.31,750.44,50.0,12689.75
37682,P558N SUPER DUTY [17-22],15200,Fog Lamp Assembly Replacement,947.19,11,5,8987.82,817.07,45.5,15931.13
71383,V408E TRANSIT CONNECT [13-24],3B436,Comprehensive CV Axle Assembly Replacement,2681.24,10,5,8975.61,897.56,50.0,31451.8
3620,C346N FOCUS [12-18],6700,Engine Front/Timing Cover Oil Leak Repair,1088.26,25,12,8961.36,358.46,48.0,33114.1
61040,U554N NAVIGATOR [18-24],19860,Evaporator Core Replacement,1575.96,11,5,8952.3,813.85,45.5,24416.97
43643,P702N F150 [21-27],3222,Front Differential Internal Component Failure,2714.76,17,8,8946.99,526.3,47.1,47493.26
36166,P552N F-150 [15-20],9F945,EVAP Blocking Valve Replacement,449.42,25,12,8940.09,357.61,48.0,19252.85
52767,U502N EXPLORER [11-19],6701,Rear Main Seal Replacement,1852.43,13,6,8926.97,686.69,46.2,30227.19
39919,P558N SUPER DUTY [17-22],6250,Engine Long Block Replacement,7380.35,10,5,8920.35,892.03,50.0,74715.61
13747,CD539N EDGE [15-24],18476,Heater Core Replacement,1206.31,12,6,8902.68,741.89,50.0,21815.34
53953,U502N EXPLORER [11-19],8501,Water Pump Replacement,1679.06,24,12,8885.76,370.24,50.0,45589.99
59167,U553N EXPEDITION [18-24],7A195,Transfer Case Replacement,1953.31,11,5,8879.78,807.25,45.5,28275.32
39669,P558N SUPER DUTY [17-22],5L239,Prior Approval Exemption,454.55,23,11,8878.31,386.01,47.8,17145.19
43839,P702N F150 [21-27],4234,Rear Axle Assembly with Bearing/Seal Replacement,1141.16,15,7,8870.51,591.36,46.7,24425.75
29405,P552N F-150 [15-20],12A699,Knock Sensor Replacement,1643.89,13,6,8857.13,681.32,46.2,28938.47
26923,P375N RANGER [19-23],7A100,Transmission Shifting Concerns - Internal Repair or Replacement,5027.9,13,6,8847.63,680.58,46.2,66468.98
67464,U625N EXPLORER [20-27],7p238,AWD Module Replacement,551.42,37,18,8845.03,239.05,48.6,26893.89
20038,CX483N CORSAIR [20-26],7902,Automatic Transmission Internal Component Repair,2805.38,11,5,8832.41,802.95,45.5,34934.31
3792,C346N FOCUS [12-18],7060,Transmission Assembly Replacement,6501.94,20,10,8826.62,441.33,50.0,128528.59
33140,P552N F-150 [15-20],6333,Engine Short Block Replacement,7315.69,11,5,8817.9,801.63,45.5,79464.11
1449,B515A ECOSPORT INDIA [13-22],6C348,Engine Long Block and Turbocharger Replacement,4047.47,13,6,8811.3,677.79,46.2,59378.14
10421,CD391N FUSION [13-20],6049,Engine Long Block Replacement,6125.94,12,6,8809.5,734.13,50.0,79440.31
10402,CD391N FUSION [13-20],6020,Oil Leak - Front Engine Gaskets/Seals,1543.87,11,5,8782.47,798.41,45.5,23044.16
47151,S550N MUSTANG [15-23],6710,Oil Pan/Gasket Replacement,1777.75,15,7,8764.39,584.29,46.7,31887.94
41039,P558N SUPER DUTY [17-22],7L192,Transmission Assembly Replacement,5712.33,19,9,8763.24,461.22,47.4,107718.51
69743,V363N TRANSIT [14-27],4R602,Driveshaft Assembly Replacement for Noise/Vibration,1300.44,15,6,8758.45,583.9,40.0,26960.75
45833,P758N C-PICKUP [22-27],KEYSVC,Lost Key/Fob Replacement,210.79,64,32,8732.33,136.45,50.0,20790.37
53982,U502N EXPLORER [11-19],8507,Water Pump Replacement,1912.51,23,11,8713.23,378.84,47.8,46157.88
67849,U625N EXPLORER [20-27],H42006,Rear Glass Replacement,852.61,16,8,8701.26,543.83,50.0,20893.8
11265,CD391N FUSION [13-20],7P155,Gear Shift Module Replacement,436.58,43,21,8697.31,202.26,48.8,25375.04
55990,U540N MKX [16-23],7N473,Transmission Internal Component Failure,5371.12,10,5,8678.09,867.81,50.0,57172.08
11085,CD391N FUSION [13-20],7E096,Transmission Range Control Module Replacement,601.19,17,8,8677.81,510.46,47.1,17965.48
31198,P552N F-150 [15-20],19D786,A/C Compressor/Clutch Repair,657.59,12,6,8661.75,721.81,50.0,15206.81
32891,P552N F-150 [15-20],6100,Engine Long Block Replacement,8186.33,11,5,8651.06,786.46,45.5,92690.13
3931,C346N FOCUS [12-18],7B546,Prior Approval for Part 7B546 Repair,1080.26,33,16,8650.97,262.15,48.5,41678.67
11207,CD391N FUSION [13-20],7H348,Transmission Assembly Replacement or Major Repair,4235.33,11,5,8648.77,786.25,45.5,48617.15
38229,P558N SUPER DUTY [17-22],19703,Prior Approval Exemption for Part 19703 Repair,960.83,21,10,8623.09,410.62,47.6,26810.13
70489,V363N TRANSIT [14-27],7G276,Valve Body Repair,2004.46,14,7,8611.9,615.14,50.0,32168.69
34445,P552N F-150 [15-20],7A100,Transmission Assembly Replacement,4396.35,11,5,8610.6,782.78,45.5,51755.83
63273,U611N AVIATOR [20-27],3D102,Intermediate Shaft Assembly Replacement (TSB 23-2174),1637.66,29,14,8603.38,296.67,48.3,51143.08
39991,P558N SUPER DUTY [17-22],6375,Flex Plate Replacement,1763.23,13,4,8591.1,660.85,30.8,28846.63
55958,U540N MKX [16-23],7G384,Transmission Replacement,3658.29,10,5,8585.13,858.51,50.0,44011.47
33458,P552N F-150 [15-20],6701,Engine Oil Leak Repair (Rear Main Seal / Oil Pan Gasket),1607.56,11,5,8583.67,780.33,45.5,25193.25
53248,U502N EXPLORER [11-19],7823209,Power Window Regulator/Run Replacement,2157.86,16,8,8578.38,536.15,50.0,38537.0
21493,D258N TAURUS [10-19],7902,Transmission Replacement,3234.63,13,6,8566.23,658.94,46.2,47970.25
23224,D472N MKT [10-19],7251,PTU Replacement,2098.85,15,7,8552.8,570.19,46.7,37846.63
33172,P552N F-150 [15-20],6335,Rear Main Seal Replacement,1613.12,13,6,8550.7,657.75,46.2,26844.43
43320,P702N F150 [21-27],19860,Evaporator Core Replacement,1187.3,25,12,8505.48,340.22,48.0,34859.78
60739,U554N NAVIGATOR [18-24],1651070,Sunroof Guide/Rail Repair (TSB 21-2292),1406.04,11,5,8505.48,773.22,45.5,22360.53
22545,D471N FLEX [09-19],6335,Rear Main Seal Replacement,1939.25,15,7,8478.13,565.21,46.7,33924.49
7027,C520N ESCAPE [13-19],3B437,Axle Shaft Replacement with Transmission/Differential Damage,826.69,15,7,8468.29,564.55,46.7,19149.81
27088,P375N RANGER [19-23],7h351,Transmission Internal Failure or Replacement,4475.25,10,5,8461.13,846.11,50.0,47867.62
9691,CD391N FUSION [13-20],17682,Passenger Exterior Mirror Repair,570.12,11,5,8460.82,769.17,45.5,13603.63
39601,P558N SUPER DUTY [17-22],5J229,Reductant Pump/Tank Assembly Replacement,1483.03,26,13,8457.15,325.28,50.0,43673.52
66848,U625N EXPLORER [20-27],7902,Transmission Assembly Replacement,5299.77,18,8,8453.46,469.64,44.4,94488.14
21106,D258N TAURUS [10-19],19G490,Backup Camera Replacement,576.64,28,14,8444.13,301.57,50.0,22512.49
53734,U502N EXPLORER [11-19],7H351,Transmission Overhaul for Internal Failure,4383.45,10,5,8412.94,841.3,50.0,49031.17
38502,P558N SUPER DUTY [17-22],1A189,Warranty Claim Self-Approval Processing,409.67,13,6,8410.07,646.93,46.2,12557.21
7359,C520N ESCAPE [13-19],6009,Engine Long Block and Turbocharger Replacement,4072.92,15,7,8406.95,560.46,46.7,66540.48
35633,P552N F-150 [15-20],8C607,Cooling Fan Assembly Replacement,1370.32,17,8,8399.05,494.06,47.1,26465.89
69198,V363N TRANSIT [14-27],18a484,A/C Evaporator Core Leak,1671.66,15,7,8366.08,557.74,46.7,30889.36
32770,P552N F-150 [15-20],6019,Water Pump Replacement & Front Cover Reseal,2067.46,22,11,8358.68,379.94,50.0,48917.1
55814,U540N MKX [16-23],7902,Transmission Overhaul/Repair,3349.27,12,6,8357.53,696.46,50.0,43267.55
57051,U553N EXPEDITION [18-24],1651070,Repair of Part 1651070,840.68,23,7,8356.99,363.34,30.4,24654.63
10682,CD391N FUSION [13-20],6781,Engine Oil Pan Leak Repair,1804.83,12,6,8330.66,694.22,50.0,24912.5
3764,C346N FOCUS [12-18],7005,Clutch Assembly and/or Transmission Case Overhaul,3282.43,15,7,8328.71,555.24,46.7,53044.43
4069,C346N FOCUS [12-18],8005,Radiator Failure with Consequential Engine Damage,553.9,10,5,8327.72,832.77,50.0,13268.08
67699,U625N EXPLORER [20-27],9E731,Cruise Control Module Replacement,1044.04,16,8,8323.38,520.21,50.0,22434.13
11511,CD391N FUSION [13-20],9D289,Purge Valve Replacement,531.85,18,9,8319.96,462.22,50.0,17026.1
8988,C520N ESCAPE [13-19],9E926,Throttle Body Replacement,549.87,19,9,8308.28,437.28,47.4,17167.13
61374,U554N NAVIGATOR [18-24],3C529,Steering Column Malfunction,1650.91,13,6,8304.58,638.81,46.2,26045.87
35760,P552N F-150 [15-20],9430,Prior Approval Claim Processing,1388.67,16,8,8301.53,518.85,50.0,27245.85
39922,P558N SUPER DUTY [17-22],6250,Camshaft and Lifter Replacement,3038.97,16,8,8301.48,518.85,50.0,52317.62
60276,U554N NAVIGATOR [18-24],13009,Illuminated Front Emblem Replacement,1505.41,10,5,8272.51,827.25,50.0,20429.97
4124,C346N FOCUS [12-18],8C607,Cooling Fan Assembly Replacement,778.35,14,7,8265.4,590.39,50.0,18004.97
57060,U553N EXPEDITION [18-24],1651070,Sunroof Mechanism Repair (TSB 21-2292),1731.04,15,7,8260.68,550.71,46.7,27927.87
61022,U554N NAVIGATOR [18-24],19850,Rear A/C Evaporator/Climate Control Assembly Replacement,1351.59,11,5,8255.43,750.49,45.5,21654.65
68965,V363N TRANSIT [14-27],14631,Door Wire Harness Replacement,567.16,10,5,8241.15,824.12,50.0,13185.14
18990,CX482N ESCAPE [20-26],7A103,Transmission Overhaul / Replacement,4799.14,12,6,8239.63,686.64,50.0,57728.75
41618,P558N SUPER DUTY [17-22],9D475,EGR Valve & Exhaust Manifold Replacement,2094.81,29,14,8236.11,284.0,48.3,61758.02
5299,C489N MKC [15-19],7902,Torque Converter / Transmission Repair,3618.57,12,6,8235.47,686.29,50.0,45857.41
38388,P558N SUPER DUTY [17-22],19E616,HVAC System Internal Component Repair,773.02,17,8,8198.48,482.26,47.1,20005.54
33080,P552N F-150 [15-20],6268,Engine Timing Component Replacement,1947.3,19,9,8194.42,431.28,47.4,40097.77
39041,P558N SUPER DUTY [17-22],3504,Parts Repair,1248.82,14,7,8187.75,584.84,50.0,23638.73
52403,U502N EXPLORER [11-19],6020,Engine Front Cover Reseal,1552.28,17,8,8187.1,481.6,47.1,31389.17
7355,C520N ESCAPE [13-19],6009,Engine Coolant Intrusion Repair,4592.9,19,9,8186.06,430.85,47.4,85045.53
47610,S550N MUSTANG [15-23],7H351,Transmission Assembly Replacement,4914.8,20,10,8185.6,409.28,50.0,96230.24
34154,P552N F-150 [15-20],7007,Transmission Bell Housing/Flex Plate Noise Repair,1077.9,16,8,8178.15,511.14,50.0,23927.0
8366,C520N ESCAPE [13-19],7B164,Automatic Transmission Internal Repair/Replacement,2791.03,26,13,8174.05,314.38,50.0,74722.7
27490,P473N SUPER DUTY [11-16],1000155,Cab Mount/Body Bushing Replacement,1782.74,13,6,8173.29,628.71,46.2,28700.62
55756,U540N MKX [16-23],7251,PTU Assembly Replacement,1778.16,17,8,8171.27,480.66,47.1,35742.37
30127,P552N F-150 [15-20],15043B13,Steering Wheel Airbag Module Functional Failure,324.92,13,6,8170.42,628.49,46.2,11675.26
34140,P552N F-150 [15-20],7007,Separator Plate Replacement,1350.04,14,7,8165.18,583.23,50.0,23307.14
35113,P552N F-150 [15-20],7P086,Auxiliary Transmission Fluid Pump Replacement,1125.25,19,9,8164.39,429.7,47.4,27083.42
42384,P702N F150 [21-27],13008,Headlamp Assembly Replacement,1504.09,21,10,8153.84,388.28,47.6,34728.34
66846,U625N EXPLORER [20-27],7902,Transmission Assembly Replacement,4990.22,11,5,8149.63,740.88,45.5,58734.27
69664,V363N TRANSIT [14-27],4209,Rear Differential Overhaul/Replacement,1746.22,10,5,8143.77,814.37,50.0,23586.56
9019,C520N ESCAPE [13-19],9F593,Fuel Injector Replacement,1298.34,11,5,8139.95,739.99,45.5,19710.27
58013,U553N EXPEDITION [18-24],4220,Front Axle/Differential Noise - Internal Component Failure,2343.52,12,6,8123.77,676.98,50.0,32103.26
14243,CD539N EDGE [15-24],3B437,Front Left Drive Axle Assembly Replacement,967.22,17,8,8115.73,477.39,47.1,22462.38
49136,U222N EXPEDITION [02-17],7851070,Sunroof Track Assembly Replacement,1937.48,20,10,8108.05,405.4,50.0,44616.56
55342,U540N MKX [16-23],4000,RDU Replacement,1946.97,14,7,8093.62,578.12,50.0,32223.1
32779,P552N F-150 [15-20],6020,Engine Block Internal Failure,1389.06,14,7,8092.44,578.03,50.0,25036.7
4797,C489N MKC [15-19],2C219,ABS Module Replacement,787.44,23,11,8089.39,351.71,47.8,23134.76
24362,ECONOLINE [97-27],6051,Long Block Replacement,8554.04,13,6,8084.47,621.88,46.2,104224.02
42370,P702N F150 [21-27],12A699,Knock Sensor Replacement (Cab Removal Required),1556.54,29,14,8079.23,278.59,48.3,48844.91
13881,CD539N EDGE [15-24],19B555,HVAC Housing Assembly Replacement,2142.38,29,14,8071.53,278.33,48.3,61872.46
57143,U553N EXPEDITION [18-24],17508,Rear Wiper Motor Assembly Replacement,724.73,11,5,8053.22,732.11,45.5,14623.74
6813,C520N ESCAPE [13-19],2553,Rear Brake System Overhaul,577.99,11,5,8047.32,731.58,45.5,13630.86
3550,C346N FOCUS [12-18],6268,Engine Long Block Replacement,4238.26,10,5,8040.86,804.08,50.0,47557.29
50912,U502N EXPLORER [11-19],14B351,Power Liftgate Motor/Actuator Replacement,480.55,25,12,7997.63,319.9,48.0,18564.74
12510,CD533N MKZ [13-20],6009,Engine Coolant Intrusion Repair,4913.35,30,15,7993.14,266.44,50.0,147872.92
60217,U554N NAVIGATOR [18-24],1104,Wheel Bearing/Hub Assembly Replacement,941.81,16,8,7987.87,499.24,50.0,21054.38
53678,U502N EXPLORER [11-19],7G384,Transmission Internal Repair or Replacement,3517.04,21,10,7987.73,380.37,47.6,75612.58
38559,P558N SUPER DUTY [17-22],2005,Hydroboost Unit Replacement,1006.12,12,6,7954.51,662.88,50.0,18829.82
7280,C520N ESCAPE [13-19],5E212,Catalytic Converter Replacement,2531.67,10,5,7952.79,795.28,50.0,29077.52
15589,CD539N EDGE [15-24],7H351,Transmission Overhaul or Replacement,5090.59,12,6,7949.9,662.49,50.0,63103.88
12208,CD533N MKZ [13-20],19G490,Backup Camera Replacement,448.32,12,6,7930.77,660.9,50.0,12226.7
18984,CX482N ESCAPE [20-26],7A103,Replace Transmission Assembly,5174.67,18,9,7927.91,440.44,50.0,90630.37
40100,P558N SUPER DUTY [17-22],6675,Engine Oil Pan Leak Repair,2245.51,11,5,7926.99,720.64,45.5,29267.05
35690,P552N F-150 [15-20],9034,Fuel Filler Neck Repair/Replacement,441.72,20,10,7926.67,396.33,50.0,15890.71
1338,B515A ECOSPORT INDIA [13-22],6600,Engine Long Block and Turbo Replacement,3821.49,15,7,7926.15,528.41,46.7,63487.83
15640,CD539N EDGE [15-24],7L328,Transmission Overhaul for Internal Damage,3278.66,10,5,7920.76,792.08,50.0,38287.78
15532,CD539N EDGE [15-24],7G384,Comprehensive Transmission Overhaul/Rebuild,3358.17,19,9,7897.92,415.68,47.4,65296.16
35758,P552N F-150 [15-20],9430,Exhaust Manifold Replacement,2218.45,12,6,7884.86,657.08,50.0,31631.21
35867,P552N F-150 [15-20],9943170,Warranty Claim Prior Approval Process,182.27,15,7,7871.08,524.74,46.7,10246.54
32774,P552N F-150 [15-20],6019,Timing Cover/Component Replacement,2217.34,16,8,7837.94,489.87,50.0,38301.55
55960,U540N MKX [16-23],7G384,Transmission Overhaul,3861.67,13,6,7822.84,601.76,46.2,52347.33
49415,U222N EXPEDITION [02-17],9H307,Fuel Pump Module Replacement,762.55,21,10,7817.68,372.27,47.6,21904.94
34591,P552N F-150 [15-20],7A248,Transmission Front Seal Leak Repair,1679.44,15,7,7817.06,521.14,46.7,30398.76
22822,D471N FLEX [09-19],8501,Water Pump Replacement,1955.77,24,12,7785.54,324.4,50.0,50408.74
70304,V363N TRANSIT [14-27],7A100,Transmission Overhaul or Replacement,2181.1,14,7,7781.52,555.82,50.0,35669.11
5920,C520N ESCAPE [13-19],10346,Alternator Replacement,1072.48,14,7,7765.76,554.69,50.0,21194.21
1644,B515A ECOSPORT INDIA [13-22],7A103,Transmission Assembly Replacement,2865.2,10,5,7765.48,776.55,50.0,34135.15
55623,U540N MKX [16-23],6335,Rear Main Seal Oil Leak,2230.27,18,9,7749.3,430.52,50.0,42381.92
43389,P702N F150 [21-27],19E616,HVAC Air Inlet/Recirculation Door Actuator Replacement,1447.21,16,8,7744.59,484.04,50.0,26918.02
6967,C520N ESCAPE [13-19],3504,Steering Gear Assembly Replacement,1955.17,16,8,7739.79,483.74,50.0,35654.48
34051,P552N F-150 [15-20],6m280,Prior Approval Exemption Processing,487.64,16,8,7738.09,483.63,50.0,14454.99
12498,CD533N MKZ [13-20],6009,Engine Diagnosis and Major Repair/Replacement,4787.89,15,7,7720.57,514.71,46.7,75878.19
49780,U228N NAVIGATOR [03-17],19850,Evaporator Core Replacement,1833.69,28,14,7712.21,275.44,50.0,54710.0
69563,V363N TRANSIT [14-27],3504,Complex EPAS Steering Gear System Replacement,1491.91,12,6,7708.0,642.33,50.0,24591.75
9934,CD391N FUSION [13-20],19N550,Seat Blower Motor/TED Replacement,727.47,11,5,7699.45,699.95,45.5,14682.84
17346,CX430N C-SUV [21-27],KEYSVC,Key/Key Fob Replacement and Programming,272.63,75,37,7695.08,102.6,49.3,26107.47
53770,U502N EXPLORER [11-19],7L328,Transmission Replacement,3278.52,10,5,7694.71,769.47,50.0,36852.25
65768,U625N EXPLORER [20-27],4A015,Front Axle Disconnect Assembly Leak Repair,2288.24,20,10,7676.63,383.83,50.0,45391.11
46716,S550N MUSTANG [15-23],4K139,Rear Axle Shaft Replacement,1122.89,13,6,7672.34,590.18,46.2,20376.44
28140,P473N SUPER DUTY [11-16],4221,Rear Differential Overhaul for Noise,1686.84,12,6,7670.31,639.19,50.0,26680.65
56976,U553N EXPEDITION [18-24],15K601,Key Fob Replacement/Reprogramming,307.01,16,8,7664.75,479.05,50.0,11906.93
16129,CD539N EDGE [15-24],9H307,Fuel Pump Assembly Replacement,941.24,24,12,7651.24,318.8,50.0,28342.29
31291,P552N F-150 [15-20],19V649,A/C Compressor Clutch Replacement,591.26,33,16,7649.34,231.8,48.5,25132.85
27492,P473N SUPER DUTY [11-16],1000155,Cab/Body Mount Replacement,1875.25,10,5,7641.91,764.19,50.0,24624.66
41411,P558N SUPER DUTY [17-22],9424,Intake Manifold Replacement for Noise,1372.92,15,7,7636.08,509.08,46.7,26482.87
4478,C489N MKC [15-19],14G371,APIM Replacement,581.37,20,10,7618.9,380.94,50.0,17584.17
49157,U222N EXPEDITION [02-17],7902,Transmission Overhaul or Replacement,5309.51,19,9,7599.61,399.98,47.4,100151.84
6248,C520N ESCAPE [13-19],14A068,BCM and Associated Wiring/Connector Repair,1009.27,10,5,7589.69,758.97,50.0,16555.71
7919,C520N ESCAPE [13-19],6K682,Turbocharger Oil Leak Repair,2518.77,12,6,7588.45,632.37,50.0,33854.82
6651,C520N ESCAPE [13-19],19850,A/C Evaporator Replacement,1455.94,21,10,7576.65,360.79,47.6,36515.49
35929,P552N F-150 [15-20],9C052,Fuel Tank Pressure Sensor Replacement,673.69,15,7,7566.71,504.45,46.7,16442.12
40096,P558N SUPER DUTY [17-22],6675,Engine Oil Leak Repair,1416.05,10,5,7545.62,754.56,50.0,19318.29
41236,P558N SUPER DUTY [17-22],8075,Coolant Hose Assembly Replacement,860.69,20,10,7535.41,376.77,50.0,22193.69
70718,V363N TRANSIT [14-27],8C607,Cooling Fan Assembly Replacement,676.34,16,8,7525.8,470.36,50.0,17704.69
43649,P702N F150 [21-27],3222,Front Differential Repair,2019.93,14,7,7523.98,537.43,50.0,33069.15
7918,C520N ESCAPE [13-19],6K682,Turbocharger Replacement,2083.73,10,5,7522.62,752.26,50.0,26684.92
31893,P552N F-150 [15-20],3504,EPAS Rack Assembly Replacement (PSCM Internal Electronic Failure),1839.43,16,8,7508.5,469.28,50.0,35444.95
6302,C520N ESCAPE [13-19],14C689,BLIS Module Replacement (Bumper Removal Required),1083.25,17,8,7499.34,441.14,47.1,23095.24
29402,P552N F-150 [15-20],12A650,PCM Replacement with Diagnostics,1693.99,10,5,7494.36,749.43,50.0,22018.23
5662,C489N MKC [15-19],keysvc,Key Fob Replacement and Programming,246.8,26,13,7485.46,287.9,50.0,13441.08
30488,P552N F-150 [15-20],1651070,Sunroof/Moonroof Rail Assembly Replacement,667.16,13,6,7478.8,575.29,46.2,15376.65
13461,CD539N EDGE [15-24],14D212,APIM Module Diagnosis and Repair,527.68,31,15,7475.9,241.16,48.4,19921.12
68723,V363N TRANSIT [14-27],10346,Alternator/Generator Replacement,1214.2,10,5,7458.51,745.85,50.0,18678.68
6492,C520N ESCAPE [13-19],18124,Front Strut Replacement,1285.0,24,12,7454.26,310.6,50.0,32826.98
64919,U625N EXPLORER [20-27],18476,Heater Core Replacement,943.65,49,24,7446.38,151.97,49.0,48236.81
46367,S550N MUSTANG [15-23],19860,A/C Evaporator Core Leak Repair,1350.78,23,11,7444.28,323.66,47.8,35217.38
69289,V363N TRANSIT [14-27],19B555,Evaporator Core Replacement,2310.97,13,6,7440.03,572.31,46.2,35304.48
49191,U222N EXPEDITION [02-17],7A195,Transfer Case Replacement,1659.99,11,5,7429.6,675.42,45.5,24389.23
32747,P552N F-150 [15-20],6010,Engine Long Block Replacement,9132.44,11,5,7426.11,675.1,45.5,100910.82
33363,P552N F-150 [15-20],6584,Oil Pan and Engine Cover Leak Repair,1873.89,20,10,7425.94,371.3,50.0,40987.21
4688,C489N MKC [15-19],19850,Evaporator Core Replacement,1532.8,24,12,7423.41,309.31,50.0,38667.1
33046,P552N F-150 [15-20],6256,Fuel System Malfunction Repair,2396.96,10,5,7414.82,741.48,50.0,26683.32
58746,U553N EXPEDITION [18-24],7000,Transmission Repair/Replacement,5276.39,10,5,7411.15,741.11,50.0,52061.94
10690,CD391N FUSION [13-20],6A321,Engine Rear Main Seal Replacement,2169.34,11,5,7401.7,672.88,45.5,28269.55
36884,P558N SUPER DUTY [17-22],1104,Prior Approval Exemption Processing,1111.65,14,7,7401.54,528.68,50.0,21767.99
6965,C520N ESCAPE [13-19],3504,Steering Rack/EPAS Assembly Replacement,1833.84,13,6,7388.38,568.33,46.2,29960.76
35458,P552N F-150 [15-20],8005,Radiator Replacement for Leak,1269.89,13,6,7384.08,568.01,46.2,22003.93
34824,P552N F-150 [15-20],7D063,Transmission Assembly Replacement,6000.91,16,8,7362.82,460.18,50.0,92409.63
65154,U625N EXPLORER [20-27],19G490,Camera Module Replacement,327.59,11,5,7362.56,669.32,45.5,10242.61
66095,U625N EXPLORER [20-27],6051,Engine Long Block Replacement,7922.81,10,5,7353.2,735.32,50.0,79810.79
7256,C520N ESCAPE [13-19],5A968,Rear Suspension Component Replacement,1159.74,38,19,7331.24,192.93,50.0,44480.57
62438,U554N NAVIGATOR [18-24],9350,High-Pressure Fuel Pump Replacement with Bolt Repair,1495.7,13,6,7296.81,561.3,46.2,24015.01
32505,P552N F-150 [15-20],4b416,Prior Approval Exemption Processing,427.43,11,4,7282.82,662.07,36.4,10876.18
4795,C489N MKC [15-19],2C219,ABS Module Replacement,484.49,19,9,7279.52,383.14,47.4,15717.98
46952,S550N MUSTANG [15-23],6256,Cam Phaser/VCT Gear Replacement,2287.22,10,5,7276.85,727.69,50.0,27978.9
19128,CX482N ESCAPE [20-26],7N473,Transmission Internal Component Failure,4502.88,16,8,7250.97,453.19,50.0,63210.77
48683,U222N EXPEDITION [02-17],3222,Front Differential Overhaul/Replacement,2277.27,15,7,7249.89,483.32,46.7,37991.81
6649,C520N ESCAPE [13-19],19850,A/C Evaporator Core Replacement,1283.63,26,13,7238.32,278.4,50.0,37906.07
52416,U502N EXPLORER [11-19],6020,Front Timing Cover Oil Leak Repair,2161.28,16,8,7237.77,452.36,50.0,36966.18
52116,U502N EXPLORER [11-19],4R602,Rear Driveshaft Replacement,1171.53,15,7,7237.55,482.5,46.7,23727.68
65393,U625N EXPLORER [20-27],3504,Steering Rack Replacement,1882.02,11,5,7237.32,657.94,45.5,27092.22
53683,U502N EXPLORER [11-19],7G384,Transmission Internal Component Failure,3744.38,13,6,7202.86,554.07,46.2,52455.92
14615,CD539N EDGE [15-24],6006,Engine Long Block Replacement,4550.54,25,12,7202.28,288.09,48.0,111042.36
5442,C489N MKC [15-19],7G384,Transmission Replacement,3279.87,12,6,7201.31,600.11,50.0,43597.73
46815,S550N MUSTANG [15-23],6010,Engine Short Block Replacement,4447.05,12,6,7174.16,597.85,50.0,57258.13
34362,P552N F-150 [15-20],7902,Transmission Internal Component Repair,4368.85,16,8,7170.89,448.18,50.0,66178.3
21046,D258N TAURUS [10-19],18842,FCIM/APIM Module Replacement,575.85,21,10,7166.07,341.24,47.6,17435.13
63269,U611N AVIATOR [20-27],3D102,Steering Gear/Intermediate Shaft Replacement (TSB 23-2174),2468.08,10,5,7164.05,716.4,50.0,28872.98
19621,CX482N ESCAPE [20-26],keysvc,Key Fob Replacement and Programming,270.65,72,36,7149.68,99.3,50.0,24614.9
8740,C520N ESCAPE [13-19],8005,Radiator Replacement,950.41,11,5,7133.94,648.54,45.5,16534.15
942,B515A ECOSPORT INDIA [13-22],19B555,HVAC Evaporator Case/Actuator Replacement,1735.69,16,8,7121.03,445.06,50.0,31414.21
70511,V363N TRANSIT [14-27],7H351,Transmission Clutch Component Repair/Overhaul,3441.05,10,5,7117.52,711.75,50.0,39145.17
67190,U625N EXPLORER [20-27],7H351,Transmission Assembly Replacement,4963.56,16,8,7100.11,443.76,50.0,77298.96
40872,P558N SUPER DUTY [17-22],7D019,Transmission Overhaul for Shift Concerns,3913.97,12,6,7080.06,590.0,50.0,47121.19
20724,CX727N MACH-E [21-26],7B000,Electric Drive Unit Replacement,4333.81,10,5,7051.79,705.18,50.0,47417.82
67286,U625N EXPLORER [20-27],7P238,AWD Module Replacement,485.01,11,5,7050.79,640.98,45.5,11981.52
65657,U625N EXPLORER [20-27],3k147,Front Differential/PTU Assembly Repair,1623.01,15,7,7031.26,468.75,46.7,28904.64
30298,P552N F-150 [15-20],15604,BCM Replacement for Electrical Malfunctions,1154.72,20,10,7028.89,351.45,50.0,27221.62
54737,U540N MKX [16-23],14B351,Power Liftgate Motor/Actuator Replacement,764.12,17,8,7018.25,412.84,47.1,18016.46
63102,U611N AVIATOR [20-27],19H405,IPMB Replacement for Camera/Sensor Issues,2210.86,11,5,6998.91,636.26,45.5,30051.77
3676,C346N FOCUS [12-18],6C348,Engine Replacement due to Oil Starvation,4124.54,14,7,6992.25,499.45,50.0,60325.46
71221,V408E TRANSIT CONNECT [13-24],19703,A/C Compressor Replacement,1067.18,13,6,6982.76,537.14,46.2,20081.23
66135,U625N EXPLORER [20-27],6211,Engine Replacement for Internal Damage,8392.84,11,5,6980.44,634.59,45.5,88932.13
30087,P552N F-150 [15-20],14g371,Prior Approval Exemption Processing,473.16,34,17,6968.49,204.95,50.0,20182.42
38950,P558N SUPER DUTY [17-22],3219,Front Wheel End Component Replacement,1483.05,20,10,6965.63,348.28,50.0,31777.99
71718,V408E TRANSIT CONNECT [13-24],7G384,Transmission Assembly Replacement,4903.46,14,7,6964.21,497.44,50.0,64939.21
14621,CD539N EDGE [15-24],6009,Engine Coolant Intrusion Repair,4360.31,22,11,6961.54,316.43,50.0,96816.72
40761,P558N SUPER DUTY [17-22],7A398,Transmission Repair,7225.54,16,8,6959.89,434.99,50.0,111279.38
34723,P552N F-150 [15-20],7B164,Transmission Repair,4967.1,13,6,6951.25,534.71,46.2,62047.44
41656,P558N SUPER DUTY [17-22],9E731,Adaptive Cruise Control Module Replacement,1380.85,23,11,6947.56,302.07,47.8,33332.17
9712,CD391N FUSION [13-20],18124,Extensive Front Suspension Overhaul,895.44,17,8,6945.01,408.53,47.1,19764.72
29285,P552N F-150 [15-20],12029,Ignition System Misfire Repair,880.68,11,5,6940.83,630.98,45.5,14731.25
783,B515A ECOSPORT INDIA [13-22],14G371,APIM Replacement,474.39,13,6,6940.68,533.9,46.2,11836.83
34718,P552N F-150 [15-20],7B164,Transmission/Torque Converter Repair or Replacement,3323.15,12,6,6933.29,577.78,50.0,43370.55
30720,P552N F-150 [15-20],17D696,Prior Approval Exemption Processing,378.27,11,5,6926.27,629.66,45.5,10017.58
35751,P552N F-150 [15-20],9424,Intake Manifold Replacement,795.96,32,16,6925.56,216.42,50.0,30611.31
36584,P552N F-150 [15-20],MAINT,Scheduled Maintenance Service,126.09,41,20,6920.96,168.8,48.8,11355.05
6131,C520N ESCAPE [13-19],13404,Rear Tail Lamp Assembly Replacement,452.3,49,24,6920.28,141.23,49.0,23004.86
50900,U502N EXPLORER [11-19],14B321,RCM Replacement,960.18,10,5,6903.32,690.33,50.0,15291.99
70646,V363N TRANSIT [14-27],8005,Radiator Replacement,975.65,24,12,6902.91,287.62,50.0,27556.77
70625,V363N TRANSIT [14-27],7h351,Transmission Assembly Replacement,5177.15,11,5,6884.51,625.86,45.5,59768.71
8202,C520N ESCAPE [13-19],7902,Transmission Overhaul/Replacement,2441.85,17,8,6883.44,404.91,47.1,41216.8
17103,CX430N C-SUV [21-27],7902,Trans Repair,5314.26,14,7,6874.29,491.02,50.0,72264.02
67276,U625N EXPLORER [20-27],7P238,4x4 Module Communication Failure,397.25,17,8,6873.2,404.3,47.1,13155.92
62384,U554N NAVIGATOR [18-24],8501,Prior Approval Exemption Processing,759.78,14,7,6863.6,490.25,50.0,15640.56
20564,CX727N MACH-E [21-26],19H405,IPMA Module Replacement,2388.78,11,5,6857.89,623.45,45.5,30014.03
64516,U625N EXPLORER [20-27],14C689,Blind Spot Module Replacement,835.81,13,6,6839.87,526.15,46.2,15500.53
36128,P552N F-150 [15-20],9F593,Prior Approval Exemption Processing,619.09,14,7,6827.35,487.66,50.0,13925.05
44988,P702N F150 [21-27],MAINT,Scheduled Maintenance Service,147.34,46,23,6821.45,148.29,50.0,12467.37
57434,U553N EXPEDITION [18-24],19850,Rear Evaporator Replacement,1539.85,11,5,6811.09,619.19,45.5,22092.13
46877,S550N MUSTANG [15-23],6051,Engine Assembly Replacement,3813.25,16,8,6777.65,423.6,50.0,56754.69
8280,C520N ESCAPE [13-19],7A103,Transmission Overhaul or Replacement,3165.63,16,8,6767.41,422.96,50.0,53184.44
12214,CD533N MKZ [13-20],19N550,Driver Seat Climate Control Inoperative,574.98,13,6,6752.62,519.43,46.2,13111.61
40114,P558N SUPER DUTY [17-22],6675,Upper Oil Pan Reseal,1967.18,13,6,6747.4,519.03,46.2,29883.17
66841,U625N EXPLORER [20-27],7902,Transmission Assembly Replacement/Major Overhaul,5247.09,14,7,6738.47,481.32,50.0,71699.35
42301,P702N F150 [21-27],11A213,Starter/Generator Assembly Replacement,1734.61,20,10,6731.41,336.57,50.0,36173.18
53637,U502N EXPLORER [11-19],7F465,Transmission Internal Failure or Leak,5096.61,17,8,6725.47,395.62,47.1,79641.5
40099,P558N SUPER DUTY [17-22],6675,Prior Approval Claim Processing,1670.25,11,5,6721.41,611.03,45.5,23006.42
28636,P473N SUPER DUTY [11-16],7902,Transmission Repair/Replacement,5516.23,11,5,6719.46,610.86,45.5,56771.53
36537,P552N F-150 [15-20],H42006,Rear Sliding Glass Defroster Failure,1595.55,30,15,6710.95,223.69,50.0,48950.04
15363,CD539N EDGE [15-24],7B164,Transmission Replacement,3336.95,12,6,6691.34,557.61,50.0,43612.9
46713,S550N MUSTANG [15-23],4K139,Rear Axle Shaft Replacement,1449.03,11,5,6690.37,608.22,45.5,20268.58
30280,P552N F-150 [15-20],15604,Body Control Module (BCM) Replacement,874.08,13,6,6678.39,513.72,46.2,16631.13
64277,U625N EXPLORER [20-27],13008,Both Headlamps and Control Processor Replacement,1693.12,24,12,6673.02,278.04,50.0,43577.17
39677,P558N SUPER DUTY [17-22],5L239,Particulate Matter Sensor and Exhaust Component Replacement,1194.1,20,10,6666.11,333.31,50.0,27915.17
40792,P558N SUPER DUTY [17-22],7B067,Transmission Internal Component Repair or Assembly Replacement,5475.44,10,5,6659.16,665.92,50.0,54353.05
4834,C489N MKC [15-19],3504,EPAS Gear Replacement,31081.04,11,5,6655.2,605.02,45.5,328189.03
8195,C520N ESCAPE [13-19],7902,Transmission Repair/Replacement (Prior Approval Exemption),1268.4,16,6,6649.72,415.61,37.5,25540.14
38292,P558N SUPER DUTY [17-22],19850,HVAC Evaporator/Core Component Replacement,1765.35,16,8,6635.63,414.72,50.0,32221.77
51895,U502N EXPLORER [11-19],3079,Front Control Arm Replacement,1026.94,11,5,6623.93,602.18,45.5,15829.3
68435,U725N BRONCO [21-26],7107,Transmission Internal Component Repair/Replacement,2440.67,19,9,6622.7,348.56,47.4,46962.94
67206,U625N EXPLORER [20-27],7H424,Power Transfer Unit (PTU) Replacement,1292.43,20,10,6621.0,331.05,50.0,27410.41
31621,P552N F-150 [15-20],2C150,"Brake Caliper, Pads, and Rotors Replacement",1057.66,12,6,6613.59,551.13,50.0,16530.26
37493,P558N SUPER DUTY [17-22],14C689,Side Obstacle Detection Module System Repair,986.38,10,5,6606.5,660.65,50.0,14893.21
60092,U553N EXPEDITION [18-24],h42006,Rear Glass Defroster Replacement,699.28,11,5,6605.46,600.5,45.5,13354.77
6646,C520N ESCAPE [13-19],19850,Evaporator Core Replacement,1390.32,31,15,6599.04,212.88,48.4,47428.82
63106,U611N AVIATOR [20-27],19H405,IPMB Module Replacement,1890.93,11,5,6592.88,599.35,45.5,26044.32
34136,P552N F-150 [15-20],7007,Engine/Transmission Separator Plate Replacement,1655.38,14,7,6592.01,470.86,50.0,26586.86
58286,U553N EXPEDITION [18-24],6019,Engine Front Cover Oil Leak Reseal,2021.55,11,5,6578.32,598.03,45.5,27755.19
37739,P558N SUPER DUTY [17-22],15442,Prior Approval Exemption Processing,492.8,21,10,6573.98,313.04,47.6,14050.63
54628,U540N MKX [16-23],13A613,Headlamp System Repair (Prior Approval Required),477.52,18,9,6551.62,363.98,50.0,13039.43
19187,CX482N ESCAPE [20-26],7P238,AWD Module Replacement,413.4,39,19,6546.63,167.86,48.7,21277.2
31835,P552N F-150 [15-20],3085,Front Upper Control Arm Pair Replacement,939.34,20,10,6532.59,326.63,50.0,22024.7
33443,P552N F-150 [15-20],6700,Timing Cover Reseal,2258.15,14,7,6524.32,466.02,50.0,33536.73
50488,U502N EXPLORER [11-19],10346,Alternator Replacement,761.72,20,10,6522.5,326.13,50.0,20755.53
65444,U625N EXPLORER [20-27],3A427,Prior Approval Exemption Processing,706.58,12,6,6513.86,542.82,50.0,12770.17
32769,P552N F-150 [15-20],6019,Engine Oil Leak Repair (Front Cover/Oil Pan),1997.97,11,5,6512.52,592.05,45.5,26828.13
37117,P558N SUPER DUTY [17-22],13008,Headlamp Assembly Replacement,1560.0,21,10,6510.9,310.05,47.6,37239.42
1596,B515A ECOSPORT INDIA [13-22],7902,Transmission Assembly Replacement,2865.38,11,5,6507.6,591.6,45.5,31488.07
38978,P558N SUPER DUTY [17-22],3249,Front Axle U-Joint and Steering Linkage Replacement,1347.09,12,6,6500.84,541.73,50.0,20251.3
1245,B515A ECOSPORT INDIA [13-22],6049,Long Block Replacement,4411.25,13,6,6497.93,499.84,46.2,59423.53
22744,D471N FLEX [09-19],7902,Transmission Overhaul,3994.89,13,6,6474.57,498.04,46.2,53116.74
18564,CX482N ESCAPE [20-26],6049,Cylinder Head Assembly Replacement,3906.75,10,5,6469.58,646.95,50.0,39881.83
18957,CX482N ESCAPE [20-26],7902,Transmission Valve Body/Torque Converter Replacement or Overhaul,3214.16,16,8,6468.9,404.3,50.0,54391.44
22895,D471N FLEX [09-19],9H307,Fuel Pump Assembly Replacement,954.47,10,5,6467.54,646.75,50.0,15282.08
7234,C520N ESCAPE [13-19],5808,Rear Suspension Arm/Knuckle Replacement,753.25,20,10,6460.28,323.01,50.0,19327.08
47752,S550N MUSTANG [15-23],9002,Fuel Tank Assembly Replacement,1472.25,39,19,6454.02,165.49,48.7,59154.62
71776,V408E TRANSIT CONNECT [13-24],7N473,Transmission Replacement,3697.61,10,5,6424.46,642.44,50.0,40451.66
69259,V363N TRANSIT [14-27],19860,AC Evaporator Core Leak/Failure,1615.63,21,10,6415.33,305.49,47.6,37267.56
53820,U502N EXPLORER [11-19],7a103,Transmission Assembly Replacement,5083.04,12,6,6401.97,533.5,50.0,62925.57
22328,D471N FLEX [09-19],3079,Front Lower Control Arm Replacement,844.44,17,8,6394.99,376.18,47.1,18427.16
5334,C489N MKC [15-19],7A100,Transmission Internal Component Overhaul/Repair,3620.7,12,6,6389.25,532.43,50.0,45781.64
36373,P552N F-150 [15-20],9c888,Warranty Claim Prior Approval,215.95,10,5,6382.32,638.23,50.0,8073.69
50687,U502N EXPLORER [11-19],13404,Taillight Assembly Replacement,530.18,12,5,6380.88,531.74,41.7,11502.45
37562,P558N SUPER DUTY [17-22],14G371,Prior Approval Exemption Processing,593.66,17,8,6376.01,375.06,47.1,13917.08
59254,U553N EXPEDITION [18-24],7B177,Transmission Assembly Replacement,6016.23,17,8,6369.97,374.71,47.1,100915.25
15467,CD539N EDGE [15-24],7F465,Transmission Internal Failure - Replacement,6179.62,13,6,6365.25,489.63,46.2,77839.57
52452,U502N EXPLORER [11-19],6049,Complete Engine Assembly Replacement,5203.46,11,5,6358.27,578.03,45.5,59377.69
68757,V363N TRANSIT [14-27],11002,Starter Motor Replacement,470.04,22,11,6347.95,288.54,50.0,14987.94
15303,CD539N EDGE [15-24],7A130,Transmission Replacement/Overhaul,5093.81,15,7,6344.26,422.95,46.7,74054.09
68756,V363N TRANSIT [14-27],11002,Prior Approval Exemption Processing,334.77,12,6,6339.38,528.28,50.0,9788.33
14253,CD539N EDGE [15-24],3B437,Front Drive Axle Replacement for Noise,725.52,18,9,6337.69,352.1,50.0,17784.38
47152,S550N MUSTANG [15-23],6710,Oil Pan Gasket Reseal/Replacement,1627.37,14,7,6335.97,452.57,50.0,25288.89
40202,P558N SUPER DUTY [17-22],6840,Upper Oil Pan Reseal,1771.72,10,5,6332.31,633.23,50.0,23250.56
34602,P552N F-150 [15-20],7A262,Automatic Transmission Overhaul,4016.29,13,6,6307.82,485.22,46.2,51659.42
63334,U611N AVIATOR [20-27],4000,Rear Differential Assembly Replacement,2361.46,17,8,6300.42,370.61,47.1,42803.19
26729,P375N RANGER [19-23],5560,Leaf Spring Replacement,914.54,27,13,6294.55,233.13,48.1,26693.1
53935,U502N EXPLORER [11-19],8475,Active Grille Shutter Replacement,578.76,11,5,6286.41,571.49,45.5,11573.49
39190,P558N SUPER DUTY [17-22],3C529,Steering Column Replacement,1991.15,11,5,6286.26,571.48,45.5,25234.65
66901,U625N EXPLORER [20-27],7A130,Transmission Assembly Replacement,3204.71,11,5,6278.95,570.82,45.5,38950.33
17405,CX430N C-SUV [21-27],maint,Routine Scheduled Maintenance,71.66,55,27,6276.5,114.12,49.1,9738.61
37570,P558N SUPER DUTY [17-22],14G371,APIM/FCIM Replacement,630.0,11,5,6274.2,570.38,45.5,12517.74
29797,P552N F-150 [15-20],14A664,Clock Spring Replacement,1109.76,11,5,6270.05,570.0,45.5,15450.37
7742,C520N ESCAPE [13-19],6700,Front Crankshaft Seal Leak,875.0,11,4,6253.53,568.5,36.4,15424.13
14655,CD539N EDGE [15-24],6019,Engine Front Cover Replacement,1353.2,10,5,6253.24,625.32,50.0,18146.41
30509,P552N F-150 [15-20],16519A02,Sunroof Sunshade Assembly Repair/Replacement,1595.08,12,6,6252.47,521.04,50.0,22293.52
24402,ECONOLINE [97-27],6500,Engine Internal Failure,8205.44,11,5,6250.71,568.25,45.5,89684.23
38304,P558N SUPER DUTY [17-22],19860,Evaporator Core Replacement,1264.19,26,13,6241.16,240.05,50.0,35597.53
8378,C520N ESCAPE [13-19],7B442,Transmission Assembly Replacement,5104.16,16,8,6236.82,389.8,50.0,78890.42
10466,CD391N FUSION [13-20],6108,Engine Long Block Replacement,6111.66,10,5,6205.54,620.56,50.0,61908.46
51627,U502N EXPLORER [11-19],19D786,A/C Compressor Clutch/Coil Replacement,602.16,11,5,6203.02,563.91,45.5,12517.96
13861,CD539N EDGE [15-24],19850,Evaporator Core Replacement,1521.63,21,10,6200.57,295.26,47.6,35291.75
21476,D258N TAURUS [10-19],7251,Power Transfer Unit (PTU) Replacement,2269.37,16,8,6199.53,387.47,50.0,40536.7
38400,P558N SUPER DUTY [17-22],19G490,Prior Approval Exemption Processing,841.6,13,5,6198.02,476.77,38.5,14253.34
11599,CD391N FUSION [13-20],9G444,Oxygen Sensor Heater Circuit Fault (P0141),226.06,10,5,6190.51,619.05,50.0,8253.29
38309,P558N SUPER DUTY [17-22],19860,A/C System Component Replacement,2298.14,19,9,6185.31,325.54,47.4,44250.53
58010,U553N EXPEDITION [18-24],4209,Rear Differential Internal Component Repair,2989.51,11,5,6172.23,561.11,45.5,33451.08
14872,CD539N EDGE [15-24],6675,Warranty Claim Self-Approval,851.88,15,7,6171.06,411.41,46.7,17278.41
35774,P552N F-150 [15-20],9431,Warranty Claim Self-Approval Processing,971.05,14,7,6169.23,440.66,50.0,18431.33
26385,P375N RANGER [19-23],19703,A/C System Catastrophic Failure Repair,918.32,14,7,6147.48,439.1,50.0,18031.64
33682,P552N F-150 [15-20],6C525,Transmission Replacement,1515.42,19,9,6142.22,323.28,47.4,32491.75
3950,C346N FOCUS [12-18],7B546,Clutch Assembly Replacement,1561.66,29,14,6134.87,211.55,48.3,46985.22
43772,P702N F150 [21-27],3c247,IWE Actuator Replacement,596.18,13,6,6133.3,471.79,46.2,13147.55
51533,U502N EXPLORER [11-19],19867,A/C Line Replacement,1093.95,17,8,6132.83,360.75,47.1,23106.02
1524,B515A ECOSPORT INDIA [13-22],6c348,Engine Long Block and Turbocharger Replacement,3944.6,18,9,6125.01,340.28,50.0,73935.79
46373,S550N MUSTANG [15-23],19860,Evaporator Core Replacement,1064.92,26,13,6121.43,235.44,50.0,31310.51
13886,CD539N EDGE [15-24],19B555,HVAC Housing Assembly Replacement,2356.75,18,9,6119.81,339.99,50.0,45979.37
6961,C520N ESCAPE [13-19],3504,Steering Gear Assembly Replacement,1817.14,15,7,6115.95,407.73,46.7,30873.71
46354,S550N MUSTANG [15-23],19850,HVAC Housing/Actuator Replacement,1739.16,19,9,6108.81,321.51,47.4,35693.31
70653,V363N TRANSIT [14-27],8501,Prior Approval Exemption Processing,807.42,20,10,6105.08,305.26,50.0,19685.74
48791,U222N EXPEDITION [02-17],4621,Differential Overhaul,1646.87,19,9,6090.29,320.54,47.4,32740.72
6490,C520N ESCAPE [13-19],18124,Both Front Struts/Mounts/Bearings Replacement,955.71,12,6,6077.46,506.46,50.0,15385.64
70936,V363N TRANSIT [14-27],9U433,EGR Cooler Replacement,1764.64,13,6,6070.7,466.97,46.2,26830.41
64319,U625N EXPLORER [20-27],13A613,Third Brake Light Assembly Replacement,596.43,17,8,6066.97,356.88,47.1,12981.67
67205,U625N EXPLORER [20-27],7H424,Parts Repair,1722.01,17,8,6060.48,356.5,47.1,29970.0
4967,C489N MKC [15-19],5808,Rear Trailing Arm Replacement,704.61,25,12,6045.8,241.83,48.0,20750.32
16851,CX430N C-SUV [21-27],4000,Rear Differential Repair,2555.77,19,9,6044.74,318.15,47.4,49569.7
67407,U625N EXPLORER [20-27],7h351,Transmission Replacement,4890.84,11,5,6040.21,549.11,45.5,55587.58
61036,U554N NAVIGATOR [18-24],19860,Evaporator Core Replacement,1241.06,23,11,6037.44,262.5,47.8,32082.92
34323,P552N F-150 [15-20],7861018,Seat Frame/Recliner Assembly Replacement,1216.39,12,6,6025.51,502.12,50.0,18981.68
64911,U625N EXPLORER [20-27],18476,Passenger Side Climate Control Heating Repair,1162.69,16,8,6025.45,376.59,50.0,22179.37
64922,U625N EXPLORER [20-27],18476,Heater Core Replacement,1125.47,18,9,6010.18,333.9,50.0,24268.01
36837,P558N SUPER DUTY [17-22],10732,Degas Bottle and Additional Cooling System Component Replacement,554.11,11,5,6008.37,546.22,45.5,11704.88
40760,P558N SUPER DUTY [17-22],7A360,Transmission Internal Failure Repair,6472.77,12,6,6004.85,500.4,50.0,75220.54
35404,P552N F-150 [15-20],7h351,Transmission Overhaul,3980.11,14,7,5997.34,428.38,50.0,57098.96
70401,V363N TRANSIT [14-27],7B164,Transmission Replacement,3572.35,10,5,5986.65,598.67,50.0,37532.61
55307,U540N MKX [16-23],3B437,Front Axle Shaft Assembly Replacement,1110.5,13,6,5963.18,458.71,46.2,17726.57
57062,U553N EXPEDITION [18-24],1651070,Sunroof Guide Assembly Replacement,954.95,16,8,5961.61,372.6,50.0,19021.35
8098,C520N ESCAPE [13-19],7251,PTU and Transmission Case Repair,1529.0,13,6,5955.83,458.14,46.2,24701.81
67413,U625N EXPLORER [20-27],7h351,Transmission Main Control/CDF Clutch Overhaul,3405.61,12,6,5949.25,495.77,50.0,43362.96
60331,U554N NAVIGATOR [18-24],13A613,Warranty Claim Prior Approval Review,355.98,10,4,5938.7,593.87,40.0,8868.49
44529,P702N F150 [21-27],7H351,Transmission Internal Component Repair,3445.37,10,5,5933.44,593.34,50.0,38536.84
15974,CD539N EDGE [15-24],9D289,Prior Approval Exemption Processing,300.4,21,10,5929.85,282.38,47.6,11518.26
59984,U553N EXPEDITION [18-24],H42006,Rear Glass Assembly Replacement (Defroster),1073.96,10,5,5928.94,592.89,50.0,15794.12
1497,B515A ECOSPORT INDIA [13-22],6K682,Engine Long Block and Turbocharger Replacement,4505.71,21,10,5916.22,281.73,47.6,94640.67
41401,P558N SUPER DUTY [17-22],9424,Intake Manifold Replacement,1521.61,18,9,5915.33,328.63,50.0,28925.37
65247,U625N EXPLORER [20-27],2005,Electronic Brake Booster Replacement,1591.41,12,6,5903.16,491.93,50.0,23170.14
11267,CD391N FUSION [13-20],7P155,Replace Gear Shift Module,460.7,32,16,5899.48,184.36,50.0,18174.91
21580,D258N TAURUS [10-19],8501,Prior Approval Exemption Processing,1321.58,10,5,5895.76,589.57,50.0,17989.77
1071,B515A ECOSPORT INDIA [13-22],3B436,Front CV Axle Shaft Replacement,1092.59,10,5,5890.37,589.04,50.0,14302.94
62671,U611N AVIATOR [20-27],10346,Alternator Replacement,981.27,17,8,5874.88,345.58,47.1,20908.06
507,B299N FIESTA MCA [13-19],9C047,EVAP Purge Valve Replacement,385.23,40,20,5866.32,146.66,50.0,18264.0
5073,C489N MKC [15-19],6051,Short Block Replacement,5037.54,10,5,5859.6,585.96,50.0,51336.04
51825,U502N EXPLORER [11-19],2C215,ABS Module/HCU Replacement,1512.92,12,6,5858.81,488.24,50.0,22672.45
16168,CD539N EDGE [15-24],9d289,EVAP Canister Assembly Replacement,364.81,30,14,5857.99,195.27,46.7,15240.96
44177,P702N F150 [21-27],6675,Oil Pan Replacement,1158.31,10,5,5842.43,584.24,50.0,16049.06
3486,C346N FOCUS [12-18],6049,Engine Long Block Replacement,4393.82,17,8,5815.48,342.09,47.1,71826.89
5736,C520 FOE [12-21],19G490,Backup Camera Replacement,6051.18,13,6,5811.33,447.03,46.2,80656.19
8942,C520N ESCAPE [13-19],9D289,Prior Approval Exemption Processing,294.35,29,14,5808.28,200.29,48.3,13696.48
49574,U228N NAVIGATOR [03-17],13A613,Replace Third Brake Light Assembly,393.92,12,6,5805.61,483.8,50.0,9525.55
3733,C346N FOCUS [12-18],6c348,Engine and Turbocharger Replacement,3878.53,15,7,5801.16,386.75,46.7,61457.84
55781,U540N MKX [16-23],7443150,Prior Approval Exemption Processing,537.14,10,5,5789.01,578.9,50.0,10265.42
22062,D471N FLEX [09-19],14C689,Side Obstacle Detection Module Replacement,1196.82,20,10,5783.9,289.2,50.0,28156.26
71736,V408E TRANSIT CONNECT [13-24],7H351,Transmission Assembly Replacement,5652.77,11,4,5759.77,523.61,36.4,66968.41
40133,P558N SUPER DUTY [17-22],6700,Engine Front/Timing Cover Oil Leak Reseal,2481.93,14,7,5757.0,411.21,50.0,35156.95
59392,U553N EXPEDITION [18-24],7H351,Transmission Overhaul or Replacement,31124.99,5,2,5754.43,1150.88,40.0,144776.44
39980,P558N SUPER DUTY [17-22],6375,Flexplate/Flywheel Replacement,1287.32,17,8,5754.21,338.48,47.1,25106.47
57226,U553N EXPEDITION [18-24],18124,Warranty Claim Prior Approval Exemption,629.11,14,7,5754.03,411.01,50.0,12461.52
4881,C489N MKC [15-19],3B437,Front Half Shaft Replacement,728.27,10,5,5738.07,573.81,50.0,12512.86
61218,U554N NAVIGATOR [18-24],1A189,Multiple TPMS Sensor Replacement,718.03,11,5,5725.62,520.51,45.5,12282.51
27789,P473N SUPER DUTY [11-16],19860,Evaporator Core Replacement,1270.5,17,8,5725.54,336.8,47.1,25300.96
6688,C520N ESCAPE [13-19],19B555,Climate Control Housing Assembly Replacement,2290.57,11,5,5723.77,520.34,45.5,28926.03
36726,P552N F-150 [15-20],maint,Maintenance Contract Inquiry,226.38,10,5,5722.63,572.27,50.0,7260.71
12508,CD533N MKZ [13-20],6009,Engine Long Block Replacement,4423.4,13,6,5715.35,439.64,46.2,60978.98
55333,U540N MKX [16-23],4000,Rear Drive Unit (RDU) Internal Damage,1921.93,17,8,5713.89,336.11,47.1,33622.69
7266,C520N ESCAPE [13-19],5A969,Rear Suspension Component Replacement,1303.14,16,8,5713.03,357.06,50.0,23969.71
6683,C520N ESCAPE [13-19],19B555,HVAC Climate Control Housing/Evaporator Repair,1862.96,20,10,5700.26,285.02,50.0,40087.34
65123,U625N EXPLORER [20-27],19D701,A/C Compressor Replacement,517.38,15,7,5689.92,379.32,46.7,12514.02
19623,CX482N ESCAPE [20-26],maint,"Scheduled Maintenance (LOF, MPI, Tire Rotation)",85.47,66,33,5688.75,86.19,50.0,10485.69
31772,P552N F-150 [15-20],3049,Control Arm/Multiple Steering & Suspension Component Replacement,1309.79,15,7,5686.2,379.08,46.7,21372.42
66899,U625N EXPLORER [20-27],7A103,Transmission Internal Component Repair or Replacement,4545.26,14,7,5680.16,405.72,50.0,61644.3
3680,C346N FOCUS [12-18],6C348,Engine Long Block and Turbocharger Replacement,4048.24,12,6,5678.3,473.19,50.0,51420.65
1608,B515A ECOSPORT INDIA [13-22],7902,Transmission Overhaul/Replacement,3169.93,12,6,5677.87,473.15,50.0,40251.46
30816,P552N F-150 [15-20],18476,Heater Core Service,1731.91,11,5,5670.38,515.49,45.5,21805.62
58387,U553N EXPEDITION [18-24],6256,Engine Long Block Replacement,9762.02,14,7,5668.69,404.9,50.0,127720.5
70752,V363N TRANSIT [14-27],9034,Fuel Filler Neck/Pipe Replacement,648.94,15,7,5651.16,376.74,46.7,14242.8
65711,U625N EXPLORER [20-27],4220,Rear Differential Assembly Replacement,1936.72,13,6,5648.93,434.54,46.2,29477.02
1612,B515A ECOSPORT INDIA [13-22],7902,Torque Converter Replacement,3815.18,11,5,5647.67,513.42,45.5,40395.92
11518,CD391N FUSION [13-20],9D289,EVAP Tube Assembly Replacement,600.36,18,9,5631.51,312.86,50.0,15490.48
33260,P552N F-150 [15-20],6510,Cylinder Head Replacement for Oil Consumption,4793.85,11,5,5626.71,511.52,45.5,55434.99
51466,U502N EXPLORER [11-19],19712,A/C Condenser Replacement,1001.13,20,10,5614.68,280.73,50.0,24106.03
31322,P552N F-150 [15-20],19e616,HVAC System Repair,652.81,14,7,5610.28,400.74,50.0,13289.65
60784,U554N NAVIGATOR [18-24],16A507,Prior Approval Exemption Processing,1280.02,11,5,5609.97,510.0,45.5,17346.8
45911,S550N MUSTANG [15-23],10849,Instrument Cluster Replacement,1387.98,23,11,5607.58,243.81,47.8,35476.13
33496,P552N F-150 [15-20],6750,Engine Oil Consumption Repair (TSB 19-2365),435.81,10,5,5605.49,560.55,50.0,9650.04
66933,U625N EXPLORER [20-27],7A195,Transfer Case Replacement,1720.4,15,7,5604.94,373.66,46.7,28584.61
67882,U625N EXPLORER [20-27],MAINT,Scheduled Maintenance Service,91.8,24,12,5604.91,233.54,50.0,7614.85
22567,D471N FLEX [09-19],6700,Engine Front/Timing Cover Reseal,1334.93,14,7,5602.62,400.19,50.0,23622.52
5060,C489N MKC [15-19],6049,Engine Replacement for Coolant Intrusion,5850.06,12,4,5597.81,466.48,33.3,68427.77
32268,P552N F-150 [15-20],4220,Differential Noise or Vibration Repair,1981.3,12,6,5592.77,466.06,50.0,26414.41
71619,V408E TRANSIT CONNECT [13-24],7A130,Transmission Assembly Replacement,3268.7,13,6,5578.23,429.1,46.2,44116.11
39198,P558N SUPER DUTY [17-22],3E651,Prior Approval Exemption Documentation,542.75,12,6,5573.65,464.47,50.0,9828.35
52119,U502N EXPLORER [11-19],4R602,Driveshaft Replacement,1126.75,10,5,5556.08,555.61,50.0,15381.63
54474,U502N EXPLORER [11-19],misc,Customer Service Inquiry Resolution,720.33,15,7,5550.9,370.06,46.7,13374.17
38289,P558N SUPER DUTY [17-22],19850,A/C Evaporator Housing Assembly Component Replacement,1488.01,18,9,5545.63,308.09,50.0,28544.35
49235,U222N EXPEDITION [02-17],7G276,Transmission Lead Frame Replacement,980.92,14,7,5542.22,395.88,50.0,17100.84
11268,CD391N FUSION [13-20],7P155,Gear Shift Module Malfunction,596.95,11,5,5541.21,503.74,45.5,11632.0
32358,P552N F-150 [15-20],4630,Repair of Causal Part 4630 with Prior Approval Exemption,955.01,12,6,5539.76,461.65,50.0,15885.25
47772,S550N MUSTANG [15-23],9424,Intake Manifold Replacement,1031.13,22,11,5527.19,251.24,50.0,24815.41
34234,P552N F-150 [15-20],7210,Shifter Assembly Replacement,1004.36,10,5,5527.04,552.7,50.0,13492.42
54596,U540N MKX [16-23],13008,Headlamp Assembly Replacement,1289.36,15,7,5526.43,368.43,46.7,20856.16
47468,S550N MUSTANG [15-23],7902,Transmission Internal Component Repair or Assembly Replacement,4126.83,11,5,5502.04,500.18,45.5,46034.73
14638,CD539N EDGE [15-24],6009,Engine Short Block Replacement,4484.91,21,10,5498.59,261.84,47.6,93450.41
59388,U553N EXPEDITION [18-24],7H351,Transmission Internal Component Overhaul,3068.95,13,6,5497.53,422.89,46.2,40128.57
5140,C489N MKC [15-19],6584,Engine Cover Oil Leak Repair,1373.16,11,5,5485.33,498.67,45.5,18077.25
55329,U540N MKX [16-23],4000,Rear Drive Unit Replacement,3099.19,12,6,5476.04,456.34,50.0,39190.87
22138,D471N FLEX [09-19],17683,Exterior Mirror Assembly Replacement,488.56,17,8,5460.05,321.18,47.1,13143.68
37904,P558N SUPER DUTY [17-22],1651070,Warranty Service for 1651070,1133.2,11,5,5448.32,495.3,45.5,16759.77
46335,S550N MUSTANG [15-23],19703,A/C Compressor Replacement,1338.23,12,6,5444.52,453.71,50.0,20399.62
33170,P552N F-150 [15-20],6335,Rear Crankshaft Main Seal Replacement,1339.81,14,7,5443.18,388.8,50.0,21453.7
3705,C346N FOCUS [12-18],6K682,Engine Long Block and Turbocharger Replacement,1939.52,10,5,5439.92,543.99,50.0,22812.97
15322,CD539N EDGE [15-24],7A248,Transmission Repair or Replacement,1908.68,11,5,5435.31,494.12,45.5,23355.55
1638,B515A ECOSPORT INDIA [13-22],7A103,Transmission Internal Failure,4951.79,14,7,5429.5,387.82,50.0,66449.47
30645,P552N F-150 [15-20],17508,Extensive Wiper System Assembly Replacement,390.58,12,6,5428.98,452.41,50.0,9634.26
71605,V408E TRANSIT CONNECT [13-24],7A103,Transmission Overhaul,3105.06,16,8,5427.35,339.21,50.0,50916.68
16399,CD539N EDGE [15-24],tire,Tire Replacement,313.31,39,19,5420.75,138.99,48.7,15302.74
23679,D544N CONTINENTAL [17-20],3079,Lower Control Arm Replacement,1130.64,10,5,5404.75,540.48,50.0,15030.04
19916,CX483N CORSAIR [20-26],4000,Rear Differential Unit Replacement,3802.36,10,5,5402.9,540.29,50.0,37576.51
60018,U553N EXPEDITION [18-24],MAINT,Scheduled Maintenance Service,88.1,46,23,5379.72,116.95,50.0,8864.92
5974,C520N ESCAPE [13-19],1104,Rear Wheel Hub/Bearing Replacement,716.33,15,7,5377.34,358.49,46.7,15208.33
51631,U502N EXPLORER [11-19],19D786,A/C Compressor System Repair,776.95,13,6,5363.66,412.59,46.2,14533.73
16458,CX430N C-SUV [21-27],10346,Alternator Replacement,1157.22,15,7,5359.05,357.27,46.7,20047.4
39564,P558N SUPER DUTY [17-22],5F250,Catalytic Converter Replacement,898.68,10,5,5349.63,534.96,50.0,12027.8
53102,U502N EXPLORER [11-19],7153,Transmission Assembly Replacement,2579.56,10,5,5342.19,534.22,50.0,29699.36
71016,V363N TRANSIT [14-27],keysvc,Key Replacement and Programming,211.65,32,16,5328.4,166.51,50.0,11648.89
11203,CD391N FUSION [13-20],7H348,Transmission External Fluid Leak Repair,3048.96,10,5,5328.26,532.83,50.0,31071.58
61656,U554N NAVIGATOR [18-24],6256,Prior Approval Exemption Processing,1676.58,10,5,5313.34,531.34,50.0,20354.0
59383,U553N EXPEDITION [18-24],7G484,Transmission Park Lock Actuator Replacement,1104.34,10,5,5306.97,530.69,50.0,14225.71
7260,C520N ESCAPE [13-19],5A969,Rear Suspension Component Replacement,1252.56,24,12,5299.22,220.8,50.0,31677.92
58625,U553N EXPEDITION [18-24],6C525,VCT Phaser Replacement,1861.22,12,6,5276.8,439.73,50.0,26605.52
38441,P558N SUPER DUTY [17-22],19N550,Prior Approval Exemption Processing,872.49,12,6,5276.11,439.67,50.0,13857.81
51154,U502N EXPLORER [11-19],15790,Sunroof Motor Replacement,759.82,12,6,5276.1,439.67,50.0,13446.61
6331,C520N ESCAPE [13-19],14G371,APIM Replacement,451.12,15,7,5265.13,351.01,46.7,10249.46
65778,U625N EXPLORER [20-27],4A015,Front Axle Seal Leak or Speed Sensor Failure,1819.73,11,5,5255.64,477.79,45.5,22467.63
54511,U540N MKX [16-23],10849,IPC Replacement for Battery Drain,1511.6,11,5,5253.79,477.62,45.5,20594.13
67304,U625N EXPLORER [20-27],7Z490,Transmission Assembly Replacement,2238.32,11,5,5246.69,476.97,45.5,28708.78
54850,U540N MKX [16-23],15604,Body Control Module Replacement,1064.4,13,6,5236.53,402.81,46.2,17242.51
12684,CD533N MKZ [13-20],7251,PTU Internal Failure,2093.98,12,6,5235.75,436.31,50.0,27927.85
10580,CD391N FUSION [13-20],6375,Transmission Overhaul/Replacement,3276.53,10,5,5214.84,521.49,50.0,34496.97
71492,V408E TRANSIT CONNECT [13-24],6700,Timing Cover Reseal,1127.27,10,5,5185.51,518.55,50.0,14762.43
31843,P552N F-150 [15-20],3215,Front Differential/Axle Repair or Replacement,1838.83,10,5,5172.4,517.24,50.0,21931.68
54965,U540N MKX [16-23],18124,Front Strut Assembly Replacement (Both),1051.84,14,7,5172.39,369.45,50.0,18555.82
50001,U228N NAVIGATOR [03-17],6019,Timing Cover Replacement (Extensive),1983.4,14,6,5170.36,369.31,42.9,30874.01
64300,U625N EXPLORER [20-27],13405,Tail Lamp Assembly Replacement,614.0,26,13,5168.49,198.79,50.0,17689.69
8754,C520N ESCAPE [13-19],8501,Prior Approval for Component Repair,854.91,20,10,5158.35,257.92,50.0,20449.35
13859,CD539N EDGE [15-24],19850,Evaporator Core Replacement,1519.62,15,7,5152.41,343.5,46.7,25667.13
69243,V363N TRANSIT [14-27],19850,A/C Evaporator Core Replacement,1591.12,12,6,5146.77,428.9,50.0,22029.22
8533,C520N ESCAPE [13-19],7G391,Comprehensive Transmission Overhaul,2503.67,11,5,5145.13,467.74,45.5,31142.94
46374,S550N MUSTANG [15-23],19860,Evaporator Core Replacement,1051.07,37,18,5121.58,138.42,48.6,41315.18
14308,CD539N EDGE [15-24],4000,Rental/Loaner Expense,1830.73,17,8,5119.65,301.15,47.1,30264.26
67040,U625N EXPLORER [20-27],7B215,Transfer Case Seal Leak Repair,1587.14,14,7,5118.54,365.61,50.0,21702.77
37399,P558N SUPER DUTY [17-22],14A067,Fuel Pump Electrical Control System Repair,1299.75,12,6,5117.66,426.47,50.0,19090.93
1180,B515A ECOSPORT INDIA [13-22],5G232,Complete Exhaust Manifold Assembly Replacement (High Cost),1260.51,11,5,5111.67,464.7,45.5,17930.46
51301,U502N EXPLORER [11-19],18124,Front Strut Assembly Replacement,905.52,21,10,5106.77,243.18,47.6,20197.91
11215,CD391N FUSION [13-20],7H351,Transmission Overhaul for Internal Failure,3435.02,10,5,5105.92,510.6,50.0,34872.87
14389,CD539N EDGE [15-24],4C210,RDU Actuator Motor Replacement,800.07,33,16,5099.35,154.52,48.5,28720.76
28974,P473N SUPER DUTY [11-16],9H529,Replace All Fuel Injectors,4017.47,19,9,5088.07,267.79,47.4,74371.62
33439,P552N F-150 [15-20],6700,Engine Oil Leak - Major Repair/Replacement,2288.2,10,5,5085.3,508.53,50.0,25263.64
39157,P558N SUPER DUTY [17-22],3B396,Prior Approval Exemption,414.95,12,6,5078.26,423.19,50.0,9384.31
69302,V363N TRANSIT [14-27],19C734,Evaporator Case/Housing Replacement,1891.32,25,12,5061.92,202.48,48.0,46915.15
43380,P702N F150 [21-27],19D786,A/C Compressor Clutch/Field Coil Repair,481.93,19,9,5056.23,266.12,47.4,13635.88
63235,U611N AVIATOR [20-27],3A428,Front Axle Shaft Replacement,1412.43,12,6,5055.82,421.32,50.0,18394.38
38799,P558N SUPER DUTY [17-22],2C215,ABS Module/HCU Replacement,1747.04,11,5,5044.71,458.61,45.5,22096.04
34214,P552N F-150 [15-20],7153,Transmission Overhaul/Major Repair,3254.46,15,7,5042.82,336.19,46.7,48264.25
50494,U502N EXPLORER [11-19],10346,Alternator Replacement,834.5,11,5,5032.72,457.52,45.5,13805.34
44239,P702N F150 [21-27],6K682,Turbocharger Assembly Replacement,2296.55,13,6,5020.42,386.18,46.2,31794.98
5648,C489N MKC [15-19],KEYSVC,Lost/Damaged Key Fob Replacement,260.55,24,12,5018.17,209.09,50.0,10700.2
49007,U222N EXPEDITION [02-17],6C525,Camshaft Phaser Replacement,2344.0,12,6,5013.8,417.81,50.0,30984.23
53109,U502N EXPLORER [11-19],7153,Transmission Overhaul,3725.85,16,8,5013.39,313.34,50.0,58602.5
63222,U611N AVIATOR [20-27],3A427,Front CV Axle Assembly Replacement,1562.03,11,5,5010.29,455.48,45.5,19741.91
16064,CD539N EDGE [15-24],9F464,EGR Cooler Replacement,734.43,13,6,5002.44,384.81,46.2,13861.91
25825,P131N STRIPPED CHASSIS [99-26],6500,Major Engine Component Replacement,7355.86,12,6,4985.93,415.49,50.0,86856.5
27928,P473N SUPER DUTY [11-16],2B120,Brake Caliper Replacement,860.49,11,5,4961.16,451.02,45.5,13190.32
57110,U553N EXPEDITION [18-24],16A507,Repair requiring prior approval exemption,909.17,20,10,4960.93,248.05,50.0,19709.05
63300,U611N AVIATOR [20-27],3K186,Steering Knuckle Assembly Replacement,1398.97,17,8,4957.12,291.6,47.1,25887.41
50165,U228N NAVIGATOR [03-17],7902,Transmission Internal Failure/Wear,4993.59,14,7,4953.51,353.82,50.0,70723.64
46355,S550N MUSTANG [15-23],19850,A/C Evaporator Core Replacement,2068.27,23,11,4935.04,214.57,47.8,47413.08
26439,P375N RANGER [19-23],19B555,Evaporator Case Leak & Water Damage Repair,2284.62,10,5,4932.39,493.24,50.0,26501.01
32740,P552N F-150 [15-20],6009,Engine/Short Block Replacement,7976.06,12,6,4922.56,410.21,50.0,94171.32
53976,U502N EXPLORER [11-19],8501,AC Compressor Replacement (often with Water Pump),1919.34,21,10,4920.48,234.31,47.6,42185.83
42557,P702N F150 [21-27],14529,Power Window Electrical System Repair,502.3,10,5,4917.35,491.73,50.0,9061.56
14258,CD539N EDGE [15-24],3B437,Front Axle Noise/Damage Repair,847.95,13,6,4913.0,377.93,46.2,13635.25
15311,CD539N EDGE [15-24],7A130,Transmission Replacement,4058.64,10,4,4900.46,490.05,40.0,42701.57
32231,P552N F-150 [15-20],4209,Complete Differential Assembly Replacement,1773.98,13,6,4895.84,376.61,46.2,25755.55
10152,CD391N FUSION [13-20],3B436,Front Axle Assembly Replacement,684.45,15,7,4882.71,325.51,46.7,14291.01
13049,CD533N MKZ [13-20],keysvc,Key/Fob Replacement and Programming,242.41,24,12,4880.92,203.37,50.0,10242.22
70737,V363N TRANSIT [14-27],8c607,Repair of Part 8c607 with Prior Approval Exemption,719.37,10,5,4877.35,487.74,50.0,11284.72
24909,H567N MEDIUM TRUCK [16-27],7A248,Torque Converter Leak/Fault,1656.86,10,5,4860.79,486.08,50.0,20478.77
29423,P552N F-150 [15-20],12B565,Transmission Control Module (TCM) Replacement,1095.96,12,6,4860.42,405.03,50.0,15460.53
51962,U502N EXPLORER [11-19],3B436,Axle Assembly Replacement,786.85,16,8,4852.75,303.29,50.0,16493.86
28388,P473N SUPER DUTY [11-16],6375,Starter Motor and Flex Plate Replacement,1256.19,18,9,4851.84,269.55,50.0,24695.75
23782,D544N CONTINENTAL [17-20],5422404,Exterior Door Handle Replacement,1998.24,11,5,4820.89,438.26,45.5,21531.16
42306,P702N F150 [21-27],11A213,BISG Replacement,1046.28,13,6,4816.73,370.52,46.2,17345.93
71336,V408E TRANSIT CONNECT [13-24],2C405,Hydraulic Control Unit (HCU) Replacement,1295.42,17,8,4811.37,283.02,47.1,24751.78
31297,P552N F-150 [15-20],19V649,AC Compressor/Clutch Repair,627.49,19,9,4803.98,252.84,47.4,15360.49
44376,P702N F150 [21-27],7902,Transmission Assembly Replacement,4173.9,10,5,4786.15,478.61,50.0,41396.48
49830,U228N NAVIGATOR [03-17],19G490,Rear View Camera Replacement,801.24,10,5,4779.31,477.93,50.0,11029.87
6682,C520N ESCAPE [13-19],19B555,HVAC Door/Housing Replacement,1654.6,24,12,4759.57,198.32,50.0,41304.24
28246,P473N SUPER DUTY [11-16],5J281,DEF Reductant Injector Malfunction,655.85,13,6,4754.98,365.76,46.2,12148.43
33836,P552N F-150 [15-20],6K682,Extensive Turbocharger & Manifold Repair,1909.25,10,5,4742.54,474.25,50.0,21290.35
3714,C346N FOCUS [12-18],6K682,Turbocharger Replacement,3522.67,11,5,4736.31,430.58,45.5,38076.07
26605,P375N RANGER [19-23],3504,Steering Gear/Rack Replacement,1677.47,19,9,4732.19,249.06,47.4,34363.64
31055,P552N F-150 [15-20],19849,A/C TXV Replacement,771.79,10,5,4720.79,472.08,50.0,11335.8
32758,P552N F-150 [15-20],6019,Prior Approval Exemption Processing,1403.96,16,8,4720.26,295.02,50.0,25604.82
43395,P702N F150 [21-27],19E616,HVAC Actuator Replacement,697.52,14,7,4708.52,336.32,50.0,13702.55
30674,P552N F-150 [15-20],17566,Wiper Linkage Assembly Replacement,634.31,10,5,4704.18,470.41,50.0,10096.93
21546,D258N TAURUS [10-19],7G384,Transmission Overhaul,2539.51,11,5,4699.51,427.23,45.5,30792.94
37786,P558N SUPER DUTY [17-22],1565500,Multi-contour Seat System Component Replacement,759.5,11,5,4691.42,426.49,45.5,11006.74
66950,U625N EXPLORER [20-27],7A195,Transfer Case Replacement,1741.21,13,6,4689.53,360.73,46.2,25705.5
22455,D471N FLEX [09-19],5B759,Extensive Rear Suspension Overhaul,2028.34,10,5,4689.51,468.95,50.0,23605.34
48357,U222N EXPEDITION [02-17],17508,Wiper Motor Replacement,596.16,13,6,4688.77,360.68,46.2,11252.94
14723,CD539N EDGE [15-24],6079,Engine Long Block Replacement - Coolant Intrusion,4871.18,11,5,4686.37,426.04,45.5,54796.81
17628,CX482N ESCAPE [20-26],13405,Rear Tail Lamp Assembly Repair,602.49,20,10,4683.29,234.16,50.0,14287.28
8204,C520N ESCAPE [13-19],7902,Parts Procurement Payment Processing,2089.0,11,4,4677.59,425.24,36.4,26927.19
46619,S550N MUSTANG [15-23],4000,Rear Differential Noise Repair/Replacement,2102.17,12,6,4673.54,389.46,50.0,27462.81
15026,CD539N EDGE [15-24],6K682,Turbocharger Replacement,1801.04,10,5,4665.9,466.59,50.0,21491.44
31540,P552N F-150 [15-20],2A451,Vacuum Pump Leak/Failure,1081.1,11,5,4663.88,423.99,45.5,14119.82
29970,P552N F-150 [15-20],14G229,TCU Replacement,576.58,19,9,4651.16,244.8,47.4,12992.98
42800,P702N F150 [21-27],14g670,APIM/Module Software Update,1058.2,10,4,4649.35,464.93,40.0,12802.27
8602,C520N ESCAPE [13-19],7L328,Transmission Repair/Replacement,3414.41,13,6,4646.89,357.45,46.2,43328.39
7343,C520N ESCAPE [13-19],6009,Engine Replacement - Coolant Intrusion,4716.67,13,6,4638.05,356.77,46.2,56928.05
8326,C520N ESCAPE [13-19],7A262,Transmission Overhaul,2994.88,10,5,4626.94,462.69,50.0,30860.54
27525,P473N SUPER DUTY [11-16],1104,Front Wheel Bearing/Hub Assembly Replacement,1208.96,14,7,4566.42,326.18,50.0,19255.03
61833,U554N NAVIGATOR [18-24],6M280,VCT Solenoid Replacement,1065.16,11,5,4563.05,414.82,45.5,14067.82
5090,C489N MKC [15-19],6079,Engine Coolant Intrusion Repair,4227.43,10,5,4562.41,456.24,50.0,43390.92
44109,P702N F150 [21-27],6256,Comprehensive Cam Phaser/Timing System Replacement,3338.55,10,5,4560.13,456.01,50.0,35544.54
47900,S550N MUSTANG [15-23],9G297,EVAP Purge Valve/VMV Replacement,339.51,13,6,4543.98,349.53,46.2,8143.62
26657,P375N RANGER [19-23],4221,Rear Differential Internal Repair,1594.56,12,6,4535.68,377.98,50.0,22426.62
38984,P558N SUPER DUTY [17-22],3249,Front Axle U-Joint/Wheel Bearing/Hub Replacement,1959.65,12,6,4535.63,377.97,50.0,26392.43
21026,D258N TAURUS [10-19],18124,Front Strut/Assembly Replacement,704.08,10,5,4510.6,451.06,50.0,11058.07
36380,P552N F-150 [15-20],9c915,EVAP System Major Component Replacement,281.93,23,11,4486.2,195.05,47.8,10202.56
424,B299N FIESTA MCA [13-19],7A564,Clutch System Repair,1823.06,11,5,4471.72,406.52,45.5,20893.03
29322,P552N F-150 [15-20],1225,Front Wheel Hub/Bearing and IWE Actuator Replacement,863.09,10,5,4463.03,446.31,50.0,11289.28
55215,U540N MKX [16-23],2B713,Parking Brake Actuator and Harness Replacement,418.58,12,6,4455.7,371.31,50.0,8933.53
37757,P558N SUPER DUTY [17-22],15604,Prior Approval Exemption Processing,527.58,10,5,4451.75,445.18,50.0,8783.96
1529,B515A ECOSPORT INDIA [13-22],6c348,Engine Long Block/Assembly Replacement,3863.37,12,6,4447.67,370.64,50.0,49370.4
4574,C489N MKC [15-19],18124,Front Strut Assembly Replacement,1466.23,18,9,4408.42,244.91,50.0,27633.59
28330,P473N SUPER DUTY [11-16],6020,Engine Oil Leak Repair,2459.75,11,5,4402.74,400.25,45.5,29575.31
51475,U502N EXPLORER [11-19],19712,A/C Condenser Replacement,975.83,20,10,4393.79,219.69,50.0,22198.15
64032,U611N AVIATOR [20-27],maint,Routine Scheduled Maintenance,101.47,37,18,4362.16,117.9,48.6,7547.13
3434,C346N FOCUS [12-18],6006,Engine Long Block and Turbocharger Replacement,4127.36,10,5,4349.82,434.98,50.0,42457.91
66713,U625N EXPLORER [20-27],78519A02,Sunroof Sunshade Assembly Replacement,1532.86,12,6,4346.28,362.19,50.0,20506.59
40203,P558N SUPER DUTY [17-22],6840,Engine Oil Pan Gasket Leak,2147.08,10,5,4333.05,433.3,50.0,20986.71
7713,C520N ESCAPE [13-19],6600,Long Block Replacement,6310.26,16,8,4332.15,270.76,50.0,93642.14
10661,CD391N FUSION [13-20],6701,Engine Rear Main Seal Replacement,1253.82,13,6,4328.38,332.96,46.2,18254.23
39682,P558N SUPER DUTY [17-22],5L248,Prior Approval Exemption Notification,649.12,14,6,4326.19,309.01,42.9,11511.7
8313,C520N ESCAPE [13-19],7A248,Transmission Seal Leak,1490.56,15,7,4322.97,288.2,46.7,24303.93
8180,C520N ESCAPE [13-19],78611B09,Driver's Seat Belt Retractor Replacement,622.34,12,6,4320.03,360.0,50.0,10489.55
32866,P552N F-150 [15-20],6057,Engine Long Block Replacement for Internal Failure,8618.5,10,5,4301.17,430.12,50.0,83897.25
3332,C346N FOCUS [12-18],3504,Steering Rack/PSCM Replacement,1735.5,11,5,4294.08,390.37,45.5,22651.5
35984,P552N F-150 [15-20],9D290,Engine Oil Pressure Sensor Replacement,580.27,14,7,4275.18,305.37,50.0,11356.02
2735,C346E FOCUS MCA [14-19],6019,Engine Front Cover Reseal,916.92,10,5,4267.48,426.75,50.0,12777.29
10473,CD391N FUSION [13-20],6148,Engine Long Block Replacement,7023.26,15,7,4254.17,283.61,46.7,88703.57
15217,CD539N EDGE [15-24],7902,Transmission Assembly Replacement,1291.73,13,6,4237.48,325.96,46.2,20406.32
8121,C520N ESCAPE [13-19],7443150,Prior Approval Exemption Processing,392.46,10,5,4225.03,422.5,50.0,7630.99
4883,C489N MKC [15-19],3C529,Steering Column/Gear Adjustment Inoperative,1272.13,11,5,4224.01,384.0,45.5,16326.73
54383,U502N EXPLORER [11-19],KEYSVC,Key Replacement and Programming,225.61,14,7,4220.56,301.47,50.0,7130.55
13885,CD539N EDGE [15-24],19B555,Comprehensive HVAC Case Assembly Replacement (Evaporator & Heater Core),2110.49,13,6,4195.56,322.74,46.2,29842.62
64605,U625N EXPLORER [20-27],14G371,APIM System Repair,790.82,16,8,4194.46,262.16,50.0,14708.83
5234,C489N MKC [15-19],7251,PTU Replacement,1480.96,15,7,4190.4,279.36,46.7,25179.32
7206,C520N ESCAPE [13-19],5500,Rear Suspension Component Replacement,827.72,20,10,4184.73,209.24,50.0,18039.48
47267,S550N MUSTANG [15-23],7003,Transmission Replacement,4375.84,11,5,4182.43,380.22,45.5,43190.07
51458,U502N EXPLORER [11-19],19703,A/C Compressor Replacement,984.2,14,7,4176.32,298.31,50.0,16786.55
26337,P375N RANGER [19-23],18478,HVAC Module Component Repair,933.63,30,15,4174.0,139.14,50.0,29684.82
21667,D258N TAURUS [10-19],9H307,Complex Fuel Pump Replacement,723.66,13,6,4173.8,321.07,46.2,12831.32
3242,C346N FOCUS [12-18],19G490,Rear Parking Aid Camera System Repair (with FCDIM/Wiring),445.16,11,5,4162.67,378.43,45.5,8301.52
6896,C520N ESCAPE [13-19],2V200,Rear Brake Service (Pads and/or Rotors),407.14,56,28,4152.52,74.15,50.0,24853.96
24105,D544N CONTINENTAL [17-20],9661711,Driver's Seat Track Replacement,1915.96,10,5,4151.93,415.19,50.0,20580.92
9590,CD391N FUSION [13-20],14G371,APIM/SYNC System Malfunction,865.51,11,5,4134.21,375.83,45.5,12039.13
48935,U222N EXPEDITION [02-17],6335,Crankshaft Rear Main Seal Replacement,2171.66,10,5,4118.55,411.85,50.0,23381.38
57133,U553N EXPEDITION [18-24],16a507,Prior Approval Exemption Processing,609.04,14,6,4107.82,293.42,42.9,11354.87
65248,U625N EXPLORER [20-27],2005,Dual Brake Module Replacement,1516.48,10,5,4102.18,410.22,50.0,18043.53
65245,U625N EXPLORER [20-27],2005,Electronic Brake Booster Replacement,1314.66,15,7,4101.06,273.4,46.7,20985.18
23321,D544N CONTINENTAL [17-20],10346,Alternator Replacement,1239.66,14,7,4098.32,292.74,50.0,19331.92
24441,ECONOLINE [97-27],7902,Transmission Assembly Replacement,7062.15,13,6,4094.22,314.94,46.2,87488.62
28899,P473N SUPER DUTY [11-16],9D378,NOx Sensor Replacement,746.91,11,5,4071.16,370.1,45.5,11536.15
19657,CX482N ESCAPE [20-26],tire,Tire Replacement,215.67,33,16,4065.13,123.18,48.5,10401.01
15725,CD539N EDGE [15-24],7a103,Transmission Internal Failure Repair/Replacement,4371.96,13,6,4062.17,312.47,46.2,55313.01
20144,CX483N CORSAIR [20-26],KEYSVC,All Key Fobs Lost & System Reset,261.81,21,10,4051.13,192.91,47.6,9059.84
59640,U553N EXPEDITION [18-24],8501,Water Pump/Gasket Replacement for Coolant Leak,829.47,12,6,4045.62,337.14,50.0,12487.49
53965,U502N EXPLORER [11-19],8501,Water Pump and Drive System Component Replacement,1467.45,19,9,4029.46,212.08,47.4,30233.13
31574,P552N F-150 [15-20],2B121,Brake Caliper Replacement,423.42,15,7,4016.67,267.78,46.7,9321.91
13491,CD539N EDGE [15-24],14G371,APIM Malfunction Repair,623.25,17,8,4013.44,236.08,47.1,12952.49
67046,U625N EXPLORER [20-27],7B215,PTU/Transfer Case Seal Leak Repair,1332.44,13,6,4008.78,308.37,46.2,18411.35
48144,U222N EXPEDITION [02-17],1104,Front Wheel Hub/Bearing Replacement,707.66,13,6,4005.11,308.08,46.2,12517.41
68243,U725N BRONCO [21-26],2005,Electronic Brake Booster Replacement,1681.11,12,6,4003.47,333.63,50.0,21381.4
16849,CX430N C-SUV [21-27],4000,Rear Drive Unit Replacement,2765.49,18,9,4001.29,222.3,50.0,50405.93
20865,CX727N MACH-E [21-26],tire,Tire Replacement,692.4,14,7,3999.25,285.66,50.0,11879.81
24750,H567N MEDIUM TRUCK [16-27],6049,Cylinder Head Replacement,3583.3,12,6,3988.61,332.38,50.0,43207.06
12397,CD533N MKZ [13-20],54402A34,Rear Sunshade Assembly Replacement,1378.85,16,8,3974.59,248.41,50.0,24145.06
4439,C489N MKC [15-19],14B351,Power Liftgate Malfunction,611.17,10,5,3974.38,397.44,50.0,9408.86
45132,P702N F150 [21-27],tire,Multiple Tire Replacement,246.98,35,17,3968.51,113.39,48.6,11528.2
26435,P375N RANGER [19-23],19B555,HVAC System Component Replacement,1961.21,12,6,3962.93,330.24,50.0,22734.04
48686,U222N EXPEDITION [02-17],3222,Front Differential Overhaul,1979.44,10,5,3960.51,396.05,50.0,21064.39
21459,D258N TAURUS [10-19],7005,Transmission Case Reseal,1841.85,10,5,3958.88,395.89,50.0,20756.01
20570,CX727N MACH-E [21-26],19H405,Electronic Control Module Malfunction,2415.66,10,5,3955.3,395.53,50.0,25163.29
30341,P552N F-150 [15-20],15K601,15K601 Diagnostic/Minor Service,218.73,13,6,3949.36,303.79,46.2,6570.99
39622,P558N SUPER DUTY [17-22],5J250,DEF Reductant Tank Assembly Replacement,953.42,18,9,3946.58,219.26,50.0,19530.42
3711,C346N FOCUS [12-18],6K682,Engine Long Block and Turbocharger Replacement,4027.52,13,6,3945.72,303.52,46.2,53692.06
64914,U625N EXPLORER [20-27],18476,Prior Approval Exemption Processing,764.19,21,10,3943.66,187.8,47.6,17904.92
26586,P375N RANGER [19-23],3078,Front Suspension Ball Joint and/or Tie Rod Replacement,1152.76,20,10,3931.62,196.58,50.0,23240.46
40154,P558N SUPER DUTY [17-22],6701,Rear Main Seal Replacement,1940.2,11,5,3931.37,357.4,45.5,23071.91
56047,U540N MKX [16-23],8005,Radiator Assembly Replacement,1284.06,10,5,3923.23,392.32,50.0,15890.13
15185,CD539N EDGE [15-24],7443150,Liftgate Latch System Repair,693.69,15,7,3917.99,261.2,46.7,12791.92
70490,V363N TRANSIT [14-27],7G276,Transmission Lead Frame and Control Arm Replacement,2195.74,22,11,3916.08,178.0,50.0,48339.26
55074,U540N MKX [16-23],19712,AC Condenser Replacement,1478.55,13,6,3911.85,300.91,46.2,21019.84
27096,P375N RANGER [19-23],7h351,Transmission Overhaul/Major Internal Repair,3801.86,14,7,3911.71,279.41,50.0,52651.39
31033,P552N F-150 [15-20],19788,Climate Control Blend Door Repair,885.62,10,5,3899.99,390.0,50.0,11281.57
31650,P552N F-150 [15-20],2C215,Hydraulic Control Unit (HCU) Replacement,1554.02,10,5,3898.49,389.85,50.0,17441.45
19565,CX482N ESCAPE [20-26],Maint,Scheduled Maintenance Service,136.65,35,17,3893.15,111.23,48.6,7716.63
33913,P552N F-150 [15-20],6M280,VCT System Component Replacement,557.48,14,7,3891.51,277.96,50.0,11036.99
55478,U540N MKX [16-23],58519A02,Sunshade Assembly Replacement,972.38,11,4,3881.7,352.88,36.4,13762.18
51478,U502N EXPLORER [11-19],19712,A/C Condenser Replacement,1154.32,15,7,3875.99,258.4,46.7,19750.65
43955,P702N F150 [21-27],5560,Rear Leaf Spring Replacement,1332.52,18,9,3870.87,215.05,50.0,23499.98
35130,P552N F-150 [15-20],7P086,Auxiliary Transmission Fluid Pump Replacement,1016.45,16,8,3859.46,241.22,50.0,18840.55
43287,P702N F150 [21-27],19703,A/C System Contamination Repair,1132.27,11,5,3842.29,349.3,45.5,14199.75
18360,CX482N ESCAPE [20-26],4C210,RDU Actuator Motor/AWD Module Replacement,1192.26,20,10,3840.49,192.03,50.0,25678.28
35145,P552N F-150 [15-20],7R081,Transmission Oil Cooler/Lines Replacement,947.4,10,5,3838.5,383.85,50.0,12217.35
19181,CX482N ESCAPE [20-26],7P238,AWD Module Replacement,407.06,41,20,3837.81,93.6,48.8,18696.31
7622,C520N ESCAPE [13-19],6375,Prior Approval Exemption Processing,1080.55,15,7,3834.6,255.64,46.7,18155.45
18361,CX482N ESCAPE [20-26],4C210,RDU Assembly Replacement,1154.5,24,12,3823.55,159.31,50.0,29749.16
10066,CD391N FUSION [13-20],2V200,Rear Brake Service,334.27,19,9,3822.98,201.21,47.4,9575.63
32049,P552N F-150 [15-20],3F791,Repair of Causal Part 3F791,484.3,11,5,3816.6,346.97,45.5,8650.02
39004,P558N SUPER DUTY [17-22],3254,Front Vacuum Seal / IWE Actuator Repair,1086.54,15,7,3812.13,254.14,46.7,18641.48
51698,U502N EXPLORER [11-19],19e616,HVAC Actuator Replacement,1209.51,11,5,3809.65,346.33,45.5,14264.42
25755,P131N STRIPPED CHASSIS [99-26],4200,Rear Differential Assembly Replacement,3773.49,10,5,3804.76,380.47,50.0,37796.87
50405,U387/388N EDGE/MKX [07-15],4000,Rear Differential Unit Replacement,2969.43,12,6,3802.64,316.89,50.0,36242.84
47130,S550N MUSTANG [15-23],6675,Oil Pan Leak Repair,1300.7,12,6,3795.74,316.31,50.0,18168.4
10116,CD391N FUSION [13-20],3504,EPAS Steering Gear Replacement,1837.29,12,6,3792.87,316.07,50.0,23594.02
53613,U502N EXPLORER [11-19],7F283,Transmission Internal Component Failure,4346.51,12,6,3790.03,315.83,50.0,48878.69
14725,CD539N EDGE [15-24],6079,Engine Long Block Replacement for Coolant Intrusion,4844.83,15,7,3784.29,252.29,46.7,71114.23
8776,C520N ESCAPE [13-19],8507,Water Pump Replacement,1144.22,10,5,3771.42,377.14,50.0,14166.82
51502,U502N EXPLORER [11-19],19835,Rear A/C Line Replacement,1367.89,10,5,3761.78,376.18,50.0,16913.99
8056,C520N ESCAPE [13-19],7005,Transmission Replacement/Overhaul,4725.58,12,6,3742.84,311.9,50.0,53638.47
3666,C346N FOCUS [12-18],6B651,Engine Long Block Replacement,3742.89,17,8,3727.11,219.24,47.1,63995.15
51520,U502N EXPLORER [11-19],19850,A/C Evaporator Core Replacement,1279.04,14,7,3718.1,265.58,50.0,19704.05
30594,P552N F-150 [15-20],16A506,Running Board Motor/Component Replacement,1843.98,19,9,3717.61,195.66,47.4,37401.88
68144,U725N BRONCO [21-26],15K601,Key/Fob Replacement and Programming,256.94,11,5,3709.78,337.25,45.5,6091.01
25285,MAZDA CROSSOVER SUV-CX5 [12-22],maint,Routine Maintenance Service,77.09,41,20,3704.97,90.36,48.8,6501.79
33692,P552N F-150 [15-20],6C525,Cam Phaser Replacement,1876.15,14,7,3695.79,263.98,50.0,26687.12
10829,CD391N FUSION [13-20],7000,Transmission Replacement,4807.24,10,5,3680.88,368.09,50.0,45567.02
15092,CD539N EDGE [15-24],7005,Transmission Functional Failure Repair/Replacement,2023.67,13,6,3676.51,282.81,46.2,27861.04
46818,S550N MUSTANG [15-23],6010,Major Engine Component Replacement,4580.51,10,5,3665.38,366.53,50.0,43535.44
47973,S550N MUSTANG [15-23],MAINT,Routine Scheduled Maintenance,84.59,17,8,3659.29,215.25,47.1,4989.5
57446,U553N EXPEDITION [18-24],19860,Rear Evaporator Core Replacement,1157.07,10,5,3657.51,365.75,50.0,14801.44
46855,S550N MUSTANG [15-23],6049,Engine Short Block Replacement,5542.37,10,5,3643.02,364.3,50.0,55534.87
33849,P552N F-150 [15-20],6K682,Both Turbochargers Replacement,1688.44,10,5,3636.59,363.66,50.0,18982.99
16691,CX430N C-SUV [21-27],19703,A/C Compressor Replacement with System Flush,1950.78,11,5,3633.62,330.33,45.5,23193.11
47129,S550N MUSTANG [15-23],6675,Oil Pan Leak Repair,1462.85,15,7,3625.99,241.73,46.7,23674.54
51649,U502N EXPLORER [11-19],19E616,HVAC Actuator or Sensor Replacement,527.07,18,9,3615.88,200.89,50.0,12095.72
36421,P552N F-150 [15-20],9e926,Warranty Claim Prior Approval Exemption,330.09,15,7,3609.17,240.61,46.7,8032.79
61654,U554N NAVIGATOR [18-24],6256,Cam Phaser/VCT Replacement,2479.92,15,7,3603.93,240.26,46.7,35275.74
26566,P375N RANGER [19-23],2C405,ABS Hydraulic Control Unit (HCU) Replacement,1336.17,10,5,3602.19,360.22,50.0,15827.36
38256,P558N SUPER DUTY [17-22],19712,A/C Compressor and System Component Replacement,1890.33,11,5,3586.78,326.07,45.5,22233.3
56318,U540N MKX [16-23],maint,Scheduled Maintenance Service,100.72,29,14,3578.88,123.41,48.3,5998.8
3726,C346N FOCUS [12-18],6c348,Engine and Turbo Replacement,3928.2,16,8,3574.97,223.44,50.0,61980.43
65852,U625N EXPLORER [20-27],4R602,Driveshaft Assembly Replacement,1053.15,14,7,3570.7,255.05,50.0,16564.43
66939,U625N EXPLORER [20-27],7A195,Transfer Case Replacement,1832.97,10,4,3568.43,356.84,40.0,21425.36
35835,P552N F-150 [15-20],9665500,Seat Lumbar/Massage/Adjustment Major Assembly Replacement,542.4,11,5,3565.62,324.15,45.5,8503.39
24287,ECONOLINE [97-27],2V200,Brake Service (Pads & Rotors),581.12,16,8,3540.31,221.27,50.0,11875.43
12494,CD533N MKZ [13-20],6009,Engine Assembly Replacement,4584.87,12,6,3537.33,294.78,50.0,56213.99
28911,P473N SUPER DUTY [11-16],9D475,EGR Valve Replacement,996.4,12,6,3536.53,294.71,50.0,14233.08
14205,CD539N EDGE [15-24],3600,Steering Wheel Assembly Replacement,1316.62,13,6,3532.47,271.73,46.2,18341.65
3934,C346N FOCUS [12-18],7B546,Clutch Assembly Replacement,1461.44,10,5,3525.12,352.51,50.0,15731.06
49372,U222N EXPEDITION [02-17],9E926,Throttle Body Replacement,432.95,20,10,3520.54,176.03,50.0,10954.09
13621,CD539N EDGE [15-24],15k601,Key Fob Replacement/Programming,222.27,12,6,3511.05,292.59,50.0,5961.89
21585,D258N TAURUS [10-19],8501,Water Pump Replacement,1361.2,11,5,3479.88,316.35,45.5,17434.63
22246,D471N FLEX [09-19],19E616,HVAC Actuator Replacement,328.64,14,7,3479.79,248.55,50.0,7505.45
41350,P558N SUPER DUTY [17-22],9002,Fuel Tank Assembly Replacement (Persistent EVAP Leak),1153.95,20,10,3476.9,173.84,50.0,24498.2
17158,CX430N C-SUV [21-27],7N473,Transmission Replacement,6406.78,10,5,3473.16,347.31,50.0,60615.23
10768,CD391N FUSION [13-20],6K301,Crankshaft Rear Oil Seal Replacement,1242.24,18,9,3465.09,192.51,50.0,23666.81
31091,P552N F-150 [15-20],19860,Comprehensive AC System Overhaul,2154.82,12,6,3459.37,288.28,50.0,27784.91
1425,B515A ECOSPORT INDIA [13-22],6B651,Catastrophic Engine Failure - Oil Starvation,4138.4,10,5,3434.11,343.41,50.0,40427.17
67641,U625N EXPLORER [20-27],9B325,EVAP Purge Valve Replacement,659.02,19,9,3423.5,180.18,47.4,13792.5
31006,P552N F-150 [15-20],19703,A/C Compressor Replacement,1148.86,17,8,3420.34,201.2,47.1,20395.72
69173,V363N TRANSIT [14-27],18A484,HVAC Internal Component Failure,1516.1,17,8,3416.33,200.96,47.1,26165.91
11508,CD391N FUSION [13-20],9D289,Prior Approval Exemption Processing,337.54,18,9,3412.57,189.59,50.0,8847.05
58696,U553N EXPEDITION [18-24],6M280,VCT Solenoid Replacement,843.62,13,6,3408.08,262.16,46.2,12856.16
44320,P702N F150 [21-27],7210,Gear Shift Module Replacement,680.78,10,5,3406.51,340.65,50.0,9569.88
32664,P552N F-150 [15-20],5K483,Front Sway Bar Link Replacement,532.43,10,5,3404.27,340.43,50.0,7815.8
39040,P558N SUPER DUTY [17-22],3504,Steering Gear Assembly Replacement,1423.03,10,5,3382.8,338.28,50.0,16235.57
12179,CD533N MKZ [13-20],19B555,HVAC Housing Assembly Replacement,1859.79,16,8,3382.55,211.41,50.0,28742.98
36581,P552N F-150 [15-20],MAINT,Comprehensive Multi-System Service,87.33,17,8,3380.08,198.83,47.1,4709.21
55113,U540N MKX [16-23],19B555,HVAC Evaporator Case/Heater Box Replacement,2716.71,18,9,3379.57,187.75,50.0,48418.51
39262,P558N SUPER DUTY [17-22],3a131,Repair of Part 3a131 with Prior Approval,793.91,12,6,3376.56,281.38,50.0,11684.23
36558,P552N F-150 [15-20],KEYSVC,Warranty Claim Prior Approval Exemption,224.26,16,8,3367.2,210.45,50.0,6504.47
29116,P552N F-150 [15-20],10346,Alternator Replacement,798.27,13,6,3359.86,258.45,46.2,13230.51
53692,U502N EXPLORER [11-19],7G391,Torque Converter Replacement,2334.28,12,6,3350.87,279.24,50.0,28367.92
8235,C520N ESCAPE [13-19],7A089,Transmission Assembly Replacement or Extensive Overhaul,3598.78,12,6,3323.76,276.98,50.0,42567.92
4842,C489N MKC [15-19],3504,Steering Gear Replacement,2699.22,10,5,3321.35,332.13,50.0,28599.85
13483,CD539N EDGE [15-24],14G371,Prior Approval Exemption Documentation,304.79,12,6,3321.14,276.76,50.0,6486.84
54220,U502N EXPLORER [11-19],9F593,Fuel Injector Replacement,1016.29,11,5,3319.98,301.82,45.5,13530.35
8221,C520N ESCAPE [13-19],7A019,Transmission Assembly Replacement,4696.9,14,7,3307.91,236.28,50.0,64250.53
16365,CD539N EDGE [15-24],maint,Routine Scheduled Maintenance,93.16,16,8,3304.22,206.52,50.0,4586.35
68303,U725N BRONCO [21-26],3504,EPAS Steering Gear Replacement,2286.86,13,6,3303.74,254.13,46.2,30404.31
13683,CD539N EDGE [15-24],17682,Exterior Mirror Assembly Replacement,631.0,11,5,3299.26,299.93,45.5,9732.97
52634,U502N EXPLORER [11-19],6335,Rear Crankshaft Seal Replacement,1783.71,10,5,3296.88,329.69,50.0,19308.19
34544,P552N F-150 [15-20],7A194,Transmission Pan Replacement,634.04,12,6,3296.86,274.74,50.0,10249.95
26396,P375N RANGER [19-23],19712,A/C Condenser Replacement,812.03,12,6,3294.98,274.58,50.0,11482.71
29553,P552N F-150 [15-20],13A613,Headlamp Assembly Repair/Replacement with Prior Approval,643.75,11,5,3291.41,299.22,45.5,8123.39
30811,P552N F-150 [15-20],18476,Heater Core Replacement,1431.55,10,5,3283.35,328.34,50.0,15959.03
35394,P552N F-150 [15-20],7h351,Transmission Unit Replacement,4360.59,13,6,3281.45,252.42,46.2,54882.14
26328,P375N RANGER [19-23],18478,Warranty Claim Prior Approval Exemption,790.07,24,12,3259.08,135.8,50.0,20280.53
42369,P702N F150 [21-27],12A699,Knock Sensor Replacement,1411.42,12,6,3250.73,270.89,50.0,18942.2
18178,CX482N ESCAPE [20-26],2200,Rear Brake Pad and Rotor Replacement,553.86,22,11,3247.35,147.61,50.0,14023.36
45250,P708 F250 - 600 [23-27],19703,A/C Compressor Replacement,1811.13,16,8,3246.92,202.93,50.0,29429.83
40117,P558N SUPER DUTY [17-22],6695,Prior Approval Exemption Processing,1060.69,10,4,3240.55,324.06,40.0,11749.11
5186,C489N MKC [15-19],6K682,Turbocharger Assembly Replacement,1720.35,11,5,3238.7,294.43,45.5,20132.79
54351,U502N EXPLORER [11-19],9h307,Fuel Pump Assembly Replacement,682.1,14,6,3226.59,230.47,42.9,12282.26
5020,C489N MKC [15-19],6009,Engine Short Block Replacement,4991.56,17,8,3224.91,189.7,47.1,74967.15
4215,C346N FOCUS [12-18],9H307,Fuel Pump Assembly Replacement,646.35,15,7,3221.31,214.75,46.7,11976.56
62498,U554N NAVIGATOR [18-24],9E731,Cruise Control Module Replacement,1246.45,12,6,3216.4,268.03,50.0,16220.61
4451,C489N MKC [15-19],14C724,Heated/Cooled Seat Element/Blower Replacement,760.2,10,5,3216.16,321.61,50.0,9634.45
39038,P558N SUPER DUTY [17-22],3504,Steering Gear Replacement,1221.91,19,9,3215.75,169.25,47.4,24296.62
7251,C520N ESCAPE [13-19],5A968,Rear Knuckle Assembly Replacement,1066.82,19,9,3213.91,169.15,47.4,20691.03
22873,D471N FLEX [09-19],9E731,CCM/Radar Sensor Replacement,1412.36,17,8,3208.98,188.77,47.1,24768.22
3390,C346N FOCUS [12-18],5451070,Sunroof Assembly Mechanical/Leak Repair,1173.41,10,5,3204.81,320.48,50.0,14128.65
69566,V363N TRANSIT [14-27],3504,Steering Gear Assembly Replacement,1940.96,17,8,3201.69,188.34,47.1,33694.36
4794,C489N MKC [15-19],2C219,ABS Module Replacement,540.16,16,8,3169.83,198.12,50.0,10592.06
29371,P552N F-150 [15-20],12A581,Wiring Harness Replacement,2432.0,12,6,3167.95,264.0,50.0,26990.83
35815,P552N F-150 [15-20],9454,Exhaust Manifold Replacement,1877.12,12,6,3166.9,263.9,50.0,23155.53
13573,CD539N EDGE [15-24],15604,BCM Replacement - Extensive Diagnosis/Programming,643.85,11,5,3153.99,286.73,45.5,9813.79
65036,U625N EXPLORER [20-27],19860,Evaporator Core Replacement,1506.03,12,6,3139.73,261.64,50.0,19575.96
19188,CX482N ESCAPE [20-26],7P238,AWD Module Replacement,792.14,12,6,3136.37,261.36,50.0,11281.97
15987,CD539N EDGE [15-24],9D289,EVAP Purge Valve Replacement,546.12,18,9,3132.36,174.02,50.0,12104.6
55306,U540N MKX [16-23],3B437,Front Axle Shaft Replacement,891.36,10,5,3131.22,313.12,50.0,10665.3
28673,P473N SUPER DUTY [11-16],7A248,Transmission Front Seal Leak Repair,1800.69,13,6,3116.46,239.72,46.2,22293.3
37831,P558N SUPER DUTY [17-22],15k601,Prior Approval Exemption Processing,236.54,10,5,3115.47,311.54,50.0,5044.4
69735,V363N TRANSIT [14-27],4A263,Driveshaft Torsional Damper Replacement,1292.46,10,5,3106.71,310.67,50.0,15549.05
35739,P552N F-150 [15-20],9424,Prior Approval Exemption for Part 9424 Repair,730.28,17,8,3105.72,182.69,47.1,14668.46
30793,P552N F-150 [15-20],18471,HVAC Case/Air Box Assembly Replacement,970.2,13,6,3095.67,238.13,46.2,13887.54
33212,P552N F-150 [15-20],6375,Flex Plate/Flywheel Replacement,1616.94,10,5,3090.55,309.05,50.0,18004.65
10993,CD391N FUSION [13-20],7A130,Transmission Overhaul/Internal Repair,2976.13,10,5,3086.93,308.69,50.0,30357.69
57855,U553N EXPEDITION [18-24],3222,Front Differential and/or Wheel Hub/Bearing Repair,1941.21,10,5,3082.76,308.28,50.0,19246.65
22626,D471N FLEX [09-19],6K682,Turbocharger Assembly Replacement,3170.68,12,6,3069.3,255.78,50.0,33429.05
35426,P552N F-150 [15-20],7p086,Auxiliary Transmission Pump Replacement,785.11,11,5,3065.18,278.65,45.5,10765.17
5562,C489N MKC [15-19],9D289,Repair/Replacement of 9D289 Component,349.89,11,4,3064.11,278.56,36.4,6323.18
12160,CD533N MKZ [13-20],19850,Evaporator Core Replacement,2080.51,10,5,3057.33,305.73,50.0,20770.52
60118,U553N EXPEDITION [18-24],misc,Warranty/Service Inquiry Resolution,801.31,11,5,3057.26,277.94,45.5,8730.27
66911,U625N EXPLORER [20-27],7A130,Transmission Overhaul or Replacement,3610.39,10,5,3052.06,305.21,50.0,36522.46
14322,CD539N EDGE [15-24],4001,Rear Differential Replacement,2653.67,14,7,3043.99,217.43,50.0,36847.46
28552,P473N SUPER DUTY [11-16],6K682,Turbocharger Replacement,2923.26,17,8,3016.62,177.45,47.1,43609.84
69245,V363N TRANSIT [14-27],19850,A/C Evaporator Core Replacement,1582.39,10,5,3014.74,301.47,50.0,16731.99
34048,P552N F-150 [15-20],6m280,VCT Solenoid Replacement (Extensive),683.05,12,6,3014.16,251.18,50.0,10434.94
67279,U625N EXPLORER [20-27],7P238,AWD Module Replacement,823.88,12,6,3012.1,251.01,50.0,11230.59
69567,V363N TRANSIT [14-27],3504,Steering Gear Assembly Replacement,1947.84,13,6,3009.12,231.47,46.2,26760.96
3857,C346N FOCUS [12-18],7515,Comprehensive Transmission/Clutch Overhaul or Replacement,2175.79,12,6,3005.62,250.47,50.0,27562.42
28828,P473N SUPER DUTY [11-16],9229,Fuel Injector Replacement,1728.9,11,5,3004.41,273.13,45.5,20131.57
23781,D544N CONTINENTAL [17-20],5422404,Exterior Door Handle Replacement,1429.49,12,6,2995.59,249.63,50.0,18583.26
26594,P375N RANGER [19-23],3079,Lower Control Arm Replacement,1168.66,16,8,2989.75,186.86,50.0,18652.86
7786,C520N ESCAPE [13-19],6A321,Rear Main Seal Replacement,1835.01,13,6,2985.54,229.65,46.2,23635.7
46331,S550N MUSTANG [15-23],19703,A/C Compressor Replacement with System Flush,1295.04,25,12,2982.47,119.3,48.0,32718.75
11120,CD391N FUSION [13-20],7F465,Transmission Assembly Replacement,5001.72,14,7,2977.82,212.7,50.0,65032.66
458,B299N FIESTA MCA [13-19],7Z369,Transmission Control Module (TCM) Replacement,713.16,12,6,2971.99,247.67,50.0,11179.13
69124,V363N TRANSIT [14-27],18124,Front Suspension/Steering Component Replacement,1268.76,10,5,2971.59,297.16,50.0,14333.3
4165,C346N FOCUS [12-18],9D289,EVAP Purge Valve Replacement,256.15,11,5,2963.6,269.42,45.5,5496.8
71007,V363N TRANSIT [14-27],TIRE,Specialized Tire Replacement,320.46,10,5,2959.59,295.96,50.0,5545.01
2414,C344N C-MAX [13-18],19G490,Rear View Camera Module Replacement,605.76,15,7,2957.27,197.15,46.7,10470.32
11639,CD391N FUSION [13-20],9d289,EVAP Purge Valve Replacement,405.95,11,5,2955.17,268.65,45.5,7071.08
6884,C520N ESCAPE [13-19],2C405,ABS Module Replacement,1460.75,21,10,2947.45,140.36,47.6,30618.69
43821,P702N F150 [21-27],4220,Front Differential Assembly Replacement,1465.24,10,5,2944.47,294.44,50.0,16397.61
17411,CX430N C-SUV [21-27],maint,Scheduled Maintenance Service,145.24,15,7,2938.91,195.92,46.7,4679.55
54218,U502N EXPLORER [11-19],9F593,Fuel Injector Replacement,2016.17,11,5,2929.8,266.35,45.5,20310.28
50061,U228N NAVIGATOR [03-17],6A968,Engine Repair,806.82,10,4,2920.62,292.06,40.0,10668.27
27024,P375N RANGER [19-23],7H351,Transmission Assembly Replacement,4129.21,10,5,2904.92,290.49,50.0,42041.3
7212,C520N ESCAPE [13-19],5500,Rear Suspension Control Arm/Link Replacement,987.07,15,7,2893.53,192.9,46.7,16184.25
37329,P558N SUPER DUTY [17-22],14407,Reductant System Wiring Harness and Pump/Heater Assembly Repair,1715.02,11,5,2891.31,262.85,45.5,17004.57
40345,P558N SUPER DUTY [17-22],6K682,Exhaust Manifold/Turbocharger Repair,3526.88,10,5,2882.56,288.26,50.0,35812.11
43623,P702N F150 [21-27],3084,Front Upper Control Arm Replacement,902.15,11,5,2881.93,261.99,45.5,11449.55
48494,U222N EXPEDITION [02-17],19860,Evaporator Core Replacement,1835.69,11,5,2878.23,261.66,45.5,19023.0
45130,P702N F150 [21-27],tire,Tire Replacement (Unrepairable Damage),221.66,17,8,2871.41,168.9,47.1,6399.76
71322,V408E TRANSIT CONNECT [13-24],2B373,HCU Replacement,1169.86,13,6,2861.14,220.09,46.2,16541.52
7415,C520N ESCAPE [13-19],6038,Engine Mount Replacement,1037.28,20,10,2860.45,143.03,50.0,21044.51
24346,ECONOLINE [97-27],6049,Prior Approval Exemption Processing,437.76,15,7,2857.9,190.53,46.7,8641.13
56630,U553N EXPEDITION [18-24],13a613,Warranty Claim Self-Approval Processing,362.12,10,5,2838.36,283.84,50.0,5868.82
8312,C520N ESCAPE [13-19],7A248,Torque Converter Replacement,1888.74,16,8,2834.54,177.16,50.0,29011.07
33032,P552N F-150 [15-20],6256,Cam Phaser and Water Pump Replacement,1845.02,22,11,2813.78,127.9,50.0,40854.89
35921,P552N F-150 [15-20],9C015,FTP Sensor Replacement (Requires Fuel Tank Removal),515.85,14,7,2813.31,200.95,50.0,9426.61
32260,P552N F-150 [15-20],4220,Prior Approval Exemption Processing,1059.45,11,5,2809.09,255.37,45.5,13764.18
68905,V363N TRANSIT [14-27],13A613,Third Brake Light Replacement,617.19,10,5,2804.39,280.44,50.0,7472.36
65464,U625N EXPLORER [20-27],3A428,Prior Approval Exemption Processing,518.13,14,7,2794.29,199.59,50.0,8741.63
1352,B515A ECOSPORT INDIA [13-22],6600,Engine Long Block Replacement,4119.06,11,5,2794.11,254.01,45.5,45862.2
49167,U222N EXPEDITION [02-17],7902,Transmission Overhaul/Replacement,4312.71,12,6,2778.11,231.51,50.0,49998.85
17464,CX482N ESCAPE [20-26],10654,"Battery Service (Test, Charge, or Replace)",244.46,16,8,2771.65,173.23,50.0,6235.79
33661,P552N F-150 [15-20],6C075,Engine Front Cover Oil Leak Reseal,2669.14,11,5,2762.03,251.09,45.5,28150.88
64552,U625N EXPLORER [20-27],14D696,Body Control Module Replacement (Prior Approval),261.46,10,4,2757.94,275.8,40.0,5092.56
32382,P552N F-150 [15-20],4662,Rear Differential Overhaul,1421.67,12,6,2753.26,229.44,50.0,18086.73
47795,S550N MUSTANG [15-23],9661711,Driver Seat Track/Frame Replacement,1438.36,12,6,2746.67,228.89,50.0,18869.64
50677,U502N EXPLORER [11-19],13008,Headlamp Assembly Replacement,1495.22,11,5,2740.98,249.18,45.5,18407.67
50546,U502N EXPLORER [11-19],1104,Wheel Hub/Bearing Repair with Rental Adjustment,1496.19,10,5,2737.1,273.71,50.0,13913.51
42934,P702N F150 [21-27],15K601,Prior Approval Exemption Processing,263.57,10,5,2736.9,273.69,50.0,5095.31
57031,U553N EXPEDITION [18-24],16502C22,Sunroof Frame/Motor Replacement,3248.06,10,5,2726.96,272.7,50.0,30704.85
54797,U540N MKX [16-23],14G371,APIM Module Replacement,730.86,18,9,2715.98,150.89,50.0,13440.77
18327,CX482N ESCAPE [20-26],4000,Powertrain/Drivetrain Component Replacement,2645.68,10,5,2711.45,271.14,50.0,24896.86
3949,C346N FOCUS [12-18],7B546,Complete Clutch Assembly Replacement,1241.14,13,6,2681.42,206.27,46.2,17560.57
19622,CX482N ESCAPE [20-26],maint,Routine Maintenance Services,96.28,38,19,2676.45,70.44,50.0,5634.45
47095,S550N MUSTANG [15-23],6582,Engine Oil Leak Repair,842.44,14,7,2670.47,190.75,50.0,13032.27
65582,U625N EXPLORER [20-27],3N134,Front Differential/PTU Fluid Leak Repair,2772.3,10,5,2666.06,266.61,50.0,26518.02
54158,U502N EXPLORER [11-19],9E731,Cruise Control Module Replacement,1321.17,12,6,2641.94,220.16,50.0,17269.55
19885,CX483N CORSAIR [20-26],2200,Four-Wheel Brake Service,542.44,11,5,2640.38,240.03,45.5,8304.06
42181,P702N F150 [21-27],10884,Active Grille Shutter Actuator Replacement,519.72,17,8,2639.68,155.27,47.1,10932.44
71318,V408E TRANSIT CONNECT [13-24],2B373,HCU Replacement,1022.21,16,8,2624.82,164.05,50.0,17832.14
41413,P558N SUPER DUTY [17-22],9424,Intake Manifold Replacement,1149.78,13,6,2623.52,201.81,46.2,17072.21
32757,P552N F-150 [15-20],6019,Engine Front Cover Reseal,1928.62,10,5,2623.5,262.35,50.0,20266.04
31834,P552N F-150 [15-20],3085,Upper Control Arm Replacement,1212.06,13,6,2608.62,200.66,46.2,15807.81
42145,P702N F150 [21-27],10346,Dual Alternator Replacement,1061.81,19,9,2606.43,137.18,47.4,20563.92
7361,C520N ESCAPE [13-19],6009,Engine Coolant Intrusion Repair,3945.5,10,5,2594.59,259.46,50.0,39850.17
57098,U553N EXPEDITION [18-24],16A506,Prior Approval Exemption Processing,749.9,18,9,2591.05,143.95,50.0,14522.57
66710,U625N EXPLORER [20-27],78519A02,Moonroof Sunshade Replacement,1359.11,16,8,2589.01,161.81,50.0,22667.71
32134,P552N F-150 [15-20],3c247,"IWE Actuator, IWE, and Hub Replacement",1485.93,16,8,2579.0,161.19,50.0,22730.67
2877,C346E FOCUS MCA [14-19],7A564,Clutch Assembly and Hydraulic System Replacement,2478.58,17,8,2577.81,151.63,47.1,41139.99
38300,P558N SUPER DUTY [17-22],19860,Warranty Prior Approval Processing,1161.49,13,6,2573.67,197.97,46.2,15054.27
45423,P708 F250 - 600 [23-27],KEYSVC,Multiple Key Fob Replacement / Complex Key Service,248.51,36,18,2571.44,71.43,50.0,10394.76
55790,U540N MKX [16-23],7443150,Liftgate Latch Replacement,556.99,10,5,2571.2,257.12,50.0,7661.73
52063,U502N EXPLORER [11-19],4000,RDU/Rear Differential Replacement,1907.89,10,5,2561.33,256.13,50.0,19498.08
56190,U540N MKX [16-23],9F464,EGR Cooler Replacement,870.11,24,12,2559.46,106.64,50.0,20869.44
3215,C346N FOCUS [12-18],19850,Evaporator Core Replacement,1364.79,11,5,2556.22,232.38,45.5,16548.28
48387,U222N EXPEDITION [02-17],18124,Front Suspension Component Replacement,555.97,9,4,2535.33,281.7,44.4,6601.92
12909,CD533N MKZ [13-20],9961711,Driver Seat Track Assembly Replacement,1198.32,11,5,2520.25,229.11,45.5,15076.49
16047,CD539N EDGE [15-24],9E926,Electronic Throttle Body Replacement,542.39,12,6,2512.99,209.41,50.0,8012.85
51258,U502N EXPLORER [11-19],17682,Exterior Mirror Assembly Replacement,742.77,13,6,2508.37,192.95,46.2,10823.6
56214,U540N MKX [16-23],9H307,Fuel Pump Replacement,1143.5,12,6,2504.87,208.74,50.0,15039.86
16764,CX430N C-SUV [21-27],2200,Rear Brake Service,427.04,18,8,2500.46,138.91,44.4,8967.88
29224,P552N F-150 [15-20],1104,Front Suspension/Steering Component Replacement,1220.97,10,5,2474.45,247.45,50.0,13489.42
33438,P552N F-150 [15-20],6700,Oil Pan Assembly and Front Timing Cover Seal Replacement,2542.36,10,5,2473.81,247.38,50.0,25290.93
17356,CX430N C-SUV [21-27],MAINT,Routine Scheduled Maintenance,97.23,30,15,2462.76,82.09,50.0,4958.51
69231,V363N TRANSIT [14-27],19805,Blower Motor Replacement,287.62,17,8,2457.78,144.57,47.1,7122.01
8522,C520N ESCAPE [13-19],7G384,Transmission Internal Component Overhaul,3021.12,13,6,2454.71,188.82,46.2,38781.27
21595,D258N TAURUS [10-19],8501,Water Pump Replacement,1078.61,11,5,2453.12,223.01,45.5,13146.97
54591,U540N MKX [16-23],13008,Headlamp Assembly Water Intrusion/Damage,1198.9,10,5,2447.14,244.71,50.0,11486.61
6462,C520N ESCAPE [13-19],17508,Wiper Motor/Assembly Replacement,511.75,11,5,2437.88,221.63,45.5,7343.83
26325,P375N RANGER [19-23],18478,HVAC Air Distribution Housing Assembly Replacement,928.77,16,8,2437.21,152.32,50.0,16233.68
17961,CX482N ESCAPE [20-26],18125,Rear Shock Absorber Replacement,740.4,10,5,2432.67,243.26,50.0,7673.95
50689,U502N EXPLORER [11-19],13404,Taillight Assembly Replacement,977.45,11,5,2424.85,220.44,45.5,11480.07
12614,CD533N MKZ [13-20],6700,Front Timing Cover Oil Leak Reseal,1356.35,10,5,2418.28,241.83,50.0,14245.99
10120,CD391N FUSION [13-20],3504,EPAS Gear Assembly Replacement,2349.25,12,6,2413.01,201.08,50.0,28919.99
60141,U553N EXPEDITION [18-24],tire,Full Set Tire Replacement & Alignment,235.21,23,11,2411.19,104.84,47.8,7243.98
63291,U611N AVIATOR [20-27],3K186,Front Knuckle Assembly Replacement,2066.48,12,6,2410.44,200.87,50.0,24319.03
32053,P552N F-150 [15-20],3F791,Steering Column Control Module Replacement,524.68,15,7,2410.31,160.69,46.7,8992.21
27785,P473N SUPER DUTY [11-16],19860,Evaporator Core Replacement,1480.53,10,5,2394.68,239.47,50.0,16127.44
64975,U625N EXPLORER [20-27],18K810,Audio Control Module (ACM) Replacement,591.77,13,6,2389.26,183.79,46.2,9527.5
47398,S550N MUSTANG [15-23],7627008,Rear Window Regulator Replacement,729.67,11,5,2375.71,215.97,45.5,9244.31
32182,P552N F-150 [15-20],4026,Front Differential Internal Failure,2605.8,10,5,2373.52,237.35,50.0,25564.99
2637,C346E FOCUS MCA [14-19],13008,Both Headlamp Assemblies and Modules Replacement,1672.31,12,6,2371.65,197.64,50.0,19157.58
18320,CX482N ESCAPE [20-26],4000,Rear Drive Unit Replacement,2454.44,10,5,2358.33,235.84,50.0,23874.62
31090,P552N F-150 [15-20],19860,Evaporator Assembly Replacement,1224.17,12,6,2357.96,196.5,50.0,15395.47
12603,CD533N MKZ [13-20],6584,Reseal Engine Front/Timing Cover,936.13,14,7,2351.31,167.95,50.0,14421.8
3924,C346N FOCUS [12-18],7B456,Clutch Assembly Replacement,1477.06,11,5,2332.76,212.07,45.5,16834.01
5581,C489N MKC [15-19],9E731,Cruise Control Module (CCM) Replacement,1736.33,12,6,2324.92,193.74,50.0,21463.77
34767,P552N F-150 [15-20],7B446,Transmission Internal Failure Repair,5122.63,10,5,2322.4,232.24,50.0,47584.91
26715,P375N RANGER [19-23],4R602,Transmission Repair,709.94,14,6,2321.3,165.81,42.9,11505.15
25112,MAZDA CROSSOVER SUV-CX5 [12-22],2001,Brake Pad and Rotor Service,696.71,15,7,2309.64,153.97,46.7,11403.53
4244,C346N FOCUS [12-18],KEYSVC,Lost Key/Fob Replacement,195.79,27,13,2298.23,85.12,48.1,7160.82
16059,CD539N EDGE [15-24],9F464,EGR Cooler Replacement,787.1,15,7,2295.58,153.04,46.7,12211.84
7352,C520N ESCAPE [13-19],6009,Engine Assembly Replacement,4287.74,10,5,2281.45,228.14,50.0,41252.64
16242,CD539N EDGE [15-24],H42006,Rear Glass Assembly Replacement,768.6,15,7,2271.19,151.41,46.7,12807.42
36561,P552N F-150 [15-20],KEYSVC,Key System Service,222.42,11,5,2268.2,206.2,45.5,4475.15
40953,P558N SUPER DUTY [17-22],7G224,Transmission Internal Failure - Replacement,6652.78,10,5,2267.37,226.74,50.0,61637.44
19405,CX482N ESCAPE [20-26],9E731,RDU Speed Sensor Replacement (Seized),541.48,15,7,2264.07,150.94,46.7,9783.5
14901,CD539N EDGE [15-24],6701,Rear Main Seal Replacement,1969.0,10,5,2247.7,224.77,50.0,20031.72
66398,U625N EXPLORER [20-27],6K682,Turbocharger Replacement,2191.52,15,7,2241.75,149.45,46.7,31040.55
11088,CD391N FUSION [13-20],7E096,Transmission Range Control Module Replacement,657.38,14,7,2236.16,159.73,50.0,10816.5
62573,U554N NAVIGATOR [18-24],MAINT,Scheduled Maintenance Service,95.25,12,6,2228.59,185.72,50.0,3164.05
13462,CD539N EDGE [15-24],14D212,APIM Replacement,992.21,10,5,2228.32,222.83,50.0,10277.86
35933,P552N F-150 [15-20],9C052,Fuel Tank Pressure Sensor Replacement,522.87,18,9,2225.08,123.61,50.0,10859.43
12395,CD533N MKZ [13-20],54402A34,Rear Sunshade Mechanism Replacement,1323.01,17,8,2223.15,130.77,47.1,22940.75
30283,P552N F-150 [15-20],15604,Repair for Part 15604 Requiring Prior Approval Review,593.87,10,5,2213.1,221.31,50.0,7776.85
10187,CD391N FUSION [13-20],3V504,Steering Gear Replacement,1605.63,12,6,2208.02,184.0,50.0,20335.53
70762,V363N TRANSIT [14-27],9350,High-Pressure Fuel Pump Replacement,1020.36,11,5,2192.49,199.31,45.5,12959.61
57775,U553N EXPEDITION [18-24],2C219,ABS Module Replacement,836.11,11,5,2189.73,199.07,45.5,10625.02
1839,B515A ECOSPORT INDIA [13-22],8C607,Cooling Fan Motor Replacement,4032.23,10,5,2172.12,217.21,50.0,38433.24
39753,P558N SUPER DUTY [17-22],5l239,Prior Approval Exemption Processing,766.22,11,5,2171.65,197.42,45.5,8608.78
50282,U228N NAVIGATOR [03-17],9F472,Oxygen Sensor Replacement,545.38,12,6,2166.79,180.57,50.0,7697.41
71292,V408E TRANSIT CONNECT [13-24],2001,Brake Pads and Rotors Service,535.88,18,9,2166.06,120.34,50.0,10776.57
6808,C520N ESCAPE [13-19],2552,"Rear Brake Caliper, Pad, and Rotor Replacement",724.42,12,6,2104.34,175.36,50.0,9769.15
54458,U502N EXPLORER [11-19],keysvc,Lost Key/Fob Replacement and Programming,349.71,10,5,2101.99,210.2,50.0,4913.11
71232,V408E TRANSIT CONNECT [13-24],19712,A/C Condenser Replacement,968.33,16,8,2100.45,131.28,50.0,16450.98
25288,MAZDA CROSSOVER SUV-CX5 [12-22],maint,ESC Claim Payment Processing,73.63,37,18,2098.57,56.72,48.6,4596.56
22674,D471N FLEX [09-19],7251,Power Transfer Unit (PTU) Replacement,2768.13,10,5,2088.19,208.82,50.0,25822.87
13096,CD539N EDGE [15-24],10654,Battery Cable/Terminal Service,254.96,14,7,2079.76,148.56,50.0,5360.79
37552,P558N SUPER DUTY [17-22],14F642,Gateway Module Replacement,770.18,13,6,2072.41,159.42,46.2,10449.67
20255,CX727N MACH-E [21-26],10C666,BECM Malfunction and Software Update,2187.36,12,6,2067.08,172.26,50.0,25317.39
10705,CD391N FUSION [13-20],6A664,Crankcase Pressure Sensor Replacement,286.39,11,5,2065.63,187.78,45.5,4958.42
2609,C344N C-MAX [13-18],KEYSVC,Key Fob Replacement,209.42,13,6,2063.34,158.72,46.2,4482.88
56230,U540N MKX [16-23],9c915,EVAP Purge Valve Replacement,275.67,10,5,2052.44,205.25,50.0,4574.45
54279,U502N EXPLORER [11-19],9H307,Fuel Pump Assembly Replacement,980.65,15,7,2047.73,136.52,46.7,15655.5
23568,D544N CONTINENTAL [17-20],18124,Front Strut Assembly Replacement,1821.57,11,5,2041.62,185.6,45.5,19580.25
6743,C520N ESCAPE [13-19],19G490,Rearview Camera Replacement,808.66,11,5,2021.99,183.82,45.5,9000.99
25262,MAZDA CROSSOVER SUV-CX5 [12-22],MAINT,Routine Maintenance Service,80.01,41,20,2016.8,49.19,48.8,4989.58
21079,D258N TAURUS [10-19],19850,Evaporator Core Replacement,1393.89,14,7,2015.2,143.95,50.0,20136.69
19352,CX482N ESCAPE [20-26],9D289,Prior Approval Exemption Processing,301.37,14,7,2008.49,143.46,50.0,5683.43
33338,P552N F-150 [15-20],6582,VCT System/Cam Phaser Repair,1525.36,10,5,2005.83,200.59,50.0,15049.99
65539,U625N EXPLORER [20-27],3D102,Warranty Claim Prior Approval Processing,950.54,11,5,1985.91,180.54,45.5,11309.48
29704,P552N F-150 [15-20],14529,Prior Approval Exemption,256.69,11,5,1985.18,180.47,45.5,4031.84
32946,P552N F-150 [15-20],6148,Part 6148 Procurement Payment,5552.59,11,5,1965.74,178.7,45.5,57038.4
38379,P558N SUPER DUTY [17-22],19E616,Telematics Control Unit Replacement,740.73,15,7,1963.56,130.91,46.7,10153.62
4066,C346N FOCUS [12-18],8005,Radiator Leak/Overheat Repair,625.69,12,6,1958.4,163.2,50.0,8537.64
9161,C520N ESCAPE [13-19],KEYSVC,Comprehensive Key System Service,194.59,13,6,1955.79,150.45,46.2,4225.68
29289,P552N F-150 [15-20],12029,Powertrain Control Module (PCM) Malfunction Repair,231.27,14,7,1953.63,139.54,50.0,4835.47
64223,U625N EXPLORER [20-27],12A648,ECT Sensor Circuit Repair,925.98,13,6,1953.5,150.27,46.2,12707.13
50718,U502N EXPLORER [11-19],13832,Horn Assembly Replacement / System Major Repair,354.11,11,5,1937.74,176.16,45.5,5427.26
67979,U625N EXPLORER [20-27],maint,Scheduled Maintenance Service,106.61,16,8,1936.15,121.01,50.0,3354.45
45866,P758N C-PICKUP [22-27],keysvc,Lost Key/Fob Replacement,238.96,27,13,1916.41,70.98,48.1,7697.99
51010,U502N EXPLORER [11-19],14S411,Airbag/Seat Belt Wiring Connector Repair,799.07,10,5,1912.41,191.24,50.0,8744.57
29900,P552N F-150 [15-20],14D212,Prior Approval Exemption Review,295.11,11,5,1884.49,171.32,45.5,4395.38
3712,C346N FOCUS [12-18],6K682,Turbocharger Replacement,2020.38,11,5,1880.41,170.95,45.5,22512.9
39593,P558N SUPER DUTY [17-22],5J229,Prior Approval Exemption,1328.07,13,6,1880.21,144.63,46.2,17031.67
44548,P702N F150 [21-27],7P086,Auxiliary Transmission Oil Pump Replacement,1619.94,12,6,1875.39,156.28,50.0,19484.61
31293,P552N F-150 [15-20],19V649,A/C Compressor Clutch Replacement,489.32,15,7,1867.08,124.47,46.7,8409.83
14632,CD539N EDGE [15-24],6009,Engine Long Block Replacement,4335.26,11,5,1866.99,169.72,45.5,47288.96
46365,S550N MUSTANG [15-23],19850,A/C System Major Component Replacement,2785.24,13,6,1853.02,142.54,46.2,33618.96
71320,V408E TRANSIT CONNECT [13-24],2B373,HCU Failure with Secondary Brake Damage,1543.1,12,6,1843.84,153.65,50.0,19682.98
43415,P702N F150 [21-27],19G490,Rear Backup Camera Replacement,481.46,15,7,1837.72,122.51,46.7,8244.14
69228,V363N TRANSIT [14-27],19805,Prior Approval Exemption Processing,287.18,18,9,1823.82,101.32,50.0,6632.69
26535,P375N RANGER [19-23],2552,Pads Repair,662.24,13,6,1802.41,138.64,46.2,9484.05
47898,S550N MUSTANG [15-23],9G297,Prior Approval Exemption Processing,188.01,11,5,1792.78,162.98,45.5,3624.32
50603,U502N EXPLORER [11-19],12029,Ignition System Misfire Repair,442.5,10,5,1789.78,178.98,50.0,6033.06
64916,U625N EXPLORER [20-27],18476,Heater Core Replacement,1238.95,19,9,1788.86,94.15,47.4,22839.13
9591,CD391N FUSION [13-20],14G371,Repair of Part 14G371 with Prior Approval Requirement,352.4,14,7,1768.93,126.35,50.0,6093.01
35114,P552N F-150 [15-20],7P086,Auxiliary Transmission Fluid Pump Replacement,750.35,11,5,1758.25,159.84,45.5,9266.6
43830,P702N F150 [21-27],4234,Rear Axle Shaft/Component Repair,1198.03,14,7,1754.62,125.33,50.0,17528.4
50851,U502N EXPLORER [11-19],14A626,Keyless Entry Keypad Replacement,409.79,11,5,1753.08,159.37,45.5,5916.29
28114,P473N SUPER DUTY [11-16],3F791,SCCM/Clockspring Replacement,1141.9,10,5,1747.03,174.7,50.0,11386.02
26096,P375N RANGER [19-23],11002,Starter Motor Replacement,558.33,11,5,1740.96,158.27,45.5,7337.99
4076,C346N FOCUS [12-18],8501,Prior Approval Exemption Processing,317.35,11,5,1739.72,158.16,45.5,4780.44
40963,P558N SUPER DUTY [17-22],7G276,Transmission Lead Frame Replacement,657.37,11,5,1734.34,157.67,45.5,8423.49
68785,V363N TRANSIT [14-27],1109,Rear Wheel Hub Assembly Replacement,724.41,10,5,1732.79,173.28,50.0,7988.13
56315,U540N MKX [16-23],maint,"Scheduled Maintenance (LOF, MPI, Tire Rotation)",63.03,15,7,1729.08,115.27,46.7,2608.97
32647,P552N F-150 [15-20],5J249,Reductant Heater Line Replacement,473.74,11,5,1723.25,156.66,45.5,6110.29
64225,U625N EXPLORER [20-27],12A648,ECT Sensor Replacement,1051.03,13,6,1711.65,131.66,46.2,12989.48
41988,P558N SUPER DUTY [17-22],MISC,Warranty/Contract Inquiry Resolution,186.96,11,5,1702.63,154.79,45.5,3302.42
1817,B515A ECOSPORT INDIA [13-22],8592,Thermostat/Housing Replacement,439.74,21,10,1696.49,80.78,47.6,10135.55
54504,U540N MKX [16-23],10346,Alternator/Generator Replacement,976.71,10,5,1690.65,169.07,50.0,10461.66
29673,P552N F-150 [15-20],14407,DEF System Corrosion Repair,1434.24,13,6,1690.57,130.04,46.2,18635.69
64229,U625N EXPLORER [20-27],12A648,ECT Sensor and Pigtail Replacement,802.48,10,5,1682.85,168.28,50.0,8966.11
54170,U502N EXPLORER [11-19],9E926,Throttle Body Replacement,355.88,10,5,1679.98,168.0,50.0,4949.55
25264,MAZDA CROSSOVER SUV-CX5 [12-22],MAINT,Major Maintenance Claim Processing (Brakes),69.29,15,7,1676.32,111.76,46.7,2668.39
26330,P375N RANGER [19-23],18478,HVAC Air Distribution Housing Replacement,1039.27,20,10,1674.59,83.73,50.0,20777.96
8952,C520N ESCAPE [13-19],9D289,EVAP Purge Valve Replacement,536.89,24,12,1669.12,69.55,50.0,13489.06
4286,C489N MKC [15-19],10849,Instrument Cluster Replacement,1445.76,13,6,1643.41,126.42,46.2,19040.31
17082,CX430N C-SUV [21-27],7861203,Seatbelt System Fault with Rental,538.27,12,6,1615.57,134.63,50.0,7637.76
27117,P375N RANGER [19-23],8A616,Engine Cooling Fan Clutch Replacement and Wiring Repair,698.08,22,11,1611.61,73.25,50.0,16080.7
30700,P552N F-150 [15-20],17683,Exterior Mirror Assembly Replacement,1205.28,10,5,1607.47,160.75,50.0,12859.46
45909,S550N MUSTANG [15-23],10849,Instrument Cluster Replacement,1357.66,10,5,1578.93,157.89,50.0,13452.61
54630,U540N MKX [16-23],13A613,Service Causal Part 13A613,395.13,11,5,1573.77,143.07,45.5,5410.26
21470,D258N TAURUS [10-19],7251,PTU Replacement,2428.97,10,5,1571.75,157.18,50.0,24814.34
41956,P558N SUPER DUTY [17-22],KEYSVC,Prior Approval Exemption for Key Service Claim,248.47,10,5,1554.29,155.43,50.0,3852.02
33984,P552N F-150 [15-20],6c525,Major Component Replacement,1485.22,10,5,1553.6,155.36,50.0,14998.68
19176,CX482N ESCAPE [20-26],7P238,AWD Module Internal Fault/Communication Issue,524.21,15,7,1548.08,103.21,46.7,8472.32
58373,U553N EXPEDITION [18-24],6256,Water Pump Replacement with TSB 23-2143,1735.15,10,5,1534.73,153.47,50.0,17013.71
9845,CD391N FUSION [13-20],19850,A/C Evaporator Core Replacement,1166.93,10,5,1528.45,152.85,50.0,12114.53
11761,CD533N MKZ [13-20],10346,Alternator Replacement,810.21,11,5,1511.87,137.44,45.5,9591.54
70492,V363N TRANSIT [14-27],7G276,Labor Hours Repair,1495.64,10,5,1510.86,151.08,50.0,15581.27
2353,C344N C-MAX [13-18],14G371,APIM Infotainment System Malfunction Repair,551.27,12,6,1505.76,125.48,50.0,7280.26
10047,CD391N FUSION [13-20],2C215,ABS Module/HCU/Master Cylinder Replacement,1658.12,10,5,1505.0,150.5,50.0,16563.87
13119,CD539N EDGE [15-24],10D885,Infotainment Display/Module Replacement,636.15,11,5,1503.91,136.72,45.5,7355.16
35443,P552N F-150 [15-20],8005,Radiator Replacement,1301.37,10,5,1503.82,150.38,50.0,13412.91
46360,S550N MUSTANG [15-23],19850,A/C Evaporator Replacement,1277.77,11,5,1502.11,136.55,45.5,13579.78
50029,U228N NAVIGATOR [03-17],6256,VCT Phaser and Timing Chain Replacement,2864.34,10,4,1496.59,149.66,40.0,26726.97
46129,S550N MUSTANG [15-23],14C724,SCME Module and Wiring Replacement,672.05,12,6,1490.54,124.21,50.0,8265.96
38308,P558N SUPER DUTY [17-22],19860,A/C Evaporator Core Replacement,1567.19,10,5,1484.82,148.49,50.0,15190.05
17875,CX482N ESCAPE [20-26],15k601,Lost Key Fob Replacement,271.05,10,5,1482.31,148.23,50.0,3808.62
12419,CD533N MKZ [13-20],54432A38,Power Decklid Motor and Module Replacement,617.3,10,5,1481.51,148.15,50.0,6965.78
56905,U553N EXPEDITION [18-24],14g371,Prior Approval Exemption Processing,431.94,10,5,1474.57,147.46,50.0,5291.0
1814,B515A ECOSPORT INDIA [13-22],8592,Thermostat Replacement,570.22,13,6,1464.28,112.64,46.2,8380.19
25427,MAZDA CROSSOVER SUV-CX9 [07-22],maint,Routine Scheduled Maintenance,93.61,14,7,1443.62,103.12,50.0,2562.57
27232,P375N RANGER [19-23],9J433,EGR Differential Pressure Feedback (DPFE) Sensor Replacement,474.06,10,5,1443.17,144.32,50.0,5482.73
29111,P552N F-150 [15-20],10346,Alternator Replacement,1048.45,10,5,1440.43,144.04,50.0,11036.86
16401,CD539N EDGE [15-24],tire,Four Tire Replacement,332.11,12,6,1438.13,119.84,50.0,5091.53
36015,P552N F-150 [15-20],9D477,EGR Tube/Pipe Replacement,397.69,16,8,1436.41,89.78,50.0,6549.14
13976,CD539N EDGE [15-24],19V649,A/C Compressor Clutch Replacement with System Flush,413.63,11,5,1434.82,130.44,45.5,5845.82
29597,P552N F-150 [15-20],13K359,Prior Approval for Part 13K359 Repair,177.68,10,5,1417.41,141.74,50.0,2955.11
1824,B515A ECOSPORT INDIA [13-22],8592,Thermostat Housing Leak/Replacement,594.54,15,7,1399.84,93.32,46.7,9784.19
41969,P558N SUPER DUTY [17-22],MAINT,Prior Approval Exemption Processing,258.96,22,8,1393.24,63.33,36.4,5832.16
16110,CD539N EDGE [15-24],9G444,Oxygen Sensor and Catalytic Converter Replacement,323.46,11,5,1382.39,125.67,45.5,4768.8
25073,MAZDA CROSSOVER SUV-CX5 [12-22],18C985,Infotainment Display Module Replacement,410.38,11,5,1376.66,125.15,45.5,5604.46
4753,C489N MKC [15-19],2200,Pads Repair,486.85,13,6,1373.49,105.66,46.2,7037.84
60062,U553N EXPEDITION [18-24],TIRE,Tire Damage Repair or Replacement,225.45,11,5,1349.73,122.7,45.5,3637.12
16036,CD539N EDGE [15-24],9E731,Rear Driveshaft Speed Sensor Replacement,569.95,12,6,1343.69,111.97,50.0,7576.97
31437,P552N F-150 [15-20],2200,Prior Approval Exemption Processing,233.92,13,6,1343.6,103.35,46.2,3957.93
29284,P552N F-150 [15-20],12029,Ignition Coil/Spark Plug Replacement,506.01,12,6,1338.63,111.55,50.0,6451.44
55200,U540N MKX [16-23],2200,Brake Pads and Rotors Replacement,494.87,19,9,1336.97,70.36,47.4,9684.59
50994,U502N EXPLORER [11-19],14G371,Prior Approval Claim Processing,501.72,14,7,1283.78,91.7,50.0,6662.13
55211,U540N MKX [16-23],2B712,Parking Brake Actuator and Caliper Replacement,592.72,10,5,1259.82,125.98,50.0,6824.34
6107,C520N ESCAPE [13-19],13008,Headlamp Assembly Replacement,1274.35,10,5,1232.99,123.3,50.0,12650.17
14241,CD539N EDGE [15-24],3B436,Front Axle Halfshaft Assembly Replacement,939.63,15,7,1229.16,81.95,46.7,13295.39
11417,CD391N FUSION [13-20],8C607,Cooling Fan Assembly Replacement,947.83,10,5,1204.63,120.47,50.0,9609.7
16281,CD539N EDGE [15-24],Maint,Scheduled Maintenance Service,91.45,14,7,1196.05,85.43,50.0,2350.65
6615,C520N ESCAPE [13-19],19703,A/C Compressor Replacement,1121.04,12,6,1193.87,99.49,50.0,13640.79
26077,P375N RANGER [19-23],10346,Alternator Replacement,584.58,14,7,1193.19,85.23,50.0,8917.97
44243,P702N F150 [21-27],6K682,Turbocharger Assembly Replacement,2223.11,12,6,1191.16,99.26,50.0,25748.09
46248,S550N MUSTANG [15-23],17683,Exterior Mirror Assembly Replacement,492.55,10,5,1160.86,116.08,50.0,5601.06
6139,C520N ESCAPE [13-19],13405,Tail Lamp Assembly Replacement,471.75,10,5,1152.77,115.28,50.0,5030.88
141,B299N FIESTA MCA [13-19],19B555,HVAC Box Assembly Replacement,1569.74,14,7,1148.05,82.0,50.0,21702.12
41966,P558N SUPER DUTY [17-22],Keysvc,Lost Key/Fob Replacement,211.51,10,5,1125.26,112.52,50.0,3038.41
48022,S550N MUSTANG [15-23],maint,"Scheduled Maintenance (LOF, MPI, Tire Rotation)",74.86,10,5,1098.58,109.86,50.0,1785.98
19300,CX482N ESCAPE [20-26],9002,Fuel Tank Assembly Replacement,1431.35,10,5,1086.65,108.67,50.0,13803.07
6128,C520N ESCAPE [13-19],13404,Prior Approval Exemption Processing,527.4,11,5,1080.98,98.27,45.5,5897.65
68630,U725N BRONCO [21-26],MAINT,Routine Maintenance Package,79.93,23,11,1080.47,46.98,47.8,2710.95
62633,U554N NAVIGATOR [18-24],maint,Routine Maintenance Service,90.53,17,8,1054.25,62.01,47.1,2328.8
63404,U611N AVIATOR [20-27],54219A64,Door Latch Assembly Replacement,1370.75,10,5,1045.81,104.58,50.0,12337.61
45464,P708 F250 - 600 [23-27],tire,Tire Replacement,315.12,14,7,1041.5,74.4,50.0,4522.26
67718,U625N EXPLORER [20-27],9F472,Oxygen Sensor Replacement,534.2,12,6,1034.68,86.22,50.0,6685.52
35502,P552N F-150 [15-20],8501,Refund Repair,491.88,11,5,1013.18,92.11,45.5,5790.58
54232,U502N EXPLORER [11-19],9F972,Fuel Pressure System Repair,629.01,11,5,1001.41,91.04,45.5,7230.06
19174,CX482N ESCAPE [20-26],7P238,Warranty Claim Prior Approval Processing,252.56,10,5,986.7,98.67,50.0,3289.64
26434,P375N RANGER [19-23],19B555,HVAC Blend Door/Actuator Mechanical Failure,1963.65,13,6,978.3,75.25,46.2,25392.73
5572,C489N MKC [15-19],9D289,EVAP Purge Valve Replacement,603.65,10,5,971.65,97.16,50.0,6430.88
46377,S550N MUSTANG [15-23],19860,A/C Evaporator Core Replacement,978.19,12,6,970.98,80.91,50.0,12079.85
26417,P375N RANGER [19-23],19860,A/C Evaporator Core/Sensor Replacement,1045.82,12,6,965.0,80.42,50.0,12573.12
27327,P375N RANGER [19-23],maint,Routine Scheduled Maintenance,92.34,13,6,957.78,73.68,46.2,1984.84
9047,C520N ESCAPE [13-19],9G444,Prior Approval Exemption Processing,335.41,12,6,944.91,78.74,50.0,4573.2
36540,P552N F-150 [15-20],H42006,H42006 Repair with Prior Approval Exemption,928.2,13,6,943.78,72.6,46.2,11337.54
156,B299N FIESTA MCA [13-19],19E616,AC Compressor Service,265.42,11,5,926.53,84.23,45.5,3292.19
17957,CX482N ESCAPE [20-26],18125,Prior Approval Exemption Processing,225.16,8,4,907.29,113.41,50.0,2195.61
25260,MAZDA CROSSOVER SUV-CX5 [12-22],MAINT,Routine Maintenance Service,68.52,16,8,904.34,56.52,50.0,1927.16
50295,U228N NAVIGATOR [03-17],9H307,Fuel Pump Assembly Replacement,829.28,10,5,903.08,90.3,50.0,7933.47
11836,CD533N MKZ [13-20],13008,Headlamp Assembly Replacement,1543.24,13,6,894.17,68.78,46.2,20155.51
25690,MAZDA6 [08-22],maint,Routine Vehicle Maintenance,72.92,10,5,892.86,89.28,50.0,1590.49
4030,C346N FOCUS [12-18],7b546,Transmission Control Module/Clutch Repair,1179.35,11,5,883.78,80.34,45.5,12484.67
3328,C346N FOCUS [12-18],3504,EPAS Rack Replacement,1366.2,11,5,864.21,78.56,45.5,15419.75
2679,C346E FOCUS MCA [14-19],2001,Pads Repair,569.0,13,6,857.35,65.95,46.2,7585.08
38823,P558N SUPER DUTY [17-22],2V001,Prior Approval Process Handling,681.41,12,6,847.57,70.63,50.0,7187.81
1888,B515A ECOSPORT INDIA [13-22],9C047,EVAP Purge Valve Replacement,583.92,10,5,842.17,84.22,50.0,5866.2
43628,P702N F150 [21-27],3085,Front Upper Control Arm Replacement,416.27,10,5,826.27,82.63,50.0,4784.82
25692,MAZDA6 [08-22],maint,Routine Scheduled Maintenance,81.65,10,5,794.5,79.45,50.0,1534.15
991,B515A ECOSPORT INDIA [13-22],2001,Front and Rear Brake Service,463.02,13,6,751.06,57.77,46.2,6320.24
70710,V363N TRANSIT [14-27],8C607,Prior Approval Repair,615.97,12,6,746.69,62.23,50.0,7490.42
51257,U502N EXPLORER [11-19],17682,Tech Findings Repair,513.45,10,5,739.04,73.9,50.0,5327.01
13448,CD539N EDGE [15-24],14C724,Heated/Cooled Seat System Repair,820.86,11,5,722.21,65.65,45.5,8926.65
68732,V363N TRANSIT [14-27],10346,Alternator/Generator Replacement,884.62,10,5,715.3,71.53,50.0,8938.2
4803,C489N MKC [15-19],2V200,Rear Brake Service (Pads & Rotors),438.48,12,6,701.56,58.47,50.0,5492.38
39634,P558N SUPER DUTY [17-22],5J281,Prior Approval Exemption Processing,201.53,11,5,689.33,62.66,45.5,2701.06
31390,P552N F-150 [15-20],2001,Brake System Service,431.03,12,6,652.59,54.38,50.0,5083.29
64729,U625N EXPLORER [20-27],15K601,15K601 Prior Approval Required,228.48,14,7,627.72,44.83,50.0,3480.14
35539,P552N F-150 [15-20],8566,Coolant T-connector Replacement,300.52,10,5,619.08,61.91,50.0,3315.9
6539,C520N ESCAPE [13-19],18495,Coolant Bypass Valve Replacement,384.52,10,5,616.19,61.62,50.0,3795.57
20179,CX483N CORSAIR [20-26],maint,"Scheduled Maintenance (LOF, Tire Rotation, MPI)",59.76,14,7,599.82,42.84,50.0,1391.2
51760,U502N EXPLORER [11-19],2200,Rear Brake Service,383.01,11,5,574.3,52.21,45.5,4348.97
7777,C520N ESCAPE [13-19],6A051,Block Heater Replacement,1031.52,10,5,496.81,49.68,50.0,9885.94
15176,CD539N EDGE [15-24],7443150,Prior Approval Exemption Processing,259.6,12,6,487.56,40.63,50.0,3311.58
11753,CD391N FUSION [13-20],tire,Tire and Wheel Replacement (Failure),225.53,11,5,473.92,43.09,45.5,2741.06
1988,B515A ECOSPORT INDIA [13-22],9c047,Purge Valve Replacement,311.4,10,4,466.42,46.64,40.0,3271.88
44965,P702N F150 [21-27],KEYSVC,Key/Fob Replacement and Programming,409.9,10,5,450.39,45.04,50.0,3555.04
9088,C520N ESCAPE [13-19],9c915,Purge Valve Replacement,348.09,12,6,436.01,36.33,50.0,3896.32
9631,CD391N FUSION [13-20],14g371,APIM Module Replacement,789.16,10,5,430.84,43.09,50.0,7210.5
34997,P552N F-150 [15-20],7G276,7G276 Component Replacement,551.51,10,5,387.75,38.78,50.0,5571.04
17354,CX430N C-SUV [21-27],MAINT,Scheduled Maintenance Service,71.95,18,9,369.53,20.53,50.0,1482.16
27280,P375N RANGER [19-23],MAINT,Routine Maintenance with Tire Repair/Replacement,72.74,17,8,328.4,19.32,47.1,1438.8
36578,P552N F-150 [15-20],MAINT,Maintenance Claim Prior Approval Exemption,77.0,14,6,259.4,18.53,42.9,1280.24
27480,P473N SUPER DUTY [11-16],1000154,Comprehensive Body/Cab Mount Replacement,1094.93,10,5,258.12,25.81,50.0,9129.85
25594,MAZDA3 [04-22],maint,Maintenance Payment Processing,80.53,11,5,241.34,21.94,45.5,1041.87
19632,CX482N ESCAPE [20-26],maint,Scheduled Maintenance Service,96.34,12,6,228.14,19.01,50.0,1192.83
25421,MAZDA CROSSOVER SUV-CX9 [07-22],MAINT,Maintenance Claim Payment Processing,52.97,10,5,201.81,20.18,50.0,668.52
30638,P552N F-150 [15-20],17508,Prior Approval Exemption Processing,344.7,12,2,165.76,13.81,16.7,4288.35
25592,MAZDA3 [04-22],maint,Routine Oil Change and Tire Rotation,74.07,12,6,142.5,11.88,50.0,945.58
45433,P708 F250 - 600 [23-27],MAINT,Scheduled Maintenance Service,132.39,10,5,120.33,12.03,50.0,1345.22
771,B515A ECOSPORT INDIA [13-22],14G229,Prior Approval Exemption for 14G229 Claim,686.34,16,0,0.0,0.0,0.0,10981.39
20788,CX727N MACH-E [21-26],KEYSVC,Key Service Prior Approval Exemption,247.85,12,0,0.0,0.0,0.0,2974.24
5804,C520 FOE [12-21],6009,Engine Replacement,61785.56,1,0,0.0,0.0,0.0,61785.56
