state,veh_line_desc,part,cond_cd,dealers,claims,consensus_med,lo,hi,dealer_spread_ratio
AZ,ECONOLINE [97-27],12A650,04,5,95,37.26,35.97,8862.63,246.39
NY,P552N F-150 [15-20],7000,42,21,383,6358.54,41.83,8372.78,200.16
CA,P558N SUPER DUTY [17-22],6006,42,30,480,10658.1,83.57,16465.05,197.01
FL,P558N SUPER DUTY [17-22],6006,42,22,426,9993.97,94.04,16888.1,179.58
CA,U554N NAVIGATOR [18-24],6006,42,6,133,128.36,51.39,8987.77,174.91
MI,P558N SUPER DUTY [17-22],7000,42,16,293,6208.6,55.2,9608.86,174.08
IN,P552N F-150 [15-20],7000,42,15,251,4533.72,45.35,6929.26,152.8
FL,S550N MUSTANG [15-23],6006,42,17,271,6905.75,85.64,11726.74,136.92
MO,P552N F-150 [15-20],7000,42,16,374,5297.08,57.07,7581.13,132.85
FL,U554N NAVIGATOR [18-24],6006,42,7,148,738.53,102.77,13596.15,132.29
NC,U553N EXPEDITION [18-24],7000,42,12,172,4337.4,58.24,7243.63,124.38
MI,P552N F-150 [15-20],7000,42,17,271,5591.68,66.24,8181.46,123.52
MI,P702N F150 [21-27],7000,42,9,116,185.56,35.68,4304.31,120.62
FL,U625N EXPLORER [20-27],7000,42,31,612,4201.49,59.03,7056.37,119.54
NY,P558N SUPER DUTY [17-22],7000,42,14,215,6252.97,108.51,12575.64,115.89
MO,U553N EXPEDITION [18-24],7000,42,8,117,177.95,57.07,6533.27,114.48
CA,S550N MUSTANG [15-23],6006,42,15,234,6779.27,99.69,11354.83,113.9
VA,U625N EXPLORER [20-27],6006,42,9,192,159.28,55.78,6351.96,113.88
FL,P558N SUPER DUTY [17-22],7000,42,46,1292,6737.35,102.17,11503.57,112.59
IA,P552N F-150 [15-20],7000,42,8,114,5443.13,59.84,6624.12,110.7
FL,P702N F150 [21-27],7000,42,33,715,4117.86,70.83,7794.45,110.04
NY,P552N F-150 [15-20],6006,42,69,1592,140.25,98.72,10761.36,109.01
MI,U625N EXPLORER [20-27],7000,42,12,173,3821.5,55.2,5869.01,106.33
FL,S550N MUSTANG [15-23],7000,42,7,91,4228.98,111.59,11525.65,103.28
PA,P552N F-150 [15-20],6006,42,103,2747,143.45,95.78,9876.7,103.12
MI,CD539N EDGE [15-24],7000,42,13,182,4416.45,66.24,6824.15,103.02
FL,P702N F150 [21-27],6006,42,11,205,8366.44,99.92,10028.08,100.36
CA,U625N EXPLORER [20-27],6006,42,15,255,7641.89,99.93,9605.04,96.12
FL,P552N F-150 [15-20],6006,42,80,2854,181.44,103.56,9952.35,96.1
MO,U625N EXPLORER [20-27],7000,42,13,225,4042.43,50.17,4783.42,95.34
CA,P552N F-150 [15-20],6006,42,78,1714,203.48,102.4,9744.34,95.16
FL,P552N F-150 [15-20],7000,42,50,1432,5568.34,129.24,12228.26,94.62
OH,P552N F-150 [15-20],7000,42,21,318,5420.51,76.46,7190.38,94.04
CA,P558N SUPER DUTY [17-22],7000,42,76,2031,6584.53,109.2,10141.98,92.88
PA,P552N F-150 [15-20],7000,42,29,480,5676.18,75.79,7006.34,92.44
MN,P552N F-150 [15-20],7000,42,18,284,5015.11,87.41,8055.55,92.15
NC,P552N F-150 [15-20],7000,42,23,426,3845.95,90.72,7773.71,85.69
NC,P552N F-150 [15-20],6006,42,56,1343,154.27,101.87,8548.89,83.92
CO,U553N EXPEDITION [18-24],7000,42,8,147,5641.16,129.67,10827.35,83.5
CA,U502N EXPLORER [11-19],7000,42,23,334,5162.49,73.13,6069.28,82.99
MS,P552N F-150 [15-20],6006,42,19,420,149.18,110.98,9154.25,82.49
KS,P552N F-150 [15-20],6006,42,10,203,147.48,120.67,9918.62,82.19
OH,P552N F-150 [15-20],6006,42,64,1276,139.16,104.55,8538.11,81.67
KS,P552N F-150 [15-20],7000,42,6,124,4145.03,79.25,6468.77,81.63
OK,P552N F-150 [15-20],6006,42,15,317,167.28,129.38,10549.99,81.54
WA,P558N SUPER DUTY [17-22],7000,42,8,117,6515.83,113.66,9266.84,81.53
NY,P702N F150 [21-27],7000,42,7,117,282.63,92.9,7401.72,79.67
CA,U553N EXPEDITION [18-24],7000,42,44,1028,5646.13,106.5,8420.02,79.06
GA,P552N F-150 [15-20],6006,42,71,2215,146.54,101.8,8021.48,78.8
TX,U554N NAVIGATOR [18-24],6006,42,5,68,655.51,99.63,7816.14,78.45
GA,P552N F-150 [15-20],7000,42,26,505,4208.32,87.36,6815.59,78.02
FL,S550N MUSTANG [15-23],6009,42,10,154,4588.63,64.23,5008.4,77.97
KY,P552N F-150 [15-20],7000,42,10,136,2002.31,96.97,7531.51,77.67
CO,P552N F-150 [15-20],7000,42,17,478,6654.68,129.67,9967.1,76.87
FL,U553N EXPEDITION [18-24],7000,42,21,633,5851.43,156.05,11953.19,76.6
SC,P552N F-150 [15-20],7000,42,11,222,5387.32,107.69,8132.2,75.51
NJ,P552N F-150 [15-20],7000,42,19,350,4770.16,82.79,6129.63,74.04
MN,P552N F-150 [15-20],7A100,42,26,721,335.87,82.69,6096.55,73.73
FL,U625N EXPLORER [20-27],6006,42,11,195,6507.22,134.35,9874.0,73.5
MD,P552N F-150 [15-20],6006,42,34,925,144.2,99.55,7311.68,73.45
MI,P552N F-150 [15-20],6006,42,65,1260,148.8,112.04,8211.37,73.29
MN,V363N TRANSIT [14-27],7000,42,5,73,4244.19,132.03,9564.93,72.44
WI,P552N F-150 [15-20],6006,42,47,815,162.44,108.85,7860.16,72.21
CA,P552N F-150 [15-20],7000,42,82,2214,6044.66,111.29,8022.82,72.09
WV,P552N F-150 [15-20],7000,42,8,110,120.77,54.16,3903.41,72.07
NC,P702N F150 [21-27],7000,42,11,176,3762.25,67.94,4847.69,71.35
IN,P552N F-150 [15-20],6006,42,42,845,139.14,105.71,7540.63,71.34
LA,P552N F-150 [15-20],6006,42,28,927,146.11,106.3,7534.25,70.88
MI,V363N TRANSIT [14-27],7H351,42,5,74,2641.41,88.04,6228.54,70.75
MS,P552N F-150 [15-20],7000,42,6,78,4948.98,85.22,6008.13,70.5
CA,P702N F150 [21-27],10D672,42,140,9471,80.63,52.62,3702.35,70.36
LA,P558N SUPER DUTY [17-22],6006,42,5,96,7376.72,112.99,7869.68,69.65
MD,P552N F-150 [15-20],7000,42,12,273,5541.62,95.82,6644.7,69.34
MO,P702N F150 [21-27],7000,42,7,156,280.97,60.2,4115.64,68.37
GA,P702N F150 [21-27],10D672,42,38,1155,66.86,44.33,3012.49,67.96
MA,U625N EXPLORER [20-27],6006,42,7,104,7624.29,141.49,9577.27,67.69
TX,P552N F-150 [15-20],6006,42,113,3295,159.21,110.49,7459.74,67.52
TX,P702N F150 [21-27],6006,42,8,103,7361.45,142.74,9538.44,66.82
NJ,P552N F-150 [15-20],6006,42,48,1387,159.31,123.91,8226.11,66.39
TN,P552N F-150 [15-20],6006,42,36,1074,138.02,100.09,6535.41,65.3
CA,CD539N EDGE [15-24],7000,42,17,253,6290.52,127.18,8189.23,64.39
MI,P702N F150 [21-27],10D672,42,52,10640,59.57,48.39,3095.32,63.97
TN,U553N EXPEDITION [18-24],7000,42,8,112,2042.54,121.39,7694.61,63.39
SC,P552N F-150 [15-20],6006,42,27,762,148.53,112.27,7078.29,63.05
FL,U625N EXPLORER [20-27],7A100,42,64,2387,431.17,84.87,5337.58,62.89
PA,P552N F-150 [15-20],7H351,42,63,1569,2833.75,92.42,5760.48,62.33
CA,P375N RANGER [19-23],7000,42,24,448,6680.07,141.01,8743.19,62.0
AL,P552N F-150 [15-20],6006,42,25,828,155.84,93.67,5725.81,61.13
NV,P552N F-150 [15-20],6006,42,6,158,206.54,99.92,6085.48,60.9
WI,U625N EXPLORER [20-27],6006,42,5,68,164.61,119.98,7299.22,60.84
WA,P552N F-150 [15-20],6006,42,27,578,172.22,126.92,7704.68,60.7
PA,U625N EXPLORER [20-27],6006,42,9,110,6005.01,139.91,8481.68,60.62
WI,P552N F-150 [15-20],7000,42,12,171,505.38,114.08,6886.23,60.36
GA,U553N EXPEDITION [18-24],7000,42,12,160,2851.77,107.77,6447.24,59.82
MO,P702N F150 [21-27],7H351,42,5,67,2497.76,94.84,5670.06,59.79
CA,U554N NAVIGATOR [18-24],7000,42,14,579,5793.9,140.24,8293.27,59.14
MN,U625N EXPLORER [20-27],7000,42,8,119,4084.41,113.88,6669.03,58.56
CA,CX482N ESCAPE [20-26],7000,42,9,115,5494.11,140.1,8176.48,58.36
TN,P702N F150 [21-27],7000,42,7,135,536.28,80.93,4692.48,57.98
ID,P552N F-150 [15-20],6006,42,5,105,189.9,155.55,9000.45,57.86
AZ,P552N F-150 [15-20],6006,42,12,279,1548.44,177.71,10219.62,57.51
NJ,U625N EXPLORER [20-27],7000,42,21,370,3295.47,76.18,4377.51,57.46
NY,U625N EXPLORER [20-27],7000,42,25,441,4104.03,89.9,5129.83,57.06
TN,U625N EXPLORER [20-27],6006,42,6,70,7021.67,152.74,8672.13,56.78
FL,P708 F250 - 600 [23-27],7000,42,11,222,6418.89,144.05,8105.88,56.27
VT,P552N F-150 [15-20],6006,42,6,177,119.94,97.91,5500.31,56.18
IL,P552N F-150 [15-20],6006,42,56,1199,197.44,149.21,8375.98,56.13
CA,S550N MUSTANG [15-23],7000,42,17,300,4521.33,118.12,6613.19,55.99
CA,CD391N FUSION [13-20],7000,42,48,879,5616.09,123.47,6838.3,55.38
MN,P552N F-150 [15-20],7H351,42,21,650,3843.13,122.11,6720.41,55.04
MI,P552N F-150 [15-20],7H351,42,59,1564,2702.84,121.1,6590.93,54.43
FL,U554N NAVIGATOR [18-24],7000,42,12,545,6553.09,207.09,11262.24,54.38
UT,P552N F-150 [15-20],6006,42,5,104,5960.35,144.24,7826.76,54.26
NH,P552N F-150 [15-20],7000,42,5,86,6435.06,133.07,7195.31,54.07
FL,U553N EXPEDITION [18-24],7H351,42,72,2619,2996.43,113.55,6023.98,53.05
NY,V363N TRANSIT [14-27],7000,42,18,438,6593.45,191.84,10076.31,52.52
VA,P552N F-150 [15-20],7H351,42,31,1096,2595.34,110.96,5788.16,52.16
PA,P702N F150 [21-27],7H351,42,20,323,2433.78,72.15,3747.67,51.94
TN,P552N F-150 [15-20],7000,42,12,260,4258.77,148.36,7537.02,50.8
CO,V363N TRANSIT [14-27],7H351,42,6,115,2465.38,95.8,4838.8,50.51
MA,P552N F-150 [15-20],7000,42,12,210,5744.77,158.54,8002.94,50.48
CO,P552N F-150 [15-20],6006,42,13,223,834.75,161.1,8109.22,50.34
MD,U625N EXPLORER [20-27],6006,42,5,112,7149.27,158.23,7955.75,50.28
TX,P558N SUPER DUTY [17-22],7000,42,59,1106,5397.47,181.03,9088.38,50.2
KY,P552N F-150 [15-20],7A100,42,15,252,601.51,42.82,2131.96,49.79
SC,U553N EXPEDITION [18-24],7000,42,6,85,4261.4,124.26,6152.37,49.51
MO,P702N F150 [21-27],19703,42,8,259,44.96,36.68,1816.15,49.51
NC,V363N TRANSIT [14-27],7000,42,9,130,4229.84,135.82,6704.91,49.37
CA,P702N F150 [21-27],7000,42,42,1011,4406.75,123.47,6069.08,49.15
PA,P552N F-150 [15-20],7A100,42,68,1290,739.6,78.4,3851.23,49.12
MN,P702N F150 [21-27],7000,42,5,82,211.78,95.86,4707.67,49.11
IN,U625N EXPLORER [20-27],7000,42,9,144,306.98,69.94,3412.27,48.79
FL,V363N TRANSIT [14-27],7H351,42,36,830,2925.19,100.83,4880.02,48.4
VA,P552N F-150 [15-20],7000,42,18,369,3611.14,108.53,5234.75,48.24
TX,U553N EXPEDITION [18-24],7H351,42,101,3877,2549.09,138.89,6691.64,48.18
TX,U625N EXPLORER [20-27],7000,42,21,445,3036.77,99.92,4732.46,47.36
CA,CX430N C-SUV [21-27],7000,42,7,106,5889.63,183.71,8634.81,47.0
CA,S550N MUSTANG [15-23],7H351,42,9,130,3029.18,93.93,4408.7,46.94
CA,CX727N MACH-E [21-26],7020124,D7,39,1222,62.81,44.18,2073.44,46.93
CT,P552N F-150 [15-20],6006,42,16,302,138.72,116.55,5454.7,46.8
TN,P558N SUPER DUTY [17-22],7000,42,9,184,5468.49,161.85,7545.44,46.62
TX,U553N EXPEDITION [18-24],7000,42,29,619,3927.73,152.65,7096.48,46.49
ME,P552N F-150 [15-20],7000,42,5,77,5432.92,138.89,6446.42,46.42
TX,P552N F-150 [15-20],7000,42,56,1293,4419.3,166.98,7740.29,46.36
IL,U625N EXPLORER [20-27],7000,42,14,228,3898.46,116.49,5386.4,46.24
KY,U625N EXPLORER [20-27],7000,42,6,87,2645.36,88.16,4050.7,45.95
MD,P702N F150 [21-27],19703,42,12,169,47.05,38.53,1767.88,45.88
OR,P552N F-150 [15-20],7000,42,8,144,5544.31,145.99,6692.38,45.84
CO,P702N F150 [21-27],7000,42,10,171,4607.1,165.03,7521.68,45.58
TX,P702N F150 [21-27],7000,42,23,529,3509.06,111.48,4995.86,44.81
FL,P552N F-150 [15-20],7A100,42,75,3114,955.53,102.53,4585.48,44.72
CA,P702N F150 [21-27],7H351,42,45,930,2914.17,127.9,5676.76,44.38
IL,P552N F-150 [15-20],7A100,42,44,1128,936.3,83.05,3625.31,43.65
CO,P702N F150 [21-27],7H351,42,13,430,2911.53,124.78,5445.56,43.64
TX,P702N F150 [21-27],7H351,42,57,1405,2488.67,88.13,3830.66,43.47
TN,P702N F150 [21-27],7H351,42,7,355,2320.81,110.32,4733.32,42.91
CA,U553N EXPEDITION [18-24],7H351,42,55,1333,3203.15,130.24,5578.59,42.83
NY,U554N NAVIGATOR [18-24],7000,42,6,165,5994.24,180.62,7736.64,42.83
OH,P552N F-150 [15-20],7H351,42,42,1133,2658.08,96.24,4121.03,42.82
TX,P702N F150 [21-27],19703,42,108,3113,49.39,36.19,1539.04,42.52
TX,P558N SUPER DUTY [17-22],7A100,42,65,1228,579.0,58.11,2453.61,42.22
VA,P558N SUPER DUTY [17-22],7000,42,14,252,4147.67,126.75,5346.92,42.18
CO,P552N F-150 [15-20],7H351,42,22,1029,3406.88,150.32,6340.46,42.18
NC,U625N EXPLORER [20-27],7000,42,11,185,3808.08,100.36,4226.01,42.11
CA,P375N RANGER [19-23],7H351,42,51,931,3211.21,130.24,5452.7,41.87
MN,P702N F150 [21-27],7H351,42,8,128,2644.11,128.82,5378.86,41.75
MI,CX482N ESCAPE [20-26],7000,42,11,138,4903.11,143.23,5969.0,41.67
OH,P702N F150 [21-27],7H351,42,11,176,2565.07,76.99,3207.37,41.66
IN,P702N F150 [21-27],7000,42,7,112,139.14,91.99,3800.16,41.31
MI,P702N F150 [21-27],7H351,42,11,193,2199.22,83.24,3420.99,41.1
AZ,U553N EXPEDITION [18-24],7000,42,9,242,4789.19,153.09,6287.65,41.07
OH,P702N F150 [21-27],7000,42,6,86,2779.03,113.24,4621.7,40.81
WA,U553N EXPEDITION [18-24],7000,42,5,72,5555.47,188.53,7691.7,40.8
VA,U553N EXPEDITION [18-24],7000,42,10,156,2884.5,114.49,4664.3,40.74
MN,P552N F-150 [15-20],6256,42,67,2927,1309.97,87.9,3571.95,40.64
FL,P558N SUPER DUTY [17-22],7A100,42,45,1087,762.97,154.61,6242.38,40.38
IL,P552N F-150 [15-20],7000,42,19,351,5222.86,177.65,7172.02,40.37
GA,P702N F150 [21-27],7000,42,7,112,181.09,108.23,4355.95,40.25
CA,S550N MUSTANG [15-23],7A100,42,39,656,1001.81,106.2,4261.32,40.13
PA,P702N F150 [21-27],7000,42,6,74,131.43,105.66,4228.45,40.02
NE,P552N F-150 [15-20],7000,42,5,84,5355.2,174.04,6920.93,39.77
CA,P552N F-150 [15-20],7A100,42,105,2988,986.96,106.2,4198.55,39.53
CA,V363N TRANSIT [14-27],14401,X2,16,529,488.96,173.5,6847.67,39.47
CA,P552N F-150 [15-20],7H351,42,84,2856,3497.99,160.68,6340.57,39.46
MA,P558N SUPER DUTY [17-22],7000,42,13,221,5946.91,221.95,8740.58,39.38
IL,P552N F-150 [15-20],7H351,42,44,1094,3465.93,173.25,6759.03,39.01
VA,U625N EXPLORER [20-27],7000,42,14,237,2669.87,92.42,3598.37,38.93
FL,U611N AVIATOR [20-27],7000,42,11,278,4373.43,207.09,8054.92,38.9
GA,P558N SUPER DUTY [17-22],7000,42,15,273,5246.4,172.26,6695.96,38.87
FL,P702N F150 [21-27],7H351,42,49,1667,2742.92,116.26,4517.73,38.86
CA,U553N EXPEDITION [18-24],7A100,42,76,1819,951.46,106.2,4113.73,38.74
IN,P552N F-150 [15-20],7A100,42,21,435,833.28,90.15,3475.57,38.55
GA,P702N F150 [21-27],7H351,42,17,318,2542.21,107.25,4131.75,38.52
CA,V363N TRANSIT [14-27],7H351,42,35,781,3278.52,135.13,5175.82,38.3
MD,U625N EXPLORER [20-27],7A100,42,24,548,652.79,96.34,3678.61,38.19
WV,U625N EXPLORER [20-27],7000,42,5,61,2566.54,102.77,3923.42,38.18
PA,V363N TRANSIT [14-27],7000,42,13,174,5435.72,190.18,7247.02,38.11
CA,P558N SUPER DUTY [17-22],7000,82,13,278,254.1,188.66,7184.42,38.08
TN,P702N F150 [21-27],19860,42,18,530,40.46,36.53,1373.13,37.59
KS,P702N F150 [21-27],19860,42,7,199,767.78,35.81,1329.79,37.13
GA,U625N EXPLORER [20-27],7000,42,9,158,229.73,120.49,4473.44,37.13
MD,P552N F-150 [15-20],7A100,42,27,574,849.59,89.91,3337.34,37.12
CA,U625N EXPLORER [20-27],7000,42,51,1341,4351.26,147.21,5387.88,36.6
OH,U625N EXPLORER [20-27],7000,42,12,192,3743.96,123.47,4508.42,36.51
TX,U554N NAVIGATOR [18-24],7000,42,8,269,3820.72,187.64,6792.4,36.2
NY,P702N F150 [21-27],10D672,42,73,1721,64.44,44.37,1595.43,35.96
PA,U625N EXPLORER [20-27],7000,42,12,228,3492.56,131.9,4722.3,35.8
IL,CD391N FUSION [13-20],RENTAL,82,11,177,249.8,99.92,3568.5,35.71
NY,U553N EXPEDITION [18-24],7H351,42,14,257,3247.23,146.79,5236.97,35.68
CO,U553N EXPEDITION [18-24],7H351,42,16,423,3372.07,152.55,5425.45,35.56
TX,P708 F250 - 600 [23-27],7000,42,7,120,4068.78,181.03,6379.29,35.24
CA,V363N TRANSIT [14-27],7000,42,54,1133,6689.32,249.05,8733.5,35.07
VA,P702N F150 [21-27],7H351,42,11,203,2097.87,90.92,3165.41,34.82
CA,P558N SUPER DUTY [17-22],7A100,42,51,1100,697.58,135.45,4664.24,34.44
NY,P552N F-150 [15-20],7A100,42,46,1199,765.64,87.98,3002.14,34.12
TN,U625N EXPLORER [20-27],7000,42,8,161,438.78,135.6,4615.46,34.04
IN,P558N SUPER DUTY [17-22],7000,42,9,132,4718.41,217.49,7359.42,33.84
FL,P702N F150 [21-27],19860,42,74,5060,47.53,35.76,1200.64,33.58
IL,U625N EXPLORER [20-27],6006,42,10,222,6726.0,233.95,7847.19,33.54
IN,P702N F150 [21-27],10D672,42,17,388,64.23,51.81,1732.64,33.44
MI,P552N F-150 [15-20],7A100,42,64,1820,609.01,71.15,2377.88,33.42
LA,U553N EXPEDITION [18-24],7A100,42,16,445,698.74,72.45,2410.14,33.26
CO,P552N F-150 [15-20],3C247,42,21,473,551.75,36.06,1195.67,33.15
WI,P552N F-150 [15-20],7H351,42,27,623,3126.81,138.94,4560.73,32.82
NM,P552N F-150 [15-20],7H351,42,5,151,2543.64,107.19,3517.68,32.82
AL,U625N EXPLORER [20-27],7000,42,6,69,2828.16,137.91,4504.67,32.66
VA,P702N F150 [21-27],7000,42,9,118,3125.99,119.07,3868.75,32.49
CA,P552N F-150 [15-20],7000,82,11,180,226.36,147.74,4772.02,32.3
FL,S550N MUSTANG [15-23],7H351,42,17,308,2486.42,130.18,4189.58,32.18
CA,C346N FOCUS [12-18],7B546,42,53,874,1416.37,62.68,2015.05,32.15
ID,P552N F-150 [15-20],7H351,42,6,527,2975.29,149.88,4816.32,32.14
WI,U625N EXPLORER [20-27],7000,42,6,67,221.93,138.32,4435.82,32.07
NJ,P558N SUPER DUTY [17-22],7000,42,15,558,4831.19,191.64,6137.82,32.03
VT,P702N F150 [21-27],7A100,42,5,119,219.61,82.23,2632.01,32.01
CO,P552N F-150 [15-20],6256,42,35,5223,1580.94,77.59,2480.52,31.97
TX,P702N F150 [21-27],19860,42,126,6807,149.81,35.79,1139.79,31.84
AL,P702N F150 [21-27],19703,42,10,198,51.64,38.4,1213.07,31.59
MI,U553N EXPEDITION [18-24],7H351,42,16,302,2353.55,121.1,3818.67,31.53
CA,P702N F150 [21-27],7A100,42,75,2332,691.58,122.47,3847.69,31.42
ID,U553N EXPEDITION [18-24],7H351,42,5,261,2850.1,149.88,4690.26,31.29
FL,CX482N ESCAPE [20-26],7000,42,6,84,4992.5,327.51,10242.64,31.27
VA,U553N EXPEDITION [18-24],7H351,42,21,562,2553.05,113.65,3517.11,30.95
TN,P702N F150 [21-27],7A100,42,14,319,171.56,96.06,2963.63,30.85
WI,P552N F-150 [15-20],7A100,42,39,818,685.04,68.24,2101.56,30.79
TX,U553N EXPEDITION [18-24],7A100,42,98,2816,759.64,100.14,3072.04,30.68
OH,P552N F-150 [15-20],7A100,42,50,1232,800.82,89.7,2749.64,30.65
MD,P702N F150 [21-27],10D672,42,29,1094,62.95,53.95,1649.87,30.58
MN,CD539N EDGE [15-24],6375,01,8,116,1174.54,75.2,2296.53,30.54
UT,P708 F250 - 600 [23-27],7000,42,5,68,5284.52,197.37,5984.5,30.32
CO,P375N RANGER [19-23],7H351,42,8,153,3307.34,136.86,4122.91,30.13
IL,P702N F150 [21-27],19703,42,8,123,71.94,62.9,1869.89,29.73
NE,P552N F-150 [15-20],6256,42,27,1232,1320.87,59.7,1767.87,29.61
GA,P552N F-150 [15-20],7A100,42,44,1098,750.38,90.1,2667.13,29.6
KS,U553N EXPEDITION [18-24],7H351,42,6,86,2366.26,112.27,3319.71,29.57
MN,U553N EXPEDITION [18-24],7H351,42,8,130,2729.47,161.02,4754.2,29.52
FL,P552N F-150 [15-20],6256,42,110,11094,1487.25,76.01,2242.04,29.5
AZ,P702N F150 [21-27],19703,42,19,531,55.67,39.68,1170.22,29.49
NJ,U625N EXPLORER [20-27],5E212,42,26,517,1165.55,69.91,2056.5,29.42
CA,P702N F150 [21-27],14G490,04,53,817,65.66,37.63,1105.24,29.37
MO,P552N F-150 [15-20],7A100,42,31,591,688.64,80.86,2367.97,29.29
NJ,P552N F-150 [15-20],7A100,42,37,861,769.95,119.9,3500.21,29.19
AZ,P375N RANGER [19-23],7H351,42,5,93,2756.59,115.0,3356.4,29.19
FL,P552N F-150 [15-20],7B177,42,7,110,4245.49,171.29,4993.49,29.15
GA,P552N F-150 [15-20],6256,42,85,5168,1253.91,74.42,2157.53,28.99
TX,P552N F-150 [15-20],7B177,42,6,135,3313.74,130.89,3788.36,28.94
OK,P558N SUPER DUTY [17-22],7000,42,10,168,5977.44,327.53,9337.22,28.51
OK,P552N F-150 [15-20],7000,42,13,214,4004.26,282.76,8020.18,28.36
IL,P558N SUPER DUTY [17-22],7000,42,20,574,5512.14,305.16,8636.15,28.3
MN,P702N F150 [21-27],19860,42,17,618,42.66,35.98,1014.25,28.19
FL,CD539N EDGE [15-24],7A100,42,10,173,1231.64,183.31,5165.17,28.18
AZ,P702N F150 [21-27],19860,42,15,541,43.89,35.97,1008.88,28.05
CA,U625N EXPLORER [20-27],7A100,42,94,2951,740.11,111.34,3114.89,27.98
TX,P552N F-150 [15-20],7A100,42,105,3639,786.92,108.92,3044.39,27.95
NJ,U625N EXPLORER [20-27],6006,42,13,268,6333.11,262.23,7297.23,27.83
FL,U553N EXPEDITION [18-24],7A100,42,64,2081,885.42,148.45,4117.36,27.74
MD,U625N EXPLORER [20-27],7000,42,9,193,3943.79,158.23,4384.44,27.71
IL,P702N F150 [21-27],7H351,42,13,241,3078.52,151.23,4177.04,27.62
TX,CX482N ESCAPE [20-26],7000,42,7,85,4583.1,205.16,5641.52,27.5
TN,U553N EXPEDITION [18-24],7A100,42,15,259,250.29,96.06,2624.51,27.32
NC,P702N F150 [21-27],7H351,42,10,199,1857.05,127.29,3469.18,27.25
NV,P702N F150 [21-27],7H351,42,6,170,2667.7,123.65,3357.74,27.16
CA,P552N F-150 [15-20],6256,42,164,14770,1652.69,98.39,2651.65,26.95
NC,P552N F-150 [15-20],6256,42,85,4256,1308.72,80.42,2163.63,26.9
LA,P552N F-150 [15-20],6256,42,45,2514,1203.83,72.18,1939.7,26.87
TN,P552N F-150 [15-20],7H351,42,22,634,2495.07,148.57,3989.85,26.85
CO,U625N EXPLORER [20-27],7000,42,9,136,4711.59,259.32,6963.32,26.85
NE,CD539N EDGE [15-24],6375,01,5,64,120.62,77.82,2077.55,26.7
PA,U553N EXPEDITION [18-24],7H351,42,20,351,2722.92,135.7,3619.89,26.68
LA,P702N F150 [21-27],19860,42,19,473,724.37,36.31,967.93,26.66
VA,U554N NAVIGATOR [18-24],7H351,42,5,181,2841.72,119.29,3177.71,26.64
NJ,P702N F150 [21-27],7H351,42,11,210,2637.45,123.03,3260.97,26.51
TX,P558N SUPER DUTY [17-22],5005,01,26,1126,970.59,396.15,10380.67,26.2
CO,P702N F150 [21-27],14G650,04,6,109,45.74,40.32,1050.1,26.04
NM,P702N F150 [21-27],19703,42,8,168,45.57,39.51,1027.6,26.01
FL,P702N F150 [21-27],SHUTTLE,82,6,316,51.39,51.39,1336.05,26.0
UT,P702N F150 [21-27],7000,42,6,107,3826.57,175.39,4560.87,26.0
CA,U553N EXPEDITION [18-24],6256,42,113,3617,1700.51,110.74,2870.77,25.92
FL,CX430N C-SUV [21-27],4000,42,65,2259,1930.61,148.49,3828.97,25.79
FL,C520N ESCAPE [13-19],6009,42,5,65,3584.59,177.47,4568.54,25.74
MO,P552N F-150 [15-20],6256,42,72,3018,1186.09,82.3,2111.75,25.66
TX,CX482N ESCAPE [20-26],6049,42,15,194,1210.05,146.14,3748.13,25.65
FL,P375N RANGER [19-23],7H351,42,31,542,3278.77,174.86,4481.69,25.63
NY,P552N F-150 [15-20],6256,42,101,3637,1305.27,96.01,2456.73,25.59
TX,U554N NAVIGATOR [18-24],7H351,42,19,1233,2809.24,134.1,3428.18,25.56
FL,P552N F-150 [15-20],19B739,42,15,242,495.05,69.51,1767.78,25.43
AL,P552N F-150 [15-20],6256,42,49,2473,1150.24,68.86,1745.06,25.34
TX,P552N F-150 [15-20],6256,42,210,17564,1277.61,79.53,2011.11,25.29
OK,P702N F150 [21-27],19860,42,16,487,170.68,35.82,904.41,25.25
AR,P552N F-150 [15-20],6006,42,17,336,138.25,93.84,2360.91,25.16
MS,P702N F150 [21-27],19860,42,9,281,659.63,36.11,908.58,25.16
MI,CX482N ESCAPE [20-26],7820125,61,130,32401,288.47,84.74,2128.65,25.12
AL,P702N F150 [21-27],19860,42,17,598,58.77,37.67,942.42,25.02
VA,U553N EXPEDITION [18-24],7A100,42,27,574,892.7,121.24,3029.03,24.98
PA,P552N F-150 [15-20],6256,42,137,5392,1284.84,80.93,2019.24,24.95
CA,P702N F150 [21-27],19860,42,104,3761,43.25,35.97,897.13,24.94
NY,CD539N EDGE [15-24],6375,01,6,94,110.64,108.33,2683.7,24.77
MI,CX482N ESCAPE [20-26],7820124,61,15,817,321.67,84.74,2091.88,24.69
AL,P552N F-150 [15-20],7000,42,13,226,5232.38,321.55,7914.88,24.61
GA,P702N F150 [21-27],19860,42,35,1061,38.99,35.78,880.31,24.61
VA,V363N TRANSIT [14-27],7000,42,7,101,4116.19,249.05,6119.13,24.57
WA,P375N RANGER [19-23],7H351,42,5,53,2890.94,157.4,3863.43,24.55
FL,CD539N EDGE [15-24],6375,01,14,204,179.72,89.75,2196.15,24.47
IL,U553N EXPEDITION [18-24],7H351,42,17,301,3468.28,173.25,4237.94,24.46
CA,V363N TRANSIT [14-27],7A100,42,37,615,1260.91,190.7,4661.27,24.44
NH,P552N F-150 [15-20],7A100,42,7,180,819.46,134.69,3290.09,24.43
AL,U553N EXPEDITION [18-24],6256,42,30,927,1181.08,77.89,1879.2,24.13
VA,U625N EXPLORER [20-27],5E212,42,10,171,1058.78,58.25,1405.04,24.12
CA,U554N NAVIGATOR [18-24],7H351,42,12,308,3007.35,161.65,3899.51,24.12
OK,P558N SUPER DUTY [17-22],5005,01,6,390,2189.57,593.23,14261.33,24.04
MI,P702N F150 [21-27],19860,42,18,1167,39.4,35.83,860.73,24.02
VA,P702N F150 [21-27],19860,42,14,343,36.84,35.81,859.63,24.01
CO,U553N EXPEDITION [18-24],6256,42,24,1055,1632.39,77.59,1858.4,23.95
IA,P702N F150 [21-27],19860,42,7,199,50.21,36.07,863.8,23.95
FL,V363N TRANSIT [14-27],7A100,42,28,696,900.45,157.73,3775.96,23.94
PA,P558N SUPER DUTY [17-22],6731,82,63,2428,81.99,44.34,1059.9,23.91
MT,P552N F-150 [15-20],6256,42,21,1050,1487.3,87.3,2084.76,23.88
FL,V363N TRANSIT [14-27],19B555,42,7,105,1758.71,85.09,2026.35,23.81
NE,P702N F150 [21-27],19860,42,5,98,63.9,35.97,854.21,23.75
MO,P702N F150 [21-27],19860,42,13,544,39.13,35.72,848.24,23.75
MI,U540N MKX [16-23],7A100,42,5,68,959.23,124.39,2948.15,23.7
VA,P552N F-150 [15-20],6256,42,59,3481,1345.37,84.15,1994.74,23.7
IA,P552N F-150 [15-20],6256,42,49,1460,1244.44,70.65,1673.38,23.69
MA,P702N F150 [21-27],10D672,42,39,1082,64.23,49.25,1161.9,23.59
NC,P375N RANGER [19-23],7H351,42,7,86,2935.53,145.23,3424.29,23.58
AR,P702N F150 [21-27],19860,42,6,93,708.03,36.69,862.39,23.5
UT,P702N F150 [21-27],7A100,42,11,214,246.37,130.82,3046.43,23.29
WI,P552N F-150 [15-20],6256,42,91,3124,1322.57,91.03,2115.11,23.23
IN,P702N F150 [21-27],7H351,42,5,105,2229.87,121.83,2825.78,23.19
KY,CD539N EDGE [15-24],6375,01,7,124,1388.87,72.99,1688.08,23.13
SC,P552N F-150 [15-20],7A100,42,18,425,818.86,84.08,1934.79,23.01
VT,P552N F-150 [15-20],7A100,42,7,195,256.93,114.79,2635.32,22.96
NC,P702N F150 [21-27],19703,42,10,196,59.01,38.25,877.99,22.96
CA,P375N RANGER [19-23],7A100,42,38,620,914.77,155.68,3556.69,22.85
MA,P552N F-150 [15-20],6256,42,43,1812,1422.13,99.4,2267.54,22.81
UT,P702N F150 [21-27],19860,42,9,296,42.42,35.97,819.32,22.78
AR,U553N EXPEDITION [18-24],7H351,42,9,182,2337.86,131.01,2982.65,22.77
CA,P702N F150 [21-27],14G371,42,48,1144,339.79,39.4,895.6,22.73
TN,P552N F-150 [15-20],6256,42,62,2897,1208.71,90.0,2040.46,22.67
ID,P702N F150 [21-27],7H351,42,5,160,1240.75,114.17,2585.32,22.64
PA,P702N F150 [21-27],7A100,42,15,210,219.0,63.6,1438.64,22.62
TX,U553N EXPEDITION [18-24],6256,42,192,9510,1268.54,79.53,1799.33,22.62
LA,P552N F-150 [15-20],7A100,42,20,392,860.86,75.36,1695.2,22.49
LA,U553N EXPEDITION [18-24],6256,42,47,1655,1195.4,72.18,1616.47,22.39
NY,U554N NAVIGATOR [18-24],7H351,42,7,169,2758.94,177.98,3985.64,22.39
AR,P552N F-150 [15-20],7H351,42,9,250,2560.62,131.01,2931.47,22.38
WI,P702N F150 [21-27],19860,42,37,1049,43.31,35.71,798.29,22.36
MS,P552N F-150 [15-20],6256,42,30,1085,1175.83,87.44,1945.95,22.25
CA,CD539N EDGE [15-24],6375,01,39,617,1748.44,106.58,2371.85,22.25
GA,U554N NAVIGATOR [18-24],7H351,42,5,159,2867.01,134.71,2985.3,22.16
FL,P702N F150 [21-27],14G490,04,33,533,61.52,45.68,1011.67,22.15
OH,P552N F-150 [15-20],6256,42,105,3823,1243.58,95.92,2115.61,22.06
FL,V408E TRANSIT CONNECT [13-24],SHUTTLE,82,17,464,642.33,51.39,1130.5,22.0
TX,P558N SUPER DUTY [17-22],6701,D8,28,547,172.09,52.66,1158.46,22.0
MO,CD539N EDGE [15-24],6375,01,11,184,123.64,85.78,1880.41,21.92
IL,U625N EXPLORER [20-27],7H351,42,6,105,2966.02,151.23,3289.11,21.75
TN,P552N F-150 [15-20],7A100,42,21,457,655.78,75.65,1630.6,21.55
FL,CX727N MACH-E [21-26],14G371,04,8,106,267.64,37.6,806.66,21.46
NY,U625N EXPLORER [20-27],7A100,42,44,1800,229.68,61.95,1324.37,21.38
IL,P702N F150 [21-27],19860,42,57,1162,51.86,37.88,809.01,21.36
VA,P552N F-150 [15-20],7A100,42,37,974,845.1,121.24,2587.15,21.34
MS,U553N EXPEDITION [18-24],6256,42,25,683,1222.56,77.09,1641.72,21.3
KY,P552N F-150 [15-20],6256,42,40,1489,1088.31,67.37,1432.27,21.26
PA,U553N EXPEDITION [18-24],7A100,42,17,274,250.68,64.79,1376.13,21.24
NJ,U553N EXPEDITION [18-24],7A100,42,13,223,777.75,152.37,3221.88,21.14
NC,U553N EXPEDITION [18-24],6256,42,54,1493,1363.82,86.08,1819.49,21.14
SD,P552N F-150 [15-20],6256,42,15,714,1235.66,69.97,1475.87,21.09
NC,P552N F-150 [15-20],7A100,42,36,857,889.64,107.95,2276.12,21.08
OH,CD539N EDGE [15-24],6375,01,6,95,91.05,86.15,1814.1,21.06
TX,P702N F150 [21-27],14G490,04,47,816,54.24,36.0,758.04,21.06
WA,P552N F-150 [15-20],7A100,42,24,510,917.04,156.11,3273.69,20.97
OH,P702N F150 [21-27],7A100,42,18,323,379.95,104.45,2178.41,20.86
MI,P552N F-150 [15-20],6256,42,114,4344,1295.32,88.56,1830.57,20.67
NC,U553N EXPEDITION [18-24],7A100,42,22,544,870.61,107.68,2208.71,20.51
SD,U553N EXPEDITION [18-24],6256,42,8,214,1097.93,69.97,1427.39,20.4
MA,P552N F-150 [15-20],7A100,42,23,565,807.14,89.75,1830.24,20.39
FL,CD533N MKZ [13-20],6375,01,10,161,325.45,156.36,3180.87,20.34
GA,P558N SUPER DUTY [17-22],TIRE,82,7,98,678.02,42.79,869.77,20.33
IN,P552N F-150 [15-20],6256,42,61,2081,1282.99,81.4,1653.44,20.31
TX,P702N F150 [21-27],TIRE,82,5,68,213.4,49.92,1013.45,20.3
MN,P702N F150 [21-27],2005,42,5,66,1418.22,114.56,2324.41,20.29
OK,P702N F150 [21-27],19703,42,6,83,49.29,41.96,850.55,20.27
DE,P552N F-150 [15-20],7A100,42,5,66,729.99,133.14,2682.71,20.15
AL,P552N F-150 [15-20],7A100,42,19,542,756.98,91.2,1835.99,20.13
NM,P702N F150 [21-27],19860,42,5,290,40.68,36.61,736.4,20.11
CA,P702N F150 [21-27],14G647,04,134,6638,244.09,77.26,1539.88,19.93
TX,B515A ECOSPORT INDIA [13-22],6006,42,26,359,3655.69,257.91,5137.88,19.92
IL,P552N F-150 [15-20],6256,42,104,4039,1773.82,121.81,2420.41,19.87
NC,P702N F150 [21-27],19860,42,26,841,40.68,37.04,735.1,19.85
WI,P702N F150 [21-27],7H351,42,10,131,2672.86,162.15,3198.13,19.72
MD,P558N SUPER DUTY [17-22],7A100,42,9,132,238.09,152.85,3011.95,19.71
CO,P702N F150 [21-27],RECAL,04,25,862,101.42,68.96,1356.03,19.66
CO,P702N F150 [21-27],19703,42,8,121,55.98,52.24,1025.39,19.63
AR,P552N F-150 [15-20],6256,42,38,1438,1133.59,79.74,1563.72,19.61
FL,U554N NAVIGATOR [18-24],10E947,42,10,148,80.95,52.9,1036.54,19.59
TX,P702N F150 [21-27],10D672,42,94,3300,65.92,50.24,984.29,19.59
MO,V363N TRANSIT [14-27],19703,42,14,792,151.63,64.98,1271.51,19.57
FL,V363N TRANSIT [14-27],SHUTTLE,82,7,192,590.94,51.39,1002.03,19.5
ND,P552N F-150 [15-20],6256,42,11,531,1341.73,101.55,1979.15,19.49
IN,CD539N EDGE [15-24],6375,01,8,118,131.75,90.53,1762.88,19.47
TX,P558N SUPER DUTY [17-22],SERVICE,82,82,2487,78.51,35.68,694.57,19.46
WI,U553N EXPEDITION [18-24],7A100,42,8,102,760.07,150.73,2923.28,19.39
NY,U553N EXPEDITION [18-24],7A100,42,16,341,807.79,132.98,2574.46,19.36
KY,P552N F-150 [15-20],7A100,49,14,223,70.53,52.0,1004.5,19.32
OH,P552N F-150 [15-20],7A100,49,51,975,72.76,50.2,969.85,19.32
AL,U625N EXPLORER [20-27],7A100,42,15,325,376.26,82.9,1599.41,19.29
NH,P552N F-150 [15-20],6256,42,20,727,1219.69,98.95,1898.2,19.18
TN,P552N F-150 [15-20],3C247,D4,8,127,574.46,63.58,1217.81,19.16
FL,P702N F150 [21-27],7A100,42,62,2841,449.63,154.0,2948.54,19.15
IN,U553N EXPEDITION [18-24],6256,42,29,551,1300.83,85.9,1634.71,19.03
CA,P702N F150 [21-27],19703,42,67,1440,58.38,43.85,830.78,18.95
OK,P552N F-150 [15-20],6256,42,51,2259,1283.9,96.78,1833.39,18.94
MA,U625N EXPLORER [20-27],7000,42,7,132,4167.62,266.92,5034.4,18.86
UT,P552N F-150 [15-20],6256,42,27,4234,1197.27,74.98,1414.15,18.86
NY,U625N EXPLORER [20-27],6006,42,8,148,7547.5,627.91,11768.36,18.74
MO,P552N F-150 [15-20],3C247,D4,9,148,376.42,68.95,1289.78,18.71
SC,U553N EXPEDITION [18-24],7A100,42,8,160,682.96,154.48,2880.74,18.65
NY,P702N F150 [21-27],7H351,42,9,172,2917.23,226.54,4215.95,18.61
MI,U553N EXPEDITION [18-24],6256,42,55,1085,1348.11,102.77,1904.55,18.53
NC,CD539N EDGE [15-24],6375,01,8,113,129.89,100.35,1857.7,18.51
CO,CD539N EDGE [15-24],6375,01,6,88,145.01,125.72,2321.08,18.46
CA,CX727N MACH-E [21-26],14G650,04,45,1009,48.53,36.91,679.44,18.41
TX,CD539N EDGE [15-24],6375,01,17,293,171.64,95.41,1751.89,18.36
NY,U553N EXPEDITION [18-24],6256,42,34,800,1398.64,119.15,2185.28,18.34
NY,P558N SUPER DUTY [17-22],6A785,55,10,172,313.17,163.02,2985.81,18.32
TX,U625N EXPLORER [20-27],7H351,42,12,228,2917.48,224.67,4106.24,18.28
WV,P552N F-150 [15-20],6256,42,25,731,1020.62,76.22,1391.01,18.25
MO,U553N EXPEDITION [18-24],6256,42,38,783,1337.37,94.57,1719.02,18.18
FL,CX430N C-SUV [21-27],4000,49,6,97,171.35,113.97,2070.9,18.17
WI,CD539N EDGE [15-24],6375,01,5,70,134.5,107.98,1961.7,18.17
GA,CD539N EDGE [15-24],6375,01,7,102,1069.84,97.07,1758.99,18.12
MI,C520N ESCAPE [13-19],8501,42,12,219,724.06,55.33,1002.68,18.12
OH,U553N EXPEDITION [18-24],6256,42,45,844,1333.76,92.92,1676.28,18.04
AL,CD539N EDGE [15-24],6375,01,5,147,170.59,96.26,1735.31,18.03
IL,CX482N ESCAPE [20-26],SHUTTLE,82,13,250,642.33,231.24,4162.3,18.0
AL,P702N F150 [21-27],7A100,42,12,291,427.51,105.59,1900.0,17.99
MA,P552N F-150 [15-20],5E212,55,25,588,1279.92,155.87,2802.73,17.98
PA,U553N EXPEDITION [18-24],6256,42,57,1091,1389.9,115.62,2078.15,17.97
UT,P702N F150 [21-27],19703,42,6,92,53.97,42.7,765.44,17.93
PA,P558N SUPER DUTY [17-22],7000,42,26,414,5697.93,481.85,8641.07,17.93
CA,CX727N MACH-E [21-26],14D202,42,14,221,758.12,232.95,4177.71,17.93
CA,P702N F150 [21-27],14G371,04,69,1903,241.1,43.03,770.51,17.91
NY,P558N SUPER DUTY [17-22],19E616,01,13,407,696.82,71.03,1270.13,17.88
TN,U553N EXPEDITION [18-24],6256,42,36,1062,1224.62,96.09,1707.49,17.77
NY,P552N F-150 [15-20],7A100,49,42,970,79.93,51.3,911.27,17.76
TX,ECONOLINE [97-27],19A566,42,5,84,649.46,84.97,1503.64,17.7
ME,P552N F-150 [15-20],6256,42,14,361,1277.43,93.18,1648.69,17.69
CA,P708 F250 - 600 [23-27],7000,42,9,175,5554.05,428.22,7495.46,17.5
TX,ECONOLINE [97-27],6006,42,6,93,6312.15,528.11,9228.97,17.48
AL,U553N EXPEDITION [18-24],7A100,42,14,277,807.18,91.2,1590.79,17.44
MI,CD539N EDGE [15-24],6375,01,15,247,156.72,101.1,1759.45,17.4
FL,P702N F150 [21-27],10D672,42,78,2686,71.94,50.87,883.7,17.37
OK,P552N F-150 [15-20],7A100,42,20,434,801.03,84.53,1466.23,17.35
TX,U554N NAVIGATOR [18-24],7A100,42,18,856,820.08,159.07,2759.66,17.35
WI,P708 F250 - 600 [23-27],RECALEM,04,7,86,86.61,60.81,1054.53,17.34
CO,P558N SUPER DUTY [17-22],7A100,42,9,166,789.24,206.26,3562.28,17.27
TN,U554N NAVIGATOR [18-24],6256,42,9,360,1350.32,101.67,1753.43,17.25
TX,P708 F250 - 600 [23-27],19703,42,223,17708,174.06,95.92,1650.6,17.21
NM,U553N EXPEDITION [18-24],6256,42,13,363,1387.62,102.77,1766.02,17.18
VA,P375N RANGER [19-23],7H351,42,5,75,2248.45,171.81,2939.27,17.11
FL,P702N F150 [21-27],12A650,42,15,223,437.31,72.23,1231.59,17.05
GA,P552N F-150 [15-20],7A100,49,29,798,82.79,49.1,836.29,17.03
IA,CX482N ESCAPE [20-26],7820125,61,74,5177,272.1,128.14,2176.67,16.99
IA,P552N F-150 [15-20],78218A42,69,14,290,253.73,41.04,694.58,16.93
TX,CX430N C-SUV [21-27],4000,42,59,1570,1677.07,156.68,2644.97,16.88
NY,P702N F150 [21-27],7A100,42,21,456,357.53,121.69,2050.43,16.85
CA,CX727N MACH-E [21-26],14G371,42,12,419,191.63,44.28,745.61,16.84
NC,P558N SUPER DUTY [17-22],7A100,42,11,190,383.61,110.84,1866.76,16.84
MI,C520N ESCAPE [13-19],8501,D8,17,486,757.78,62.43,1051.3,16.84
MD,V363N TRANSIT [14-27],7A100,42,8,89,512.15,115.21,1938.41,16.83
NJ,U540N MKX [16-23],4000,42,6,102,1341.04,125.29,2108.43,16.83
NM,P552N F-150 [15-20],6256,42,18,1433,1354.05,102.77,1726.53,16.8
IL,P558N SUPER DUTY [17-22],6006,42,11,302,9629.65,780.76,13107.41,16.79
CA,P552N F-150 [15-20],3C247,D4,13,204,557.25,94.35,1583.7,16.79
AL,P702N F150 [21-27],7H351,42,7,170,2993.94,211.33,3541.41,16.76
IA,P473N SUPER DUTY [11-16],6731,82,13,264,59.95,43.67,732.11,16.76
OR,P552N F-150 [15-20],6256,42,36,1929,1377.23,108.77,1821.0,16.74
CA,CX430N C-SUV [21-27],14G371,42,8,98,300.9,44.28,739.8,16.71
OK,P702N F150 [21-27],TIRE,82,6,113,814.71,58.87,978.24,16.62
PA,CD539N EDGE [15-24],6375,01,6,67,114.48,87.68,1453.3,16.58
CO,P552N F-150 [15-20],7A100,49,19,663,102.2,63.73,1056.39,16.58
CA,P558N SUPER DUTY [17-22],6701,D8,19,470,1026.53,101.07,1675.55,16.58
OH,CX482N ESCAPE [20-26],7820125,61,131,18287,293.15,143.56,2378.67,16.57
CT,P558N SUPER DUTY [17-22],19E616,01,7,113,126.72,73.55,1216.76,16.54
GA,P702N F150 [21-27],7A100,42,29,667,310.46,83.14,1375.49,16.54
AZ,CD539N EDGE [15-24],6375,01,9,137,926.33,115.98,1917.66,16.53
CO,P552N F-150 [15-20],7A100,42,22,840,976.06,92.85,1530.15,16.48
AL,U553N EXPEDITION [18-24],7H351,42,15,328,2698.43,222.67,3664.75,16.46
CA,U554N NAVIGATOR [18-24],7A100,49,11,213,111.34,81.62,1339.38,16.41
FL,U554N NAVIGATOR [18-24],7A100,49,10,296,548.91,81.25,1330.13,16.37
PA,P552N F-150 [15-20],7A100,49,59,1206,82.79,49.43,807.36,16.33
TN,CD539N EDGE [15-24],6375,01,6,75,943.69,110.14,1796.42,16.31
IL,CD539N EDGE [15-24],6375,01,13,223,209.5,148.86,2424.47,16.29
FL,CX483N CORSAIR [20-26],14G371,42,12,292,219.46,48.57,787.5,16.21
FL,U553N EXPEDITION [18-24],6256,42,96,4614,1474.53,127.02,2053.94,16.17
MA,P702N F150 [21-27],19703,42,11,185,49.67,37.99,613.12,16.14
TX,P702N F150 [21-27],7A100,42,84,2591,373.72,82.46,1326.01,16.08
TX,P558N SUPER DUTY [17-22],6A785,55,38,984,258.88,151.68,2425.62,15.99
CA,U554N NAVIGATOR [18-24],14G371,04,18,607,101.4,36.86,589.05,15.98
CA,P552N F-150 [15-20],7A100,49,69,2275,521.54,68.52,1093.47,15.96
MI,U554N NAVIGATOR [18-24],7A100,42,6,104,251.25,66.09,1051.84,15.92
TX,P552N F-150 [15-20],5E212,55,61,2684,1147.44,145.67,2311.67,15.87
WI,P552N F-150 [15-20],3C247,D4,45,863,558.0,85.13,1350.56,15.86
VA,P552N F-150 [15-20],6006,42,49,1261,143.5,107.42,1698.15,15.81
MI,U553N EXPEDITION [18-24],7A100,42,26,501,510.35,114.21,1802.85,15.79
NY,U554N NAVIGATOR [18-24],6256,42,15,608,1570.05,123.51,1938.71,15.7
CA,P558N SUPER DUTY [17-22],14G371,04,53,990,60.39,36.4,570.61,15.68
KS,CX482N ESCAPE [20-26],7820125,61,42,3786,285.0,179.53,2802.24,15.61
WA,CD539N EDGE [15-24],6375,01,11,158,1934.31,135.03,2100.63,15.56
MI,U625N EXPLORER [20-27],7811782,33,20,384,84.65,49.69,770.26,15.5
MO,CX482N ESCAPE [20-26],7820125,61,78,7371,289.58,173.23,2682.8,15.49
CA,U725N BRONCO [21-26],14G371,42,10,171,247.8,44.28,684.15,15.45
NE,CX482N ESCAPE [20-26],7820125,61,30,1886,285.49,173.95,2685.19,15.44
MD,P702N F150 [21-27],14G490,04,6,133,160.83,36.37,556.69,15.31
FL,P558N SUPER DUTY [17-22],5H270,42,6,87,3419.74,353.18,5385.72,15.25
CA,V363N TRANSIT [14-27],19703,42,75,1879,726.03,133.52,2034.19,15.24
LA,U554N NAVIGATOR [18-24],6256,42,12,345,1235.73,101.92,1540.67,15.12
FL,P558N SUPER DUTY [17-22],6701,D8,21,604,759.95,90.0,1359.17,15.1
AZ,P702N F150 [21-27],7H351,42,8,215,2308.79,195.5,2948.38,15.08
KS,U553N EXPEDITION [18-24],6256,42,24,550,1267.7,110.86,1672.29,15.08
CT,U553N EXPEDITION [18-24],6256,42,10,166,1257.62,96.96,1460.29,15.06
CA,CX727N MACH-E [21-26],14G371,04,33,664,178.6,41.37,621.78,15.03
IL,U554N NAVIGATOR [18-24],7A100,42,7,194,831.1,211.97,3185.35,15.03
FL,P375N RANGER [19-23],7A100,42,19,314,832.35,125.61,1886.88,15.02
IL,U625N EXPLORER [20-27],SHUTTLE,82,11,248,642.33,231.24,3468.58,15.0
OR,P552N F-150 [15-20],3C247,D4,6,96,146.09,90.55,1356.0,14.98
VT,P552N F-150 [15-20],6256,42,10,272,1180.68,90.05,1347.17,14.96
MA,V363N TRANSIT [14-27],7000,42,8,132,6978.74,561.92,8390.49,14.93
IL,P552N F-150 [15-20],7A100,49,48,1074,126.56,84.0,1252.04,14.91
VA,P558N SUPER DUTY [17-22],6A785,55,8,188,301.65,179.75,2677.01,14.89
IL,U554N NAVIGATOR [18-24],6256,42,18,734,1940.34,159.09,2364.92,14.87
MN,P552N F-150 [15-20],7A100,49,29,950,79.81,54.83,812.88,14.82
TX,V363N TRANSIT [14-27],19703,42,68,1651,712.94,113.84,1683.78,14.79
FL,P552N F-150 [15-20],6714,82,34,927,64.82,40.46,598.07,14.78
CT,P552N F-150 [15-20],6256,42,27,1028,1343.62,112.88,1661.52,14.72
LA,CX430N C-SUV [21-27],4000,42,12,212,1366.41,122.25,1798.26,14.71
IL,C520N ESCAPE [13-19],8501,D8,12,257,1161.85,101.17,1474.85,14.58
CA,P702N F150 [21-27],14D212,04,14,231,133.89,77.65,1122.93,14.46
FL,CD539N EDGE [15-24],7000,42,7,92,6379.65,774.29,11190.63,14.45
CA,P558N SUPER DUTY [17-22],1007,82,6,165,149.84,78.47,1133.29,14.44
TX,U625N EXPLORER [20-27],7A100,42,88,2457,404.14,91.04,1310.01,14.39
IL,P558N SUPER DUTY [17-22],19E616,01,9,174,104.96,86.42,1243.27,14.39
FL,P702N F150 [21-27],14G371,04,43,1434,211.66,68.52,981.62,14.33
SC,P702N F150 [21-27],7H351,42,13,231,2424.65,262.07,3752.55,14.32
AL,P552N F-150 [15-20],5E212,55,9,196,1299.31,165.81,2365.27,14.27
FL,CD539N EDGE [15-24],4000,42,43,960,1497.15,161.42,2300.77,14.25
GA,U553N EXPEDITION [18-24],6256,42,70,2118,1282.41,114.19,1624.69,14.23
OR,P552N F-150 [15-20],7A100,49,15,310,91.72,65.53,928.74,14.17
MI,P702N F150 [21-27],7A100,42,32,793,284.4,104.81,1483.69,14.16
GA,P552N F-150 [15-20],19B739,42,6,90,109.31,69.53,979.55,14.09
PA,P702N F150 [21-27],14G490,04,18,262,72.44,41.07,578.76,14.09
NH,P552N F-150 [15-20],7A100,49,9,181,82.22,67.22,944.72,14.06
OH,P375N RANGER [19-23],7A100,42,5,58,541.23,125.22,1758.86,14.05
MD,P558N SUPER DUTY [17-22],19E616,01,14,256,87.64,52.96,744.1,14.05
CA,P552N F-150 [15-20],6714,82,55,1976,76.64,42.39,593.71,14.01
OK,U553N EXPEDITION [18-24],6256,42,33,919,1317.33,128.93,1806.3,14.01
FL,P552N F-150 [15-20],7A100,49,67,2412,98.78,57.88,810.61,14.0
CA,P702N F150 [21-27],19H332,42,18,240,195.84,39.96,556.74,13.93
TX,U554N NAVIGATOR [18-24],6256,42,42,2898,1368.31,126.17,1755.29,13.91
WV,P552N F-150 [15-20],7A100,42,5,91,228.28,89.23,1240.29,13.9
WI,P552N F-150 [15-20],7A100,49,57,1162,80.69,50.99,707.78,13.88
AL,U553N EXPEDITION [18-24],7A100,49,7,110,579.3,54.32,753.67,13.87
OK,U553N EXPEDITION [18-24],7A100,42,16,301,719.35,84.53,1171.47,13.86
NY,U625N EXPLORER [20-27],7A100,04,7,133,166.78,78.99,1091.36,13.82
NJ,P558N SUPER DUTY [17-22],19E616,01,30,868,549.44,66.6,919.19,13.8
FL,V363N TRANSIT [14-27],19703,42,68,2700,667.38,107.78,1486.12,13.79
CA,P552N F-150 [15-20],1007,82,5,117,429.93,71.37,983.28,13.78
CO,P552N F-150 [15-20],3C247,D4,16,468,590.0,82.62,1138.21,13.78
SC,P552N F-150 [15-20],6714,82,5,127,95.92,45.56,627.61,13.77
WV,P552N F-150 [15-20],7A100,49,5,57,68.52,51.91,712.58,13.73
FL,U553N EXPEDITION [18-24],7A100,49,43,848,114.07,68.77,942.93,13.71
NY,CX430N C-SUV [21-27],8501,42,44,1434,614.3,199.96,2736.29,13.68
CA,V363N TRANSIT [14-27],14401,28,6,109,968.61,157.8,2157.16,13.67
FL,P558N SUPER DUTY [17-22],9N184,82,22,405,153.4,118.49,1614.28,13.62
LA,P702N F150 [21-27],7A100,42,9,211,102.14,77.94,1059.6,13.6
MI,P552N F-150 [15-20],3C247,D4,53,1134,649.46,111.82,1519.41,13.59
FL,U625N EXPLORER [20-27],SHUTTLE,82,8,483,513.86,51.39,693.72,13.5
KS,P552N F-150 [15-20],6256,42,36,1570,1252.37,110.86,1492.23,13.46
CA,P708 F250 - 600 [23-27],7A100,42,12,246,619.33,121.39,1633.22,13.45
TX,CX483N CORSAIR [20-26],14G371,04,15,554,79.41,41.19,553.9,13.45
FL,U540N MKX [16-23],4000,42,18,443,1694.31,206.68,2775.84,13.43
MN,P558N SUPER DUTY [17-22],7A100,42,10,127,330.46,107.06,1432.61,13.38
NY,P558N SUPER DUTY [17-22],7D019,42,6,81,1586.95,213.45,2856.22,13.38
MN,ECONOLINE [97-27],6731,82,7,429,57.5,43.51,581.89,13.37
FL,P708 F250 - 600 [23-27],14G371,04,16,289,155.55,39.07,522.11,13.36
CA,U553N EXPEDITION [18-24],7A100,49,32,672,584.25,78.22,1045.32,13.36
GA,U553N EXPEDITION [18-24],7A100,49,14,297,94.21,49.1,655.06,13.34
FL,P708 F250 - 600 [23-27],14B291,42,12,216,147.78,40.66,541.05,13.31
CA,P702N F150 [21-27],RECAL,04,102,2518,133.75,67.8,901.97,13.3
GA,U625N EXPLORER [20-27],7A100,42,30,601,271.92,93.64,1245.57,13.3
CA,CD391N FUSION [13-20],10B759,42,10,200,901.2,675.91,8979.09,13.28
CA,CDX707A NAUTILUS [23-26],14G371,42,6,99,131.06,44.28,587.72,13.27
IL,U554N NAVIGATOR [18-24],16A506,41,5,113,523.99,63.39,837.84,13.22
IL,P558N SUPER DUTY [17-22],SERVICE,82,8,156,78.51,35.68,471.8,13.22
TX,P552N F-150 [15-20],7A100,49,99,3249,464.0,60.32,797.05,13.21
FL,P552N F-150 [15-20],3C247,D4,23,378,425.11,128.28,1691.55,13.19
NY,CX482N ESCAPE [20-26],7820125,61,107,14468,299.96,169.14,2227.58,13.17
TX,P558N SUPER DUTY [17-22],19E616,01,6,75,606.49,59.57,783.24,13.15
NJ,P558N SUPER DUTY [17-22],7A100,42,7,117,828.21,232.88,3058.21,13.13
GA,P702N F150 [21-27],19703,42,21,330,47.99,35.68,468.1,13.12
LA,P708 F250 - 600 [23-27],19703,42,40,1502,160.9,94.15,1231.07,13.08
NC,P552N F-150 [15-20],7A100,49,34,760,85.33,51.03,666.79,13.07
MA,CX482N ESCAPE [20-26],7820125,61,43,5185,329.82,228.88,2992.47,13.07
MI,P702N F150 [21-27],10654,42,26,693,90.09,41.88,547.32,13.07
MI,CX482N ESCAPE [20-26],6049,42,9,108,666.77,260.11,3395.76,13.06
MT,P552N F-150 [15-20],7A100,42,6,224,522.77,104.46,1361.8,13.04
CA,CX483N CORSAIR [20-26],14F642,42,9,164,64.09,48.69,635.02,13.04
FL,CX482N ESCAPE [20-26],SHUTTLE,82,7,220,539.56,51.39,668.02,13.0
FL,CD539N EDGE [15-24],SHUTTLE,82,6,123,539.56,51.39,668.02,13.0
TX,P702N F150 [21-27],SHUTTLE,82,5,120,539.56,51.39,668.02,13.0
MI,P552N F-150 [15-20],7A100,49,60,1550,74.07,52.37,679.74,12.98
NJ,P702N F150 [21-27],14G490,04,11,181,59.82,38.11,492.12,12.91
LA,P552N F-150 [15-20],7000,42,10,121,4606.21,495.49,6363.37,12.84
MD,U625N EXPLORER [20-27],14B291,04,7,231,49.63,45.83,587.13,12.81
VA,P552N F-150 [15-20],7A100,49,26,718,519.03,54.83,701.6,12.8
MA,P558N SUPER DUTY [17-22],19E616,01,28,754,102.32,63.46,808.5,12.74
NJ,P558N SUPER DUTY [17-22],6A785,55,9,244,309.54,248.23,3155.59,12.71
TX,U625N EXPLORER [20-27],14G371,42,78,1934,310.46,37.88,480.11,12.68
MD,U553N EXPEDITION [18-24],7A100,42,13,310,304.21,96.34,1221.58,12.68
FL,P702N F150 [21-27],19703,42,66,1799,53.6,37.8,478.75,12.67
TX,P702N F150 [21-27],4602,42,22,393,196.45,61.83,781.72,12.64
WV,U553N EXPEDITION [18-24],6256,42,14,217,1137.1,107.07,1345.95,12.57
NC,P702N F150 [21-27],14G490,04,11,201,74.88,36.78,461.82,12.56
CA,U502N EXPLORER [11-19],78551A46,33,116,3297,68.89,37.39,468.75,12.54
TX,P708 F250 - 600 [23-27],7A100,42,30,516,308.32,112.48,1407.37,12.51
MO,P558N SUPER DUTY [17-22],7A100,42,7,93,591.92,100.44,1254.4,12.49
FL,S550N MUSTANG [15-23],7627008,42,6,115,471.24,43.11,537.59,12.47
TX,CX727N MACH-E [21-26],14G672,42,8,98,45.82,42.01,523.07,12.45
GA,V363N TRANSIT [14-27],6714,82,18,362,59.87,39.93,497.34,12.45
NY,CX482N ESCAPE [20-26],4000,42,16,240,1569.64,269.89,3358.09,12.44
NJ,U554N NAVIGATOR [18-24],14G371,04,8,277,92.22,45.64,567.43,12.43
NY,U625N EXPLORER [20-27],7A100,49,13,241,645.81,82.99,1031.25,12.43
GA,U553N EXPEDITION [18-24],7A100,42,28,603,715.11,102.99,1277.96,12.41
TX,U554N NAVIGATOR [18-24],10E947,42,14,255,413.23,52.57,650.34,12.37
CO,U553N EXPEDITION [18-24],7A100,42,12,402,944.11,131.89,1623.17,12.31
IL,U611N AVIATOR [20-27],TCARE,82,5,215,281.35,35.68,439.2,12.31
MO,U625N EXPLORER [20-27],7P155,42,16,300,38.67,36.01,442.98,12.3
PA,U553N EXPEDITION [18-24],RENTAL,82,42,944,199.84,85.64,1049.14,12.25
LA,P558N SUPER DUTY [17-22],7A100,42,7,126,368.11,99.46,1218.43,12.25
AZ,P552N F-150 [15-20],7A100,49,22,834,94.59,58.75,716.11,12.19
MD,P552N F-150 [15-20],3C247,D4,9,128,215.66,94.61,1152.07,12.18
TX,U553N EXPEDITION [18-24],7A100,49,73,1729,500.01,65.97,802.05,12.16
NJ,U625N EXPLORER [20-27],7A100,42,36,1144,337.22,95.84,1158.35,12.09
AL,P558N SUPER DUTY [17-22],6A785,55,5,88,350.01,221.36,2673.13,12.08
FL,P552N F-150 [15-20],14G371,42,53,1112,220.03,79.93,965.02,12.07
PA,C489N MKC [15-19],RENTAL,82,14,659,96.35,64.23,774.36,12.06
LA,V363N TRANSIT [14-27],19703,42,11,154,693.75,125.91,1518.35,12.06
OH,U625N EXPLORER [20-27],7A100,42,40,815,314.68,93.29,1123.78,12.05
IL,P552N F-150 [15-20],78218A42,69,34,569,315.95,72.52,872.86,12.04
IN,P708 F250 - 600 [23-27],19703,42,53,2341,151.8,89.72,1079.01,12.03
NY,P702N F150 [21-27],RENTAL,82,65,4313,142.74,35.68,428.22,12.0
MD,U554N NAVIGATOR [18-24],6256,42,6,162,1464.22,129.8,1551.0,11.95
CA,U554N NAVIGATOR [18-24],7A100,42,18,526,1018.24,264.43,3157.0,11.94
TX,U553N EXPEDITION [18-24],19860,42,74,2089,882.35,134.99,1610.93,11.93
CA,V363N TRANSIT [14-27],SERVICE,82,12,448,99.26,35.68,425.88,11.93
FL,CX482N ESCAPE [20-26],19703,42,33,568,245.55,165.27,1961.25,11.87
CA,CX482N ESCAPE [20-26],6049,42,7,87,2864.25,341.83,4044.25,11.83
FL,P708 F250 - 600 [23-27],19703,42,101,7509,189.72,101.97,1203.61,11.8
WV,P708 F250 - 600 [23-27],19703,42,26,564,132.13,78.89,929.82,11.79
MA,P552N F-150 [15-20],6006,42,31,771,149.78,112.11,1322.13,11.79
CA,CX727N MACH-E [21-26],14D202,B4,85,2689,894.47,252.51,2956.59,11.71
IL,CX482N ESCAPE [20-26],7820124,61,10,793,485.77,248.95,2913.38,11.7
NJ,U554N NAVIGATOR [18-24],7A100,49,6,132,95.84,79.95,934.24,11.69
MD,P552N F-150 [15-20],7A100,49,16,397,79.36,54.89,640.68,11.67
CA,P558N SUPER DUTY [17-22],19E616,01,12,191,479.61,79.86,931.66,11.67
OK,P702N F150 [21-27],7A100,42,12,240,200.53,84.53,986.47,11.67
NJ,U625N EXPLORER [20-27],7H351,42,9,263,2482.58,311.12,3629.94,11.67
CA,P702N F150 [21-27],14G670,04,36,679,176.36,85.64,996.48,11.64
VA,P558N SUPER DUTY [17-22],19E616,01,14,358,637.19,69.48,808.17,11.63
FL,P558N SUPER DUTY [17-22],12286,42,9,159,159.5,116.64,1356.07,11.63
TN,U553N EXPEDITION [18-24],7A100,49,5,81,73.65,57.5,668.12,11.62
MD,CX482N ESCAPE [20-26],7820125,61,40,4843,317.72,190.4,2210.26,11.61
MA,P552N F-150 [15-20],7A100,49,27,636,85.64,68.06,787.03,11.56
MO,CD391N FUSION [13-20],6375,01,5,96,1879.56,178.68,2063.06,11.55
TX,CX482N ESCAPE [20-26],7820125,61,172,15007,334.11,218.06,2518.62,11.55
AL,P552N F-150 [15-20],7A100,49,13,303,94.21,54.18,625.39,11.54
TN,P558N SUPER DUTY [17-22],SERVICE,82,8,144,78.51,74.37,857.41,11.53
MS,CX482N ESCAPE [20-26],7820125,61,26,1145,298.23,212.56,2449.8,11.53
CA,P375N RANGER [19-23],7A100,49,14,214,523.54,79.93,919.62,11.5
NY,P708 F250 - 600 [23-27],19703,42,85,2576,163.76,100.92,1159.38,11.49
NE,P552N F-150 [15-20],7A100,49,13,408,85.14,56.03,643.9,11.49
MI,U625N EXPLORER [20-27],7A100,42,44,1219,310.55,95.28,1091.65,11.46
GA,V363N TRANSIT [14-27],19703,42,21,461,164.81,92.37,1058.14,11.45
IA,V363N TRANSIT [14-27],6714,82,12,364,57.1,42.3,484.1,11.44
MA,P558N SUPER DUTY [17-22],7D019,42,5,67,223.32,185.65,2121.67,11.43
ME,P552N F-150 [15-20],7A100,49,10,252,70.53,61.09,697.16,11.41
MT,P708 F250 - 600 [23-27],19703,42,20,531,201.61,102.54,1170.32,11.41
CO,P558N SUPER DUTY [17-22],7000,42,12,284,6565.77,1236.41,14078.78,11.39
MN,P702N F150 [21-27],14G490,04,13,205,59.04,37.78,428.99,11.36
FL,P558N SUPER DUTY [17-22],6A785,55,18,407,367.68,208.05,2359.12,11.34
TX,CD391N FUSION [13-20],6375,01,17,234,1539.12,210.18,2382.35,11.33
NJ,P708 F250 - 600 [23-27],19703,42,46,1938,176.66,93.28,1055.48,11.32
VA,P552N F-150 [15-20],3C247,D4,18,337,462.96,94.21,1063.26,11.29
MN,CX482N ESCAPE [20-26],7820125,61,72,8854,300.11,193.36,2180.1,11.28
MN,U553N EXPEDITION [18-24],7A100,49,6,93,86.71,74.88,842.72,11.25
TN,P552N F-150 [15-20],7A100,49,19,469,82.1,58.42,657.14,11.25
FL,U611N AVIATOR [20-27],14G371,42,22,883,395.03,91.35,1027.16,11.24
IA,P552N F-150 [15-20],7A100,49,20,449,74.22,57.58,646.78,11.23
NE,P558N SUPER DUTY [17-22],6731,82,16,401,85.04,51.95,583.45,11.23
TX,P558N SUPER DUTY [17-22],8005,82,5,66,113.99,107.8,1209.48,11.22
FL,P558N SUPER DUTY [17-22],12A650,42,9,107,1248.05,133.64,1494.51,11.18
MD,P558N SUPER DUTY [17-22],6A785,55,6,104,306.35,256.57,2866.53,11.17
AZ,P552N F-150 [15-20],7A100,42,21,1110,836.41,265.5,2963.69,11.16
OH,B515A ECOSPORT INDIA [13-22],RENTAL,82,46,1362,285.48,96.35,1074.63,11.15
MS,U553N EXPEDITION [18-24],7A100,42,6,122,139.68,90.11,1003.61,11.14
OK,P558N SUPER DUTY [17-22],TIRE,82,6,94,480.31,101.27,1126.82,11.13
IL,U625N EXPLORER [20-27],7A100,42,44,1203,468.92,115.27,1283.34,11.13
NJ,P552N F-150 [15-20],7A100,49,34,756,110.77,72.45,805.77,11.12
AZ,CX482N ESCAPE [20-26],19703,42,17,302,506.86,138.89,1544.0,11.12
FL,P702N F150 [21-27],7A100,49,7,140,430.2,112.27,1247.18,11.11
NC,CX482N ESCAPE [20-26],7820125,61,80,7749,309.81,195.41,2171.38,11.11
FL,S550N MUSTANG [15-23],7A100,49,37,608,102.74,73.08,810.65,11.09
WA,P552N F-150 [15-20],3C247,D4,15,310,472.78,108.37,1200.54,11.08
TX,U611N AVIATOR [20-27],TCARE,82,8,752,267.64,38.63,428.22,11.08
CA,P702N F150 [21-27],1007,82,5,108,154.22,85.64,948.0,11.07
PA,P552N F-150 [15-20],3C247,D4,44,749,435.14,92.23,1019.14,11.05
IL,P552N F-150 [15-20],3C247,D4,34,602,458.17,117.39,1295.07,11.03
FL,CX483N CORSAIR [20-26],14G371,04,25,1031,83.15,36.8,405.45,11.02
TX,S550N MUSTANG [15-23],7A100,42,19,278,677.5,90.61,997.0,11.0
SC,U553N EXPEDITION [18-24],7A100,49,5,76,106.49,70.8,778.44,11.0
TX,U554N NAVIGATOR [18-24],7A100,49,10,252,533.65,76.32,839.75,11.0
TX,P552N F-150 [15-20],3C247,D4,16,221,492.89,98.91,1085.57,10.98
CA,U625N EXPLORER [20-27],14G371,42,67,1650,431.83,92.5,1014.05,10.96
NJ,CD539N EDGE [15-24],4000,42,14,221,1394.65,164.51,1801.53,10.95
VA,CD539N EDGE [15-24],6375,01,5,77,140.82,111.67,1220.65,10.93
MI,P558N SUPER DUTY [17-22],19E616,01,10,164,133.02,72.78,793.07,10.9
AZ,CX430N C-SUV [21-27],8501,42,15,474,548.51,141.76,1543.61,10.89
FL,P558N SUPER DUTY [17-22],6731,82,68,2648,98.02,46.85,510.22,10.89
NY,U611N AVIATOR [20-27],7A100,42,10,190,745.6,132.75,1444.89,10.88
NC,U625N EXPLORER [20-27],7A100,42,29,624,349.0,91.56,992.61,10.84
NC,U553N EXPEDITION [18-24],7A100,49,14,248,95.75,61.04,660.76,10.83
IA,P552N F-150 [15-20],3C247,D4,14,282,183.24,89.55,969.4,10.83
MD,V363N TRANSIT [14-27],19703,42,24,476,133.46,109.12,1180.72,10.82
CA,U625N EXPLORER [20-27],14G371,04,134,8053,58.0,36.92,399.36,10.82
TX,P702N F150 [21-27],14G670,04,53,1281,142.73,71.66,774.36,10.81
MI,V408E TRANSIT CONNECT [13-24],SHUTTLE,82,10,457,539.56,128.47,1387.43,10.8
NJ,U553N EXPEDITION [18-24],7A100,49,9,117,191.09,76.22,823.12,10.8
IN,P552N F-150 [15-20],7A100,49,23,502,70.23,54.14,583.67,10.78
WV,CX482N ESCAPE [20-26],7820125,61,28,1630,245.46,186.3,2004.14,10.76
NY,CX430N C-SUV [21-27],8501,D1,9,217,740.24,352.7,3784.14,10.73
MN,CX482N ESCAPE [20-26],7820124,61,5,75,446.85,242.65,2598.28,10.71
FL,P552N F-150 [15-20],78218A42,69,31,533,258.07,69.04,737.77,10.69
TN,CX482N ESCAPE [20-26],7820125,61,47,4506,310.19,205.53,2194.02,10.67
MI,CD533N MKZ [13-20],6375,01,6,119,1805.01,187.69,2001.71,10.67
UT,P702N F150 [21-27],RECAL,04,15,621,110.62,77.22,822.02,10.65
NY,U625N EXPLORER [20-27],4A015,D8,18,413,781.95,205.57,2188.83,10.65
FL,P702N F150 [21-27],14G670,04,47,890,154.65,75.26,799.66,10.63
CO,P558N SUPER DUTY [17-22],14G371,42,10,180,167.01,95.92,1019.58,10.63
FL,P702N F150 [21-27],19H332,04,6,90,69.75,37.11,393.58,10.61
MO,P552N F-150 [15-20],7A100,49,31,623,81.25,56.77,602.38,10.61
FL,U625N EXPLORER [20-27],7H351,42,11,223,2475.94,404.53,4291.74,10.61
NJ,P558N SUPER DUTY [17-22],19E616,42,9,117,90.0,85.74,908.68,10.6
NV,CD391N FUSION [13-20],6375,01,5,87,1814.97,178.65,1893.94,10.6
NJ,V363N TRANSIT [14-27],19703,42,22,611,171.93,126.91,1342.66,10.58
NC,V363N TRANSIT [14-27],7A100,42,7,118,537.73,329.87,3483.84,10.56
PA,U540N MKX [16-23],4000,42,11,202,1279.19,147.89,1561.31,10.56
CA,S550N MUSTANG [15-23],7A100,49,30,524,316.81,82.38,868.55,10.54
UT,P552N F-150 [15-20],7A100,49,11,324,85.64,74.59,785.91,10.54
SC,CX430N C-SUV [21-27],4000,42,8,171,1956.94,254.74,2684.91,10.54
IN,P552N F-150 [15-20],3C247,D4,9,165,449.81,107.72,1133.53,10.52
OH,P558N SUPER DUTY [17-22],7A100,42,12,170,829.22,330.28,3463.03,10.49
FL,P702N F150 [21-27],19A464,43,93,3757,396.82,67.55,708.93,10.49
SC,P552N F-150 [15-20],7A100,49,16,413,81.65,67.27,704.06,10.47
CA,P702N F150 [21-27],15604,42,6,103,304.99,48.58,508.39,10.46
IN,U553N EXPEDITION [18-24],7A100,49,7,78,79.19,58.25,607.02,10.42
MN,U625N EXPLORER [20-27],7A100,42,18,348,331.86,111.34,1158.51,10.41
IN,CX482N ESCAPE [20-26],7820124,61,8,300,252.48,234.31,2438.15,10.41
AZ,U553N EXPEDITION [18-24],7A100,49,12,307,547.35,71.66,745.11,10.4
NY,CX430N C-SUV [21-27],2C150,42,50,1803,105.95,63.87,663.26,10.38
FL,P558N SUPER DUTY [17-22],7D019,42,11,215,319.54,212.15,2201.44,10.38
NJ,U554N NAVIGATOR [18-24],7A100,42,8,209,701.01,109.94,1140.4,10.37
NM,P552N F-150 [15-20],7A100,42,5,173,575.26,123.29,1278.5,10.37
VA,P702N F150 [21-27],7A100,42,20,460,482.58,110.14,1139.39,10.35
KS,P552N F-150 [15-20],3C247,D4,7,157,412.23,118.02,1220.57,10.34
OR,CX482N ESCAPE [20-26],7820125,61,32,2974,343.43,166.35,1717.77,10.33
FL,P131N STRIPPED CHASSIS [99-26],6731,82,5,140,68.17,42.76,441.7,10.33
PA,V363N TRANSIT [14-27],6714,82,36,703,65.67,37.93,390.99,10.31
FL,U553N EXPEDITION [18-24],14G371,04,32,648,64.6,39.42,405.45,10.29
IL,V363N TRANSIT [14-27],19703,42,27,528,207.26,111.66,1146.2,10.27
FL,V408E TRANSIT CONNECT [13-24],7000,42,17,251,6419.52,873.15,8959.15,10.26
AL,U553N EXPEDITION [18-24],7000,42,5,56,3581.82,390.01,3996.39,10.25
FL,U553N EXPEDITION [18-24],94RH7,42,18,276,258.07,43.15,442.19,10.25
WA,P552N F-150 [15-20],7A100,49,17,408,109.14,63.9,654.58,10.24
MA,P552N F-150 [15-20],9C888,42,19,501,487.41,78.81,805.69,10.22
SD,CX482N ESCAPE [20-26],7820125,61,17,1445,270.34,192.81,1966.09,10.2
CA,U611N AVIATOR [20-27],7000,42,5,106,4865.99,527.57,5382.5,10.2
NJ,U625N EXPLORER [20-27],6675,D8,5,106,445.79,355.57,3622.51,10.19
NJ,U625N EXPLORER [20-27],4A015,D8,31,1452,501.06,123.24,1254.42,10.18
MI,U553N EXPEDITION [18-24],7A100,49,11,152,75.3,62.08,631.9,10.18
LA,P552N F-150 [15-20],7A100,49,14,310,74.88,60.19,611.83,10.17
PA,CD539N EDGE [15-24],4000,42,19,271,1221.26,157.3,1599.95,10.17
NY,U554N NAVIGATOR [18-24],7A100,49,8,126,671.18,90.74,922.99,10.17
TX,CX482N ESCAPE [20-26],19703,42,39,605,466.47,139.64,1418.26,10.16
MO,P552N F-150 [15-20],78218A42,69,20,1609,220.32,97.06,985.98,10.16
NY,P558N SUPER DUTY [17-22],19E616,42,9,198,187.42,78.71,799.18,10.15
NE,U553N EXPEDITION [18-24],7A100,42,5,106,336.47,102.78,1043.08,10.15
NJ,P702N F150 [21-27],RECALEM,04,18,275,78.15,60.85,616.78,10.14
MN,CD539N EDGE [15-24],4000,42,8,198,1790.09,257.24,2602.53,10.12
SD,P552N F-150 [15-20],7A100,42,5,286,596.76,92.4,932.9,10.1
AL,CX430N C-SUV [21-27],8501,42,11,261,577.24,156.82,1581.66,10.09
TX,P708 F250 - 600 [23-27],RECALEM,04,89,1667,72.8,48.23,485.89,10.07
FL,P552N F-150 [15-20],5E212,55,90,4678,1300.63,255.03,2567.07,10.07
NY,P552N F-150 [15-20],3C247,D4,44,868,525.48,170.0,1710.78,10.06
CA,CX727N MACH-E [21-26],TIRE,82,5,134,454.37,70.66,711.12,10.06
KY,U553N EXPEDITION [18-24],7A100,42,6,73,247.19,95.78,963.88,10.06
CA,CX482N ESCAPE [20-26],19703,42,25,430,208.63,162.87,1636.26,10.05
NY,P702N F150 [21-27],14G371,04,10,175,255.9,102.07,1025.55,10.05
TX,CX482N ESCAPE [20-26],7820124,61,10,177,334.15,256.39,2573.17,10.04
FL,U611N AVIATOR [20-27],19H405,42,7,122,1475.18,207.09,2077.12,10.03
MI,CD539N EDGE [15-24],10655,42,7,144,279.36,41.31,413.73,10.02
TX,P702N F150 [21-27],RENTAL,42,9,315,214.11,128.47,1284.66,10.0
SD,P552N F-150 [15-20],7A100,49,7,244,67.2,53.75,537.64,10.0
NC,P558N SUPER DUTY [17-22],RENTAL,82,15,348,171.29,64.23,642.33,10.0
VA,P708 F250 - 600 [23-27],RENTAL,82,12,427,128.47,42.82,428.22,10.0
VA,U553N EXPEDITION [18-24],RENTAL,82,21,1119,228.38,42.82,428.22,10.0
MN,P708 F250 - 600 [23-27],RENTAL,82,18,448,142.74,42.82,428.22,10.0
WI,P702N F150 [21-27],RENTAL,82,47,2435,128.47,42.82,428.22,10.0
OH,P552N F-150 [15-20],RENTAL,82,57,1984,199.84,42.82,428.22,10.0
OH,C346N FOCUS [12-18],RENTAL,82,6,148,289.05,85.64,856.44,10.0
NC,P708 F250 - 600 [23-27],RENTAL,82,17,375,171.29,42.82,428.22,10.0
NC,P558N SUPER DUTY [17-22],19E616,01,9,200,631.37,77.4,773.52,9.99
KS,P702N F150 [21-27],7A100,42,5,86,627.98,134.23,1333.66,9.94
TX,P708 F250 - 600 [23-27],14B291,42,16,249,214.94,48.53,480.88,9.91
CA,P558N SUPER DUTY [17-22],65,42,129,5273,237.97,59.95,593.38,9.9
FL,P558N SUPER DUTY [17-22],19E616,01,10,190,609.54,87.34,864.45,9.9
CO,U553N EXPEDITION [18-24],7A100,49,6,115,99.9,94.21,931.51,9.89
NJ,CX482N ESCAPE [20-26],7820125,61,50,8315,341.02,196.09,1937.77,9.88
VA,V363N TRANSIT [14-27],19703,42,23,451,530.46,110.27,1089.11,9.88
TX,P702N F150 [21-27],14G371,04,67,1812,226.23,72.01,710.13,9.86
CA,CX727N MACH-E [21-26],14G670,04,9,206,376.69,144.88,1425.92,9.84
NY,P708 F250 - 600 [23-27],12A647,42,28,462,133.83,53.93,529.84,9.83
NC,CX482N ESCAPE [20-26],19703,42,8,106,192.84,133.86,1312.6,9.81
OH,P552N F-150 [15-20],3C247,D4,42,706,631.79,123.06,1207.55,9.81
CA,B515A ECOSPORT INDIA [13-22],RENTAL,82,65,2201,321.17,96.35,942.51,9.78
CA,U611N AVIATOR [20-27],14G371,42,21,723,407.36,128.47,1255.03,9.77
NY,V363N TRANSIT [14-27],7A100,42,11,334,1102.4,248.84,2431.35,9.77
OK,CX482N ESCAPE [20-26],7820125,61,45,3285,317.5,204.56,1995.38,9.75
CO,P558N SUPER DUTY [17-22],14407,49,9,113,904.34,199.44,1942.47,9.74
FL,U611N AVIATOR [20-27],7A100,42,10,346,511.5,195.95,1908.48,9.74
MI,P702N F150 [21-27],14G670,42,5,28041,537.47,74.2,719.8,9.7
WA,P708 F250 - 600 [23-27],12A647,42,22,359,132.96,67.73,656.95,9.7
TX,CD539N EDGE [15-24],4000,42,9,103,1078.52,172.99,1675.05,9.68
CA,CX482N ESCAPE [20-26],7820125,61,145,19412,395.2,275.8,2666.73,9.67
PA,U625N EXPLORER [20-27],7A100,42,34,634,273.84,111.53,1077.22,9.66
TX,U625N EXPLORER [20-27],7P155,42,76,2037,38.69,35.79,345.89,9.66
CO,P558N SUPER DUTY [17-22],19E616,01,7,111,93.94,74.87,723.01,9.66
MN,C520N ESCAPE [13-19],8501,D8,5,91,875.02,135.17,1305.19,9.66
MN,P702N F150 [21-27],48H6,42,50,1297,289.41,46.3,446.21,9.64
OH,P702N F150 [21-27],14G490,04,11,178,44.35,38.0,366.36,9.64
NY,CX482N ESCAPE [20-26],7820124,61,11,383,355.74,277.57,2670.77,9.62
NY,P375N RANGER [19-23],7A100,42,5,65,972.85,638.33,6142.02,9.62
FL,U554N NAVIGATOR [18-24],7A100,42,14,472,1196.28,449.63,4312.55,9.59
OH,V363N TRANSIT [14-27],19703,42,26,610,128.78,95.62,915.16,9.57
LA,U625N EXPLORER [20-27],7A100,42,10,170,141.88,78.58,748.0,9.52
AL,CX482N ESCAPE [20-26],7820125,61,36,2452,324.7,175.2,1667.68,9.52
CO,P702N F150 [21-27],14G490,04,13,194,65.3,42.54,403.88,9.49
UT,U553N EXPEDITION [18-24],7A100,49,6,80,77.49,74.59,706.91,9.48
NY,U625N EXPLORER [20-27],7P155,42,35,1232,41.64,36.08,342.13,9.48
KS,P552N F-150 [15-20],7A100,42,13,267,731.74,113.61,1076.42,9.47
TX,P558N SUPER DUTY [17-22],65,B5,48,1412,160.55,45.01,426.19,9.47
FL,P702N F150 [21-27],14G647,04,77,2576,221.6,66.15,626.27,9.47
ND,CX482N ESCAPE [20-26],7820125,61,12,1008,309.32,239.65,2263.54,9.45
FL,P552N F-150 [15-20],SERVICE,82,25,1266,35.68,35.68,336.52,9.43
UT,P558N SUPER DUTY [17-22],14G371,04,8,160,44.25,40.88,384.97,9.42
TX,P702N F150 [21-27],19850,42,6,110,1035.51,128.86,1212.83,9.41
CA,U725N BRONCO [21-26],7842006,42,10,138,660.43,124.08,1167.14,9.41
TX,S550N MUSTANG [15-23],7A100,49,25,350,451.85,69.34,651.78,9.4
FL,P552N F-150 [15-20],48H6,42,66,1856,83.05,48.83,458.82,9.4
NC,P702N F150 [21-27],7A100,42,16,436,329.2,105.18,987.74,9.39
AR,P552N F-150 [15-20],7A100,49,12,255,65.68,58.24,546.61,9.39
FL,P558N SUPER DUTY [17-22],SERVICE,82,46,2589,78.51,64.2,602.16,9.38
CA,P375N RANGER [19-23],RENTAL,82,77,2714,249.8,85.64,802.91,9.38
FL,U554N NAVIGATOR [18-24],14G371,04,21,846,103.9,43.27,405.45,9.37
AZ,P708 F250 - 600 [23-27],19703,42,36,2955,161.0,123.08,1152.78,9.37
MO,U625N EXPLORER [20-27],7A100,42,22,404,184.95,87.99,823.67,9.36
WA,P702N F150 [21-27],14G490,04,10,125,64.78,41.55,386.67,9.31
IA,P552N F-150 [15-20],7H351,42,11,226,2512.13,289.58,2694.79,9.31
MN,CX430N C-SUV [21-27],8501,42,13,289,760.48,299.73,2787.08,9.3
WV,P552N F-150 [15-20],9C888,42,6,83,357.27,119.1,1105.19,9.28
AR,CX482N ESCAPE [20-26],7820125,61,37,1843,277.47,174.07,1614.57,9.28
PA,CX482N ESCAPE [20-26],7820125,61,151,19252,290.4,187.49,1740.3,9.28
MN,P552N F-150 [15-20],3C247,42,34,850,483.9,116.7,1080.41,9.26
OH,P708 F250 - 600 [23-27],12A647,42,9,129,91.15,74.52,689.39,9.25
MO,P702N F150 [21-27],14G647,42,15,221,809.9,155.44,1433.45,9.22
GA,CX482N ESCAPE [20-26],7820125,61,81,5695,318.37,188.65,1740.19,9.22
MI,V363N TRANSIT [14-27],19703,42,22,370,129.32,104.33,960.52,9.21
OK,V363N TRANSIT [14-27],19703,42,8,168,630.08,123.42,1132.67,9.18
FL,S550N MUSTANG [15-23],7A100,42,34,632,665.27,137.03,1258.51,9.18
WI,U625N EXPLORER [20-27],7A100,42,19,299,206.27,85.22,780.5,9.16
CA,U553N EXPEDITION [18-24],14G371,04,29,439,60.39,40.62,371.48,9.15
VA,U625N EXPLORER [20-27],7A100,42,34,950,457.15,110.22,1008.38,9.15
TX,P558N SUPER DUTY [17-22],19E616,42,19,346,465.57,68.78,629.02,9.15
CA,CX482N ESCAPE [20-26],7820124,61,16,528,407.21,316.71,2895.04,9.14
KS,P558N SUPER DUTY [17-22],6731,82,17,1340,80.74,49.45,450.24,9.11
IN,CX482N ESCAPE [20-26],7820125,61,74,8695,292.89,196.42,1789.75,9.11
MD,P708 F250 - 600 [23-27],19703,42,35,2039,168.88,133.59,1214.65,9.09
LA,CX482N ESCAPE [20-26],7820125,61,35,1544,313.76,196.29,1780.98,9.07
TN,P702N F150 [21-27],14G371,04,8,155,185.85,71.6,649.48,9.07
AL,V363N TRANSIT [14-27],19703,42,7,123,567.36,91.96,833.29,9.06
FL,CX482N ESCAPE [20-26],7820125,61,94,14553,359.89,199.38,1806.4,9.06
AL,B515A ECOSPORT INDIA [13-22],RENTAL,82,8,257,285.48,114.19,1034.66,9.06
MI,P708 F250 - 600 [23-27],12A647,42,9,123,92.58,60.8,550.48,9.05
NC,P708 F250 - 600 [23-27],19703,42,70,3535,172.86,99.82,902.9,9.05
MI,CX430N C-SUV [21-27],8501,42,31,1070,569.44,178.25,1611.43,9.04
AL,P558N SUPER DUTY [17-22],7A100,42,7,104,432.77,95.99,866.54,9.03
VA,U553N EXPEDITION [18-24],7A100,49,9,237,647.12,79.01,712.92,9.02
NJ,P702N F150 [21-27],7A100,42,19,293,311.74,126.39,1138.74,9.01
TX,P702N F150 [21-27],14G647,42,84,2267,781.84,176.0,1584.06,9.0
OH,CX482N ESCAPE [20-26],SHUTTLE,82,10,233,565.25,77.08,693.72,9.0
CA,P702N F150 [21-27],15604,04,6,130,213.18,63.11,568.21,9.0
UT,P552N F-150 [15-20],3C247,D4,12,247,443.93,92.97,836.2,8.99
AL,P708 F250 - 600 [23-27],19703,42,40,1317,163.36,90.88,817.31,8.99
TN,V363N TRANSIT [14-27],19703,42,11,247,616.99,134.37,1207.37,8.99
CA,U625N EXPLORER [20-27],14D212,04,5,65,146.39,51.64,463.53,8.98
IL,U554N NAVIGATOR [18-24],14G371,42,8,347,123.65,43.69,391.24,8.95
MO,P708 F250 - 600 [23-27],19703,42,57,2177,162.87,82.69,737.59,8.92
NY,P702N F150 [21-27],14G371,42,18,264,264.58,75.02,668.84,8.91
WI,U625N EXPLORER [20-27],14G371,42,12,165,400.54,83.93,745.22,8.88
OK,P708 F250 - 600 [23-27],19703,42,52,2475,159.36,98.8,877.47,8.88
GA,P702N F150 [21-27],14D212,42,5,101,198.75,36.94,328.02,8.88
FL,CD391N FUSION [13-20],90T5,42,39,806,63.09,39.07,346.07,8.86
NC,U625N EXPLORER [20-27],4A015,D8,18,360,665.68,123.53,1094.23,8.86
FL,U553N EXPEDITION [18-24],14G647,42,23,366,159.68,126.9,1123.39,8.85
CA,P558N SUPER DUTY [17-22],19E616,42,14,197,144.02,82.82,731.08,8.83
TX,U554N NAVIGATOR [18-24],RENTAL,82,29,10404,192.7,64.23,565.25,8.8
CA,P552N F-150 [15-20],6K682,42,20,358,1721.12,251.13,2202.21,8.77
PA,V363N TRANSIT [14-27],19703,42,43,869,131.97,97.86,857.75,8.76
NJ,U625N EXPLORER [20-27],7P155,42,33,1130,41.9,35.72,312.35,8.74
TX,P558N SUPER DUTY [17-22],7D019,42,20,290,1208.82,209.83,1834.54,8.74
MO,U553N EXPEDITION [18-24],7A100,42,15,263,269.44,112.74,984.14,8.73
MD,U553N EXPEDITION [18-24],7A100,49,5,79,85.77,79.04,688.98,8.72
CA,V363N TRANSIT [14-27],6714,82,48,2269,88.06,46.61,405.68,8.7
OH,U553N EXPEDITION [18-24],7A100,42,12,203,757.24,126.75,1103.14,8.7
OR,P552N F-150 [15-20],7A100,42,9,213,772.0,107.87,935.98,8.68
FL,P708 F250 - 600 [23-27],7A100,42,30,703,466.76,203.08,1761.22,8.67
MI,P702N F150 [21-27],14G371,04,31,981,251.51,81.85,709.66,8.67
OH,V363N TRANSIT [14-27],48H6,42,24,756,306.21,66.47,573.07,8.62
CA,P708 F250 - 600 [23-27],19703,42,145,9089,208.71,149.83,1290.01,8.61
PA,P558N SUPER DUTY [17-22],19E616,01,10,157,86.91,70.5,606.62,8.6
NV,P702N F150 [21-27],7A100,42,6,258,784.01,135.81,1167.61,8.6
MD,P702N F150 [21-27],14G371,04,7,178,141.98,85.6,734.83,8.58
OH,CDX707A NAUTILUS [23-26],18125,42,7,190,109.88,87.29,748.81,8.58
MO,P708 F250 - 600 [23-27],RENTAL,82,10,261,171.29,49.96,428.22,8.57
FL,P558N SUPER DUTY [17-22],RENTAL,82,77,5652,214.11,49.96,428.22,8.57
NY,P708 F250 - 600 [23-27],RENTAL,82,20,543,114.19,49.96,428.22,8.57
MI,CD539N EDGE [15-24],4000,42,27,520,1410.74,205.42,1759.68,8.57
PA,P702N F150 [21-27],RENTAL,82,81,4097,160.58,49.96,428.22,8.57
PA,CD539N EDGE [15-24],48H6,42,48,844,279.99,42.79,366.66,8.57
TX,P702N F150 [21-27],RENTAL,82,121,17942,226.96,49.96,428.22,8.57
OH,CX482N ESCAPE [20-26],7820124,61,11,796,333.98,243.78,2086.15,8.56
CA,P708 F250 - 600 [23-27],14B291,42,11,172,212.75,41.02,350.58,8.55
MA,P702N F150 [21-27],7A100,42,15,447,281.35,121.69,1038.23,8.53
FL,P552N F-150 [15-20],6731,82,24,611,58.84,44.28,377.23,8.52
OK,P558N SUPER DUTY [17-22],6731,82,23,1440,112.21,61.47,523.78,8.52
CO,P552N F-150 [15-20],14G371,42,19,419,152.04,87.64,746.37,8.52
KY,P708 F250 - 600 [23-27],19703,42,30,1384,148.88,111.7,951.18,8.52
NE,U625N EXPLORER [20-27],7A100,42,5,137,707.42,102.78,874.71,8.51
MI,P702N F150 [21-27],14G490,04,26,565,66.45,39.03,331.96,8.51
MN,P552N F-150 [15-20],6006,42,29,689,159.1,123.23,1047.2,8.5
FL,C520N ESCAPE [13-19],7902,42,28,471,2557.54,926.63,7879.33,8.5
FL,P558N SUPER DUTY [17-22],14G371,42,30,535,251.83,83.5,709.45,8.5
KS,P552N F-150 [15-20],7A100,49,13,287,70.91,61.71,524.09,8.49
CA,CDX707A NAUTILUS [23-26],18125,42,14,319,141.95,104.06,882.52,8.48
FL,P558N SUPER DUTY [17-22],9A543,42,17,417,7728.65,1152.63,9776.05,8.48
IL,CX482N ESCAPE [20-26],6K682,42,7,131,1739.99,249.8,2115.78,8.47
FL,P702N F150 [21-27],7902,42,8,110,2520.0,643.57,5450.98,8.47
GA,P708 F250 - 600 [23-27],19703,42,76,3538,166.04,105.76,894.48,8.46
MI,CDX707A NAUTILUS [23-26],18125,42,11,522,657.86,92.47,780.03,8.44
MI,U725N BRONCO [21-26],14G371,04,9,114,163.37,58.34,492.45,8.44
AZ,U625N EXPLORER [20-27],7A100,42,15,599,459.27,108.48,913.44,8.42
PA,P552N F-150 [15-20],14G371,42,12,171,344.37,81.73,687.04,8.41
NY,P552N F-150 [15-20],3C247,42,55,1203,458.41,209.16,1759.26,8.41
PA,U553N EXPEDITION [18-24],7A100,49,5,69,256.72,71.94,605.02,8.41
WI,CX482N ESCAPE [20-26],7820125,61,105,10923,365.64,218.37,1833.68,8.4
TX,U553N EXPEDITION [18-24],5E212,55,70,2156,781.8,145.67,1221.62,8.39
OH,U625N EXPLORER [20-27],14G371,42,40,630,401.5,98.78,829.16,8.39
MN,P558N SUPER DUTY [17-22],19G490,42,26,610,407.44,114.13,955.95,8.38
NV,P552N F-150 [15-20],7A100,49,7,352,588.08,76.49,640.74,8.38
MT,U553N EXPEDITION [18-24],7A100,42,5,95,503.59,111.87,937.33,8.38
IN,V363N TRANSIT [14-27],19703,42,12,358,118.0,96.78,810.14,8.37
MI,P708 F250 - 600 [23-27],19703,42,68,1990,159.87,106.91,893.85,8.36
OH,P558N SUPER DUTY [17-22],19E616,01,6,89,76.37,68.62,573.92,8.36
GA,CX430N C-SUV [21-27],2C150,42,45,970,112.56,59.04,492.84,8.35
VA,P558N SUPER DUTY [17-22],7D019,42,6,150,1583.3,216.9,1811.92,8.35
FL,P708 F250 - 600 [23-27],TCARE,82,10,297,267.6,35.68,297.97,8.35
MT,P552N F-150 [15-20],3C247,D4,6,137,523.36,79.34,662.02,8.34
CO,P708 F250 - 600 [23-27],19703,42,33,1997,194.84,107.49,896.26,8.34
IN,P552N F-150 [15-20],6714,82,10,375,55.53,40.0,333.16,8.33
NY,P702N F150 [21-27],14G670,04,17,251,109.61,64.13,534.1,8.33
CA,CX727N MACH-E [21-26],10B689,42,7,92,1924.12,379.69,3155.54,8.31
MA,CX430N C-SUV [21-27],2C150,42,22,406,111.31,78.86,654.95,8.31
NJ,P552N F-150 [15-20],3C247,D4,22,347,435.5,191.05,1585.48,8.3
FL,U625N EXPLORER [20-27],14G371,42,56,1471,410.55,153.45,1271.39,8.29
CA,P558N SUPER DUTY [17-22],9A543,42,48,1450,8496.44,1434.8,11887.37,8.29
IL,P558N SUPER DUTY [17-22],6731,82,42,1774,113.78,50.9,421.25,8.28
FL,P552N F-150 [15-20],94RH7,42,22,337,70.66,53.32,441.24,8.28
FL,V363N TRANSIT [14-27],7000,42,27,647,5936.09,1192.16,9866.89,8.28
TX,P558N SUPER DUTY [17-22],9601,82,45,1379,72.43,44.24,366.04,8.27
AR,P708 F250 - 600 [23-27],19703,42,35,822,158.89,95.98,793.21,8.26
AR,U553N EXPEDITION [18-24],7A100,42,5,104,332.61,123.57,1020.83,8.26
IL,P552N F-150 [15-20],6714,82,16,366,57.62,43.4,357.92,8.25
NC,V363N TRANSIT [14-27],19703,42,22,829,167.53,103.63,855.06,8.25
CA,P558N SUPER DUTY [17-22],7D019,42,12,203,301.25,244.3,2010.65,8.23
MN,P702N F150 [21-27],14G371,04,10,245,267.85,83.82,687.64,8.2
IN,P558N SUPER DUTY [17-22],SERVICE,82,8,314,114.29,78.51,642.89,8.19
CA,P558N SUPER DUTY [17-22],7A248,D8,11,184,1320.42,181.02,1481.5,8.18
PA,V363N TRANSIT [14-27],7H351,42,12,151,2450.99,377.24,3083.79,8.17
SD,P702N F150 [21-27],48H6,42,11,415,269.77,38.58,315.34,8.17
MA,P558N SUPER DUTY [17-22],19E616,42,8,126,102.78,77.29,629.91,8.15
CA,P558N SUPER DUTY [17-22],2001,82,25,635,377.5,192.01,1564.97,8.15
CT,P552N F-150 [15-20],7A100,42,9,225,266.85,149.61,1217.76,8.14
NJ,P558N SUPER DUTY [17-22],7D019,42,5,109,1821.99,264.98,2155.65,8.14
ID,P552N F-150 [15-20],14G371,42,5,111,165.24,121.38,986.67,8.13
FL,CX430N C-SUV [21-27],2C150,42,78,2515,204.45,75.0,609.91,8.13
KS,V363N TRANSIT [14-27],19703,42,6,157,146.48,112.92,916.83,8.12
FL,U540N MKX [16-23],94RH7,42,40,3791,310.94,69.81,566.04,8.11
MI,CX482N ESCAPE [20-26],10655,42,23,1026,228.18,46.02,373.32,8.11
IL,P702N F150 [21-27],14G371,04,13,214,154.16,111.34,901.38,8.1
NM,P552N F-150 [15-20],7A100,49,6,197,76.09,70.21,568.89,8.1
MO,U625N EXPLORER [20-27],4A015,D8,11,231,470.78,129.82,1049.79,8.09
MI,CD391N FUSION [13-20],8501,D8,5,81,547.45,83.26,671.69,8.07
TX,P558N SUPER DUTY [17-22],6731,82,95,3423,100.1,39.74,320.26,8.06
CA,U625N EXPLORER [20-27],4A015,D8,70,2789,955.97,365.24,2932.14,8.03
VA,CD539N EDGE [15-24],4000,42,13,183,1404.44,212.21,1703.3,8.03
WI,CX482N ESCAPE [20-26],7820124,61,5,197,2092.28,275.57,2209.98,8.02
FL,U553N EXPEDITION [18-24],14G371,42,22,398,228.38,91.35,732.86,8.02
FL,U554N NAVIGATOR [18-24],14B291,42,9,167,134.32,52.9,423.57,8.01
TX,U718N NAVIGATOR [25-27],RENTAL,82,11,439,160.58,64.23,513.86,8.0
OH,P558N SUPER DUTY [17-22],RENTAL,82,32,636,171.29,42.82,342.58,8.0
GA,B515A ECOSPORT INDIA [13-22],RENTAL,82,19,344,321.17,160.58,1284.66,8.0
IN,U611N AVIATOR [20-27],RENTAL,82,7,907,128.47,64.23,513.86,8.0
FL,C520N ESCAPE [13-19],RENTAL,82,50,1478,256.93,57.1,456.77,8.0
FL,P375N RANGER [19-23],7000,42,6,73,6148.29,1427.4,11411.95,7.99
MI,P702N F150 [21-27],10655,42,30,9934,120.62,51.81,413.73,7.98
MD,P558N SUPER DUTY [17-22],6731,82,14,315,90.8,54.72,436.18,7.97
CO,V363N TRANSIT [14-27],19703,42,6,132,177.71,152.04,1209.36,7.95
MD,P552N F-150 [15-20],5E212,55,10,247,1045.29,250.99,1994.34,7.95
KY,U625N EXPLORER [20-27],7A100,42,9,128,328.3,99.98,793.88,7.94
TX,P702N F150 [21-27],RECAL,42,9,230,116.48,43.9,348.0,7.93
CO,P702N F150 [21-27],7A100,42,14,378,555.92,202.83,1608.74,7.93
MN,P708 F250 - 600 [23-27],RECALEM,04,8,105,77.08,66.8,529.51,7.93
VA,CX482N ESCAPE [20-26],7820125,61,56,6735,314.69,203.98,1614.57,7.92
MI,P558N SUPER DUTY [17-22],7A100,42,7,109,309.13,119.15,942.01,7.91
NH,P552N F-150 [15-20],3C247,D4,7,117,382.51,145.39,1149.47,7.91
AZ,P702N F150 [21-27],7A100,42,16,639,590.07,149.02,1177.13,7.9
MN,P702N F150 [21-27],14G371,42,15,302,307.29,148.93,1173.27,7.88
KS,U625N EXPLORER [20-27],7A100,42,5,114,560.0,156.15,1229.73,7.88
MI,CX430N C-SUV [21-27],2C150,42,55,1704,172.37,71.14,560.8,7.88
TX,P558N SUPER DUTY [17-22],6F073,42,60,1450,170.23,92.65,729.4,7.87
MT,U553N EXPEDITION [18-24],14C689,42,7,123,450.18,139.43,1097.78,7.87
FL,P558N SUPER DUTY [17-22],6A785,D8,8,136,401.03,325.56,2559.31,7.86
FL,P558N SUPER DUTY [17-22],12029,42,15,235,382.54,248.4,1950.93,7.85
PA,P702N F150 [21-27],14G670,04,20,279,151.15,71.38,559.75,7.84
WI,P558N SUPER DUTY [17-22],6731,82,19,562,65.34,48.5,379.84,7.83
OH,P702N F150 [21-27],14G670,04,14,298,106.34,80.79,632.38,7.83
WA,U625N EXPLORER [20-27],7A100,42,10,163,395.63,127.22,995.34,7.82
TX,U554N NAVIGATOR [18-24],15604,04,7,165,75.6,41.04,320.31,7.8
CO,U625N EXPLORER [20-27],7A100,42,11,232,942.08,193.61,1510.64,7.8
FL,P558N SUPER DUTY [17-22],RECALEM,04,80,2367,74.08,48.22,375.93,7.8
FL,U625N EXPLORER [20-27],19G490,42,87,3027,295.29,109.47,852.12,7.78
NJ,CX482N ESCAPE [20-26],6731,82,5,70,71.62,57.36,445.56,7.77
LA,P552N F-150 [15-20],5E212,55,15,277,1057.2,226.46,1760.18,7.77
TX,P558N SUPER DUTY [17-22],9A543,42,29,491,5959.45,1085.92,8438.5,7.77
AL,P702N F150 [21-27],9943300,42,5,69,216.4,36.07,279.92,7.76
OK,CD539N EDGE [15-24],48H6,42,11,176,277.75,46.79,363.09,7.76
NY,U625N EXPLORER [20-27],14G371,04,80,4645,46.53,36.6,283.55,7.75
NE,P552N F-150 [15-20],7A100,42,9,275,690.41,118.59,918.13,7.74
UT,V363N TRANSIT [14-27],19703,42,7,160,513.91,120.84,932.93,7.72
OK,P552N F-150 [15-20],7A100,49,21,435,79.36,60.76,468.32,7.71
IA,P552N F-150 [15-20],7A100,42,17,382,688.49,122.66,945.52,7.71
MN,U553N EXPEDITION [18-24],7A100,42,12,178,249.3,139.18,1072.77,7.71
UT,P708 F250 - 600 [23-27],19703,42,26,2278,176.13,124.09,954.76,7.69
FL,CX727N MACH-E [21-26],RECAL,04,44,852,131.34,83.32,640.19,7.68
IA,P702N F150 [21-27],19G490,42,6,63,181.64,51.19,393.24,7.68
IL,CX482N ESCAPE [20-26],7820125,61,123,19481,449.15,206.12,1583.49,7.68
MA,U625N EXPLORER [20-27],4A015,D8,11,335,561.92,142.67,1095.59,7.68
PA,C520N ESCAPE [13-19],RENTAL,82,41,775,285.48,85.64,656.6,7.67
IL,U553N EXPEDITION [18-24],7A100,42,23,405,930.72,179.6,1377.49,7.67
SC,U540N MKX [16-23],94RH7,42,6,305,197.84,49.7,380.58,7.66
IL,P702N F150 [21-27],7A100,42,23,493,340.73,182.53,1395.62,7.65
CA,P702N F150 [21-27],9943300,42,13,184,124.9,36.57,279.83,7.65
CA,P708 F250 - 600 [23-27],14G371,04,17,270,187.7,50.55,386.4,7.64
TX,P702N F150 [21-27],19A464,43,72,2054,352.9,72.67,554.97,7.64
WI,U625N EXPLORER [20-27],4A015,D8,19,353,471.76,170.77,1305.44,7.64
NJ,U625N EXPLORER [20-27],14G371,42,35,924,331.16,118.87,908.71,7.64
MI,V363N TRANSIT [14-27],48H6,42,21,319,322.86,71.37,543.55,7.62
MI,CX482N ESCAPE [20-26],19703,42,39,1253,176.08,123.29,937.35,7.6
GA,P558N SUPER DUTY [17-22],65,42,56,1326,189.21,43.45,330.29,7.6
OR,P552N F-150 [15-20],78218A42,69,11,188,259.37,54.38,413.16,7.6
TX,P558N SUPER DUTY [17-22],TIRE,82,9,144,669.27,142.7,1080.52,7.57
LA,U553N EXPEDITION [18-24],RENTAL,82,18,1024,199.84,42.82,324.18,7.57
NM,P708 F250 - 600 [23-27],19703,42,14,994,181.85,133.87,1013.28,7.57
FL,P702N F150 [21-27],12A650,04,53,1257,52.26,35.86,270.93,7.56
TX,U625N EXPLORER [20-27],TCARE,82,6,196,228.83,35.68,269.51,7.55
GA,S550N MUSTANG [15-23],7A100,49,5,68,412.15,78.38,592.14,7.55
NC,P702N F150 [21-27],14G371,42,13,218,299.53,87.36,658.5,7.54
FL,P702N F150 [21-27],7A100,04,16,543,199.94,65.15,490.88,7.54
VA,P552N F-150 [15-20],19B739,42,5,72,388.61,84.92,640.03,7.54
WV,CX430N C-SUV [21-27],8501,42,10,160,407.11,149.26,1120.71,7.51
PA,P558N SUPER DUTY [17-22],RENTAL,82,32,609,199.84,57.1,428.22,7.5
WI,P552N F-150 [15-20],RENTAL,82,35,1083,192.7,57.1,428.22,7.5
LA,P708 F250 - 600 [23-27],RENTAL,82,11,349,214.11,42.82,321.17,7.5
MA,P552N F-150 [15-20],RENTAL,82,28,1152,171.29,57.1,428.22,7.5
MI,P558N SUPER DUTY [17-22],RENTAL,82,36,1025,192.7,57.1,428.22,7.5
IL,P702N F150 [21-27],RENTAL,82,46,2119,142.74,57.1,428.22,7.5
AZ,B515A ECOSPORT INDIA [13-22],RENTAL,82,14,544,321.17,142.74,1070.55,7.5
KS,P702N F150 [21-27],RENTAL,82,14,1050,160.58,42.82,321.17,7.5
WI,P558N SUPER DUTY [17-22],RENTAL,82,20,411,128.47,42.82,321.17,7.5
FL,B515A ECOSPORT INDIA [13-22],RENTAL,82,49,1896,285.48,114.19,856.44,7.5
FL,C346N FOCUS [12-18],RENTAL,82,12,220,321.17,114.19,856.44,7.5
VA,CX482N ESCAPE [20-26],RENTAL,82,28,1049,192.7,42.82,321.17,7.5
CA,P558N SUPER DUTY [17-22],19703,82,6,98,1306.78,224.82,1686.69,7.5
PA,P473N SUPER DUTY [11-16],6731,82,16,342,75.51,41.08,307.51,7.49
NJ,CX482N ESCAPE [20-26],14G371,42,5,66,371.12,94.85,709.11,7.48
FL,U725N BRONCO [21-26],48H6,42,29,544,350.25,84.61,633.18,7.48
IA,V363N TRANSIT [14-27],19703,42,5,67,129.33,99.73,745.73,7.48
NJ,P702N F150 [21-27],14G371,42,9,141,316.17,94.85,709.92,7.48
CA,U611N AVIATOR [20-27],7A100,42,10,197,461.72,176.73,1320.05,7.47
WI,P702N F150 [21-27],14G371,04,13,178,161.25,75.04,560.55,7.47
ME,P552N F-150 [15-20],7A100,42,7,160,588.7,141.05,1053.03,7.47
MD,B515A ECOSPORT INDIA [13-22],RENTAL,82,11,229,321.17,124.9,931.38,7.46
PA,P702N F150 [21-27],14G371,04,16,240,188.44,70.11,521.41,7.44
FL,U554N NAVIGATOR [18-24],14G647,42,11,173,185.65,147.87,1099.17,7.43
CA,U502N EXPLORER [11-19],6714,82,20,1903,67.22,42.29,314.36,7.43
PA,P558N SUPER DUTY [17-22],19E616,42,5,65,117.97,80.53,597.65,7.42
IL,U553N EXPEDITION [18-24],7A100,49,7,102,129.53,122.76,911.42,7.42
PA,V363N TRANSIT [14-27],SERVICE,82,8,220,101.33,35.68,264.5,7.41
VA,CX482N ESCAPE [20-26],7820124,61,6,156,308.52,237.56,1761.33,7.41
NY,V363N TRANSIT [14-27],1A189,42,7,95,176.21,107.2,794.31,7.41
AZ,S550N MUSTANG [15-23],7A100,49,8,154,539.09,81.49,603.16,7.4
MD,V363N TRANSIT [14-27],7000,42,13,259,5244.95,1005.8,7442.29,7.4
CA,U725N BRONCO [21-26],9831012,07,11,153,181.23,78.02,576.57,7.39
FL,ECONOLINE [97-27],6500,42,6,98,4993.99,1539.57,11356.72,7.38
OH,U625N EXPLORER [20-27],4A015,D8,20,360,505.13,151.7,1117.79,7.37
LA,U553N EXPEDITION [18-24],5E212,55,16,353,707.28,159.21,1171.26,7.36
AL,P558N SUPER DUTY [17-22],RECALEM,04,16,280,63.41,46.39,341.22,7.36
CA,CDX707A NAUTILUS [23-26],DELIVERY,82,23,1628,64.23,39.25,288.41,7.35
IL,U625N EXPLORER [20-27],4A015,D8,32,966,837.67,207.39,1525.33,7.35
CA,U554N NAVIGATOR [18-24],DELIVERY,82,30,6863,85.64,39.25,288.41,7.35
NC,P552N F-150 [15-20],14G371,42,11,200,176.86,81.05,595.8,7.35
NJ,B515A ECOSPORT INDIA [13-22],RENTAL,82,8,125,259.49,128.47,942.08,7.33
PA,U554N NAVIGATOR [18-24],7A100,42,6,140,458.02,147.44,1078.86,7.32
CA,P473N SUPER DUTY [11-16],INSPECT,82,18,477,114.19,60.66,443.84,7.32
GA,U554N NAVIGATOR [18-24],7A100,42,6,233,852.09,175.13,1281.07,7.32
MD,P702N F150 [21-27],7A100,42,10,189,200.77,118.22,865.82,7.32
AL,U553N EXPEDITION [18-24],5E212,55,5,94,456.16,165.81,1211.81,7.31
NC,V363N TRANSIT [14-27],48H6,42,18,464,273.28,67.23,491.76,7.31
MA,P552N F-150 [15-20],3C247,D4,18,293,389.19,125.46,914.76,7.29
FL,U554N NAVIGATOR [18-24],14G371,42,17,416,156.4,91.91,669.92,7.29
MI,P552N F-150 [15-20],3C247,42,76,1603,509.93,194.71,1415.04,7.27
TX,U625N EXPLORER [20-27],7811782,33,11,203,126.13,60.03,436.34,7.27
CA,P558N SUPER DUTY [17-22],5005,01,29,1621,765.31,603.78,4389.69,7.27
NY,CDX707A NAUTILUS [23-26],18125,42,12,304,127.82,108.24,787.28,7.27
CA,C520N ESCAPE [13-19],8501,D8,10,149,1001.66,178.58,1296.51,7.26
AZ,CX727N MACH-E [21-26],14D202,B4,15,484,616.08,229.65,1659.7,7.23
FL,CDX707A NAUTILUS [23-26],14G371,04,9,156,174.98,105.63,760.34,7.2
PA,CD391N FUSION [13-20],RENTAL,82,8,120,256.93,124.9,899.26,7.2
FL,CD391N FUSION [13-20],48H6,42,11,148,60.86,46.65,335.97,7.2
TX,P708 F250 - 600 [23-27],14G371,04,35,587,216.72,74.27,533.85,7.19
TX,P552N F-150 [15-20],19E616,42,23,490,490.93,97.12,698.71,7.19
SC,P708 F250 - 600 [23-27],19703,42,36,1304,172.86,123.11,885.37,7.19
CA,U625N EXPLORER [20-27],7P155,42,83,1871,45.29,36.41,261.56,7.18
TX,P702N F150 [21-27],14G490,42,7,83,365.41,87.8,630.33,7.18
MI,CX482N ESCAPE [20-26],14G371,42,37,8418,296.9,122.03,875.92,7.18
CA,CX727N MACH-E [21-26],15604,04,8,141,286.45,93.07,667.17,7.17
SC,P702N F150 [21-27],14G371,04,7,142,162.72,93.64,671.83,7.17
MD,V363N TRANSIT [14-27],6714,82,13,321,70.05,42.02,301.24,7.17
IL,U625N EXPLORER [20-27],14G371,42,39,748,496.74,123.68,887.11,7.17
SC,P552N F-150 [15-20],5E212,55,19,512,1080.23,256.93,1839.53,7.16
MI,P702N F150 [21-27],14G371,42,30,695,251.22,99.68,714.08,7.16
FL,P558N SUPER DUTY [17-22],65,42,96,7062,232.75,61.32,438.2,7.15
NH,CX482N ESCAPE [20-26],7820125,61,16,1876,331.22,248.25,1775.11,7.15
IL,U540N MKX [16-23],4000,42,5,85,1531.27,251.51,1797.41,7.15
VA,CX430N C-SUV [21-27],8501,42,29,722,510.55,230.54,1645.88,7.14
FL,CD391N FUSION [13-20],7902,42,10,151,3115.16,1125.61,8036.59,7.14
AR,CD539N EDGE [15-24],48H6,42,6,75,252.61,39.5,281.22,7.12
MS,P708 F250 - 600 [23-27],19703,42,25,753,155.5,105.92,752.75,7.11
WI,CD539N EDGE [15-24],48H6,42,29,537,290.9,53.23,378.0,7.1
PA,P552N F-150 [15-20],INSPECT,82,10,245,48.07,37.8,268.48,7.1
VA,U625N EXPLORER [20-27],4A015,D8,14,386,715.07,129.66,920.09,7.1
CA,U725N BRONCO [21-26],14G371,04,16,274,147.83,43.03,305.11,7.09
TX,P702N F150 [21-27],10655,42,13,369,154.16,42.82,303.71,7.09
IA,P708 F250 - 600 [23-27],19703,42,32,1049,152.72,102.52,726.16,7.08
AZ,P558N SUPER DUTY [17-22],6695,D8,7,124,1271.78,301.82,2134.31,7.07
CA,U502N EXPLORER [11-19],65,42,62,2001,73.87,45.28,320.17,7.07
AZ,CX482N ESCAPE [20-26],7820124,61,5,83,311.87,273.81,1935.5,7.07
AZ,U625N EXPLORER [20-27],7P155,42,11,310,37.77,35.69,251.58,7.05
MI,P702N F150 [21-27],19H332,04,10,148,65.16,37.45,263.72,7.04
GA,P558N SUPER DUTY [17-22],6731,82,49,1915,92.94,52.32,368.36,7.04
MO,CX430N C-SUV [21-27],8501,42,17,374,477.0,194.99,1371.25,7.03
TX,P702N F150 [21-27],14B291,42,34,666,89.78,44.88,315.46,7.03
MA,U625N EXPLORER [20-27],7A100,42,15,459,724.68,134.25,943.25,7.03
LA,P558N SUPER DUTY [17-22],6731,82,14,741,109.01,63.42,445.41,7.02
TX,CX482N ESCAPE [20-26],14G371,04,43,695,54.24,37.44,262.74,7.02
MI,U625N EXPLORER [20-27],7P155,42,40,1882,39.4,35.83,251.61,7.02
TX,U625N EXPLORER [20-27],3A427,42,21,349,293.89,202.68,1423.26,7.02
MN,V363N TRANSIT [14-27],7A100,42,5,57,737.87,214.02,1500.3,7.01
MA,V363N TRANSIT [14-27],19703,42,19,361,153.82,104.47,732.81,7.01
OH,P552N F-150 [15-20],5E212,55,35,756,1164.96,248.6,1742.64,7.01
TX,P708 F250 - 600 [23-27],6731,82,19,442,106.96,42.62,298.96,7.01
MI,B515A ECOSPORT INDIA [13-22],RENTAL,82,31,946,285.48,99.92,699.43,7.0
OH,P558N SUPER DUTY [17-22],6731,82,27,939,76.95,48.0,335.92,7.0
TX,V363N TRANSIT [14-27],SERVICE,82,9,279,35.68,35.68,249.94,7.0
TX,P552N F-150 [15-20],SERVICE,82,39,1194,35.68,35.68,249.8,7.0
CA,U725N BRONCO [21-26],7A100,42,7,106,588.83,179.55,1253.71,6.98
FL,CX727N MACH-E [21-26],14D202,B4,26,437,850.35,348.45,2431.07,6.98
CA,CD391N FUSION [13-20],48H6,42,9,121,242.17,39.13,273.1,6.98
MI,CX482N ESCAPE [20-26],2C150,42,66,3731,106.99,74.95,522.08,6.97
TX,P552N F-150 [15-20],TCARE,82,5,160,220.59,35.68,248.73,6.97
PA,P702N F150 [21-27],10654,42,10,207,69.25,38.3,266.23,6.95
AZ,P558N SUPER DUTY [17-22],6A785,55,9,218,274.97,131.91,915.51,6.94
MA,CX482N ESCAPE [20-26],7820124,61,6,196,349.38,275.14,1909.69,6.94
MI,P552N F-150 [15-20],TCARE,82,31,1035,219.19,35.68,247.2,6.93
TX,P702N F150 [21-27],12A650,42,11,168,356.96,119.42,827.74,6.93
CA,CX727N MACH-E [21-26],7B012,04,32,614,105.68,89.93,622.49,6.92
FL,CDX707A NAUTILUS [23-26],1125,42,24,994,487.36,297.3,2047.77,6.89
MA,U553N EXPEDITION [18-24],7A100,42,9,128,847.64,175.57,1208.04,6.88
IL,U625N EXPLORER [20-27],3A427,42,24,517,348.34,168.59,1160.44,6.88
GA,P558N SUPER DUTY [17-22],7A100,42,9,155,498.13,122.19,840.07,6.88
OH,CX482N ESCAPE [20-26],2C150,42,70,1580,120.65,69.96,480.88,6.87
MI,C520N ESCAPE [13-19],TCARE,82,34,1485,207.77,35.68,244.7,6.86
IL,V363N TRANSIT [14-27],SERVICE,82,6,255,35.68,35.68,244.78,6.86
GA,U625N EXPLORER [20-27],14G371,42,24,442,258.72,87.17,597.32,6.85
FL,B515A ECOSPORT INDIA [13-22],48H6,42,22,466,284.4,53.32,365.46,6.85
TX,P558N SUPER DUTY [17-22],65,42,191,9993,157.69,46.88,321.2,6.85
CA,V408E TRANSIT CONNECT [13-24],7A100,42,7,121,2869.67,652.66,4468.65,6.85
OH,P702N F150 [21-27],RECAL,04,43,726,102.64,62.83,430.47,6.85
TN,P558N SUPER DUTY [17-22],RECALEM,04,25,384,62.39,45.8,313.04,6.84
MI,U502N EXPLORER [11-19],TCARE,82,20,452,222.22,35.68,244.01,6.84
MN,P552N F-150 [15-20],3C247,D4,28,786,550.39,161.85,1106.69,6.84
TX,P552N F-150 [15-20],9D290,42,5,54,146.39,54.16,370.2,6.84
SC,V363N TRANSIT [14-27],19703,42,12,208,507.81,118.75,810.8,6.83
MI,P702N F150 [21-27],10C679,42,59,1520,56.71,41.3,282.15,6.83
NY,V363N TRANSIT [14-27],19703,42,25,719,147.3,114.31,780.42,6.83
IN,C520N ESCAPE [13-19],RENTAL,82,6,132,247.08,160.58,1096.24,6.83
NY,CX482N ESCAPE [20-26],2C150,42,58,1760,111.13,58.69,400.27,6.82
MT,CX482N ESCAPE [20-26],7820125,61,14,761,404.89,277.48,1893.49,6.82
WA,V363N TRANSIT [14-27],19703,42,9,172,157.21,127.97,872.26,6.82
MI,CD539N EDGE [15-24],14G371,42,34,5508,277.42,88.22,600.88,6.81
AZ,U553N EXPEDITION [18-24],7A100,42,19,768,842.02,189.56,1290.31,6.81
NY,CX483N CORSAIR [20-26],14F642,04,5,152,64.09,41.94,285.19,6.8
CO,CX430N C-SUV [21-27],8501,42,17,764,690.5,325.75,2215.23,6.8
OK,P702N F150 [21-27],SERVICE,82,6,102,35.68,35.68,242.66,6.8
MO,P702N F150 [21-27],14G371,42,13,261,475.41,152.18,1032.67,6.79
DE,U625N EXPLORER [20-27],7P155,42,5,70,36.4,36.21,246.0,6.79
TX,U540N MKX [16-23],94RH7,42,33,2400,214.16,48.41,328.57,6.79
FL,P702N F150 [21-27],4602,42,11,194,264.57,161.08,1093.32,6.79
FL,CX482N ESCAPE [20-26],6049,42,9,101,3175.77,730.44,4949.02,6.78
TX,P558N SUPER DUTY [17-22],6731,42,11,276,91.11,69.38,469.61,6.77
PA,U540N MKX [16-23],94RH7,42,19,631,282.86,52.59,355.84,6.77
CA,P552N F-150 [15-20],48H6,42,38,713,217.53,57.81,391.64,6.77
KS,P708 F250 - 600 [23-27],19703,42,31,1062,152.17,101.14,683.21,6.76
IL,P558N SUPER DUTY [17-22],7A100,42,9,136,900.57,170.71,1154.27,6.76
OK,P558N SUPER DUTY [17-22],7A100,42,5,51,610.62,127.4,861.48,6.76
TX,P702N F150 [21-27],TCARE,82,12,433,199.57,35.68,240.73,6.75
NY,P552N F-150 [15-20],RENTAL,82,44,1488,160.58,57.1,385.4,6.75
VA,CX430N C-SUV [21-27],RENTAL,82,27,898,160.58,42.82,289.05,6.75
PA,CX430N C-SUV [21-27],2C150,42,85,2120,111.17,61.26,413.01,6.74
ID,P558N SUPER DUTY [17-22],RECALEM,04,14,483,62.06,44.93,301.37,6.71
TX,P558N SUPER DUTY [17-22],19860,42,15,223,783.81,132.28,887.41,6.71
PA,CX482N ESCAPE [20-26],2C150,42,89,2362,180.41,61.26,410.35,6.7
MO,P702N F150 [21-27],14G490,04,9,208,46.53,36.68,245.69,6.7
NV,U553N EXPEDITION [18-24],7A100,42,6,189,876.65,157.17,1052.62,6.7
CA,U625N EXPLORER [20-27],2001,82,15,697,351.92,179.73,1204.3,6.7
OK,P558N SUPER DUTY [17-22],65,42,40,1021,191.71,47.1,314.42,6.68
WY,CX482N ESCAPE [20-26],7820125,61,11,393,310.84,230.57,1540.35,6.68
MI,P702N F150 [21-27],RENTAL,82,79,14398,160.58,64.23,428.22,6.67
FL,P702N F150 [21-27],RENTAL,82,94,24985,171.29,64.23,428.22,6.67
VA,U625N EXPLORER [20-27],RENTAL,82,32,2215,192.7,64.23,428.22,6.67
PA,P552N F-150 [15-20],RENTAL,82,71,2323,228.38,64.23,428.22,6.67
CA,P552N F-150 [15-20],94RH7,42,13,186,86.36,57.81,385.68,6.67
FL,U717N EXPEDITION [25-27],RENTAL,82,13,198,171.29,64.23,428.22,6.67
VA,P758N C-PICKUP [22-27],RENTAL,82,18,453,192.7,42.82,285.48,6.67
MI,P708 F250 - 600 [23-27],RENTAL,82,41,1124,214.11,64.23,428.22,6.67
IL,U554N NAVIGATOR [18-24],RENTAL,82,11,2723,147.35,51.39,342.58,6.67
GA,U553N EXPEDITION [18-24],RENTAL,82,31,1371,228.38,64.23,428.22,6.67
OH,P702N F150 [21-27],TCARE,82,12,294,186.28,35.68,237.66,6.66
MA,CD539N EDGE [15-24],4000,42,6,106,1343.28,218.14,1451.18,6.65
AZ,P558N SUPER DUTY [17-22],65,42,32,3011,212.62,55.67,370.44,6.65
FL,U553N EXPEDITION [18-24],5E212,55,51,1180,999.6,267.64,1777.61,6.64
OH,U502N EXPLORER [11-19],TCARE,82,5,66,192.36,35.68,236.88,6.64
CA,P552N F-150 [15-20],14G371,04,76,1622,59.87,39.13,259.79,6.64
NH,V363N TRANSIT [14-27],19703,42,5,80,145.99,91.71,608.44,6.63
SC,CX430N C-SUV [21-27],8501,42,11,174,509.52,332.02,2200.38,6.63
TX,P702N F150 [21-27],7A100,49,19,448,299.75,173.88,1153.32,6.63
CA,P558N SUPER DUTY [17-22],6731,82,93,6461,137.27,62.19,411.51,6.62
IN,P558N SUPER DUTY [17-22],6731,82,27,902,71.16,41.13,271.99,6.61
MN,P552N F-150 [15-20],14G371,42,10,171,189.1,112.91,746.79,6.61
SC,P702N F150 [21-27],14G371,42,8,173,271.48,84.26,556.79,6.61
GA,P702N F150 [21-27],12A650,42,5,73,176.78,106.01,700.87,6.61
TX,P552N F-150 [15-20],7902,42,38,869,2060.69,1046.17,6920.04,6.61
IL,CX430N C-SUV [21-27],2C150,42,38,919,145.57,69.99,462.68,6.61
PA,P552N F-150 [15-20],SERVICE,82,8,171,35.68,35.68,235.52,6.6
CA,P558N SUPER DUTY [17-22],6695,D8,12,206,1604.88,508.7,3357.26,6.6
MO,P708 F250 - 600 [23-27],14B291,42,5,94,56.26,50.17,330.77,6.59
VA,U502N EXPLORER [11-19],78551A46,33,38,1809,57.42,37.28,245.41,6.58
FL,CX482N ESCAPE [20-26],2C150,42,60,1481,234.89,85.19,559.7,6.57
FL,V363N TRANSIT [14-27],11002,42,23,854,302.64,197.04,1294.31,6.57
ID,U553N EXPEDITION [18-24],7A100,42,7,315,895.54,190.66,1253.19,6.57
OH,P552N F-150 [15-20],78218A42,69,48,1037,236.41,96.1,630.21,6.56
GA,P702N F150 [21-27],14G490,04,9,161,71.37,42.82,281.03,6.56
TX,P702N F150 [21-27],10654,42,14,344,101.35,47.39,310.64,6.55
MA,P552N F-150 [15-20],3C247,42,20,292,492.7,147.99,969.7,6.55
FL,P758N C-PICKUP [22-27],4000,42,8,105,1765.08,387.2,2533.51,6.54
IL,P708 F250 - 600 [23-27],19703,42,73,2356,248.99,145.61,951.22,6.53
NJ,P558N SUPER DUTY [17-22],RECALEM,04,16,288,66.51,54.51,355.25,6.52
AZ,CX482N ESCAPE [20-26],7820125,61,36,5654,317.35,247.4,1609.63,6.51
GA,P558N SUPER DUTY [17-22],19E616,01,5,85,177.17,77.73,506.25,6.51
NJ,U625N EXPLORER [20-27],14401,X2,7,141,386.62,138.22,899.49,6.51
CA,P552N F-150 [15-20],RENTAL,82,100,7086,285.48,85.64,556.69,6.5
TN,CX430N C-SUV [21-27],2C150,42,23,478,112.69,69.39,451.23,6.5
MD,P552N F-150 [15-20],14G371,42,7,89,156.01,109.85,712.26,6.48
SC,P702N F150 [21-27],7A100,42,6,113,342.58,182.56,1183.43,6.48
NJ,P552N F-150 [15-20],14G371,42,9,132,205.78,94.33,611.14,6.48
NC,CX430N C-SUV [21-27],2C150,42,52,1217,114.08,63.11,407.69,6.46
WA,P558N SUPER DUTY [17-22],6701,D8,5,82,379.9,152.32,984.17,6.46
NJ,U540N MKX [16-23],14G371,04,5,170,66.25,47.8,308.39,6.45
CA,CX430N C-SUV [21-27],8501,42,42,2050,663.2,404.28,2605.61,6.45
CA,P702N F150 [21-27],RECALEM,04,80,1553,68.42,40.48,260.57,6.44
FL,P558N SUPER DUTY [17-22],5005,01,15,572,988.63,611.66,3936.44,6.44
NY,P702N F150 [21-27],14G647,04,56,1214,190.91,67.29,433.42,6.44
NY,U725N BRONCO [21-26],RENTAL,82,40,977,128.47,49.96,321.17,6.43
CA,C346N FOCUS [12-18],RENTAL,82,27,512,399.67,199.84,1284.66,6.43
NY,U625N EXPLORER [20-27],14A005,28,5,105,664.88,216.57,1392.71,6.43
FL,U554N NAVIGATOR [18-24],TWC01,D9,7,123,1360.7,490.34,3150.59,6.43
MD,P558N SUPER DUTY [17-22],5005,01,6,224,1243.08,568.72,3657.16,6.43
IL,U625N EXPLORER [20-27],RENTAL,82,49,1952,142.74,49.96,321.17,6.43
OR,P558N SUPER DUTY [17-22],RENTAL,82,12,328,214.11,49.96,321.17,6.43
TX,P702N F150 [21-27],15604,42,16,272,339.22,102.77,659.72,6.42
VA,CX430N C-SUV [21-27],2C150,42,42,1152,122.61,66.17,424.83,6.42
CA,V363N TRANSIT [14-27],14A068,42,7,106,539.03,455.73,2927.83,6.42
MI,CD539N EDGE [15-24],10654,42,6,97,64.25,41.97,268.76,6.4
FL,V363N TRANSIT [14-27],48H6,42,65,2530,317.83,109.62,701.67,6.4
ND,U553N EXPEDITION [18-24],14C689,42,7,161,333.55,185.76,1187.07,6.39
IL,P702N F150 [21-27],14G371,42,20,344,353.28,102.77,655.23,6.38
IL,P708 F250 - 600 [23-27],6731,82,11,173,128.66,64.53,411.54,6.38
OK,P702N F150 [21-27],14G647,42,12,250,862.15,164.99,1052.71,6.38
CA,U718N NAVIGATOR [25-27],DELIVERY,82,7,167,49.96,49.96,318.6,6.38
MI,U725N BRONCO [21-26],TCARE,82,25,700,53.53,35.68,227.3,6.37
GA,P552N F-150 [15-20],3C247,D4,8,93,426.64,139.78,890.43,6.37
GA,P552N F-150 [15-20],6714,82,28,718,63.11,47.54,303.03,6.37
MI,U553N EXPEDITION [18-24],14G371,04,14,233,91.35,54.85,348.64,6.36
FL,P558N SUPER DUTY [17-22],14407,49,8,114,1404.8,293.22,1861.07,6.35
NY,P558N SUPER DUTY [17-22],RENTAL,82,26,797,128.47,64.23,406.81,6.33
NC,P702N F150 [21-27],RECALEM,04,20,454,67.89,40.68,256.93,6.32
OH,H567N MEDIUM TRUCK [16-27],19703,42,5,92,655.45,177.88,1123.4,6.32
NC,P558N SUPER DUTY [17-22],65,42,32,784,213.89,60.51,381.69,6.31
CT,P558N SUPER DUTY [17-22],65,42,5,89,213.66,58.41,368.7,6.31
MS,P552N F-150 [15-20],7A100,42,6,168,180.55,130.54,822.35,6.3
NJ,U611N AVIATOR [20-27],RENTAL,82,15,2867,160.58,57.1,359.7,6.3
NC,P558N SUPER DUTY [17-22],6731,82,30,1099,98.03,44.25,278.92,6.3
AL,P552N F-150 [15-20],78218A42,69,13,390,193.98,66.12,416.02,6.29
TN,CX482N ESCAPE [20-26],2C150,42,11,150,209.79,67.53,423.12,6.27
MN,CX482N ESCAPE [20-26],2C150,42,16,310,241.79,86.29,541.49,6.27
CA,CX482N ESCAPE [20-26],14G371,42,27,425,349.36,126.19,791.83,6.27
MS,P558N SUPER DUTY [17-22],65,42,17,365,199.61,53.53,335.17,6.26
WA,P702N F150 [21-27],14G371,04,14,201,213.04,93.07,581.72,6.25
CA,V363N TRANSIT [14-27],11002,42,54,2077,340.39,195.37,1220.7,6.25
TX,CDX707A NAUTILUS [23-26],DELIVERY,82,20,3846,49.96,39.25,245.35,6.25
AL,P702N F150 [21-27],14G371,04,5,139,245.31,109.12,682.35,6.25
MD,P558N SUPER DUTY [17-22],RECALEM,04,21,312,62.73,46.07,287.86,6.25
TX,B515A ECOSPORT INDIA [13-22],RENTAL,82,49,1208,344.72,195.95,1222.9,6.24
FL,P558N SUPER DUTY [17-22],65,B5,29,1061,269.33,74.08,461.32,6.23
IL,U718N NAVIGATOR [25-27],DELIVERY,82,7,149,49.96,49.96,311.27,6.23
CA,P702N F150 [21-27],12A650,42,9,114,218.24,147.74,918.47,6.22
TX,P558N SUPER DUTY [17-22],16720,39,51,1154,226.39,56.13,349.04,6.22
CA,U554N NAVIGATOR [18-24],RENTAL,82,27,4923,205.55,64.23,399.67,6.22
CA,CX483N CORSAIR [20-26],DELIVERY,82,28,4032,71.37,39.25,244.09,6.22
FL,P702N F150 [21-27],14B291,42,27,426,104.81,40.66,252.97,6.22
NY,CX482N ESCAPE [20-26],14G371,04,19,347,61.38,37.78,234.86,6.22
FL,CD539N EDGE [15-24],90T5,42,33,551,53.74,39.07,242.66,6.21
CA,CD539N EDGE [15-24],48H6,42,68,1797,301.12,59.64,370.0,6.2
FL,P702N F150 [21-27],14G670,42,9,157,421.97,152.07,942.67,6.2
TX,V363N TRANSIT [14-27],6714,82,33,795,55.95,38.58,239.11,6.2
IL,U625N EXPLORER [20-27],78219A65,42,19,413,637.78,150.77,932.58,6.19
MI,U553N EXPEDITION [18-24],14C689,42,13,222,245.33,122.67,759.2,6.19
WA,P552N F-150 [15-20],7H351,42,19,409,3078.46,672.73,4157.92,6.18
WA,CX482N ESCAPE [20-26],7820125,61,38,4784,364.39,257.87,1594.48,6.18
FL,CD533N MKZ [13-20],94RH7,42,23,799,225.7,72.33,446.72,6.18
TX,P702N F150 [21-27],18125,42,7,95,340.49,158.24,977.59,6.18
MI,P702N F150 [21-27],14G670,04,36,806,93.35,72.25,445.79,6.17
VA,U625N EXPLORER [20-27],48H6,42,19,298,225.96,51.58,318.47,6.17
TX,P552N F-150 [15-20],19B739,42,18,274,236.02,117.37,724.58,6.17
NY,P702N F150 [21-27],RECAL,04,44,766,99.2,36.2,222.95,6.16
AZ,V363N TRANSIT [14-27],7A100,42,8,170,603.05,286.74,1766.77,6.16
TX,P558N SUPER DUTY [17-22],RECALEM,04,150,4011,63.15,44.37,273.22,6.16
IL,P702N F150 [21-27],9943300,42,6,73,87.49,38.97,239.91,6.16
FL,P708 F250 - 600 [23-27],14G229,42,9,136,484.15,141.75,873.78,6.16
OR,U625N EXPLORER [20-27],7A100,42,7,110,623.78,160.07,983.77,6.15
CA,P552N F-150 [15-20],7902,42,24,499,4635.57,1046.33,6437.18,6.15
NC,P702N F150 [21-27],RECAL,04,42,1237,108.63,38.54,237.15,6.15
TX,U725N BRONCO [21-26],9831012,07,7,109,141.9,71.22,438.17,6.15
IN,P702N F150 [21-27],RECALEM,04,9,155,91.38,56.62,347.95,6.14
TX,H567N MEDIUM TRUCK [16-27],19703,42,5,132,500.82,200.84,1231.41,6.13
FL,S650N MUSTANG [24-26],SERVICE,82,10,197,35.68,35.68,218.66,6.13
FL,V363N TRANSIT [14-27],SERVICE,82,20,1105,35.68,35.68,218.66,6.13
FL,P758N C-PICKUP [22-27],SERVICE,82,21,639,35.68,35.68,218.66,6.13
FL,U554N NAVIGATOR [18-24],SERVICE,82,10,315,113.9,35.68,218.66,6.13
IL,V363N TRANSIT [14-27],7000,42,10,176,4780.16,1341.8,8223.23,6.13
FL,CX482N ESCAPE [20-26],SERVICE,82,23,994,35.68,35.68,218.66,6.13
FL,CX430N C-SUV [21-27],SERVICE,82,17,569,35.68,35.68,218.66,6.13
FL,U718N NAVIGATOR [25-27],DELIVERY,82,18,786,49.96,49.96,305.76,6.12
NY,P558N SUPER DUTY [17-22],7A100,42,12,201,418.63,165.94,1016.02,6.12
IN,P552N F-150 [15-20],5E212,55,6,121,296.69,184.27,1127.82,6.12
MO,P558N SUPER DUTY [17-22],6731,82,23,1172,115.95,52.86,323.19,6.11
TX,P702N F150 [21-27],14G647,04,91,3191,221.33,65.52,399.67,6.1
TN,CX430N C-SUV [21-27],8501,42,20,492,450.07,309.76,1889.96,6.1
GA,U540N MKX [16-23],94RH7,42,16,387,212.76,56.47,344.49,6.1
TX,P702N F150 [21-27],16500A66,42,7,98,96.49,63.16,384.51,6.09
TX,U553N EXPEDITION [18-24],14C689,42,6,70,198.59,174.71,1063.31,6.09
NY,P702N F150 [21-27],4676,D8,41,791,262.82,104.46,633.62,6.07
MI,U540N MKX [16-23],94RH7,42,21,1139,282.62,57.6,349.57,6.07
LA,U553N EXPEDITION [18-24],14G371,42,6,85,133.62,90.57,548.74,6.06
AR,P558N SUPER DUTY [17-22],6731,82,14,426,103.54,44.75,270.73,6.05
TX,P558N SUPER DUTY [17-22],INSPECT,82,6,396,129.44,89.21,539.29,6.04
OH,P552N F-150 [15-20],TCARE,82,8,183,183.19,35.68,215.54,6.04
CA,P558N SUPER DUTY [17-22],RECALEM,04,117,3293,80.08,53.49,323.03,6.04
AZ,P558N SUPER DUTY [17-22],RENTAL,82,18,1199,192.7,99.92,603.79,6.04
KY,CX482N ESCAPE [20-26],7820125,61,46,3839,271.8,199.31,1201.12,6.03
MD,P552N F-150 [15-20],6714,82,9,215,61.34,42.89,258.8,6.03
FL,P558N SUPER DUTY [17-22],19E616,42,23,440,589.18,133.67,805.18,6.02
WA,CX430N C-SUV [21-27],8501,42,13,237,546.59,285.54,1719.41,6.02
WA,U553N EXPEDITION [18-24],7A100,42,8,106,814.86,188.46,1133.94,6.02
FL,P702N F150 [21-27],14G371,42,61,1709,362.7,163.29,983.48,6.02
TX,U611N AVIATOR [20-27],DELIVERY,82,32,17585,49.96,35.68,214.74,6.02
MD,U554N NAVIGATOR [18-24],RENTAL,82,5,669,173.3,102.77,616.64,6.0
IN,P702N F150 [21-27],RENTAL,82,29,2193,199.84,64.23,385.4,6.0
MI,P552N F-150 [15-20],14G371,42,29,19381,344.12,89.21,534.98,6.0
VA,C520N ESCAPE [13-19],RENTAL,82,14,323,285.48,99.92,599.51,6.0
MI,C520N ESCAPE [13-19],RENTAL,82,33,886,256.93,85.64,513.86,6.0
OH,P702N F150 [21-27],RENTAL,82,71,5358,160.58,57.1,342.58,6.0
OH,P558N SUPER DUTY [17-22],5005,01,8,339,958.72,479.47,2876.65,6.0
TX,CDX707A NAUTILUS [23-26],RENTAL,82,16,2081,160.58,64.23,385.4,6.0
IL,U611N AVIATOR [20-27],RENTAL,82,12,3866,102.77,51.39,308.32,6.0
PA,P473N SUPER DUTY [11-16],INSPECT,82,9,162,58.52,41.62,249.65,6.0
CA,P552N F-150 [15-20],SERVICE,82,20,483,35.68,35.68,214.07,6.0
PA,P558N SUPER DUTY [17-22],5005,01,16,587,708.85,537.07,3215.35,5.99
FL,CDX707A NAUTILUS [23-26],SERVICE,82,9,252,35.68,35.68,213.4,5.98
OR,P708 F250 - 600 [23-27],19703,42,30,1407,179.35,123.27,737.45,5.98
FL,U625N EXPLORER [20-27],SERVICE,82,33,1238,35.68,35.68,213.4,5.98
FL,P702N F150 [21-27],SERVICE,82,64,3660,35.68,35.68,213.4,5.98
FL,P708 F250 - 600 [23-27],SERVICE,82,24,624,89.21,35.68,213.4,5.98
FL,U553N EXPEDITION [18-24],SERVICE,82,19,443,35.68,35.68,213.4,5.98
FL,U725N BRONCO [21-26],SERVICE,82,19,533,35.68,35.68,213.4,5.98
FL,U611N AVIATOR [20-27],SERVICE,82,14,465,42.82,35.68,213.4,5.98
FL,CX483N CORSAIR [20-26],SERVICE,82,14,529,35.68,35.68,213.4,5.98
FL,U540N MKX [16-23],SERVICE,82,14,404,35.68,35.68,213.4,5.98
NC,P558N SUPER DUTY [17-22],RECALEM,04,32,634,65.77,44.4,265.24,5.97
NC,P702N F150 [21-27],14G371,04,10,172,198.19,127.32,758.71,5.96
OK,U625N EXPLORER [20-27],7A100,42,15,254,264.53,148.08,883.23,5.96
IA,U625N EXPLORER [20-27],7A100,42,10,177,164.61,121.14,719.25,5.94
CA,CX483N CORSAIR [20-26],14G371,42,6,124,175.44,101.49,601.78,5.93
NY,CX482N ESCAPE [20-26],14F642,04,14,344,54.1,40.66,240.52,5.92
CA,P758N C-PICKUP [22-27],10B690,42,13,186,1861.38,364.62,2156.23,5.91
NJ,CX483N CORSAIR [20-26],14G371,04,14,634,96.04,60.85,359.49,5.91
IN,U625N EXPLORER [20-27],7A100,42,13,201,762.34,177.38,1049.1,5.91
CA,U625N EXPLORER [20-27],14401,X2,5,133,330.27,144.45,852.3,5.9
NJ,P702N F150 [21-27],14G371,04,10,214,236.59,124.45,734.55,5.9
PA,U625N EXPLORER [20-27],4A015,D8,27,579,306.98,163.69,966.55,5.9
WI,P702N F150 [21-27],10655,42,9,118,146.76,48.93,288.56,5.9
GA,CX482N ESCAPE [20-26],2C150,42,26,533,187.36,67.95,400.54,5.89
IL,CDX707A NAUTILUS [23-26],18125,42,10,232,173.43,144.78,853.12,5.89
FL,U540N MKX [16-23],6731,82,12,432,107.68,60.04,353.37,5.89
CA,P558N SUPER DUTY [17-22],INSPECT,82,28,1703,128.47,60.66,356.85,5.88
NY,P558N SUPER DUTY [17-22],5005,01,7,184,632.14,539.79,3172.53,5.88
FL,CX483N CORSAIR [20-26],17A605,42,7,116,306.26,100.4,589.67,5.87
GA,P552N F-150 [15-20],5E212,55,23,497,1096.31,306.06,1796.54,5.87
IL,CD539N EDGE [15-24],6731,82,9,139,53.84,44.33,259.84,5.86
MI,P702N F150 [21-27],14G647,04,55,1289,202.46,72.43,423.65,5.85
IL,CX482N ESCAPE [20-26],14G371,04,45,978,73.03,40.15,234.89,5.85
AZ,P552N F-150 [15-20],3C247,D4,5,95,660.91,175.08,1023.29,5.84
FL,U540N MKX [16-23],14G371,42,13,298,261.55,140.17,817.38,5.83
TX,P702N F150 [21-27],14G371,42,87,2703,256.06,72.04,419.91,5.83
VA,CX727N MACH-E [21-26],RECAL,04,15,309,131.75,59.26,344.65,5.82
NH,P558N SUPER DUTY [17-22],RECALEM,04,10,127,76.42,48.17,280.51,5.82
FL,S550N MUSTANG [15-23],96R,42,56,1841,236.23,68.84,399.63,5.81
GA,P702N F150 [21-27],12A650,04,25,473,47.35,35.68,207.49,5.81
FL,U625N EXPLORER [20-27],18124,42,50,1026,454.13,286.54,1661.79,5.8
FL,CDX707A NAUTILUS [23-26],DELIVERY,82,29,6944,82.08,49.96,289.67,5.8
CA,P558N SUPER DUTY [17-22],6A785,55,13,401,389.02,293.43,1699.43,5.79
NC,V363N TRANSIT [14-27],SERVICE,82,7,475,35.68,35.68,206.52,5.79
CA,P552N F-150 [15-20],78218A42,69,31,841,287.35,167.71,971.53,5.79
FL,P702N F150 [21-27],RECALEM,04,66,1625,77.78,40.33,232.95,5.78
TX,ECONOLINE [97-27],6731,82,7,775,52.59,38.6,222.95,5.78
SC,P702N F150 [21-27],RECALEM,04,11,197,65.66,37.8,218.39,5.78
AZ,P702N F150 [21-27],14G371,04,13,384,438.93,119.07,688.39,5.78
PA,P702N F150 [21-27],14B291,42,13,171,56.14,45.68,263.51,5.77
GA,P702N F150 [21-27],6731,82,27,1142,63.94,43.87,253.11,5.77
CA,P702N F150 [21-27],TIRE,82,9,161,619.03,238.17,1373.43,5.77
CT,U625N EXPLORER [20-27],7A100,42,5,136,243.64,190.31,1096.08,5.76
TX,U625N EXPLORER [20-27],19G490,42,113,3165,289.12,118.76,683.61,5.76
TX,U625N EXPLORER [20-27],14D212,42,8,123,264.69,94.32,542.41,5.75
MO,P702N F150 [21-27],10654,42,6,118,177.39,52.14,299.95,5.75
FL,P702N F150 [21-27],14B291,04,94,6065,54.24,37.1,213.4,5.75
CO,P558N SUPER DUTY [17-22],2001,82,6,85,424.59,155.56,894.44,5.75
PA,CX482N ESCAPE [20-26],7820124,61,8,355,313.9,271.79,1563.97,5.75
MA,CX430N C-SUV [21-27],8501,42,15,365,547.32,170.99,982.74,5.75
CO,P702N F150 [21-27],14G647,04,28,1190,183.24,56.16,322.56,5.74
NC,U625N EXPLORER [20-27],5E212,42,6,77,965.94,221.85,1273.63,5.74
MI,CX482N ESCAPE [20-26],7P155,42,26,455,254.11,71.37,408.96,5.73
WI,P702N F150 [21-27],14G371,42,15,234,210.19,104.91,600.66,5.73
NC,P558N SUPER DUTY [17-22],2001,30,5,69,240.02,85.72,491.23,5.73
CA,P708 F250 - 600 [23-27],6731,82,27,900,152.25,70.16,402.13,5.73
VA,U553N EXPEDITION [18-24],7Z490,42,7,86,1677.82,508.88,2918.23,5.73
MI,CX482N ESCAPE [20-26],10654,42,13,254,89.09,48.92,280.46,5.73
MI,CD539N EDGE [15-24],TCARE,82,50,5016,223.4,53.53,306.46,5.73
LA,P702N F150 [21-27],19703,42,11,220,47.0,36.58,209.11,5.72
FL,P702N F150 [21-27],6714,82,37,1436,64.79,42.22,241.07,5.71
MD,P702N F150 [21-27],RENTAL,82,27,2537,160.58,74.94,428.22,5.71
IL,P552N F-150 [15-20],RENTAL,82,36,990,171.29,74.94,428.22,5.71
OH,C520N ESCAPE [13-19],RENTAL,82,32,756,256.93,74.94,428.22,5.71
TX,B515A ECOSPORT INDIA [13-22],RENTAL,*,24,769,856.44,224.82,1284.66,5.71
VA,P702N F150 [21-27],RENTAL,82,39,3032,214.11,74.94,428.22,5.71
TN,P558N SUPER DUTY [17-22],RENTAL,82,12,369,171.29,74.94,428.22,5.71
OH,U553N EXPEDITION [18-24],RENTAL,82,34,794,171.29,74.94,428.22,5.71
GA,P558N SUPER DUTY [17-22],RENTAL,82,21,519,256.93,74.94,428.22,5.71
NJ,P552N F-150 [15-20],RENTAL,82,32,1316,228.38,74.94,428.22,5.71
MN,P702N F150 [21-27],RENTAL,82,28,3964,128.47,74.94,428.22,5.71
MA,P702N F150 [21-27],RENTAL,82,36,2818,171.29,74.94,428.22,5.71
MD,P552N F-150 [15-20],RENTAL,82,21,708,242.66,74.94,428.22,5.71
WV,P552N F-150 [15-20],RENTAL,82,9,164,128.47,74.94,428.22,5.71
WI,U553N EXPEDITION [18-24],RENTAL,82,19,366,114.19,74.94,428.22,5.71
MS,P702N F150 [21-27],RENTAL,82,17,539,199.84,74.94,428.22,5.71
NC,CX482N ESCAPE [20-26],2C150,42,40,867,117.32,67.04,382.29,5.7
TX,P558N SUPER DUTY [17-22],6675,D8,127,4107,1244.84,356.13,2027.81,5.69
PA,P702N F150 [21-27],14G647,04,53,986,201.63,65.28,371.32,5.69
FL,P708 F250 - 600 [23-27],6731,82,16,310,127.96,67.61,384.62,5.69
TX,P702N F150 [21-27],6731,82,36,887,59.92,42.14,239.67,5.69
PA,CX430N C-SUV [21-27],8501,42,43,1121,486.52,278.36,1584.64,5.69
NJ,U625N EXPLORER [20-27],4676,D8,13,311,286.84,212.98,1212.36,5.69
GA,P552N F-150 [15-20],14G371,42,22,518,119.9,79.55,452.23,5.68
TN,P758N C-PICKUP [22-27],SERVICE,82,5,100,35.68,35.68,202.75,5.68
CA,P558N SUPER DUTY [17-22],RECALEM,42,5,63,80.08,68.76,390.57,5.68
MI,P375N RANGER [19-23],TCARE,82,12,272,197.48,35.68,202.56,5.68
IL,P702N F150 [21-27],14G647,04,49,884,267.42,93.33,530.5,5.68
MA,P558N SUPER DUTY [17-22],7A100,42,10,186,670.17,200.2,1135.33,5.67
FL,U625N EXPLORER [20-27],7A100,49,16,352,263.36,172.72,978.32,5.66
TX,CDX707A NAUTILUS [23-26],1125,42,12,444,319.65,198.44,1122.35,5.66
GA,CX482N ESCAPE [20-26],14G371,04,7,121,54.39,49.74,281.6,5.66
PA,P558N SUPER DUTY [17-22],7A100,42,8,116,355.1,249.8,1410.42,5.65
MI,U625N EXPLORER [20-27],TCARE,42,5,243,53.53,53.53,302.19,5.65
GA,P702N F150 [21-27],14G371,42,20,438,248.99,103.49,584.95,5.65
GA,S550N MUSTANG [15-23],7A100,42,5,72,574.67,128.92,727.44,5.64
CA,CX430N C-SUV [21-27],2C150,42,86,2262,142.74,94.77,534.48,5.64
VA,CX482N ESCAPE [20-26],19703,42,9,118,184.08,128.67,725.8,5.64
IL,P758N C-PICKUP [22-27],RENTAL,82,11,159,285.48,57.1,321.17,5.63
WI,U625N EXPLORER [20-27],RENTAL,82,38,1297,128.47,57.1,321.17,5.63
CT,U625N EXPLORER [20-27],RENTAL,82,6,224,142.74,57.1,321.17,5.63
MA,CX482N ESCAPE [20-26],RENTAL,82,23,877,149.88,57.1,321.17,5.63
IL,CX482N ESCAPE [20-26],14G371,42,21,369,435.25,192.7,1084.82,5.63
MI,CX482N ESCAPE [20-26],TCARE,82,53,6246,166.02,35.68,200.79,5.63
VA,P558N SUPER DUTY [17-22],5005,01,9,210,1291.17,625.89,3526.58,5.63
OH,P708 F250 - 600 [23-27],RENTAL,82,30,596,171.29,57.1,321.17,5.63
AR,P558N SUPER DUTY [17-22],5005,01,7,301,570.8,417.99,2352.18,5.63
CA,U625N EXPLORER [20-27],10C666,42,17,273,713.75,247.03,1391.82,5.63
OH,U625N EXPLORER [20-27],RENTAL,82,70,3824,160.58,57.1,321.17,5.63
NJ,U725N BRONCO [21-26],RENTAL,82,27,913,171.29,57.1,321.17,5.63
PA,B515A ECOSPORT INDIA [13-22],RENTAL,82,26,434,256.93,57.1,321.17,5.63
WI,CX482N ESCAPE [20-26],2C150,42,20,330,231.3,88.18,496.64,5.63
IL,B515A ECOSPORT INDIA [13-22],RENTAL,82,14,303,274.77,171.29,963.5,5.63
NY,CD539N EDGE [15-24],RENTAL,82,34,892,174.86,57.1,321.17,5.63
OH,U725N BRONCO [21-26],RENTAL,82,42,1284,146.31,57.1,321.17,5.63
WI,CX430N C-SUV [21-27],RENTAL,82,16,329,160.58,57.1,321.17,5.63
TX,CD539N EDGE [15-24],5E212,42,5,65,1211.87,242.8,1363.7,5.62
FL,C489N MKC [15-19],48H6,42,23,995,215.44,82.4,463.18,5.62
CA,P702N F150 [21-27],7A100,04,16,267,330.59,142.88,801.51,5.61
UT,U553N EXPEDITION [18-24],14G371,04,7,118,56.57,42.07,235.95,5.61
CA,U625N EXPLORER [20-27],7A100,49,24,574,320.09,171.29,961.48,5.61
TX,U540N MKX [16-23],94RH7,63,6,348,252.14,60.38,338.69,5.61
MN,P558N SUPER DUTY [17-22],14B321,X9,22,1089,38.54,35.74,199.99,5.6
TX,U611N AVIATOR [20-27],RENTAL,82,29,10840,192.7,64.23,359.7,5.6
MI,CDX707A NAUTILUS [23-26],TCARE,82,5,195,283.38,53.53,300.01,5.6
FL,CX482N ESCAPE [20-26],7820124,61,12,423,356.25,293.72,1642.62,5.59
AZ,P558N SUPER DUTY [17-22],7A100,42,14,314,551.48,188.42,1053.23,5.59
TX,P473N SUPER DUTY [11-16],6731,82,19,361,102.31,40.36,225.8,5.59
CO,P552N F-150 [15-20],RENTAL,82,18,642,199.84,114.19,638.08,5.59
CA,P702N F150 [21-27],7A100,49,9,193,389.68,244.3,1365.14,5.59
CT,CX482N ESCAPE [20-26],7820125,61,29,2366,306.4,245.57,1371.13,5.58
CA,P702N F150 [21-27],10849,42,11,158,631.38,162.59,905.26,5.57
NY,CX482N ESCAPE [20-26],1A189,42,32,653,222.32,101.81,565.96,5.56
OH,CX482N ESCAPE [20-26],TCARE,82,13,498,150.59,35.68,198.29,5.56
MI,CX482N ESCAPE [20-26],RENTAL,82,72,7548,160.58,77.08,428.22,5.56
FL,U554N NAVIGATOR [18-24],RENTAL,82,33,9861,192.7,64.23,356.85,5.56
WA,P558N SUPER DUTY [17-22],2001,82,6,93,284.46,150.73,836.91,5.55
CA,U625N EXPLORER [20-27],4676,D8,14,288,341.66,220.25,1220.17,5.54
MI,P552N F-150 [15-20],6731,82,9,216,54.61,44.25,245.33,5.54
NV,CX430N C-SUV [21-27],8501,42,5,217,515.33,330.1,1828.34,5.54
MO,P552N F-150 [15-20],6M280,42,18,307,413.05,183.05,1012.45,5.53
IL,CX482N ESCAPE [20-26],6731,82,15,256,61.05,39.72,219.84,5.53
MI,CX482N ESCAPE [20-26],14G371,04,56,1754,68.7,38.87,214.82,5.53
NC,U540N MKX [16-23],94RH7,42,12,291,282.44,68.94,381.54,5.53
TN,U611N AVIATOR [20-27],14G371,42,5,88,270.92,67.78,374.46,5.52
CO,P558N SUPER DUTY [17-22],5005,01,5,211,808.04,587.87,3245.46,5.52
MN,P702N F150 [21-27],14G670,04,13,272,145.31,97.48,538.39,5.52
CT,U625N EXPLORER [20-27],4A015,D8,9,227,585.14,186.42,1028.82,5.52
FL,P558N SUPER DUTY [17-22],3600,42,6,102,2055.56,526.03,2897.42,5.51
MO,CX482N ESCAPE [20-26],19703,42,13,221,165.64,142.78,786.28,5.51
CA,CD391N FUSION [13-20],RENTAL,82,73,2240,285.48,114.19,629.48,5.51
UT,U625N EXPLORER [20-27],7A100,42,6,91,656.57,226.89,1249.89,5.51
TX,CD539N EDGE [15-24],7902,42,52,1079,2114.58,1221.06,6724.67,5.51
CA,P552N F-150 [15-20],14G371,42,43,870,215.99,112.66,619.5,5.5
VA,CX482N ESCAPE [20-26],7P155,42,6,83,185.14,44.36,243.96,5.5
TN,B515A ECOSPORT INDIA [13-22],RENTAL,82,7,169,285.48,155.59,856.44,5.5
MN,U625N EXPLORER [20-27],4A015,D8,24,1074,989.03,299.52,1644.61,5.49
MI,CX482N ESCAPE [20-26],14D212,42,7,116,197.56,77.77,426.79,5.49
NY,P552N F-150 [15-20],78218A42,69,35,806,255.75,141.26,774.31,5.48
CA,P702N F150 [21-27],18124,42,12,182,942.52,332.49,1821.01,5.48
CA,P558N SUPER DUTY [17-22],14G371,42,24,352,259.5,112.66,616.47,5.47
TX,CX483N CORSAIR [20-26],DELIVERY,82,31,9382,49.96,39.25,214.74,5.47
AZ,V363N TRANSIT [14-27],9D370,42,11,235,48.62,44.49,242.8,5.46
TX,U553N EXPEDITION [18-24],94RH7,42,22,347,150.78,45.25,247.13,5.46
MI,U540N MKX [16-23],14G371,42,11,2699,225.39,85.03,464.3,5.46
TX,P558N SUPER DUTY [17-22],65,82,16,398,169.82,122.73,669.34,5.45
FL,C520N ESCAPE [13-19],48H6,42,33,538,95.1,68.37,372.73,5.45
MI,U625N EXPLORER [20-27],14G229,42,11,1812,361.05,138.28,752.97,5.45
PA,V363N TRANSIT [14-27],INSPECT,82,12,302,57.77,50.77,276.2,5.44
MA,U625N EXPLORER [20-27],RECALEM,04,9,178,54.07,45.32,246.56,5.44
NJ,CX482N ESCAPE [20-26],7820124,61,7,167,416.91,341.05,1854.25,5.44
GA,CX430N C-SUV [21-27],8501,42,15,352,474.79,240.75,1306.38,5.43
FL,V363N TRANSIT [14-27],6714,82,36,1064,59.38,40.27,218.64,5.43
TX,P702N F150 [21-27],19H332,04,8,104,74.94,49.08,266.28,5.43
KY,CX482N ESCAPE [20-26],2C150,42,17,329,102.96,69.02,374.4,5.42
FL,P702N F150 [21-27],TIRE,82,5,118,291.2,159.12,861.86,5.42
OK,P558N SUPER DUTY [17-22],19G490,42,43,1239,321.85,73.5,397.5,5.41
MN,P552N F-150 [15-20],14G371,04,20,484,48.85,36.99,199.99,5.41
TX,CX482N ESCAPE [20-26],14F642,42,51,1327,46.91,36.68,198.4,5.41
IN,CX482N ESCAPE [20-26],SHUTTLE,82,6,118,428.22,128.47,693.72,5.4
WI,CD539N EDGE [15-24],SHUTTLE,82,15,312,539.56,256.93,1387.43,5.4
FL,CD539N EDGE [15-24],14G371,42,18,267,262.07,137.03,740.64,5.4
MN,P558N SUPER DUTY [17-22],6731,82,24,725,70.04,40.44,218.47,5.4
TX,P558N SUPER DUTY [17-22],ADJUST,82,11,896,121.29,46.39,250.57,5.4
MO,CX482N ESCAPE [20-26],SHUTTLE,82,9,268,668.02,256.93,1387.43,5.4
ID,P552N F-150 [15-20],78218A42,69,10,559,227.75,147.13,793.7,5.39
AL,P558N SUPER DUTY [17-22],65,42,22,431,169.68,49.74,268.26,5.39
VA,P552N F-150 [15-20],5E212,55,16,338,1273.03,360.89,1944.52,5.39
MN,CX430N C-SUV [21-27],2C150,42,13,255,136.12,80.53,434.25,5.39
TX,CX430N C-SUV [21-27],2C150,42,80,1784,152.97,75.55,406.67,5.38
NY,P558N SUPER DUTY [17-22],12286,42,11,142,170.87,101.38,545.48,5.38
FL,CDX707A NAUTILUS [23-26],TCARE,82,5,120,236.7,51.39,275.85,5.37
TX,U611N AVIATOR [20-27],7A100,42,11,392,741.06,160.93,864.04,5.37
UT,P552N F-150 [15-20],78218A43,69,10,448,176.98,149.18,800.56,5.37
OH,P702N F150 [21-27],14G371,04,17,274,156.13,86.87,466.35,5.37
NY,CX430N C-SUV [21-27],13466,46,12,230,78.53,36.62,196.64,5.37
VA,U625N EXPLORER [20-27],4676,D8,7,351,300.47,236.06,1266.17,5.36
PA,P558N SUPER DUTY [17-22],SERVICE,82,13,406,126.32,67.05,359.21,5.36
CA,P558N SUPER DUTY [17-22],12A650,42,8,93,713.4,255.93,1370.97,5.36
CA,P702N F150 [21-27],10654,42,10,140,114.19,57.81,309.42,5.35
NJ,P558N SUPER DUTY [17-22],6731,82,14,556,76.24,59.84,320.27,5.35
NY,P558N SUPER DUTY [17-22],6731,82,12,196,123.43,70.63,377.65,5.35
OH,P558N SUPER DUTY [17-22],7A100,49,5,61,240.24,194.86,1042.58,5.35
FL,CX482N ESCAPE [20-26],14G371,04,46,950,63.09,47.84,256.08,5.35
TX,P702N F150 [21-27],18124,42,19,271,883.75,330.09,1765.86,5.35
LA,P558N SUPER DUTY [17-22],RECALEM,04,24,478,59.67,47.1,251.28,5.34
OH,P702N F150 [21-27],RECALEM,04,18,255,63.55,47.61,253.7,5.33
FL,V408E TRANSIT CONNECT [13-24],7902,42,21,371,2123.88,1368.74,7291.82,5.33
IN,B515A ECOSPORT INDIA [13-22],RENTAL,82,12,293,285.48,160.58,856.44,5.33
UT,P552N F-150 [15-20],78218A42,69,15,2811,295.02,150.36,801.56,5.33
ID,P702N F150 [21-27],14G371,04,5,132,149.88,109.62,584.71,5.33
CA,P758N C-PICKUP [22-27],RENTAL,82,92,4538,199.84,74.94,399.67,5.33
TX,U553N EXPEDITION [18-24],RENTAL,82,97,6600,256.93,96.35,513.86,5.33
IA,P558N SUPER DUTY [17-22],5005,01,7,157,731.14,552.67,2940.89,5.32
GA,V363N TRANSIT [14-27],48H6,42,20,1833,298.6,71.56,380.64,5.32
MI,P558N SUPER DUTY [17-22],19E616,42,9,138,125.36,90.19,479.78,5.32
IA,U625N EXPLORER [20-27],4A015,D8,6,105,216.37,117.1,621.45,5.31
CA,P558N SUPER DUTY [17-22],9601,82,34,1408,80.2,37.66,199.96,5.31
TX,P558N SUPER DUTY [17-22],6F073,01,34,683,157.08,107.55,571.42,5.31
NV,U502N EXPLORER [11-19],78551A46,33,7,212,66.47,48.71,258.68,5.31
CO,P702N F150 [21-27],10655,42,6,117,130.2,60.12,318.41,5.3
CT,CX482N ESCAPE [20-26],2C150,42,13,226,160.34,68.89,364.39,5.29
WI,P708 F250 - 600 [23-27],6731,82,6,102,86.69,50.47,267.05,5.29
TX,P702N F150 [21-27],12029,42,28,399,170.94,72.84,385.31,5.29
TX,P702N F150 [21-27],19G490,42,55,1212,299.33,104.06,549.03,5.28
CA,P702N F150 [21-27],14G647,42,62,1206,997.75,285.42,1507.18,5.28
FL,U502N EXPLORER [11-19],65,42,67,2460,63.02,45.68,241.09,5.28
OH,U553N EXPEDITION [18-24],TCARE,82,5,60,222.94,42.75,225.54,5.28
NJ,C489N MKC [15-19],RENTAL,82,12,730,192.7,96.35,509.08,5.28
FL,U625N EXPLORER [20-27],TCARE,82,24,1303,220.79,53.52,282.02,5.27
TX,U553N EXPEDITION [18-24],14A068,42,9,153,62.63,53.88,283.65,5.26
ID,P702N F150 [21-27],7A100,42,6,283,299.75,216.09,1137.49,5.26
WI,P708 F250 - 600 [23-27],RENTAL,82,12,201,96.35,42.82,224.82,5.25
SC,CX482N ESCAPE [20-26],7820125,61,31,3341,330.09,187.95,985.96,5.25
GA,CD391N FUSION [13-20],RENTAL,82,8,106,249.8,85.64,449.63,5.25
PA,P552N F-150 [15-20],5E212,55,16,230,1182.1,379.23,1991.02,5.25
CA,CD391N FUSION [13-20],14G371,42,9,156,185.21,97.66,513.14,5.25
PA,P702N F150 [21-27],14G647,42,15,185,717.07,191.48,1005.52,5.25
NY,U625N EXPLORER [20-27],7Z490,42,5,94,1606.73,529.06,2774.66,5.24
LA,CX430N C-SUV [21-27],2C150,42,17,313,99.43,66.52,348.22,5.24
MA,V363N TRANSIT [14-27],7A100,42,7,165,526.72,207.52,1087.68,5.24
PA,P558N SUPER DUTY [17-22],INSPECT,82,19,641,74.22,43.11,225.95,5.24
OH,P702N F150 [21-27],14G371,42,15,215,289.54,108.34,567.79,5.24
FL,P708 F250 - 600 [23-27],14G371,42,10,185,235.14,128.43,673.4,5.24
FL,D544N CONTINENTAL [17-20],94RH7,42,19,543,266.57,85.24,446.72,5.24
PA,P702N F150 [21-27],INSPECT,82,6,116,47.03,39.22,205.19,5.23
TX,CX482N ESCAPE [20-26],2C150,42,39,628,206.58,81.88,428.16,5.23
GA,P552N F-150 [15-20],48H6,42,18,287,63.45,54.48,284.15,5.22
CA,U611N AVIATOR [20-27],12A650,04,5,86,47.85,40.9,213.67,5.22
FL,U611N AVIATOR [20-27],DELIVERY,82,32,23100,101.35,39.25,205.03,5.22
NY,CD539N EDGE [15-24],4000,42,19,421,1495.06,516.14,2695.81,5.22
VA,P702N F150 [21-27],14G371,04,9,173,276.12,114.62,598.53,5.22
MI,P558N SUPER DUTY [17-22],14G371,04,13,363,61.38,40.25,210.21,5.22
OK,U625N EXPLORER [20-27],4A015,D8,6,330,626.9,233.06,1217.44,5.22
FL,CX483N CORSAIR [20-26],78519A70,42,27,934,245.98,117.03,608.42,5.2
TX,U718N NAVIGATOR [25-27],DELIVERY,82,13,732,49.96,49.96,259.78,5.2
KS,B515A ECOSPORT INDIA [13-22],RENTAL,82,5,94,285.48,160.58,835.03,5.2
CA,U625N EXPLORER [20-27],RECALEM,04,16,242,59.61,46.84,243.2,5.19
MN,P702N F150 [21-27],RECAL,04,34,978,105.21,38.54,199.99,5.19
NY,P702N F150 [21-27],14B291,04,73,2606,48.41,35.79,185.75,5.19
CA,P552N F-150 [15-20],6731,82,20,401,67.22,36.47,189.13,5.19
NC,P702N F150 [21-27],10654,42,8,134,74.0,52.92,274.03,5.18
FL,CDX707A NAUTILUS [23-26],NPF,42,9,414,98.33,40.45,209.41,5.18
PA,CX482N ESCAPE [20-26],19703,42,13,217,172.28,125.75,651.02,5.18
TX,U625N EXPLORER [20-27],7A100,49,36,871,267.85,154.44,799.62,5.18
VA,P552N F-150 [15-20],2200,30,9,553,336.46,96.26,498.48,5.18
MI,P558N SUPER DUTY [17-22],RECALEM,04,26,427,60.88,48.12,248.65,5.17
MA,P558N SUPER DUTY [17-22],7A100,49,5,70,777.52,181.77,938.89,5.17
CA,V363N TRANSIT [14-27],INSPECT,82,16,785,142.7,59.59,308.13,5.17
TX,U554N NAVIGATOR [18-24],19860,42,13,422,977.76,241.43,1247.0,5.17
MD,P558N SUPER DUTY [17-22],19E616,42,8,129,118.99,74.03,382.29,5.16
WI,P702N F150 [21-27],4234,01,15,205,759.81,181.69,936.65,5.16
CA,CX482N ESCAPE [20-26],RECALEM,04,5,100,133.02,58.88,303.18,5.15
CA,CX727N MACH-E [21-26],RENTAL,82,107,11622,199.84,74.94,385.4,5.14
FL,U625N EXPLORER [20-27],1A189,28,5,70,201.06,135.52,696.03,5.14
VA,P558N SUPER DUTY [17-22],19E616,42,5,72,111.2,90.19,463.68,5.14
NY,P708 F250 - 600 [23-27],14B291,04,62,2168,48.27,36.21,185.75,5.13
CA,P702N F150 [21-27],10B689,04,83,1685,88.64,52.62,269.71,5.13
ND,P552N F-150 [15-20],3C247,42,8,155,439.18,185.06,949.91,5.13
MI,U625N EXPLORER [20-27],RECAL,04,8,150,113.15,37.23,190.72,5.12
FL,U540N MKX [16-23],NPF,42,7,314,108.14,40.45,207.09,5.12
FL,U725N BRONCO [21-26],7842006,42,15,218,1068.27,290.51,1487.48,5.12
AL,P702N F150 [21-27],NPF,42,8,181,89.28,38.23,195.87,5.12
MI,P758N C-PICKUP [22-27],TCARE,82,17,366,161.41,35.68,182.44,5.11
WA,CX430N C-SUV [21-27],2C150,42,20,385,128.77,88.93,454.33,5.11
CA,P558N SUPER DUTY [17-22],12286,42,25,536,245.88,68.14,347.97,5.11
IL,V363N TRANSIT [14-27],48H6,42,24,565,322.76,109.69,559.73,5.1
IN,CX482N ESCAPE [20-26],TCARE,82,6,109,185.75,37.22,189.82,5.1
OR,V363N TRANSIT [14-27],19703,42,8,180,169.3,137.35,700.52,5.1
PA,P702N F150 [21-27],7A100,04,5,69,199.34,63.6,324.66,5.1
FL,P708 F250 - 600 [23-27],NPF,42,18,597,95.29,38.53,196.27,5.09
GA,CX482N ESCAPE [20-26],19703,42,9,138,203.85,165.09,838.91,5.08
VA,V363N TRANSIT [14-27],15604,04,6,750,300.92,107.75,547.06,5.08
IL,P558N SUPER DUTY [17-22],65,42,37,687,226.05,71.47,362.87,5.08
WY,P708 F250 - 600 [23-27],19703,42,11,347,151.88,121.2,615.38,5.08
IL,CX482N ESCAPE [20-26],2C150,42,49,1332,272.38,112.55,570.42,5.07
FL,P552N F-150 [15-20],9C888,42,60,1459,501.13,159.23,806.8,5.07
NC,U611N AVIATOR [20-27],14G371,42,6,187,336.97,148.81,754.36,5.07
KS,CX482N ESCAPE [20-26],19703,42,6,116,157.83,144.55,732.56,5.07
MD,P558N SUPER DUTY [17-22],65,42,24,483,204.67,58.88,297.68,5.06
MI,CX430N C-SUV [21-27],TCARE,82,37,1594,153.55,35.68,180.61,5.06
AZ,ECONOLINE [97-27],6731,82,6,274,73.96,57.09,289.08,5.06
MO,P702N F150 [21-27],14G670,04,8,94,158.31,107.25,542.77,5.06
MA,P758N C-PICKUP [22-27],RENTAL,82,12,252,114.19,57.1,289.05,5.06
PA,U625N EXPLORER [20-27],RENTAL,82,78,3066,142.74,57.1,289.05,5.06
LA,U625N EXPLORER [20-27],RENTAL,82,17,720,192.7,57.1,289.05,5.06
OH,C520N ESCAPE [13-19],7902,42,17,315,2483.49,808.66,4088.19,5.06
FL,P552N F-150 [15-20],19G490,42,38,629,318.28,114.93,580.97,5.06
MI,P702N F150 [21-27],14B291,42,33,783,68.14,37.38,188.76,5.05
SC,CX482N ESCAPE [20-26],2C150,42,16,338,207.82,70.02,353.42,5.05
MD,U540N MKX [16-23],94RH7,42,5,110,200.74,68.74,346.57,5.04
CA,P702N F150 [21-27],DIAG,42,35,754,111.05,53.51,269.24,5.03
NV,CX430N C-SUV [21-27],2C150,42,8,289,107.23,76.82,385.73,5.02
TX,P702N F150 [21-27],9601,82,7,166,48.14,36.71,184.48,5.02
FL,CX727N MACH-E [21-26],14G647,42,20,290,850.73,263.78,1323.49,5.02
NC,CD539N EDGE [15-24],4000,42,5,65,1247.3,275.28,1380.35,5.01
NC,P552N F-150 [15-20],7H351,42,39,1115,3001.9,1667.91,8361.85,5.01
CA,U625N EXPLORER [20-27],14D212,42,11,292,208.29,101.63,509.58,5.01
CA,P558N SUPER DUTY [17-22],7A100,04,5,65,226.3,104.84,525.57,5.01
TX,U554N NAVIGATOR [18-24],DELIVERY,82,32,14644,49.96,39.25,196.42,5.0
MI,U553N EXPEDITION [18-24],RENTAL,82,56,2460,174.86,85.64,428.22,5.0
MN,U625N EXPLORER [20-27],RENTAL,82,25,1759,142.74,57.1,285.48,5.0
LA,U611N AVIATOR [20-27],RENTAL,82,7,1790,128.47,51.39,256.93,5.0
NJ,U625N EXPLORER [20-27],RENTAL,82,41,3818,160.58,57.1,285.48,5.0
IL,CX430N C-SUV [21-27],RENTAL,82,34,694,114.19,64.23,321.17,5.0
MD,CX727N MACH-E [21-26],RENTAL,82,19,871,171.29,64.23,321.17,5.0
MA,P558N SUPER DUTY [17-22],RENTAL,82,19,651,160.58,85.64,428.22,5.0
NJ,CX483N CORSAIR [20-26],RENTAL,82,13,1942,128.47,64.23,321.17,5.0
ID,P558N SUPER DUTY [17-22],RENTAL,82,5,434,214.11,85.64,428.22,5.0
VA,CD391N FUSION [13-20],RENTAL,82,7,188,285.48,99.92,499.59,5.0
CA,D544N CONTINENTAL [17-20],RENTAL,82,12,243,185.56,64.23,321.17,5.0
SC,U554N NAVIGATOR [18-24],RENTAL,82,6,928,102.77,64.23,321.17,5.0
MI,P758N C-PICKUP [22-27],RENTAL,82,49,1321,160.58,64.23,321.17,5.0
IA,P702N F150 [21-27],RENTAL,82,16,885,96.35,42.82,214.11,5.0
MD,P558N SUPER DUTY [17-22],RENTAL,82,19,629,249.8,85.64,428.22,5.0
ME,P558N SUPER DUTY [17-22],RENTAL,82,5,146,128.47,85.64,428.22,5.0
NC,U553N EXPEDITION [18-24],RENTAL,82,27,806,171.29,85.64,428.22,5.0
NY,CX430N C-SUV [21-27],RENTAL,82,45,1194,128.47,64.23,321.17,5.0
KY,P758N C-PICKUP [22-27],RENTAL,82,6,88,128.47,57.1,285.48,5.0
VA,P558N SUPER DUTY [17-22],RENTAL,82,14,535,214.11,85.64,428.22,5.0
PA,P758N C-PICKUP [22-27],RENTAL,82,25,400,124.9,64.23,321.17,5.0
CA,P558N SUPER DUTY [17-22],RENTAL,82,91,4174,256.93,85.64,428.22,5.0
TX,P708 F250 - 600 [23-27],RENTAL,82,72,3751,224.82,85.64,428.22,5.0
OH,CX430N C-SUV [21-27],RENTAL,82,49,1801,128.47,64.23,321.17,5.0
IL,CX482N ESCAPE [20-26],RENTAL,82,43,1488,171.29,64.23,321.17,5.0
FL,CD533N MKZ [13-20],RENTAL,82,26,1505,154.72,64.23,321.17,5.0
FL,D544N CONTINENTAL [17-20],RENTAL,82,25,931,128.47,64.23,321.17,5.0
CO,U553N EXPEDITION [18-24],RENTAL,82,13,379,224.82,64.23,321.17,5.0
NY,CD533N MKZ [13-20],RENTAL,82,11,453,160.58,64.23,321.17,5.0
MN,P558N SUPER DUTY [17-22],RENTAL,82,15,310,214.11,85.64,428.22,5.0
OH,B515A ECOSPORT INDIA [13-22],TCARE,82,12,298,141.03,35.68,178.42,5.0
MN,U725N BRONCO [21-26],RENTAL,82,14,477,149.88,57.1,285.48,5.0
NC,P552N F-150 [15-20],RENTAL,82,27,820,199.84,85.64,428.22,5.0
GA,P708 F250 - 600 [23-27],RENTAL,82,29,651,224.82,85.64,428.22,5.0
MD,P758N C-PICKUP [22-27],RENTAL,82,13,522,192.7,64.23,321.17,5.0
NC,U554N NAVIGATOR [18-24],RENTAL,82,8,867,128.47,51.39,256.93,5.0
IA,P558N SUPER DUTY [17-22],RENTAL,82,6,113,85.64,42.82,214.11,5.0
MI,P552N F-150 [15-20],RENTAL,82,57,2122,224.82,85.64,428.22,5.0
NC,P702N F150 [21-27],RENTAL,82,37,2389,174.86,85.64,428.22,5.0
PA,U725N BRONCO [21-26],RENTAL,82,39,841,160.58,64.23,321.17,5.0
TX,P703N RANGER [24-26],RENTAL,82,9,152,192.7,64.23,321.17,5.0
NY,C489N MKC [15-19],RENTAL,82,13,560,192.7,64.23,321.17,5.0
VA,B515A ECOSPORT INDIA [13-22],RENTAL,82,9,198,324.73,214.11,1070.55,5.0
OH,CD533N MKZ [13-20],RENTAL,82,11,588,128.47,64.23,321.17,5.0
TX,P558N SUPER DUTY [17-22],RENTAL,82,65,2892,249.8,85.64,428.22,5.0
NY,B515A ECOSPORT INDIA [13-22],RENTAL,82,19,364,214.11,64.23,321.17,5.0
MN,CX430N C-SUV [21-27],RENTAL,82,16,686,142.74,57.1,285.48,5.0
CT,P702N F150 [21-27],RENTAL,82,8,306,114.19,64.23,321.17,5.0
AZ,CX430N C-SUV [21-27],RENTAL,82,22,1427,171.29,64.23,321.17,5.0
MI,P375N RANGER [19-23],RENTAL,82,23,424,199.84,64.23,321.17,5.0
CA,CD533N MKZ [13-20],RENTAL,82,19,569,160.58,64.23,321.17,5.0
NY,U540N MKX [16-23],RENTAL,82,15,1545,128.47,64.23,321.17,5.0
MN,U553N EXPEDITION [18-24],RENTAL,82,19,618,171.29,85.64,428.22,5.0
OH,C489N MKC [15-19],RENTAL,82,11,679,160.58,64.23,321.17,5.0
ID,P702N F150 [21-27],RENTAL,82,9,997,228.28,85.64,428.22,5.0
NC,CX482N ESCAPE [20-26],RENTAL,82,24,601,174.86,64.23,321.17,5.0
OK,P702N F150 [21-27],RENTAL,82,18,799,171.29,85.64,428.22,5.0
OH,CD539N EDGE [15-24],RENTAL,82,45,1120,192.7,64.23,321.17,5.0
ID,P708 F250 - 600 [23-27],RENTAL,82,5,415,214.11,85.64,428.22,5.0
KY,U611N AVIATOR [20-27],RENTAL,82,5,412,155.59,59.95,299.75,5.0
IL,U502N EXPLORER [11-19],RENTAL,82,7,88,224.82,64.23,321.17,5.0
CA,P702N F150 [21-27],RENTAL,42,5,115,285.48,85.64,428.22,5.0
GA,P702N F150 [21-27],RENTAL,82,44,4508,256.93,85.64,428.22,5.0
FL,P708 F250 - 600 [23-27],RENTAL,82,73,4826,199.84,85.64,428.22,5.0
CA,U540N MKX [16-23],RENTAL,82,25,1395,160.58,64.23,321.17,5.0
TX,P758N C-PICKUP [22-27],RENTAL,82,36,1068,228.38,64.23,321.17,5.0
TX,U625N EXPLORER [20-27],RENTAL,82,103,7684,210.91,64.23,321.17,5.0
MD,P708 F250 - 600 [23-27],RENTAL,82,13,446,214.11,85.64,428.22,5.0
TX,D544N CONTINENTAL [17-20],RENTAL,82,13,753,160.58,64.23,321.17,5.0
CA,C489N MKC [15-19],RENTAL,82,18,441,224.82,64.23,321.17,5.0
MA,U625N EXPLORER [20-27],RENTAL,82,31,1588,171.29,57.1,285.48,5.0
TN,P702N F150 [21-27],RENTAL,82,24,2011,224.82,85.64,428.22,5.0
CA,U553N EXPEDITION [18-24],RENTAL,82,97,5687,256.93,85.64,428.22,5.0
FL,U502N EXPLORER [11-19],7902,42,29,474,2778.58,1411.96,7053.87,5.0
SC,U611N AVIATOR [20-27],RENTAL,82,6,1429,160.58,64.23,321.17,5.0
NC,U725N BRONCO [21-26],RENTAL,82,21,544,160.58,64.23,321.17,5.0
OH,CX430N C-SUV [21-27],2C150,42,59,1197,96.83,72.34,361.86,5.0
TX,U717N EXPEDITION [25-27],RENTAL,82,10,145,171.29,85.64,428.22,5.0
CO,P552N F-150 [15-20],19E616,42,10,133,163.56,106.56,532.5,5.0
VA,U725N BRONCO [21-26],RENTAL,82,21,698,174.86,64.23,321.17,5.0
TX,C489N MKC [15-19],RENTAL,82,16,1355,192.7,64.23,321.17,5.0
CA,P552N F-150 [15-20],6582,01,10,161,195.62,112.56,562.13,4.99
FL,CX483N CORSAIR [20-26],DELIVERY,82,32,18517,82.08,39.25,196.03,4.99
IL,P558N SUPER DUTY [17-22],RECALEM,04,31,574,99.71,67.75,338.28,4.99
NJ,U625N EXPLORER [20-27],8501,D8,12,291,507.42,425.94,2122.46,4.98
FL,P702N F150 [21-27],RECAL,42,8,167,149.88,80.61,401.46,4.98
WA,P558N SUPER DUTY [17-22],65,42,16,250,204.58,56.03,279.14,4.98
OH,B515A ECOSPORT INDIA [13-22],5E212,42,10,217,886.22,205.26,1022.25,4.98
VA,P702N F150 [21-27],14G670,04,9,182,181.67,100.66,501.23,4.98
CO,P375N RANGER [19-23],7A100,42,5,72,749.43,167.86,834.94,4.97
MI,U625N EXPLORER [20-27],4676,D8,6,91,261.07,251.06,1248.25,4.97
MI,P702N F150 [21-27],12A650,04,63,2669,43.68,35.85,178.18,4.97
MO,P558N SUPER DUTY [17-22],65,42,29,541,197.77,64.5,320.85,4.97
TX,P708 F250 - 600 [23-27],14G229,42,16,222,204.31,109.82,544.7,4.96
MI,U625N EXPLORER [20-27],14G371,42,51,27471,495.21,191.1,947.33,4.96
MN,U625N EXPLORER [20-27],19G490,42,10,201,401.46,171.69,852.35,4.96
NY,U554N NAVIGATOR [18-24],7A100,42,9,279,973.89,243.99,1211.26,4.96
CA,CX430N C-SUV [21-27],RENTAL,82,94,7126,199.84,85.64,424.65,4.96
CA,CX727N MACH-E [21-26],DIAG,42,9,179,104.31,35.98,178.47,4.96
MD,P558N SUPER DUTY [17-22],SERVICE,82,12,323,78.51,35.68,177.0,4.96
MI,U625N EXPLORER [20-27],4A015,D8,26,425,350.86,158.95,787.16,4.95
NJ,P702N F150 [21-27],14G670,04,12,173,108.94,88.57,438.03,4.95
NY,U553N EXPEDITION [18-24],14G371,42,5,57,228.87,91.39,451.09,4.94
TX,CX430N C-SUV [21-27],8501,D8,109,5054,587.08,378.65,1872.29,4.94
AZ,P702N F150 [21-27],18125,D8,6,81,168.16,151.56,749.18,4.94
GA,U625N EXPLORER [20-27],19G490,42,45,898,214.85,107.02,528.15,4.94
TX,CX482N ESCAPE [20-26],7P155,42,7,79,216.6,54.83,270.13,4.93
CA,U725N BRONCO [21-26],14G670,04,13,205,265.92,117.79,580.24,4.93
OR,P558N SUPER DUTY [17-22],7A100,42,7,105,380.32,215.35,1060.93,4.93
MI,U625N EXPLORER [20-27],7P155,04,26,628,77.04,37.68,185.35,4.92
WA,P552N F-150 [15-20],78218A42,69,28,850,256.4,157.37,773.52,4.92
GA,P702N F150 [21-27],14G647,04,37,1011,176.28,67.19,330.74,4.92
CT,P702N F150 [21-27],7A100,42,5,90,208.84,153.52,755.77,4.92
AR,U625N EXPLORER [20-27],7A100,42,6,87,226.1,124.91,614.93,4.92
AZ,U625N EXPLORER [20-27],3A427,42,8,149,311.81,213.35,1047.58,4.91
OH,U625N EXPLORER [20-27],TCARE,82,11,371,185.56,53.53,262.64,4.91
IL,U625N EXPLORER [20-27],14529,42,32,625,106.53,35.75,175.36,4.91
CA,CX482N ESCAPE [20-26],14G371,04,60,1181,69.09,38.33,187.7,4.9
CA,U540N MKX [16-23],94RH7,42,24,876,302.98,80.31,393.23,4.9
OK,P702N F150 [21-27],14G371,42,13,273,248.37,69.51,340.88,4.9
NY,P558N SUPER DUTY [17-22],9C888,42,19,262,474.3,135.62,664.4,4.9
GA,CX430N C-SUV [21-27],8501,D1,5,87,426.51,327.07,1603.53,4.9
MA,P702N F150 [21-27],14G647,04,35,744,188.77,69.92,342.58,4.9
TX,U554N NAVIGATOR [18-24],14B291,42,7,147,121.01,40.23,196.83,4.89
OH,CX430N C-SUV [21-27],TCARE,82,10,196,153.09,35.68,174.08,4.88
TX,CD539N EDGE [15-24],SERVICE,82,19,522,35.68,35.68,173.83,4.87
NY,U502N EXPLORER [11-19],8501,D8,12,279,1227.03,691.15,3363.03,4.87
CA,P702N F150 [21-27],10849,04,12,174,389.01,127.18,618.92,4.87
CO,P702N F150 [21-27],14G371,42,18,394,315.88,215.82,1050.1,4.87
AZ,P375N RANGER [19-23],7A100,42,5,115,697.61,222.67,1085.24,4.87
CA,U625N EXPLORER [20-27],19G490,42,93,2479,293.33,132.33,642.48,4.86
TX,U540N MKX [16-23],DELIVERY,82,31,9100,49.96,35.68,173.43,4.86
IN,P558N SUPER DUTY [17-22],5005,01,7,306,584.67,537.03,2608.72,4.86
MD,V408E TRANSIT CONNECT [13-24],6731,82,5,56,52.43,44.04,214.1,4.86
MN,P702N F150 [21-27],7A100,42,13,355,249.3,119.97,583.3,4.86
TX,V363N TRANSIT [14-27],7A100,42,8,118,881.33,247.17,1197.87,4.85
OH,P552N F-150 [15-20],48H6,42,5,62,139.67,49.45,239.82,4.85
CA,ECONOLINE [97-27],6731,82,6,130,68.94,59.37,287.82,4.85
IL,P702N F150 [21-27],14G670,04,9,118,107.94,95.77,463.66,4.84
MA,P702N F150 [21-27],14G647,42,9,138,798.54,243.31,1177.72,4.84
KS,U540N MKX [16-23],94RH7,42,5,121,139.59,64.27,311.28,4.84
CO,U502N EXPLORER [11-19],78551A46,33,23,617,72.18,42.36,204.39,4.83
CA,U502N EXPLORER [11-19],6038,01,26,715,228.71,124.23,600.24,4.83
IL,CX482N ESCAPE [20-26],1A189,42,31,888,258.54,102.49,494.5,4.83
PA,P558N SUPER DUTY [17-22],19G490,42,58,1163,277.74,98.25,474.09,4.83
FL,P552N F-150 [15-20],7902,42,48,1251,2340.58,1467.7,7093.01,4.83
CA,P702N F150 [21-27],14B291,42,23,381,109.72,46.0,221.61,4.82
IN,P558N SUPER DUTY [17-22],7A100,42,6,78,807.66,215.89,1039.68,4.82
CO,P558N SUPER DUTY [17-22],65,42,25,776,226.63,80.78,389.51,4.82
NJ,C520N ESCAPE [13-19],RENTAL,82,17,456,228.38,99.92,481.75,4.82
GA,U553N EXPEDITION [18-24],5E212,55,12,199,764.39,267.78,1287.54,4.81
NE,P702N F150 [21-27],14G371,04,5,104,147.11,95.92,461.23,4.81
OH,CX482N ESCAPE [20-26],19703,42,19,312,168.53,135.54,652.44,4.81
TX,P558N SUPER DUTY [17-22],7A100,49,30,516,417.51,199.51,960.54,4.81
FL,CX727N MACH-E [21-26],58219A64,42,31,598,322.6,183.51,880.37,4.8
CA,P708 F250 - 600 [23-27],NPF,82,33,956,107.06,55.67,267.31,4.8
CA,U718N NAVIGATOR [25-27],RENTAL,82,7,145,102.77,64.23,308.32,4.8
OK,U540N MKX [16-23],94RH7,42,5,208,282.91,70.19,337.17,4.8
IL,CX483N CORSAIR [20-26],TCARE,82,5,81,218.36,53.53,257.03,4.8
CA,CD391N FUSION [13-20],90T5,42,44,940,156.92,49.9,238.97,4.79
CA,U553N EXPEDITION [18-24],7Z490,42,16,246,746.24,588.13,2818.56,4.79
FL,V363N TRANSIT [14-27],9961711,01,16,511,884.18,405.13,1939.98,4.79
FL,U611N AVIATOR [20-27],NPF,42,11,804,121.55,40.45,193.3,4.78
FL,P702N F150 [21-27],ALBAL,D9,26,400,85.55,49.07,234.81,4.78
WI,V363N TRANSIT [14-27],19703,42,10,146,161.72,125.61,600.49,4.78
CA,CDX707A NAUTILUS [23-26],RENTAL,82,15,753,160.58,64.23,306.89,4.78
TN,P702N F150 [21-27],10D672,42,24,503,67.66,46.22,220.72,4.78
MD,U625N EXPLORER [20-27],6731,82,7,143,53.78,40.73,194.79,4.78
GA,P702N F150 [21-27],14G670,04,13,231,128.47,89.21,426.79,4.78
AZ,P552N F-150 [15-20],48H6,42,15,823,130.46,55.23,263.75,4.78
CO,P702N F150 [21-27],14B291,42,8,134,82.43,43.38,207.44,4.78
CA,CD539N EDGE [15-24],14G371,42,11,177,390.64,153.82,733.5,4.77
TX,U553N EXPEDITION [18-24],7Z490,42,36,695,605.86,468.84,2236.32,4.77
MN,V363N TRANSIT [14-27],14G371,04,12,202,56.89,41.91,199.99,4.77
WV,P558N SUPER DUTY [17-22],RECALEM,04,7,82,49.72,42.44,202.13,4.76
NC,U625N EXPLORER [20-27],3A427,42,16,323,287.54,115.62,550.53,4.76
TX,CDX707A NAUTILUS [23-26],14G371,04,7,186,173.04,108.0,513.84,4.76
IA,P702N F150 [21-27],14G490,04,8,86,44.59,37.04,176.36,4.76
IA,U611N AVIATOR [20-27],DELIVERY,82,7,213,49.96,39.25,186.68,4.76
GA,P702N F150 [21-27],TIRE,82,5,145,480.09,211.94,1009.67,4.76
MI,P702N F150 [21-27],19G490,42,18,222,364.33,128.57,611.55,4.76
CA,V363N TRANSIT [14-27],RENTAL,82,31,600,285.48,128.47,610.21,4.75
VA,CX482N ESCAPE [20-26],2C150,42,32,794,165.99,89.12,423.51,4.75
NC,P558N SUPER DUTY [17-22],5005,01,12,458,699.79,489.25,2323.19,4.75
TX,P558N SUPER DUTY [17-22],19G490,42,202,14401,317.03,98.27,466.32,4.75
MN,P702N F150 [21-27],SERVICE,82,5,119,53.78,35.68,169.49,4.75
PA,P702N F150 [21-27],RECAL,04,58,1020,93.95,35.72,169.8,4.75
CA,CX727N MACH-E [21-26],3G590,04,12,171,286.91,162.72,773.65,4.75
CT,CD539N EDGE [15-24],4000,42,5,77,1400.64,316.02,1500.78,4.75
NY,CX430N C-SUV [21-27],8501,D8,73,3719,760.33,410.76,1946.11,4.74
NC,U502N EXPLORER [11-19],65,42,9,133,58.88,46.03,218.32,4.74
FL,U725N BRONCO [21-26],14G371,42,5,80,581.36,232.52,1102.82,4.74
TN,P558N SUPER DUTY [17-22],65,42,25,433,193.38,56.04,265.57,4.74
TX,P702N F150 [21-27],10849,42,38,531,607.37,269.31,1275.32,4.74
IL,P552N F-150 [15-20],9C888,42,44,1232,602.31,167.09,792.16,4.74
TX,CX483N CORSAIR [20-26],14F642,04,5,169,83.93,47.58,225.53,4.74
FL,P702N F150 [21-27],14G647,42,54,1154,873.57,342.58,1623.67,4.74
GA,P552N F-150 [15-20],78218A42,69,23,569,245.14,134.95,639.53,4.74
NC,P558N SUPER DUTY [17-22],SERVICE,82,19,1054,78.51,35.68,169.16,4.74
FL,U725N BRONCO [21-26],14G371,04,10,152,137.39,85.64,405.45,4.73
IL,P558N SUPER DUTY [17-22],5005,01,11,457,709.6,583.81,2763.18,4.73
GA,P702N F150 [21-27],6714,82,33,989,65.77,49.82,235.54,4.73
WA,P558N SUPER DUTY [17-22],78218A42,69,5,106,374.01,160.29,757.56,4.73
GA,P552N F-150 [15-20],6731,82,10,412,55.53,45.78,216.7,4.73
WA,V363N TRANSIT [14-27],6714,82,17,492,75.06,49.88,235.4,4.72
WI,P702N F150 [21-27],10654,42,7,101,91.21,68.59,323.42,4.72
MO,C520N ESCAPE [13-19],7902,42,5,57,2326.51,1117.86,5278.63,4.72
CA,U625N EXPLORER [20-27],14B291,42,11,172,86.95,47.32,223.53,4.72
VA,CDX707A NAUTILUS [23-26],DELIVERY,82,6,813,64.23,39.25,184.99,4.71
VA,U611N AVIATOR [20-27],DELIVERY,82,10,4145,71.37,39.25,184.99,4.71
OR,P702N F150 [21-27],10654,42,5,91,95.92,58.79,277.01,4.71
AZ,U553N EXPEDITION [18-24],RENTAL,82,17,1359,224.82,99.92,471.04,4.71
VA,P552N F-150 [15-20],19E616,42,5,112,440.54,117.04,550.86,4.71
VA,CX483N CORSAIR [20-26],DELIVERY,82,8,1855,82.08,39.25,184.99,4.71
NJ,U625N EXPLORER [20-27],7A100,49,14,378,239.59,187.99,885.37,4.71
NY,U625N EXPLORER [20-27],19G490,42,33,706,229.0,124.97,588.93,4.71
TX,P702N F150 [21-27],17626,42,34,496,514.21,258.42,1213.73,4.7
FL,P558N SUPER DUTY [17-22],2200,82,5,81,463.83,237.04,1115.11,4.7
IL,U625N EXPLORER [20-27],7A100,49,10,202,318.81,214.71,1008.12,4.7
FL,ECONOLINE [97-27],65,42,14,363,257.4,70.19,329.88,4.7
FL,CX430N C-SUV [21-27],7A100,42,5,56,1107.86,290.31,1364.88,4.7
CA,P702N F150 [21-27],18125,42,5,70,453.44,168.9,794.27,4.7
MN,P558N SUPER DUTY [17-22],5005,01,5,152,1675.63,617.37,2893.55,4.69
TX,P552N F-150 [15-20],6582,01,5,65,414.41,99.76,468.16,4.69
AZ,U625N EXPLORER [20-27],7A100,49,7,122,561.75,173.97,816.11,4.69
NJ,P702N F150 [21-27],14529,42,28,441,125.57,71.66,335.26,4.68
SC,CX430N C-SUV [21-27],2C150,42,20,537,127.45,70.91,331.35,4.67
CA,P552N F-150 [15-20],6582,D8,27,410,488.63,137.49,642.26,4.67
FL,U554N NAVIGATOR [18-24],19A387,42,10,165,188.71,83.5,389.79,4.67
MI,U540N MKX [16-23],RENTAL,82,20,6167,158.8,64.23,299.75,4.67
CA,U502N EXPLORER [11-19],RENTAL,82,61,1587,285.48,128.47,599.51,4.67
AR,U540N MKX [16-23],94RH7,42,6,100,275.28,64.15,299.39,4.67
DE,U625N EXPLORER [20-27],7A100,42,5,87,561.79,181.99,848.13,4.66
WI,C346N FOCUS [12-18],9D289,42,37,674,119.62,73.28,341.48,4.66
IN,U625N EXPLORER [20-27],SERVICE,82,6,168,35.68,35.68,166.45,4.66
TX,S650N MUSTANG [24-26],RENTAL,82,28,708,224.82,68.94,321.17,4.66
CA,V363N TRANSIT [14-27],2200,30,48,1243,303.48,169.94,791.07,4.65
FL,U502N EXPLORER [11-19],78551A46,33,79,2267,60.79,39.8,185.04,4.65
MI,P702N F150 [21-27],RECAL,04,68,1911,98.12,35.76,166.11,4.65
TX,U725N BRONCO [21-26],14B291,42,11,171,79.22,49.39,229.52,4.65
NJ,CX482N ESCAPE [20-26],2C150,42,48,1837,109.36,83.43,387.76,4.65
IN,U540N MKX [16-23],DELIVERY,82,10,962,49.96,39.25,182.42,4.65
FL,P702N F150 [21-27],TCARE,82,42,2715,195.44,53.52,248.33,4.64
AZ,P552N F-150 [15-20],6714,82,7,293,61.81,43.55,202.18,4.64
PA,CX482N ESCAPE [20-26],7P155,42,7,96,198.57,75.15,348.42,4.64
MN,ECONOLINE [97-27],12A650,04,6,277,42.94,36.42,169.08,4.64
TN,U625N EXPLORER [20-27],7A100,42,10,239,139.39,92.07,427.08,4.64
IL,P552N F-150 [15-20],14G371,42,25,432,317.62,92.82,429.35,4.63
FL,P702N F150 [21-27],14D212,42,10,226,229.81,102.74,475.32,4.63
NJ,V363N TRANSIT [14-27],7A100,42,8,207,955.37,312.6,1448.29,4.63
MA,P702N F150 [21-27],7H351,42,7,193,2432.98,674.28,3120.7,4.63
MN,U625N EXPLORER [20-27],7A100,49,6,111,216.78,186.83,863.04,4.62
FL,P558N SUPER DUTY [17-22],7A100,49,18,344,297.11,254.27,1173.74,4.62
NE,P552N F-150 [15-20],3C247,D4,7,233,425.53,130.31,602.17,4.62
CA,U625N EXPLORER [20-27],2200,82,12,591,298.78,131.26,606.0,4.62
IN,P702N F150 [21-27],14G371,04,6,113,132.68,80.08,369.75,4.62
CA,P552N F-150 [15-20],7A100,41,8,153,1178.6,725.12,3347.97,4.62
MI,U625N EXPLORER [20-27],TCARE,82,44,4923,198.47,53.53,247.37,4.62
MI,P702N F150 [21-27],TCARE,82,46,5076,198.51,53.53,247.23,4.62
PA,U554N NAVIGATOR [18-24],14G371,42,6,106,138.74,98.49,454.94,4.62
VA,U625N EXPLORER [20-27],7A100,49,9,161,651.0,187.66,866.05,4.61
NH,P702N F150 [21-27],14G647,04,11,276,192.7,58.36,268.88,4.61
MI,V363N TRANSIT [14-27],14G371,04,20,525,46.53,37.55,173.12,4.61
OH,CDX707A NAUTILUS [23-26],1125,42,8,249,415.72,279.7,1289.29,4.61
IN,P558N SUPER DUTY [17-22],65,42,22,333,196.59,56.64,260.58,4.6
CA,V363N TRANSIT [14-27],15604,04,10,270,154.16,103.06,474.57,4.6
CA,U625N EXPLORER [20-27],9F598,D8,8,159,550.33,273.68,1259.28,4.6
CA,P558N SUPER DUTY [17-22],2V001,30,51,1580,232.98,133.81,614.88,4.6
NY,P702N F150 [21-27],14D212,42,5,81,117.71,70.08,322.34,4.6
CA,C489N MKC [15-19],48H6,42,14,263,279.59,80.93,371.39,4.59
LA,P558N SUPER DUTY [17-22],14G371,42,8,137,119.15,97.17,446.16,4.59
AZ,V363N TRANSIT [14-27],48H6,42,14,482,238.25,75.79,348.24,4.59
UT,U625N EXPLORER [20-27],19G490,42,8,208,245.06,114.69,526.55,4.59
NY,CX430N C-SUV [21-27],14G371,42,6,87,95.65,80.56,369.65,4.59
TX,P702N F150 [21-27],RECALEM,04,72,1758,66.2,38.43,176.38,4.59
OH,P552N F-150 [15-20],14G371,42,18,252,298.59,114.75,526.43,4.59
AZ,P558N SUPER DUTY [17-22],6731,82,15,946,95.1,52.35,240.19,4.59
GA,P558N SUPER DUTY [17-22],5005,01,6,155,687.36,569.55,2606.59,4.58
CA,CX482N ESCAPE [20-26],2C150,42,35,566,160.92,97.91,448.6,4.58
NY,P708 F250 - 600 [23-27],NPF,42,15,324,66.81,36.13,165.44,4.58
FL,CX430N C-SUV [21-27],8501,42,23,445,576.32,230.04,1054.04,4.58
KY,P552N F-150 [15-20],RENTAL,82,11,312,249.8,85.64,392.54,4.58
TX,P552N F-150 [15-20],6714,82,38,820,59.1,39.22,179.55,4.58
NC,P552N F-150 [15-20],48H6,42,9,120,233.89,55.46,253.31,4.57
GA,C346N FOCUS [12-18],9D289,42,43,826,103.86,70.87,324.06,4.57
MI,P558N SUPER DUTY [17-22],65,42,24,384,219.75,78.79,359.99,4.57
AZ,U540N MKX [16-23],94RH7,42,11,1128,250.5,67.62,309.3,4.57
NJ,P558N SUPER DUTY [17-22],RENTAL,82,15,501,171.29,74.94,342.58,4.57
MI,U553N EXPEDITION [18-24],TCARE,82,31,1165,226.33,53.53,244.39,4.57
MI,CX483N CORSAIR [20-26],10655,42,5,202,138.07,64.54,294.55,4.56
OH,CX430N C-SUV [21-27],8501,42,45,1069,526.82,262.51,1196.18,4.56
CA,V363N TRANSIT [14-27],14018,42,12,201,133.94,81.37,371.32,4.56
MI,P702N F150 [21-27],14G229,42,10,125,339.74,146.58,668.0,4.56
UT,U553N EXPEDITION [18-24],7A100,42,10,208,813.15,733.53,3342.9,4.56
TX,CX430N C-SUV [21-27],8501,42,54,1391,524.22,366.43,1672.43,4.56
WI,P702N F150 [21-27],14G647,42,13,193,821.5,256.02,1165.9,4.55
MI,P552N F-150 [15-20],78218A42,69,56,987,245.5,146.25,666.08,4.55
TX,U553N EXPEDITION [18-24],14G371,04,55,1150,54.24,36.19,164.62,4.55
NY,U625N EXPLORER [20-27],3A427,42,37,1122,355.58,133.89,609.22,4.55
CA,P702N F150 [21-27],RENTAL,82,121,19426,249.8,94.21,428.22,4.55
TX,P552N F-150 [15-20],48H6,42,63,1561,65.66,45.68,207.94,4.55
ID,U553N EXPEDITION [18-24],RENTAL,82,6,358,174.86,94.21,428.22,4.55
CA,U502N EXPLORER [11-19],6038,42,44,972,209.46,148.79,674.8,4.54
PA,P558N SUPER DUTY [17-22],7A100,49,5,57,682.65,207.08,940.91,4.54
UT,CX430N C-SUV [21-27],8501,42,11,458,643.87,381.01,1731.02,4.54
CA,U625N EXPLORER [20-27],19N619,82,8,449,51.64,38.8,175.84,4.53
CT,P552N F-150 [15-20],3C247,D4,5,65,563.95,164.58,745.81,4.53
OH,P702N F150 [21-27],14B291,42,8,122,58.37,49.0,221.78,4.53
NC,P558N SUPER DUTY [17-22],19N619,82,5,121,64.2,42.68,193.41,4.53
MI,U625N EXPLORER [20-27],14529,42,52,1640,104.14,39.4,178.38,4.53
VA,P558N SUPER DUTY [17-22],7A100,42,9,118,958.86,604.15,2729.74,4.52
NY,U625N EXPLORER [20-27],1A189,42,49,1671,220.3,90.5,408.8,4.52
OK,P702N F150 [21-27],NPF,42,9,287,80.21,40.07,181.09,4.52
CA,D544N CONTINENTAL [17-20],94RH7,42,7,101,277.09,81.79,369.46,4.52
OH,U625N EXPLORER [20-27],4676,D8,5,64,316.55,218.01,985.76,4.52
OH,P552N F-150 [15-20],3C247,42,30,535,445.94,208.24,939.44,4.51
NY,P702N F150 [21-27],19G490,42,9,106,326.09,125.05,563.67,4.51
MD,CX430N C-SUV [21-27],2C150,42,27,635,103.68,62.46,281.63,4.51
SC,U625N EXPLORER [20-27],7A100,42,9,205,538.09,192.7,868.14,4.51
VA,U540N MKX [16-23],94RH7,42,7,153,215.14,60.19,271.24,4.51
WA,P702N F150 [21-27],7A100,42,7,105,214.38,157.21,708.51,4.51
CA,P558N SUPER DUTY [17-22],7A100,49,23,484,793.33,269.32,1215.51,4.51
NY,U625N EXPLORER [20-27],14G371,42,40,933,316.88,95.65,431.65,4.51
NY,P758N C-PICKUP [22-27],RENTAL,82,20,349,160.58,64.23,289.05,4.5
SC,P708 F250 - 600 [23-27],RENTAL,82,8,190,160.58,85.64,385.4,4.5
WI,U725N BRONCO [21-26],RENTAL,82,15,283,128.47,57.1,256.93,4.5
NY,U553N EXPEDITION [18-24],RENTAL,82,26,703,128.47,85.64,385.4,4.5
MO,CX430N C-SUV [21-27],RENTAL,82,13,437,160.58,57.1,256.93,4.5
PA,U540N MKX [16-23],RENTAL,82,14,1333,96.35,64.23,289.05,4.5
MI,P702N F150 [21-27],14D212,42,5,122,182.73,102.12,459.62,4.5
LA,U554N NAVIGATOR [18-24],RENTAL,82,7,1224,149.88,64.23,289.05,4.5
NY,D544N CONTINENTAL [17-20],RENTAL,82,9,208,160.58,71.37,321.17,4.5
NY,CDX707A NAUTILUS [23-26],RENTAL,82,14,882,128.47,64.23,289.05,4.5
FL,P758N C-PICKUP [22-27],RENTAL,82,68,3333,171.29,85.64,385.4,4.5
PA,CD539N EDGE [15-24],RENTAL,82,40,759,224.82,64.23,289.05,4.5
MN,U625N EXPLORER [20-27],14G371,42,13,228,414.5,220.47,991.47,4.5
CA,CX483N CORSAIR [20-26],RENTAL,82,25,1787,160.58,64.23,289.05,4.5
MA,P702N F150 [21-27],RECALEM,04,19,314,69.92,48.53,218.44,4.5
NJ,U540N MKX [16-23],RENTAL,82,15,1457,160.58,64.23,289.05,4.5
WI,P758N C-PICKUP [22-27],RENTAL,82,10,137,128.47,57.1,256.93,4.5
MO,CD391N FUSION [13-20],9D289,42,5,115,279.17,75.92,341.96,4.5
WI,P702N F150 [21-27],14G647,04,31,555,237.63,73.0,327.48,4.49
FL,P702N F150 [21-27],19A464,42,39,754,332.26,140.84,631.79,4.49
MD,C346N FOCUS [12-18],9D289,42,32,896,102.42,67.27,301.71,4.49
FL,CD539N EDGE [15-24],SERVICE,82,20,551,35.68,35.68,160.32,4.49
KS,P552N F-150 [15-20],48H6,42,5,94,54.56,52.05,233.22,4.48
TN,V363N TRANSIT [14-27],6714,82,15,993,61.2,45.01,201.85,4.48
CA,P702N F150 [21-27],15K859,42,13,175,281.0,176.68,791.13,4.48
NY,P702N F150 [21-27],14B291,42,12,249,73.94,46.83,209.52,4.47
SC,P558N SUPER DUTY [17-22],RECALEM,04,17,264,78.79,50.45,225.76,4.47
WI,P702N F150 [21-27],14G670,04,11,167,180.71,96.46,431.29,4.47
FL,P702N F150 [21-27],RECAL,04,86,3053,124.91,71.93,321.17,4.47
MI,CX482N ESCAPE [20-26],2005,04,10,163,88.43,59.57,266.21,4.47
LA,P552N F-150 [15-20],48H6,42,11,173,57.9,50.46,225.01,4.46
IA,P702N F150 [21-27],14G647,04,14,239,199.95,75.76,338.09,4.46
LA,P552N F-150 [15-20],78218A42,69,5,120,173.86,62.81,279.93,4.46
MN,U625N EXPLORER [20-27],19980,39,54,1363,91.84,69.59,310.67,4.46
WA,P708 F250 - 600 [23-27],6731,82,5,55,169.5,68.44,305.54,4.46
IL,P552N F-150 [15-20],3C247,42,25,454,555.59,252.74,1124.21,4.45
KY,C346N FOCUS [12-18],9D289,42,25,417,91.15,66.76,296.93,4.45
CA,P558N SUPER DUTY [17-22],ADJUST,82,7,522,205.44,93.51,416.25,4.45
PA,U625N EXPLORER [20-27],12029,42,5,57,312.34,148.11,658.37,4.45
NC,CX430N C-SUV [21-27],RENTAL,82,23,551,142.74,64.23,285.83,4.45
MD,P702N F150 [21-27],RECAL,04,27,493,112.18,75.29,334.01,4.44
ID,P558N SUPER DUTY [17-22],7A100,42,6,145,599.51,214.07,949.58,4.44
CO,U725N BRONCO [21-26],RENTAL,82,17,599,199.84,64.23,285.48,4.44
IL,U553N EXPEDITION [18-24],RENTAL,82,23,575,214.11,96.35,428.22,4.44
WV,P702N F150 [21-27],RENTAL,82,12,285,171.29,96.35,428.22,4.44
CA,P708 F250 - 600 [23-27],RENTAL,82,72,2410,235.52,96.35,428.22,4.44
PA,CX483N CORSAIR [20-26],RENTAL,82,14,1370,96.35,64.23,285.48,4.44
AZ,P708 F250 - 600 [23-27],RENTAL,82,17,911,171.29,96.35,428.22,4.44
MN,U625N EXPLORER [20-27],7P155,04,6,91,70.49,48.85,216.66,4.44
MI,CX482N ESCAPE [20-26],NPF,82,27,824,74.59,40.32,179.16,4.44
FL,U553N EXPEDITION [18-24],RENTAL,82,82,7660,199.84,96.35,428.22,4.44
WI,CX482N ESCAPE [20-26],RENTAL,82,28,719,128.47,64.23,285.48,4.44
OH,P375N RANGER [19-23],RENTAL,82,13,291,192.7,64.23,285.48,4.44
IN,P552N F-150 [15-20],RENTAL,82,23,837,199.84,96.35,428.22,4.44
IN,P558N SUPER DUTY [17-22],RENTAL,82,12,358,171.29,96.35,428.22,4.44
PA,CX430N C-SUV [21-27],RENTAL,82,58,1355,128.47,64.23,285.48,4.44
OH,P758N C-PICKUP [22-27],RENTAL,82,33,797,128.47,64.23,285.48,4.44
PA,CX482N ESCAPE [20-26],RENTAL,82,71,2155,160.58,64.23,285.48,4.44
MI,CX482N ESCAPE [20-26],14G647,04,27,510,194.13,62.8,279.06,4.44
MN,P702N F150 [21-27],14G647,42,17,331,942.48,378.06,1677.89,4.44
IL,CX483N CORSAIR [20-26],RENTAL,82,10,1117,123.37,64.23,285.48,4.44
NY,U625N EXPLORER [20-27],78219A65,42,10,210,444.26,215.69,958.29,4.44
MO,P702N F150 [21-27],RENTAL,82,25,2006,171.29,96.35,428.22,4.44
MD,U625N EXPLORER [20-27],14G371,42,15,277,311.06,169.68,752.96,4.44
IL,P558N SUPER DUTY [17-22],RENTAL,82,12,270,192.7,96.35,428.22,4.44
CA,P552N F-150 [15-20],48H6,63,5,152,71.57,65.66,290.69,4.43
LA,P702N F150 [21-27],14G670,04,8,122,170.31,87.57,388.11,4.43
VA,P558N SUPER DUTY [17-22],2V001,30,6,118,162.97,107.5,475.6,4.42
GA,P552N F-150 [15-20],7902,42,19,309,1791.33,1192.64,5268.94,4.42
GA,P558N SUPER DUTY [17-22],9A543,42,5,82,7605.93,2024.15,8930.96,4.41
NY,P702N F150 [21-27],14G490,04,9,104,118.34,55.68,245.33,4.41
CO,P702N F150 [21-27],14G371,04,11,227,283.91,135.82,599.15,4.41
NE,P702N F150 [21-27],NPF,82,12,291,71.94,36.53,160.58,4.4
KY,P558N SUPER DUTY [17-22],6731,82,9,294,99.17,42.97,189.12,4.4
TX,C520N ESCAPE [13-19],RENTAL,82,30,577,285.48,142.73,628.06,4.4
CA,P702N F150 [21-27],SERVICE,82,39,1530,35.68,35.68,156.98,4.4
TX,S550N MUSTANG [15-23],96R,42,47,907,222.53,63.54,279.42,4.4
CT,P702N F150 [21-27],RECALEM,04,6,69,80.37,53.57,235.31,4.39
CA,P558N SUPER DUTY [17-22],2001,30,43,1413,289.42,183.65,805.47,4.39
GA,P702N F150 [21-27],TCARE,82,8,206,210.13,53.53,234.86,4.39
IL,U625N EXPLORER [20-27],4676,D8,8,133,382.64,322.4,1413.95,4.39
FL,U554N NAVIGATOR [18-24],DELIVERY,82,32,15879,90.64,39.25,172.22,4.39
SC,P702N F150 [21-27],14G647,04,15,358,230.53,75.57,331.16,4.38
TX,CX482N ESCAPE [20-26],1A189,42,14,273,171.4,101.02,442.87,4.38
CA,U502N EXPLORER [11-19],6038,30,10,214,367.35,156.79,687.12,4.38
FL,CX483N CORSAIR [20-26],NPF,42,9,499,108.14,40.45,177.19,4.38
TN,P702N F150 [21-27],14G647,04,20,418,184.46,80.32,351.21,4.37
KY,U553N EXPEDITION [18-24],6256,42,24,476,1121.32,342.02,1492.97,4.37
MA,CX482N ESCAPE [20-26],2C150,42,14,229,117.97,77.34,337.74,4.37
NE,U553N EXPEDITION [18-24],54432A38,42,9,174,70.73,46.3,201.99,4.36
IL,U554N NAVIGATOR [18-24],16A506,42,6,171,969.29,415.11,1809.79,4.36
WA,P702N F150 [21-27],10655,42,6,128,98.03,70.94,309.62,4.36
PA,U611N AVIATOR [20-27],1A189,42,13,398,177.53,100.07,436.52,4.36
OH,U625N EXPLORER [20-27],7P155,42,23,574,37.31,35.69,155.21,4.35
PA,CX483N CORSAIR [20-26],1A189,42,15,419,201.15,98.53,428.58,4.35
MD,CX482N ESCAPE [20-26],2C150,42,28,549,104.27,75.14,326.55,4.35
CA,CX430N C-SUV [21-27],8501,D8,120,6410,690.65,426.68,1855.28,4.35
FL,U625N EXPLORER [20-27],3A428,D8,21,574,347.81,139.24,603.82,4.34
GA,U553N EXPEDITION [18-24],14G371,04,11,203,75.65,37.11,161.12,4.34
UT,P702N F150 [21-27],14G371,04,10,488,343.95,141.41,613.92,4.34
NY,P552N F-150 [15-20],7H351,42,42,1012,3105.47,1939.69,8414.05,4.34
FL,P558N SUPER DUTY [17-22],7A100,04,6,125,228.02,134.03,581.31,4.34
CO,C520N ESCAPE [13-19],RENTAL,82,7,110,249.8,128.47,557.63,4.34
TX,P552N F-150 [15-20],9J460,42,32,971,67.17,40.62,176.49,4.34
TX,V363N TRANSIT [14-27],48H6,42,56,1296,282.24,147.7,641.72,4.34
IN,CX482N ESCAPE [20-26],2C150,42,29,573,172.8,73.22,317.94,4.34
CO,CX482N ESCAPE [20-26],RENTAL,82,13,332,192.7,124.9,542.41,4.34
VA,P702N F150 [21-27],14B291,42,6,69,60.84,51.39,223.15,4.34
TX,U625N EXPLORER [20-27],7A100,04,7,128,194.44,110.5,478.51,4.33
ME,P552N F-150 [15-20],RENTAL,82,6,168,192.7,85.64,371.12,4.33
FL,U611N AVIATOR [20-27],14G371,04,39,5088,100.49,38.43,166.36,4.33
FL,U553N EXPEDITION [18-24],TCARE,82,30,1151,205.55,53.52,231.59,4.33
MA,P708 F250 - 600 [23-27],RENTAL,82,17,457,171.29,85.64,371.12,4.33
FL,U625N EXPLORER [20-27],3A427,42,44,1317,327.87,186.05,805.09,4.33
MD,CD391N FUSION [13-20],RENTAL,82,5,94,321.17,85.64,371.12,4.33
NJ,CX727N MACH-E [21-26],14G647,42,16,233,799.03,275.92,1194.56,4.33
LA,P708 F250 - 600 [23-27],6731,82,7,180,172.39,46.45,200.76,4.32
NC,U540N MKX [16-23],SERVICE,82,6,156,35.68,35.68,154.07,4.32
MI,CDX707A NAUTILUS [23-26],14H522,04,24,4080,285.05,102.67,443.74,4.32
VA,P552N F-150 [15-20],2V200,30,11,239,214.17,96.52,416.79,4.32
TX,CX430N C-SUV [21-27],14G371,42,18,249,128.97,87.64,378.26,4.32
NJ,P702N F150 [21-27],RECAL,04,31,672,116.94,36.01,155.56,4.32
NC,CX483N CORSAIR [20-26],SERVICE,82,5,196,35.68,35.68,154.07,4.32
FL,P702N F150 [21-27],DIAG,82,13,343,91.0,45.68,197.52,4.32
GA,U611N AVIATOR [20-27],RENTAL,82,9,1583,154.16,71.37,308.32,4.32
FL,U611N AVIATOR [20-27],6731,82,15,471,160.82,64.03,276.23,4.31
FL,D471N FLEX [09-19],65,42,5,63,73.15,48.83,210.23,4.31
AR,P558N SUPER DUTY [17-22],65,42,22,437,188.03,53.56,230.56,4.31
CA,U625N EXPLORER [20-27],1A189,42,98,3701,204.08,105.02,452.86,4.31
PA,P702N F150 [21-27],14G371,42,14,188,304.89,166.86,717.21,4.3
TX,P552N F-150 [15-20],6M280,42,99,2774,395.97,211.01,908.05,4.3
NY,CX482N ESCAPE [20-26],NPF,82,20,495,79.69,37.28,160.2,4.3
MA,CX430N C-SUV [21-27],RENTAL,82,18,607,142.74,53.09,228.38,4.3
NJ,CX727N MACH-E [21-26],RENTAL,82,27,1016,142.74,74.94,321.17,4.29
VA,P552N F-150 [15-20],RENTAL,82,26,1186,249.8,99.92,428.22,4.29
AZ,P702N F150 [21-27],RENTAL,82,25,4422,214.11,99.92,428.22,4.29
CA,P552N F-150 [15-20],12Y,82,5,62,300.97,186.1,798.32,4.29
NE,P702N F150 [21-27],RENTAL,82,8,919,128.47,49.96,214.11,4.29
TX,P552N F-150 [15-20],RENTAL,82,79,4207,256.93,99.92,428.22,4.29
MI,CX430N C-SUV [21-27],RENTAL,82,61,2465,171.29,74.94,321.17,4.29
WI,CD539N EDGE [15-24],RENTAL,82,17,330,171.29,74.94,321.17,4.29
CA,B515A ECOSPORT INDIA [13-22],48H6,42,9,122,272.9,68.16,292.57,4.29
FL,C489N MKC [15-19],RENTAL,82,27,1840,171.29,74.94,321.17,4.29
TN,P708 F250 - 600 [23-27],RENTAL,82,9,334,199.84,99.92,428.22,4.29
IL,U725N BRONCO [21-26],RENTAL,82,20,460,142.74,74.94,321.17,4.29
CA,U725N BRONCO [21-26],RENTAL,82,93,5808,199.84,74.94,321.17,4.29
MD,U553N EXPEDITION [18-24],RENTAL,82,19,626,199.84,99.92,428.22,4.29
TX,P558N SUPER DUTY [17-22],7H351,42,38,627,3229.93,1528.58,6555.96,4.29
NY,CX482N ESCAPE [20-26],RENTAL,82,54,2065,142.74,74.94,321.17,4.29
OH,CX482N ESCAPE [20-26],RENTAL,82,69,2976,171.29,74.94,321.17,4.29
MD,CX430N C-SUV [21-27],RENTAL,82,15,651,171.29,74.94,321.17,4.29
PA,P552N F-150 [15-20],78218A42,69,54,872,249.39,146.4,627.96,4.29
VA,U502N EXPLORER [11-19],RENTAL,82,8,140,228.38,74.94,321.17,4.29
TN,P552N F-150 [15-20],RENTAL,82,19,723,256.93,99.92,428.22,4.29
FL,P552N F-150 [15-20],RENTAL,82,82,8028,224.82,99.92,428.22,4.29
NY,U625N EXPLORER [20-27],RENTAL,82,63,4130,142.74,74.94,321.17,4.29
MD,S550N MUSTANG [15-23],RENTAL,82,8,198,128.47,74.94,321.17,4.29
NJ,CX430N C-SUV [21-27],2C150,42,49,1850,120.58,83.43,357.36,4.28
MI,U625N EXPLORER [20-27],7A100,49,13,267,188.23,139.64,597.75,4.28
IN,P702N F150 [21-27],SERVICE,82,7,175,35.68,35.68,152.68,4.28
VA,U554N NAVIGATOR [18-24],DELIVERY,82,9,2620,102.77,39.25,167.92,4.28
VA,U540N MKX [16-23],DELIVERY,82,9,1390,82.08,39.25,167.92,4.28
KY,P552N F-150 [15-20],78218A42,69,14,199,197.62,108.72,464.6,4.27
IL,CDX707A NAUTILUS [23-26],DELIVERY,82,12,1384,49.96,49.96,213.42,4.27
TN,U625N EXPLORER [20-27],NPF,42,7,128,80.34,38.11,162.51,4.26
FL,D544N CONTINENTAL [17-20],19G490,42,24,507,383.76,164.27,700.27,4.26
CA,P558N SUPER DUTY [17-22],2200,82,11,277,514.99,306.61,1306.88,4.26
TN,P702N F150 [21-27],NPF,42,11,438,83.77,38.11,162.51,4.26
FL,U540N MKX [16-23],7A100,42,6,113,1304.83,996.52,4247.54,4.26
FL,P558N SUPER DUTY [17-22],2001,82,8,158,261.51,198.38,846.01,4.26
WI,P708 F250 - 600 [23-27],NPF,82,17,324,83.77,38.59,164.3,4.26
MI,CD391N FUSION [13-20],90T5,42,18,292,153.45,44.61,189.89,4.26
CT,CX430N C-SUV [21-27],2C150,42,17,422,91.37,73.9,314.73,4.26
NJ,P702N F150 [21-27],14G647,04,44,1054,217.85,69.77,296.97,4.26
VA,P552N F-150 [15-20],7902,42,11,155,2509.87,1124.56,4791.72,4.26
CT,U625N EXPLORER [20-27],14G371,42,8,132,262.07,126.97,540.54,4.26
MI,CD539N EDGE [15-24],TCARE,42,5,226,199.84,53.53,227.98,4.26
MI,P552N F-150 [15-20],7A100,04,6,86,175.97,130.89,556.83,4.25
SC,U625N EXPLORER [20-27],19G490,42,16,318,241.59,115.15,489.63,4.25
IN,CX430N C-SUV [21-27],2C150,42,23,379,115.68,70.62,300.21,4.25
TX,P552N F-150 [15-20],94RH7,42,29,474,60.13,45.31,192.53,4.25
NY,U625N EXPLORER [20-27],3A427,D8,13,277,328.19,205.04,871.63,4.25
NY,P558N SUPER DUTY [17-22],7A100,49,5,57,779.83,233.79,992.31,4.24
NE,U625N EXPLORER [20-27],4A015,D8,7,157,192.43,168.83,715.44,4.24
CA,U625N EXPLORER [20-27],3A427,42,54,1393,330.25,137.67,583.24,4.24
IL,P702N F150 [21-27],RECAL,04,51,1020,94.1,43.14,182.53,4.23
TX,U725N BRONCO [21-26],17618,42,9,145,142.16,79.7,336.85,4.23
PA,CX482N ESCAPE [20-26],6731,82,7,151,81.3,49.32,208.66,4.23
CA,U625N EXPLORER [20-27],7Z490,42,14,226,925.8,594.58,2514.37,4.23
MO,CX482N ESCAPE [20-26],2C150,42,17,360,193.79,81.58,344.92,4.23
NY,P702N F150 [21-27],NPF,42,27,976,58.32,38.7,163.76,4.23
IL,CX430N C-SUV [21-27],8501,42,17,413,664.43,436.58,1843.19,4.22
CA,CX483N CORSAIR [20-26],14G371,04,12,251,97.38,38.33,161.87,4.22
AZ,P375N RANGER [19-23],RENTAL,82,14,409,192.7,114.19,481.75,4.22
FL,CD391N FUSION [13-20],RENTAL,82,39,911,274.77,114.19,481.75,4.22
MD,P558N SUPER DUTY [17-22],2V001,30,5,110,166.22,110.12,464.71,4.22
ID,P702N F150 [21-27],NPF,42,8,429,95.55,38.3,161.35,4.21
MD,CX430N C-SUV [21-27],8501,42,9,220,554.89,299.76,1261.29,4.21
IL,P558N SUPER DUTY [17-22],12286,42,16,289,249.45,113.86,479.05,4.21
IA,P558N SUPER DUTY [17-22],6731,82,29,1102,67.37,41.27,173.92,4.21
IN,U553N EXPEDITION [18-24],RENTAL,82,16,461,171.29,85.64,360.42,4.21
NC,P702N F150 [21-27],14G670,04,13,304,123.53,78.01,328.19,4.21
TX,U553N EXPEDITION [18-24],RECAL,42,6,232,41.32,35.97,151.3,4.21
MI,P552N F-150 [15-20],9C888,42,65,1208,418.14,150.75,634.88,4.21
CA,P552N F-150 [15-20],8501,D8,61,1672,482.39,203.19,852.99,4.2
CA,U625N EXPLORER [20-27],7A100,04,11,176,400.26,155.87,655.18,4.2
IL,D544N CONTINENTAL [17-20],RENTAL,82,7,210,147.4,68.8,289.05,4.2
IN,P702N F150 [21-27],14G371,42,10,157,201.54,121.64,510.96,4.2
AZ,P552N F-150 [15-20],RENTAL,82,19,1558,256.93,142.74,599.51,4.2
TX,P558N SUPER DUTY [17-22],65,28,9,372,138.68,54.95,230.95,4.2
KY,B515A ECOSPORT INDIA [13-22],RENTAL,82,6,97,285.48,142.74,599.51,4.2
NC,CD391N FUSION [13-20],6731,82,5,70,66.64,53.26,223.41,4.19
TX,P558N SUPER DUTY [17-22],2001,42,5,133,202.4,122.88,515.13,4.19
TX,V408E TRANSIT CONNECT [13-24],9D475,42,6,94,264.41,116.3,487.17,4.19
CA,P702N F150 [21-27],14D212,42,11,314,174.59,105.4,441.64,4.19
PA,CX482N ESCAPE [20-26],14G371,42,9,123,279.41,157.12,657.83,4.19
MO,P702N F150 [21-27],DIAG,42,14,232,91.0,51.19,214.25,4.19
MI,U625N EXPLORER [20-27],1A189,42,66,1833,172.7,78.11,327.68,4.19
NE,V363N TRANSIT [14-27],6714,82,5,91,88.12,42.34,176.9,4.18
AZ,CD391N FUSION [13-20],48H6,42,5,159,140.27,49.67,207.47,4.18
FL,S550N MUSTANG [15-23],14G371,42,6,98,198.52,146.31,610.03,4.17
IN,C520N ESCAPE [13-19],7902,42,8,121,1778.5,859.87,3582.63,4.17
MN,P702N F150 [21-27],RECALEM,04,14,247,80.51,43.62,181.69,4.17
MA,U502N EXPLORER [11-19],5G232,42,11,377,827.41,556.21,2317.05,4.17
NH,P558N SUPER DUTY [17-22],RENTAL,82,7,166,171.29,85.64,356.85,4.17
OK,CX430N C-SUV [21-27],2C150,42,11,146,223.15,105.47,439.76,4.17
FL,V363N TRANSIT [14-27],RENTAL,82,29,714,285.48,102.77,428.22,4.17
NC,P702N F150 [21-27],14B291,42,6,97,77.79,53.9,224.82,4.17
KS,P702N F150 [21-27],14G647,04,10,213,85.98,52.84,220.23,4.17
MD,U625N EXPLORER [20-27],4A015,D8,15,577,505.52,210.56,877.62,4.17
FL,U502N EXPLORER [11-19],14B686,X4,53,954,195.9,137.54,571.95,4.16
FL,U554N NAVIGATOR [18-24],NPF,42,9,631,134.35,40.45,168.14,4.16
TX,P552N F-150 [15-20],78218A42,69,54,1815,234.05,96.35,401.12,4.16
NC,P558N SUPER DUTY [17-22],14G371,42,5,67,190.74,155.59,647.3,4.16
CA,U611N AVIATOR [20-27],78519A70,42,19,539,473.68,214.59,893.75,4.16
TX,V363N TRANSIT [14-27],ADJUST,82,8,318,134.01,99.65,414.09,4.16
FL,CD533N MKZ [13-20],90T5,42,9,171,180.17,79.54,330.82,4.16
CA,P758N C-PICKUP [22-27],2C219,04,6,71,132.51,53.38,222.32,4.16
NY,CX430N C-SUV [21-27],NPF,82,10,255,65.75,41.59,172.53,4.15
CA,U625N EXPLORER [20-27],SERVICE,82,32,1352,35.68,35.68,148.24,4.15
PA,C346N FOCUS [12-18],9D289,42,80,1553,99.68,62.53,258.71,4.14
WA,CX482N ESCAPE [20-26],2C150,42,11,138,292.05,124.38,514.79,4.14
FL,U502N EXPLORER [11-19],6714,82,8,1506,48.95,39.88,165.24,4.14
MS,U553N EXPEDITION [18-24],RENTAL,82,7,139,224.82,99.92,413.95,4.14
CA,U502N EXPLORER [11-19],14B686,X4,93,2036,226.21,139.56,577.65,4.14
MI,P558N SUPER DUTY [17-22],19G490,42,59,1157,320.08,133.53,552.95,4.14
KS,U553N EXPEDITION [18-24],14C689,42,6,64,152.25,116.29,481.84,4.14
CA,P702N F150 [21-27],19H332,04,12,138,119.9,80.83,333.72,4.13
NM,P558N SUPER DUTY [17-22],65,42,14,819,197.92,60.98,252.01,4.13
NY,C346N FOCUS [12-18],9D289,42,39,597,116.03,71.66,295.91,4.13
CO,P702N F150 [21-27],RECALEM,04,20,392,79.4,46.89,193.61,4.13
WI,U625N EXPLORER [20-27],19G490,42,13,192,230.5,144.65,597.59,4.13
FL,CX482N ESCAPE [20-26],18K810,42,6,87,242.96,113.39,468.15,4.13
PA,CX482N ESCAPE [20-26],NPF,82,17,361,73.87,37.63,155.23,4.13
TN,P702N F150 [21-27],SERVICE,82,14,480,35.68,35.68,147.39,4.13
OH,U502N EXPLORER [11-19],6731,82,5,125,49.92,43.86,181.26,4.13
TX,P558N SUPER DUTY [17-22],15604,04,14,283,37.47,35.97,148.45,4.13
TX,CX482N ESCAPE [20-26],14F642,04,20,528,53.53,36.4,149.88,4.12
FL,P552N F-150 [15-20],3C247,42,15,220,558.19,291.25,1201.25,4.12
MI,U625N EXPLORER [20-27],19G490,42,26,394,221.11,138.56,570.2,4.12
AL,P702N F150 [21-27],14G647,04,11,369,256.87,83.12,342.67,4.12
VA,P552N F-150 [15-20],48H6,42,6,81,61.4,60.84,250.93,4.12
OH,P702N F150 [21-27],14G647,04,28,627,209.07,74.81,308.32,4.12
MI,P702N F150 [21-27],14G647,42,30,587,764.4,303.49,1248.89,4.12
IA,P702N F150 [21-27],RECAL,04,21,490,99.74,79.88,328.87,4.12
NY,V363N TRANSIT [14-27],48H6,42,30,696,313.69,142.85,588.96,4.12
OR,P702N F150 [21-27],14G647,04,20,693,193.91,63.45,261.24,4.12
IL,U502N EXPLORER [11-19],1104,42,12,198,446.25,195.99,804.7,4.11
NY,U625N EXPLORER [20-27],RECALEM,04,15,234,51.48,45.14,185.36,4.11
TX,P558N SUPER DUTY [17-22],2001,82,11,264,199.24,124.26,510.64,4.11
FL,P375N RANGER [19-23],TCARE,82,6,175,185.92,53.5,219.82,4.11
FL,U553N EXPEDITION [18-24],7Z490,42,15,208,751.76,572.43,2353.16,4.11
VA,U625N EXPLORER [20-27],19G490,42,34,738,230.98,138.34,568.48,4.11
VA,P558N SUPER DUTY [17-22],65,42,27,481,174.96,77.08,317.1,4.11
CA,P702N F150 [21-27],12A650,04,74,1438,59.23,37.4,153.42,4.1
FL,P758N C-PICKUP [22-27],RECALEM,04,58,991,93.07,37.28,152.47,4.09
NC,P708 F250 - 600 [23-27],NPF,82,7,112,101.77,41.32,168.93,4.09
AL,CX482N ESCAPE [20-26],2C150,42,11,206,94.68,72.33,296.15,4.09
CA,ECONOLINE [97-27],65,42,6,77,203.73,122.47,501.2,4.09
TX,CX430N C-SUV [21-27],RENTAL,82,85,4216,203.4,85.64,349.71,4.08
CA,P758N C-PICKUP [22-27],NPF,82,29,693,100.19,48.95,199.59,4.08
NJ,U725N BRONCO [21-26],NPF,82,8,252,71.22,48.49,197.94,4.08
NC,U553N EXPEDITION [18-24],SERVICE,82,16,1163,35.68,35.68,145.42,4.08
IL,CX483N CORSAIR [20-26],14G371,42,5,76,340.12,139.6,569.42,4.08
IN,P702N F150 [21-27],14G647,04,15,287,175.96,68.99,281.2,4.08
PA,U625N EXPLORER [20-27],14G371,42,32,536,362.18,193.17,787.4,4.08
TX,P558N SUPER DUTY [17-22],DTEST,82,7,137,160.58,73.4,298.58,4.07
GA,P702N F150 [21-27],14G371,04,14,288,152.02,81.03,329.72,4.07
AZ,U502N EXPLORER [11-19],78551A46,33,23,814,59.66,46.16,187.81,4.07
MN,P702N F150 [21-27],14B291,42,17,322,71.03,36.53,148.51,4.07
NY,U625N EXPLORER [20-27],14D212,42,7,308,294.39,126.42,514.09,4.07
CA,P552N F-150 [15-20],2200,30,61,2025,268.82,122.58,499.43,4.07
CA,U611N AVIATOR [20-27],14G371,04,39,2841,102.77,36.86,150.16,4.07
TX,P558N SUPER DUTY [17-22],9N184,82,33,855,133.67,96.22,390.47,4.06
MN,P702N F150 [21-27],14G647,04,23,619,220.75,89.93,365.34,4.06
TX,P552N F-150 [15-20],8501,42,38,829,414.39,141.51,575.04,4.06
IL,V363N TRANSIT [14-27],7A100,42,6,107,1350.88,423.94,1722.49,4.06
TX,P702N F150 [21-27],6714,82,52,1294,60.05,42.5,172.76,4.06
FL,U725N BRONCO [21-26],TCARE,82,7,217,197.3,53.5,216.96,4.06
MN,C489N MKC [15-19],RENTAL,82,6,145,114.19,71.37,289.76,4.06
FL,U554N NAVIGATOR [18-24],6714,82,11,348,111.67,61.3,248.14,4.05
CA,U625N EXPLORER [20-27],NPF,82,52,1567,95.93,49.39,200.14,4.05
SC,P552N F-150 [15-20],78218A42,69,8,111,218.22,87.79,355.92,4.05
AL,U611N AVIATOR [20-27],14G371,04,9,502,78.41,35.71,144.28,4.04
OR,P558N SUPER DUTY [17-22],6731,82,19,1040,121.29,54.16,218.93,4.04
CA,U625N EXPLORER [20-27],TIRE,82,15,3294,244.38,209.91,847.16,4.04
WA,P702N F150 [21-27],14G647,04,34,1336,239.8,75.62,305.11,4.03
FL,U554N NAVIGATOR [18-24],19G490,42,33,2076,388.22,185.4,747.66,4.03
WI,V363N TRANSIT [14-27],6731,82,7,156,64.56,44.25,178.42,4.03
MO,P558N SUPER DUTY [17-22],5005,01,10,324,685.0,445.91,1798.15,4.03
NY,CX430N C-SUV [21-27],13466,42,17,334,103.39,36.62,147.69,4.03
TX,C520N ESCAPE [13-19],7902,42,33,688,2159.19,970.1,3911.03,4.03
CA,CX727N MACH-E [21-26],14G647,42,73,2037,861.01,329.94,1331.05,4.03
CA,P558N SUPER DUTY [17-22],19N619,82,23,1200,57.85,40.23,162.23,4.03
CA,P708 F250 - 600 [23-27],NPF,42,25,667,89.43,52.21,209.83,4.02
CA,H567N MEDIUM TRUCK [16-27],1001,D8,19,377,330.4,146.44,588.45,4.02
MD,P552N F-150 [15-20],SERVICE,82,7,175,35.68,35.68,143.33,4.02
ID,P552N F-150 [15-20],7A100,42,7,546,785.48,506.98,2039.62,4.02
TX,P552N F-150 [15-20],9C888,42,78,2770,489.72,172.32,691.27,4.01
AL,CX430N C-SUV [21-27],2C150,42,20,437,176.7,77.86,312.34,4.01
CA,U611N AVIATOR [20-27],14018,42,5,67,107.98,72.95,292.85,4.01
OK,U625N EXPLORER [20-27],14G371,42,8,137,256.4,96.58,387.57,4.01
FL,P702N F150 [21-27],10849,04,30,480,449.25,174.37,699.7,4.01
FL,P558N SUPER DUTY [17-22],NPF,42,12,252,94.78,44.29,177.64,4.01
MA,U725N BRONCO [21-26],RENTAL,82,22,616,124.9,74.94,299.75,4.0
CA,V363N TRANSIT [14-27],9961711,42,14,364,1130.32,423.71,1694.01,4.0
MI,C489N MKC [15-19],RENTAL,82,14,1628,160.58,64.23,256.93,4.0
CA,U725N BRONCO [21-26],NPF,82,32,808,97.37,54.53,217.86,4.0
IL,C489N MKC [15-19],RENTAL,82,8,334,128.47,64.23,256.93,4.0
MA,U611N AVIATOR [20-27],RENTAL,82,7,1654,102.77,64.23,256.93,4.0
MS,CX430N C-SUV [21-27],2C150,42,5,87,195.7,66.87,267.79,4.0
NC,P702N F150 [21-27],NPF,82,15,656,84.67,42.43,169.58,4.0
LA,P552N F-150 [15-20],14G371,42,12,241,119.06,90.57,362.02,4.0
MD,U611N AVIATOR [20-27],RENTAL,82,6,1136,160.58,154.16,616.64,4.0
MI,P558N SUPER DUTY [17-22],6731,82,38,929,69.42,44.16,176.47,4.0
AR,P552N F-150 [15-20],RENTAL,82,9,213,171.29,85.64,342.58,4.0
IN,C489N MKC [15-19],RENTAL,82,5,75,82.08,64.23,256.93,4.0
AL,U553N EXPEDITION [18-24],RENTAL,82,13,911,256.93,85.64,342.58,4.0
FL,CD391N FUSION [13-20],SERVICE,82,5,151,35.68,35.68,142.7,4.0
FL,P552N F-150 [15-20],6M280,42,73,1706,443.16,235.0,939.91,4.0
OH,U718N NAVIGATOR [25-27],RENTAL,82,5,175,102.77,51.39,205.55,4.0
NY,V363N TRANSIT [14-27],RENTAL,82,8,113,224.82,85.64,342.58,4.0
CA,U625N EXPLORER [20-27],94RH7,63,6,216,226.64,69.41,277.82,4.0
FL,U625N EXPLORER [20-27],3A428,42,55,1752,385.15,218.53,874.59,4.0
NJ,P702N F150 [21-27],RENTAL,82,38,3235,192.7,85.64,342.58,4.0
MI,U625N EXPLORER [20-27],14D212,42,6,163,216.81,131.29,525.28,4.0
GA,U553N EXPEDITION [18-24],7Z490,42,8,140,582.84,457.58,1830.83,4.0
FL,CX430N C-SUV [21-27],RENTAL,82,78,5642,184.13,85.64,342.58,4.0
SC,P702N F150 [21-27],RENTAL,82,22,1636,199.84,96.35,385.4,4.0
FL,U611N AVIATOR [20-27],RENTAL,82,31,12167,131.32,64.23,256.93,4.0
AL,U540N MKX [16-23],RENTAL,82,5,494,128.47,64.23,256.93,4.0
MI,C520N ESCAPE [13-19],48H6,42,8,95,130.52,64.82,258.35,3.99
NC,U554N NAVIGATOR [18-24],14G371,42,5,79,179.68,133.9,534.27,3.99
PA,P558N SUPER DUTY [17-22],14G371,04,6,66,52.97,40.25,160.58,3.99
CA,P558N SUPER DUTY [17-22],6A785,42,11,182,385.18,171.77,684.57,3.99
MD,P552N F-150 [15-20],6M280,42,20,319,410.01,234.07,934.19,3.99
FL,CX482N ESCAPE [20-26],14G371,42,27,449,368.49,201.52,801.63,3.98
KY,P702N F150 [21-27],14G647,04,10,163,156.76,60.95,242.63,3.98
IL,U611N AVIATOR [20-27],NPF,42,5,136,56.94,44.65,177.51,3.98
TX,D544N CONTINENTAL [17-20],94RH7,42,12,357,152.83,72.24,287.47,3.98
PA,P702N F150 [21-27],14D212,42,6,93,119.9,103.96,414.0,3.98
WA,P552N F-150 [15-20],SERVICE,82,5,130,35.68,35.68,142.03,3.98
MI,CD533N MKZ [13-20],14G371,04,6,95,77.67,41.47,164.98,3.98
TX,P702N F150 [21-27],14529,42,132,4779,111.41,54.06,215.34,3.98
NV,P702N F150 [21-27],14G490,04,5,105,60.24,54.24,215.68,3.98
CA,CX483N CORSAIR [20-26],78519A70,42,13,332,255.88,148.01,588.52,3.98
NM,U625N EXPLORER [20-27],4A015,D8,7,235,600.55,240.92,956.32,3.97
MD,V363N TRANSIT [14-27],SERVICE,82,5,152,35.68,35.68,141.51,3.97
CA,V363N TRANSIT [14-27],2001,30,19,472,300.76,195.08,774.24,3.97
CA,U725N BRONCO [21-26],14B291,04,54,1217,65.57,39.4,156.23,3.97
UT,P552N F-150 [15-20],6714,82,12,382,64.96,49.92,197.99,3.97
GA,CDX707A NAUTILUS [23-26],DELIVERY,82,8,624,49.96,35.68,141.64,3.97
MO,P702N F150 [21-27],14B291,42,7,144,81.18,45.86,182.27,3.97
TX,U611N AVIATOR [20-27],14529,42,7,106,117.14,46.55,184.7,3.97
PA,P558N SUPER DUTY [17-22],12286,42,17,314,173.37,88.03,348.61,3.96
SC,U553N EXPEDITION [18-24],5E212,55,9,148,873.17,291.83,1156.69,3.96
AZ,P708 F250 - 600 [23-27],19G490,42,9,158,228.38,164.72,651.96,3.96
CA,CX727N MACH-E [21-26],18808,42,34,556,142.75,82.15,324.5,3.95
MO,P552N F-150 [15-20],6006,42,31,619,148.83,103.47,408.39,3.95
MA,P708 F250 - 600 [23-27],14B291,42,6,69,96.85,67.99,268.32,3.95
VA,CX482N ESCAPE [20-26],1A189,42,25,596,189.13,88.79,350.32,3.95
MI,CX482N ESCAPE [20-26],TCARE,42,5,265,153.06,53.53,211.51,3.95
NH,CX430N C-SUV [21-27],8501,42,10,202,465.18,349.56,1377.29,3.94
AZ,P552N F-150 [15-20],5E212,55,6,125,1094.09,339.58,1338.19,3.94
ME,P702N F150 [21-27],14G647,04,12,276,173.68,60.19,237.31,3.94
NJ,V363N TRANSIT [14-27],48H6,42,25,584,237.44,66.19,260.89,3.94
CA,P558N SUPER DUTY [17-22],2V001,82,9,225,268.12,145.32,573.14,3.94
GA,CD539N EDGE [15-24],7902,42,23,353,2346.29,1408.34,5545.31,3.94
TX,P702N F150 [21-27],14G670,42,26,978,303.5,105.73,415.72,3.93
AL,P702N F150 [21-27],TCARE,82,5,121,188.35,53.53,210.21,3.93
FL,U540N MKX [16-23],DELIVERY,82,32,14176,82.08,39.25,154.09,3.93
TN,CX430N C-SUV [21-27],8501,D1,7,199,834.78,381.54,1500.55,3.93
FL,S550N MUSTANG [15-23],9G297,42,54,1106,212.61,87.48,343.88,3.93
AZ,P558N SUPER DUTY [17-22],19E616,42,8,100,395.75,129.69,508.48,3.92
CA,P702N F150 [21-27],NPF,82,74,3956,97.82,50.94,199.59,3.92
CO,P702N F150 [21-27],6714,82,16,514,70.31,47.23,185.01,3.92
CO,U625N EXPLORER [20-27],7Z490,42,10,143,706.68,513.01,2013.55,3.92
TX,U725N BRONCO [21-26],14G371,04,9,110,204.21,111.71,437.49,3.92
MO,P702N F150 [21-27],NPF,42,21,1008,89.25,39.46,154.82,3.92
TN,ECONOLINE [97-27],6731,82,5,183,68.13,44.19,173.41,3.92
IL,U625N EXPLORER [20-27],7862187,33,15,223,82.99,48.07,188.44,3.92
CA,CX430N C-SUV [21-27],8501,D1,13,651,704.75,510.99,2005.63,3.92
MI,P702N F150 [21-27],9943300,42,19,377,215.59,79.86,313.21,3.92
FL,U540N MKX [16-23],14G371,04,17,529,64.76,36.8,144.18,3.92
NJ,U553N EXPEDITION [18-24],RENTAL,82,28,857,192.7,82.08,321.17,3.91
MO,CX430N C-SUV [21-27],2C150,42,20,321,114.38,81.0,316.4,3.91
MA,P558N SUPER DUTY [17-22],6731,82,16,572,73.48,39.24,153.46,3.91
WA,CX727N MACH-E [21-26],14G647,42,6,114,508.62,250.02,977.28,3.91
NC,U625N EXPLORER [20-27],RENTAL,82,35,1358,142.74,82.08,321.17,3.91
WI,P702N F150 [21-27],7A100,42,10,193,178.14,136.32,532.46,3.91
MO,P552N F-150 [15-20],7H351,42,17,345,2783.62,1618.68,6322.15,3.91
TX,P552N F-150 [15-20],7H351,42,108,4808,2730.36,1771.67,6930.03,3.91
AL,U625N EXPLORER [20-27],19G490,42,18,424,280.87,175.36,684.35,3.9
NC,P702N F150 [21-27],14G647,04,34,1018,189.74,80.43,313.38,3.9
TX,P558N SUPER DUTY [17-22],6710,D8,10,140,1348.69,892.17,3479.54,3.9
PA,U625N EXPLORER [20-27],14529,42,44,708,97.23,48.83,189.79,3.89
NC,U611N AVIATOR [20-27],DELIVERY,82,13,3542,96.35,39.25,152.73,3.89
CA,U611N AVIATOR [20-27],DELIVERY,82,30,8445,90.64,39.25,152.73,3.89
VA,P702N F150 [21-27],14G647,42,14,243,856.95,374.36,1455.95,3.89
MA,U611N AVIATOR [20-27],DELIVERY,82,8,2055,101.35,39.25,152.73,3.89
TN,U554N NAVIGATOR [18-24],DELIVERY,82,8,1765,49.96,39.25,152.73,3.89
VA,U502N EXPLORER [11-19],14B686,X4,34,1043,183.18,121.29,471.33,3.89
IN,CD539N EDGE [15-24],7902,42,16,263,1821.8,1107.08,4307.46,3.89
CA,U554N NAVIGATOR [18-24],14G371,42,13,458,227.31,126.18,490.5,3.89
NJ,U625N EXPLORER [20-27],NPF,42,9,281,119.64,45.03,175.25,3.89
IA,U625N EXPLORER [20-27],RENTAL,82,15,533,142.74,64.23,249.8,3.89
TN,U540N MKX [16-23],94RH7,42,6,179,296.7,82.73,321.49,3.89
TN,U611N AVIATOR [20-27],DELIVERY,82,9,2193,82.08,39.25,152.73,3.89
TX,P702N F150 [21-27],NPF,82,22,683,89.61,42.89,167.01,3.89
NY,CD391N FUSION [13-20],90T5,42,8,91,102.74,58.23,226.56,3.89
MN,P708 F250 - 600 [23-27],19703,42,40,1281,163.17,111.46,434.09,3.89
TX,P558N SUPER DUTY [17-22],2V001,82,11,306,173.56,102.32,398.11,3.89
NC,U553N EXPEDITION [18-24],5E212,55,9,178,987.23,290.98,1130.2,3.88
GA,U625N EXPLORER [20-27],14G371,04,66,2611,46.25,35.68,138.49,3.88
MN,P552N F-150 [15-20],4676,D8,45,1419,194.64,124.54,482.92,3.88
MA,P558N SUPER DUTY [17-22],19G490,42,22,379,293.87,109.18,423.2,3.88
CA,CX727N MACH-E [21-26],NPF,82,47,1714,102.13,51.47,199.59,3.88
PA,P702N F150 [21-27],RECALEM,04,32,445,62.91,36.46,141.49,3.88
AZ,P702N F150 [21-27],14G647,04,24,1004,209.58,71.67,277.99,3.88
NJ,CX430N C-SUV [21-27],8501,42,22,604,554.07,416.07,1616.31,3.88
OK,P552N F-150 [15-20],48H6,42,5,61,66.82,61.61,238.91,3.88
CA,P702N F150 [21-27],DIAG,82,33,766,109.2,49.84,193.04,3.87
MI,P558N SUPER DUTY [17-22],NPF,82,10,174,63.95,39.3,152.25,3.87
MI,U554N NAVIGATOR [18-24],16A506,42,10,310,815.35,374.73,1451.24,3.87
OH,CD391N FUSION [13-20],90T5,42,7,92,158.86,49.5,191.5,3.87
CA,V408E TRANSIT CONNECT [13-24],94RH7,42,19,292,305.78,105.39,407.94,3.87
CA,U625N EXPLORER [20-27],6714,82,16,4030,52.85,44.35,171.57,3.87
NJ,CX482N ESCAPE [20-26],19703,42,12,190,173.61,156.96,607.89,3.87
VA,CD539N EDGE [15-24],RENTAL,82,16,351,224.82,74.94,289.05,3.86
MA,P702N F150 [21-27],NPF,82,18,592,79.93,45.32,175.03,3.86
IL,U625N EXPLORER [20-27],19G490,42,33,544,309.77,214.82,828.24,3.86
FL,P708 F250 - 600 [23-27],65,42,66,1861,318.34,190.86,736.47,3.86
MN,P702N F150 [21-27],10654,42,5,112,244.35,75.54,291.35,3.86
OR,U725N BRONCO [21-26],RENTAL,82,10,256,160.58,74.94,289.05,3.86
OK,P552N F-150 [15-20],RENTAL,82,8,175,249.8,99.92,385.4,3.86
NM,P552N F-150 [15-20],48H6,42,6,111,64.93,49.39,190.62,3.86
PA,U625N EXPLORER [20-27],SHUTTLE,82,8,155,565.25,179.85,693.72,3.86
FL,U502N EXPLORER [11-19],RENTAL,82,27,659,256.93,99.92,385.4,3.86
KS,P558N SUPER DUTY [17-22],65,42,17,422,188.17,62.46,240.52,3.85
MI,P702N F150 [21-27],9C888,42,57,1550,349.43,129.06,496.29,3.85
MI,U554N NAVIGATOR [18-24],14B291,42,5,87,78.87,61.95,238.55,3.85
NY,P558N SUPER DUTY [17-22],3A131,42,13,210,406.55,247.79,954.05,3.85
MO,P702N F150 [21-27],NPF,82,23,1073,73.51,44.15,169.8,3.85
TN,P558N SUPER DUTY [17-22],7A100,42,6,86,243.96,189.56,729.01,3.85
NY,P702N F150 [21-27],3C247,42,28,412,508.3,330.44,1272.01,3.85
FL,P552N F-150 [15-20],7H351,42,80,4414,3203.43,1631.15,6278.58,3.85
CO,CX727N MACH-E [21-26],14D202,B4,5,67,1014.13,735.18,2829.39,3.85
CA,U502N EXPLORER [11-19],5G232,42,34,1161,848.39,552.74,2120.55,3.84
CA,CX482N ESCAPE [20-26],NPF,82,38,849,97.37,49.52,189.99,3.84
MO,V363N TRANSIT [14-27],6714,82,12,629,63.2,40.88,156.96,3.84
CA,D471N FLEX [09-19],65,42,9,131,202.34,57.81,222.13,3.84
TN,U725N BRONCO [21-26],NPF,42,7,127,89.5,42.37,162.51,3.84
NJ,U625N EXPLORER [20-27],14A005,X2,7,93,610.88,208.34,798.52,3.83
TX,U611N AVIATOR [20-27],6731,82,8,402,128.57,59.04,225.96,3.83
FL,P552N F-150 [15-20],14G371,04,70,1850,52.81,38.83,148.51,3.83
FL,P702N F150 [21-27],6731,82,40,1317,60.42,45.9,175.54,3.82
IL,P473N SUPER DUTY [11-16],6731,82,10,222,118.87,53.32,203.62,3.82
IA,P702N F150 [21-27],10655,42,5,63,92.62,49.67,189.72,3.82
MI,CD539N EDGE [15-24],14G371,04,46,994,50.29,39.51,150.88,3.82
FL,D258N TAURUS [10-19],65,42,8,134,58.39,48.83,186.56,3.82
NC,U502N EXPLORER [11-19],14B686,X4,30,607,193.26,99.68,379.72,3.81
PA,CX482N ESCAPE [20-26],NPF,42,15,285,67.43,43.19,164.61,3.81
MN,P758N C-PICKUP [22-27],RENTAL,82,9,246,142.74,74.94,285.48,3.81
OH,P702N F150 [21-27],NPF,42,28,726,64.18,40.77,155.22,3.81
MA,CD539N EDGE [15-24],RENTAL,82,14,329,142.74,74.94,285.48,3.81
IL,CX482N ESCAPE [20-26],7P155,42,7,103,193.32,84.32,321.21,3.81
MA,CX727N MACH-E [21-26],RENTAL,82,20,513,142.74,74.94,285.48,3.81
NE,P558N SUPER DUTY [17-22],65,42,12,219,182.19,57.12,217.37,3.81
MN,P552N F-150 [15-20],78218A42,69,26,655,260.48,186.98,711.54,3.81
FL,P558N SUPER DUTY [17-22],6695,42,6,81,1218.69,476.01,1814.89,3.81
NE,CX482N ESCAPE [20-26],2C150,42,5,109,264.87,92.5,351.48,3.8
FL,CX482N ESCAPE [20-26],14529,42,32,474,98.31,50.52,192.2,3.8
FL,CX483N CORSAIR [20-26],6731,82,12,441,89.18,52.66,199.96,3.8
NC,P558N SUPER DUTY [17-22],6A785,55,10,248,265.52,131.66,500.75,3.8
FL,U502N EXPLORER [11-19],65,B5,6,137,56.67,38.75,147.07,3.8
CA,P558N SUPER DUTY [17-22],SERVICE,82,31,791,78.51,58.52,221.65,3.79
CA,U611N AVIATOR [20-27],9B325,42,19,395,271.93,163.56,620.52,3.79
MO,P702N F150 [21-27],14G647,04,16,330,226.24,78.01,295.51,3.79
NJ,P558N SUPER DUTY [17-22],12029,42,5,68,495.04,261.56,992.04,3.79
NC,P708 F250 - 600 [23-27],SERVICE,82,6,147,35.68,35.68,135.13,3.79
AL,CDX707A NAUTILUS [23-26],14H522,04,7,382,373.49,157.51,595.16,3.78
KS,U625N EXPLORER [20-27],4A015,D8,6,200,523.99,225.04,851.75,3.78
FL,P708 F250 - 600 [23-27],13466,46,19,260,55.3,44.08,166.73,3.78
MA,U625N EXPLORER [20-27],7A100,49,5,96,260.79,173.12,654.41,3.78
TX,P702N F150 [21-27],16500A66,33,10,128,71.48,52.34,197.85,3.78
FL,S650N MUSTANG [24-26],19712,42,6,72,599.04,267.87,1013.13,3.78
MN,U553N EXPEDITION [18-24],NPF,42,6,75,67.74,52.87,199.99,3.78
CA,P558N SUPER DUTY [17-22],4602,82,5,112,160.09,113.34,428.22,3.78
TX,P558N SUPER DUTY [17-22],7L192,42,22,337,1430.66,1266.83,4776.84,3.77
FL,P558N SUPER DUTY [17-22],ADJUST,82,5,356,159.6,109.87,413.82,3.77
CA,CD539N EDGE [15-24],RENTAL,82,81,3064,256.93,124.9,470.75,3.77
OR,CX430N C-SUV [21-27],2C150,42,11,229,271.68,99.28,373.9,3.77
TX,U625N EXPLORER [20-27],19G490,*,11,363,219.88,84.29,317.52,3.77
MD,CD391N FUSION [13-20],90T5,42,6,117,179.9,55.77,210.42,3.77
NY,U625N EXPLORER [20-27],3A428,D8,19,340,320.43,196.28,740.46,3.77
OK,CX430N C-SUV [21-27],8501,42,11,325,546.17,400.78,1511.6,3.77
NY,P558N SUPER DUTY [17-22],19G490,42,34,549,302.69,121.24,457.32,3.77
NC,CD391N FUSION [13-20],90T5,42,6,89,59.95,54.94,206.99,3.77
CO,P702N F150 [21-27],14G670,04,9,162,133.64,92.2,347.0,3.76
TX,U625N EXPLORER [20-27],14529,42,72,1667,91.77,43.43,163.09,3.76
TX,P702N F150 [21-27],12A650,04,75,1718,43.05,35.68,134.05,3.76
AR,U625N EXPLORER [20-27],19G490,42,9,189,252.32,147.67,554.69,3.76
OH,P702N F150 [21-27],14529,42,42,772,108.63,61.87,232.63,3.76
ND,P552N F-150 [15-20],3C247,D4,7,218,431.55,303.81,1143.01,3.76
NJ,U611N AVIATOR [20-27],14G371,42,10,215,344.92,186.68,701.52,3.76
FL,P702N F150 [21-27],NPF,42,40,2275,108.55,51.37,193.3,3.76
FL,CX482N ESCAPE [20-26],7P155,42,8,99,238.57,105.02,395.3,3.76
CA,P758N C-PICKUP [22-27],6731,82,6,78,84.06,60.86,229.04,3.76
PA,P558N SUPER DUTY [17-22],65,42,43,788,209.61,68.52,257.77,3.76
WI,C520N ESCAPE [13-19],RENTAL,82,7,118,285.48,174.86,656.6,3.76
PA,P708 F250 - 600 [23-27],RENTAL,82,26,408,160.58,85.64,321.17,3.75
TX,CX482N ESCAPE [20-26],RENTAL,82,80,3173,228.38,85.64,321.17,3.75
AZ,P558N SUPER DUTY [17-22],7A100,49,5,86,346.32,211.25,793.0,3.75
FL,P375N RANGER [19-23],RENTAL,82,58,1901,199.84,85.64,321.17,3.75
GA,U725N BRONCO [21-26],RENTAL,82,28,917,168.31,85.64,321.17,3.75
LA,P702N F150 [21-27],RENTAL,82,20,1959,228.38,85.64,321.17,3.75
NY,P375N RANGER [19-23],RENTAL,82,16,248,128.47,85.64,321.17,3.75
NY,CX482N ESCAPE [20-26],14G371,42,8,127,242.84,100.35,376.0,3.75
OH,CX727N MACH-E [21-26],RENTAL,82,28,660,176.53,85.64,321.17,3.75
TN,U553N EXPEDITION [18-24],RENTAL,82,15,479,256.93,114.19,428.22,3.75
OR,P708 F250 - 600 [23-27],RENTAL,82,10,269,128.47,85.64,321.17,3.75
MI,U725N BRONCO [21-26],RENTAL,82,57,2443,171.29,85.64,321.17,3.75
FL,S550N MUSTANG [15-23],RENTAL,82,63,3461,214.11,85.64,321.17,3.75
WA,U554N NAVIGATOR [18-24],RENTAL,82,5,520,154.16,51.39,192.7,3.75
SC,CX482N ESCAPE [20-26],RENTAL,82,14,376,192.7,85.64,321.17,3.75
NY,C520N ESCAPE [13-19],RENTAL,82,19,354,249.8,85.64,321.17,3.75
CA,U625N EXPLORER [20-27],RENTAL,82,114,13632,199.84,85.64,321.17,3.75
GA,CX430N C-SUV [21-27],RENTAL,82,25,872,192.7,85.64,321.17,3.75
WA,P552N F-150 [15-20],RENTAL,82,21,844,230.92,85.64,321.17,3.75
PA,CX727N MACH-E [21-26],RENTAL,82,32,679,160.58,85.64,321.17,3.75
MI,CD539N EDGE [15-24],RENTAL,82,60,3625,199.84,85.64,321.17,3.75
AZ,P552N F-150 [15-20],19G490,42,8,130,299.93,119.44,448.18,3.75
TX,U725N BRONCO [21-26],RENTAL,82,65,3528,214.11,85.64,321.17,3.75
CA,CX482N ESCAPE [20-26],RENTAL,82,103,6123,224.82,85.64,321.17,3.75
ME,CX482N ESCAPE [20-26],RENTAL,82,6,129,160.58,85.64,321.17,3.75
MN,U540N MKX [16-23],RENTAL,82,7,510,128.47,85.64,321.17,3.75
MO,U553N EXPEDITION [18-24],RENTAL,82,15,470,174.86,114.19,428.22,3.75
MI,U625N EXPLORER [20-27],RENTAL,82,74,8185,160.58,85.64,321.17,3.75
NH,P552N F-150 [15-20],RENTAL,82,9,234,199.84,114.19,428.22,3.75
ME,P558N SUPER DUTY [17-22],65,42,5,69,198.04,80.07,300.07,3.75
ID,U625N EXPLORER [20-27],RENTAL,82,5,510,228.38,85.64,321.17,3.75
MD,CX482N ESCAPE [20-26],RENTAL,82,22,1093,199.84,85.64,321.17,3.75
MD,U725N BRONCO [21-26],RENTAL,82,16,708,171.29,85.64,321.17,3.75
CO,P758N C-PICKUP [22-27],RENTAL,82,5,81,128.47,85.64,321.17,3.75
MD,U625N EXPLORER [20-27],RENTAL,82,27,1979,149.88,85.64,321.17,3.75
MO,P552N F-150 [15-20],RENTAL,82,21,609,256.93,114.19,428.22,3.75
NJ,P758N C-PICKUP [22-27],RENTAL,82,16,332,171.29,85.64,321.17,3.75
MI,CX727N MACH-E [21-26],RENTAL,82,44,1681,192.7,85.64,321.17,3.75
PA,U228N NAVIGATOR [03-17],RENTAL,82,6,121,96.35,51.39,192.7,3.75
LA,P558N SUPER DUTY [17-22],RENTAL,82,12,365,214.11,85.64,321.17,3.75
ID,U725N BRONCO [21-26],RENTAL,82,5,209,214.11,85.64,321.17,3.75
FL,U625N EXPLORER [20-27],RENTAL,82,87,12715,171.29,85.64,321.17,3.75
GA,P552N F-150 [15-20],RENTAL,82,33,1425,285.48,114.19,428.22,3.75
OK,U553N EXPEDITION [18-24],RENTAL,82,11,257,199.84,114.19,428.22,3.75
NJ,P375N RANGER [19-23],RENTAL,82,11,210,214.11,85.64,321.17,3.75
CT,CX430N C-SUV [21-27],RENTAL,82,5,84,214.11,85.64,321.17,3.75
CO,P558N SUPER DUTY [17-22],12286,42,10,157,141.64,72.28,270.55,3.74
IL,CDX707A NAUTILUS [23-26],14H522,04,22,1574,328.72,142.3,531.71,3.74
IL,C520N ESCAPE [13-19],8501,D1,6,105,1089.51,335.5,1255.5,3.74
VA,P558N SUPER DUTY [17-22],12286,42,9,152,180.02,64.95,242.99,3.74
OR,P552N F-150 [15-20],6006,42,10,179,156.64,116.58,436.08,3.74
LA,P702N F150 [21-27],14G371,42,11,223,244.98,148.82,556.5,3.74
NJ,P552N F-150 [15-20],5E212,55,13,286,1238.85,517.05,1930.36,3.73
GA,P558N SUPER DUTY [17-22],7A100,49,5,65,755.88,243.08,906.48,3.73
FL,CD539N EDGE [15-24],7902,42,60,1438,2401.6,1509.9,5635.68,3.73
AZ,S550N MUSTANG [15-23],96R,42,13,429,194.76,63.16,235.51,3.73
NY,V363N TRANSIT [14-27],12029,42,6,90,322.77,126.65,472.45,3.73
FL,U718N NAVIGATOR [25-27],RENTAL,82,17,541,154.16,96.35,359.7,3.73
CA,P552N F-150 [15-20],9F593,42,33,527,842.29,314.62,1173.82,3.73
WI,CX430N C-SUV [21-27],2C150,42,18,262,105.87,88.18,329.02,3.73
FL,P558N SUPER DUTY [17-22],6695,D8,8,139,667.46,491.03,1829.98,3.73
TX,P702N F150 [21-27],19G490,04,5,74,138.74,79.36,295.33,3.72
OR,P702N F150 [21-27],NPF,82,13,499,78.45,55.51,206.62,3.72
CA,V363N TRANSIT [14-27],9961711,01,29,1581,940.78,480.28,1784.73,3.72
PA,C520N ESCAPE [13-19],7902,42,25,399,2842.59,1368.05,5085.55,3.72
MI,V363N TRANSIT [14-27],6714,82,17,380,55.25,37.76,140.48,3.72
CA,P702N F150 [21-27],14G670,42,13,223,358.42,188.63,700.99,3.72
MI,CX482N ESCAPE [20-26],RECAL,04,6,99,91.35,49.06,182.71,3.72
CA,CX482N ESCAPE [20-26],14529,42,25,371,109.9,41.48,154.18,3.72
TX,U554N NAVIGATOR [18-24],19893,42,9,219,119.89,88.13,326.91,3.71
SC,P702N F150 [21-27],14G670,04,7,92,133.11,81.33,301.9,3.71
MI,U553N EXPEDITION [18-24],14G371,42,7,5521,162.45,96.88,359.82,3.71
GA,U502N EXPLORER [11-19],14B686,X4,20,328,175.86,143.05,530.34,3.71
MN,P702N F150 [21-27],4676,D8,54,1903,263.41,123.36,457.3,3.71
MN,U625N EXPLORER [20-27],12A650,04,19,663,44.41,35.98,133.33,3.71
MI,C489N MKC [15-19],48H6,42,8,212,182.36,72.56,269.33,3.71
AL,U625N EXPLORER [20-27],14529,42,11,180,97.94,41.64,154.5,3.71
TX,U540N MKX [16-23],RENTAL,82,26,4825,160.58,95.16,353.28,3.71
TN,U553N EXPEDITION [18-24],14G647,42,6,78,134.37,120.69,447.12,3.7
NJ,U502N EXPLORER [11-19],65,42,12,185,59.95,50.35,186.48,3.7
IN,CD391N FUSION [13-20],RENTAL,82,7,100,249.8,231.57,856.44,3.7
MA,P552N F-150 [15-20],78218A42,69,22,1016,214.9,145.69,539.73,3.7
TX,U554N NAVIGATOR [18-24],6714,82,8,472,136.79,52.04,192.34,3.7
NY,CD539N EDGE [15-24],7902,42,22,360,2918.1,1731.88,6413.32,3.7
MI,U554N NAVIGATOR [18-24],DELIVERY,82,20,3547,82.08,39.25,144.88,3.69
LA,P558N SUPER DUTY [17-22],65,42,33,1282,185.03,59.68,220.48,3.69
MI,U611N AVIATOR [20-27],DELIVERY,82,26,6392,71.37,39.25,144.88,3.69
FL,P702N F150 [21-27],15604,42,10,153,446.79,213.25,787.76,3.69
FL,P758N C-PICKUP [22-27],TCARE,82,10,253,151.11,53.53,197.69,3.69
MN,P702N F150 [21-27],7B215,D8,6,127,242.09,184.11,678.85,3.69
AZ,CX482N ESCAPE [20-26],2C150,42,12,252,108.68,77.28,285.07,3.69
FL,CX483N CORSAIR [20-26],14529,42,15,292,96.39,48.29,178.05,3.69
MI,P702N F150 [21-27],14529,42,67,1902,114.83,53.21,195.78,3.68
CA,CX727N MACH-E [21-26],12B637,B4,59,1158,48.5,36.68,135.12,3.68
GA,CD391N FUSION [13-20],90T5,42,8,110,52.0,43.08,158.73,3.68
OH,C489N MKC [15-19],48H6,42,6,125,87.93,75.36,277.68,3.68
NY,U725N BRONCO [21-26],NPF,42,6,82,63.56,38.7,142.58,3.68
NV,P708 F250 - 600 [23-27],19703,42,9,800,210.83,176.48,648.8,3.68
VA,P558N SUPER DUTY [17-22],19G490,42,46,1325,322.76,114.58,421.6,3.68
AR,CX430N C-SUV [21-27],8501,42,9,150,437.01,366.67,1348.44,3.68
OH,U625N EXPLORER [20-27],19G490,42,26,421,216.85,122.34,450.12,3.68
PA,P702N F150 [21-27],SERVICE,82,11,417,35.68,35.68,130.97,3.67
SC,P702N F150 [21-27],6714,82,9,195,63.3,45.56,167.33,3.67
TX,U553N EXPEDITION [18-24],6714,82,5,57,52.94,40.51,148.65,3.67
AZ,P558N SUPER DUTY [17-22],2651728,33,7,115,347.35,307.93,1128.6,3.67
FL,CX483N CORSAIR [20-26],14B351,42,20,584,271.51,122.21,449.0,3.67
MI,U625N EXPLORER [20-27],14B291,04,12,203,50.51,44.76,164.15,3.67
LA,V363N TRANSIT [14-27],6714,82,7,242,100.52,41.57,152.38,3.67
OH,CX430N C-SUV [21-27],8501,D8,85,3131,551.45,325.23,1193.86,3.67
WA,P702N F150 [21-27],RECALEM,04,21,310,76.37,48.09,176.45,3.67
CA,U725N BRONCO [21-26],14B291,42,9,177,76.65,47.32,173.74,3.67
NJ,CX430N C-SUV [21-27],RENTAL,82,31,1000,142.74,64.23,235.58,3.67
VA,P702N F150 [21-27],14G647,04,32,1024,215.09,82.75,303.71,3.67
DE,CX430N C-SUV [21-27],2C150,42,9,214,107.66,88.13,323.77,3.67
TX,U725N BRONCO [21-26],14G371,42,7,110,242.09,113.23,414.4,3.66
NJ,P702N F150 [21-27],NPF,42,11,368,78.0,45.03,164.86,3.66
VA,V363N TRANSIT [14-27],7A100,42,5,65,1070.81,375.58,1375.76,3.66
IL,CX482N ESCAPE [20-26],NPF,42,15,321,64.0,43.94,160.67,3.66
IN,U502N EXPLORER [11-19],14B686,X4,33,559,179.75,123.22,450.7,3.66
CA,S550N MUSTANG [15-23],9G297,42,42,696,223.87,79.24,290.3,3.66
CA,U502N EXPLORER [11-19],2001,82,12,713,323.78,177.84,651.23,3.66
TX,C346N FOCUS [12-18],9D289,42,82,1949,105.22,78.49,287.25,3.66
MI,P558N SUPER DUTY [17-22],5005,01,6,228,1052.07,559.51,2046.47,3.66
UT,P702N F150 [21-27],14G647,04,17,695,202.83,73.62,268.69,3.65
IA,P702N F150 [21-27],14G670,04,6,79,91.95,82.03,299.56,3.65
CA,ECONOLINE [97-27],19A566,42,5,65,1133.46,471.56,1721.63,3.65
NC,U625N EXPLORER [20-27],19G490,42,39,764,257.47,135.47,494.19,3.65
CA,U625N EXPLORER [20-27],NPF,42,36,1773,89.43,52.09,189.99,3.65
FL,P131N STRIPPED CHASSIS [99-26],12286,42,8,242,238.03,149.48,545.31,3.65
OH,CD539N EDGE [15-24],14G371,42,10,135,290.93,174.03,635.57,3.65
NY,P708 F250 - 600 [23-27],65,42,19,289,354.17,188.32,688.16,3.65
WI,P558N SUPER DUTY [17-22],NPF,42,6,81,59.65,38.1,139.17,3.65
IL,P702N F150 [21-27],NPF,42,24,770,69.67,44.1,160.67,3.64
NJ,CX483N CORSAIR [20-26],5450036,33,5,92,146.8,89.51,326.2,3.64
CA,V363N TRANSIT [14-27],2001,82,10,159,346.5,181.48,660.15,3.64
LA,U540N MKX [16-23],94RH7,42,5,144,239.87,75.86,275.92,3.64
PA,U611N AVIATOR [20-27],DELIVERY,82,18,5633,90.64,39.25,142.74,3.64
CA,P758N C-PICKUP [22-27],NPF,42,21,636,102.2,52.21,189.99,3.64
CA,P552N F-150 [15-20],6M280,42,75,1502,512.3,261.06,950.93,3.64
NY,CX727N MACH-E [21-26],14G647,42,21,332,635.74,368.38,1339.58,3.64
MI,CX483N CORSAIR [20-26],DELIVERY,82,22,7368,71.37,39.25,142.74,3.64
LA,P702N F150 [21-27],19A464,43,28,731,332.31,117.25,426.61,3.64
IL,U540N MKX [16-23],14G371,42,6,121,262.41,154.16,561.67,3.64
GA,P552N F-150 [15-20],6M280,42,53,1159,358.84,175.43,638.43,3.64
SC,P702N F150 [21-27],19A464,43,11,196,397.64,128.14,466.9,3.64
AZ,CD539N EDGE [15-24],7902,42,7,90,2411.22,1837.77,6671.83,3.63
TX,U554N NAVIGATOR [18-24],19G490,42,37,2398,309.91,145.08,526.76,3.63
TX,U554N NAVIGATOR [18-24],14G371,42,18,882,142.74,91.04,330.05,3.63
AL,P702N F150 [21-27],14G647,42,10,175,825.21,373.46,1357.29,3.63
CA,CD391N FUSION [13-20],90T5,63,5,132,66.87,53.54,194.13,3.63
MI,CD533N MKZ [13-20],94RH7,42,8,233,239.13,72.88,264.66,3.63
TX,U553N EXPEDITION [18-24],19893,42,7,86,125.48,93.47,339.54,3.63
NJ,U554N NAVIGATOR [18-24],DELIVERY,82,17,3277,82.08,39.25,142.03,3.62
MI,P558N SUPER DUTY [17-22],9C888,42,27,479,441.82,159.85,578.23,3.62
AR,P558N SUPER DUTY [17-22],19G490,42,24,614,290.47,117.37,424.34,3.62
IL,U611N AVIATOR [20-27],DELIVERY,82,18,5589,49.96,39.25,142.03,3.62
CA,U625N EXPLORER [20-27],3A428,42,52,1385,367.27,172.54,624.85,3.62
AZ,U611N AVIATOR [20-27],DELIVERY,82,6,4165,82.08,39.25,142.03,3.62
NY,P558N SUPER DUTY [17-22],3A131,33,23,541,331.85,165.01,597.87,3.62
FL,P558N SUPER DUTY [17-22],19G490,42,102,7500,371.0,159.75,578.72,3.62
NJ,U611N AVIATOR [20-27],DELIVERY,82,20,4528,82.08,39.25,142.03,3.62
KS,CX430N C-SUV [21-27],2C150,42,7,99,109.79,70.83,256.15,3.62
PA,U554N NAVIGATOR [18-24],DELIVERY,82,16,3665,101.35,39.25,142.03,3.62
NY,U554N NAVIGATOR [18-24],DELIVERY,82,21,4973,90.64,39.25,142.03,3.62
AR,U554N NAVIGATOR [18-24],DELIVERY,82,5,439,49.96,39.25,142.03,3.62
OH,U611N AVIATOR [20-27],DELIVERY,82,19,5217,71.37,39.25,142.03,3.62
NY,U625N EXPLORER [20-27],6020,D8,6,227,1396.85,1227.06,4438.74,3.62
CA,P558N SUPER DUTY [17-22],DTEST,82,7,146,132.03,60.66,219.46,3.62
MN,P702N F150 [21-27],10655,42,10,202,113.11,80.2,290.65,3.62
OH,U554N NAVIGATOR [18-24],DELIVERY,82,17,3121,82.08,39.25,142.03,3.62
IL,U554N NAVIGATOR [18-24],DELIVERY,82,18,3022,49.96,39.25,142.03,3.62
MD,P702N F150 [21-27],6731,82,8,150,56.93,41.23,149.24,3.62
NY,V363N TRANSIT [14-27],14401,28,5,77,928.83,355.61,1286.56,3.62
MN,U611N AVIATOR [20-27],19G490,42,5,213,322.24,212.57,769.35,3.62
AZ,U554N NAVIGATOR [18-24],DELIVERY,82,6,2937,82.08,39.25,142.03,3.62
GA,U540N MKX [16-23],DELIVERY,82,14,1690,71.37,39.25,141.64,3.61
GA,U611N AVIATOR [20-27],DELIVERY,82,14,3997,71.37,39.25,141.64,3.61
CA,P702N F150 [21-27],14529,42,99,2325,138.89,71.82,259.07,3.61
MN,P552N F-150 [15-20],6M280,42,18,260,406.59,194.8,702.4,3.61
AL,U625N EXPLORER [20-27],14G371,42,8,190,311.74,178.42,644.74,3.61
GA,U554N NAVIGATOR [18-24],DELIVERY,82,14,2704,71.37,39.25,141.64,3.61
IN,C346N FOCUS [12-18],9D289,42,46,998,93.64,72.9,262.82,3.61
GA,CX483N CORSAIR [20-26],DELIVERY,82,13,1899,71.37,39.25,141.64,3.61
CA,U625N EXPLORER [20-27],49H8,42,6,143,402.99,322.79,1163.75,3.61
TX,P558N SUPER DUTY [17-22],65,63,15,693,164.54,71.21,256.23,3.6
MD,P702N F150 [21-27],RECALEM,04,13,187,67.87,48.17,173.5,3.6
CA,CX430N C-SUV [21-27],NPF,42,15,630,106.03,52.21,187.7,3.6
AR,P702N F150 [21-27],6731,82,6,109,52.47,46.85,168.6,3.6
IA,P558N SUPER DUTY [17-22],19G490,42,17,300,309.35,113.69,409.66,3.6
MN,CX482N ESCAPE [20-26],14G371,04,17,355,61.41,36.99,133.32,3.6
NY,P552N F-150 [15-20],9C888,42,29,467,468.06,182.55,656.8,3.6
LA,CX482N ESCAPE [20-26],2C150,42,5,93,174.58,86.0,309.5,3.6
NC,B515A ECOSPORT INDIA [13-22],RENTAL,82,12,238,299.75,249.8,899.26,3.6
CA,V408E TRANSIT CONNECT [13-24],7902,42,24,357,3612.69,1562.92,5624.54,3.6
MI,P708 F250 - 600 [23-27],NPF,82,11,225,81.91,40.76,146.7,3.6
WI,P702N F150 [21-27],3C247,42,33,516,569.54,233.42,839.99,3.6
MN,U625N EXPLORER [20-27],14G371,04,45,1582,45.55,36.99,133.32,3.6
AL,P558N SUPER DUTY [17-22],19G490,42,43,2015,300.92,134.81,484.97,3.6
TN,U625N EXPLORER [20-27],19G490,42,25,522,279.66,137.18,493.66,3.6
CA,CX482N ESCAPE [20-26],NPF,42,17,715,111.91,52.21,187.7,3.6
AZ,P702N F150 [21-27],14G670,04,10,220,109.2,89.21,320.81,3.6
NC,CX430N C-SUV [21-27],8501,42,15,264,566.6,367.8,1319.75,3.59
MO,P552N F-150 [15-20],14G371,42,8,146,326.2,123.36,442.84,3.59
WA,P558N SUPER DUTY [17-22],6731,82,26,798,111.6,58.34,209.36,3.59
OK,P558N SUPER DUTY [17-22],19703,42,8,126,931.66,429.65,1540.95,3.59
MO,U625N EXPLORER [20-27],18124,42,24,504,390.67,169.41,608.15,3.59
MO,U625N EXPLORER [20-27],12A650,04,15,249,41.82,36.01,129.29,3.59
CA,CX482N ESCAPE [20-26],DIAG,82,7,114,147.74,49.84,178.82,3.59
AZ,U625N EXPLORER [20-27],7865500,42,18,559,312.16,145.67,522.84,3.59
TX,P702N F150 [21-27],17508,42,24,348,175.13,110.52,396.14,3.58
CA,P558N SUPER DUTY [17-22],6500,42,7,101,8640.35,3328.22,11924.79,3.58
FL,CX482N ESCAPE [20-26],NPF,42,13,420,90.85,46.38,166.17,3.58
FL,CX483N CORSAIR [20-26],19G490,42,21,570,231.74,153.94,550.81,3.58
VA,P702N F150 [21-27],14G490,04,8,131,46.8,38.55,138.06,3.58
PA,U625N EXPLORER [20-27],NPF,82,20,504,69.85,37.63,134.73,3.58
NH,P702N F150 [21-27],RECAL,04,12,254,76.64,37.87,135.6,3.58
CA,U625N EXPLORER [20-27],FRONT,82,9,855,61.34,61.34,218.77,3.57
NJ,P558N SUPER DUTY [17-22],12286,42,12,174,169.0,103.39,369.05,3.57
CA,U553N EXPEDITION [18-24],14G371,42,7,114,283.14,153.61,547.62,3.57
CA,U625N EXPLORER [20-27],10B690,42,9,179,2219.41,788.66,2815.86,3.57
TX,P558N SUPER DUTY [17-22],78218A42,69,6,241,219.8,99.92,356.71,3.57
NV,P558N SUPER DUTY [17-22],7A100,42,5,97,396.21,271.62,969.45,3.57
UT,P558N SUPER DUTY [17-22],RENTAL,82,8,262,321.17,119.9,428.22,3.57
SC,C346N FOCUS [12-18],9D289,42,21,394,105.93,75.47,269.6,3.57
TX,U625N EXPLORER [20-27],7862187,33,42,816,73.33,42.39,151.2,3.57
MO,U625N EXPLORER [20-27],14G371,42,14,280,556.21,193.28,688.5,3.56
IA,P708 F250 - 600 [23-27],RENTAL,82,6,84,96.35,64.23,228.38,3.56
KY,CX430N C-SUV [21-27],2C150,42,16,309,87.05,57.5,204.67,3.56
FL,U502N EXPLORER [11-19],6038,42,19,384,230.97,167.97,597.34,3.56
IA,P552N F-150 [15-20],RENTAL,82,13,302,128.47,64.23,228.38,3.56
SC,U625N EXPLORER [20-27],1A189,42,16,321,176.06,93.87,334.57,3.56
WI,P558N SUPER DUTY [17-22],19G490,42,34,584,311.49,130.1,461.64,3.55
OH,P708 F250 - 600 [23-27],NPF,82,16,333,107.35,47.63,169.15,3.55
CA,P708 F250 - 600 [23-27],RECALEM,04,40,558,88.85,48.9,173.71,3.55
WI,P702N F150 [21-27],RECAL,04,55,1081,91.21,44.38,157.39,3.55
NY,U611N AVIATOR [20-27],19G490,42,15,426,244.21,139.21,494.26,3.55
NC,P552N F-150 [15-20],9C888,42,27,529,472.95,183.19,649.9,3.55
AL,U554N NAVIGATOR [18-24],19G490,42,9,194,341.39,163.97,582.23,3.55
ID,P702N F150 [21-27],14G670,04,5,115,258.27,81.98,291.19,3.55
AR,V363N TRANSIT [14-27],6714,82,5,106,70.34,46.36,164.72,3.55
CA,P702N F150 [21-27],NPF,42,60,3904,94.21,53.51,189.99,3.55
FL,U625N EXPLORER [20-27],14529,42,73,1889,107.6,45.53,161.32,3.54
GA,U625N EXPLORER [20-27],14529,42,25,412,104.42,44.66,158.12,3.54
TX,U502N EXPLORER [11-19],14B686,X4,64,1228,189.91,128.59,455.33,3.54
MI,P758N C-PICKUP [22-27],NPF,82,10,170,74.19,39.3,139.21,3.54
NV,P702N F150 [21-27],14G371,04,5,264,237.75,195.77,692.72,3.54
OH,P552N F-150 [15-20],2200,30,5,79,235.42,129.49,457.91,3.54
MO,U553N EXPEDITION [18-24],NPF,42,8,159,73.88,43.79,154.82,3.54
TX,U554N NAVIGATOR [18-24],19A387,42,13,342,165.56,81.9,290.07,3.54
NY,CX483N CORSAIR [20-26],6731,82,6,107,96.31,49.94,176.97,3.54
FL,U625N EXPLORER [20-27],RECAL,04,5,71,110.41,48.85,172.86,3.54
OH,U625N EXPLORER [20-27],1A189,42,55,1452,180.39,85.8,302.89,3.53
MI,CX430N C-SUV [21-27],48H6,42,22,332,288.77,117.05,413.28,3.53
WV,P558N SUPER DUTY [17-22],6731,82,9,211,111.17,55.5,195.64,3.53
CA,P558N SUPER DUTY [17-22],19G490,42,125,4535,342.91,143.22,504.98,3.53
CA,U502N EXPLORER [11-19],65,63,15,510,63.45,50.72,178.9,3.53
MD,U625N EXPLORER [20-27],RECALEM,04,5,91,53.48,47.05,165.94,3.53
PA,U502N EXPLORER [11-19],65,42,19,287,58.99,39.43,139.06,3.53
CA,P702N F150 [21-27],6714,82,57,2149,83.22,46.61,164.01,3.52
FL,CX727N MACH-E [21-26],10B689,04,76,3161,86.43,63.95,224.82,3.52
FL,U228N NAVIGATOR [03-17],RENTAL,82,11,199,154.16,82.08,289.05,3.52
MD,P702N F150 [21-27],14G647,04,26,826,183.04,70.92,249.72,3.52
FL,U625N EXPLORER [20-27],14G371,04,96,6531,51.57,36.54,128.47,3.52
CA,V363N TRANSIT [14-27],10B687,04,14,227,60.33,38.65,136.12,3.52
NC,P552N F-150 [15-20],3C247,D4,9,158,518.8,190.51,670.01,3.52
MA,P702N F150 [21-27],RECAL,04,21,432,94.93,45.75,160.87,3.52
FL,P702N F150 [21-27],9943300,42,14,206,260.47,119.71,421.3,3.52
NY,S550N MUSTANG [15-23],9G297,42,6,64,236.79,108.51,382.07,3.52
MA,U625N EXPLORER [20-27],19G490,42,16,236,203.75,146.12,513.17,3.51
UT,P702N F150 [21-27],14G490,04,7,133,53.38,45.68,160.13,3.51
NJ,U625N EXPLORER [20-27],14529,42,43,950,101.98,51.41,180.41,3.51
IL,P552N F-150 [15-20],6M280,42,28,464,409.37,257.01,902.68,3.51
MO,CX482N ESCAPE [20-26],7P238,42,8,124,237.25,122.88,431.8,3.51
AL,P552N F-150 [15-20],7902,42,9,199,1530.03,940.8,3302.28,3.51
CO,P702N F150 [21-27],10849,42,5,66,686.39,365.41,1281.69,3.51
UT,P558N SUPER DUTY [17-22],78218A42,69,8,738,415.05,228.33,801.36,3.51
TX,C489N MKC [15-19],48H6,42,18,608,93.92,65.87,230.24,3.5
NC,P552N F-150 [15-20],5E212,55,26,756,1243.33,587.52,2057.33,3.5
NH,U725N BRONCO [21-26],RENTAL,82,6,104,160.58,57.1,199.84,3.5
CA,CX727N MACH-E [21-26],19H406,42,8,147,466.51,340.33,1192.56,3.5
NJ,CDX707A NAUTILUS [23-26],RENTAL,82,10,668,128.47,64.23,224.82,3.5
FL,CX483N CORSAIR [20-26],RENTAL,82,28,6595,128.47,64.23,224.82,3.5
OH,CX483N CORSAIR [20-26],RENTAL,82,12,2383,128.47,64.23,224.82,3.5
MI,U502N EXPLORER [11-19],14B686,X4,62,1518,162.33,128.36,449.32,3.5
PA,U625N EXPLORER [20-27],1A189,42,60,1631,177.64,109.77,383.64,3.5
WA,P702N F150 [21-27],RENTAL,82,25,1870,171.29,96.35,337.58,3.5
NY,P702N F150 [21-27],4676,42,7,106,323.43,141.78,496.51,3.5
SC,U502N EXPLORER [11-19],65,42,8,130,64.23,41.42,145.03,3.5
NJ,U554N NAVIGATOR [18-24],RENTAL,82,13,2243,192.7,102.77,359.7,3.5
IL,CDX707A NAUTILUS [23-26],RENTAL,82,7,487,96.35,64.23,224.82,3.5
OH,C520N ESCAPE [13-19],6731,82,5,66,50.97,36.23,126.8,3.5
NJ,P708 F250 - 600 [23-27],RENTAL,82,13,328,160.58,85.64,299.75,3.5
TN,U553N EXPEDITION [18-24],7H351,42,11,295,2556.7,1334.75,4673.73,3.5
NC,U540N MKX [16-23],RENTAL,82,7,371,128.47,64.23,224.82,3.5
FL,U625N EXPLORER [20-27],3A427,01,7,202,268.19,148.1,518.83,3.5
AL,P558N SUPER DUTY [17-22],6731,82,14,338,106.98,62.66,219.35,3.5
MA,CX483N CORSAIR [20-26],14G371,04,5,101,74.61,52.57,184.01,3.5
WA,CX430N C-SUV [21-27],RENTAL,82,16,432,142.74,57.1,199.84,3.5
MA,U540N MKX [16-23],RENTAL,82,6,726,96.35,64.23,224.82,3.5
FL,U553N EXPEDITION [18-24],5E212,42,72,1942,971.96,523.03,1826.72,3.49
MI,U625N EXPLORER [20-27],7811782,42,9,222,132.18,64.34,224.58,3.49
WI,U611N AVIATOR [20-27],14G371,04,14,778,94.21,37.11,129.61,3.49
CA,P702N F150 [21-27],19G490,42,49,803,300.61,172.67,601.87,3.49
TX,V363N TRANSIT [14-27],7H351,42,18,283,2446.68,1711.06,5963.12,3.49
TN,U625N EXPLORER [20-27],18124,42,22,458,428.09,208.02,725.23,3.49
IL,CX430N C-SUV [21-27],13466,46,28,761,43.34,37.89,132.05,3.49
MI,U625N EXPLORER [20-27],10655,42,7,867,261.01,100.95,352.75,3.49
FL,P558N SUPER DUTY [17-22],2V001,82,5,80,214.07,163.21,569.25,3.49
OH,P558N SUPER DUTY [17-22],9601,82,5,131,63.48,42.35,147.6,3.49
MO,U625N EXPLORER [20-27],1A189,42,21,525,190.79,97.06,339.16,3.49
GA,P702N F150 [21-27],SERVICE,82,24,1089,35.68,35.68,124.53,3.49
TN,P552N F-150 [15-20],9C888,42,26,498,444.25,173.39,604.85,3.49
IA,U625N EXPLORER [20-27],14529,42,8,113,76.31,45.77,159.95,3.49
NY,CX727N MACH-E [21-26],14D202,B4,7,93,1168.17,481.62,1679.47,3.49
FL,CX483N CORSAIR [20-26],1A189,42,28,971,224.99,112.05,389.54,3.48
MO,P702N F150 [21-27],7A100,42,7,149,185.54,106.43,370.6,3.48
OK,P708 F250 - 600 [23-27],6731,82,8,245,92.62,46.5,161.62,3.48
NJ,V363N TRANSIT [14-27],7000,42,24,545,4486.88,1667.95,5808.06,3.48
WA,V363N TRANSIT [14-27],9961711,01,8,272,773.0,392.21,1365.53,3.48
FL,P702N F150 [21-27],NPF,82,26,971,97.45,48.17,167.72,3.48
LA,U625N EXPLORER [20-27],19G490,42,20,369,189.58,117.03,407.69,3.48
CA,CD539N EDGE [15-24],7A100,42,7,95,3572.14,1998.03,6957.7,3.48
VA,P702N F150 [21-27],14G371,42,9,165,234.16,90.88,315.88,3.48
AZ,V363N TRANSIT [14-27],6714,82,16,767,63.37,45.08,156.99,3.48
FL,CX483N CORSAIR [20-26],18125,42,12,225,282.57,230.2,800.31,3.48
TX,U625N EXPLORER [20-27],4A015,D8,18,282,846.01,380.33,1318.25,3.47
TN,P558N SUPER DUTY [17-22],6731,82,16,706,71.67,53.71,186.62,3.47
NY,U625N EXPLORER [20-27],3A428,42,40,1252,378.58,167.92,582.66,3.47
IN,P552N F-150 [15-20],14G371,42,5,96,111.63,97.05,337.02,3.47
CA,CD539N EDGE [15-24],7902,42,43,865,3592.53,1814.35,6297.24,3.47
OH,P702N F150 [21-27],3C247,42,19,266,509.94,228.86,793.26,3.47
NY,CX483N CORSAIR [20-26],1A189,42,12,287,251.13,145.58,504.85,3.47
FL,U625N EXPLORER [20-27],3A427,D8,17,441,290.68,136.72,475.01,3.47
WV,U625N EXPLORER [20-27],RENTAL,82,8,199,228.38,82.33,285.48,3.47
MN,P702N F150 [21-27],NPF,42,31,1124,69.92,49.28,171.0,3.47
FL,U553N EXPEDITION [18-24],7902,42,10,149,4076.83,1896.52,6585.53,3.47
CA,U502N EXPLORER [11-19],FRONT,82,9,463,61.34,61.34,212.99,3.47
FL,CX483N CORSAIR [20-26],19893,42,6,86,291.73,105.7,365.87,3.46
NC,U625N EXPLORER [20-27],14529,42,23,362,98.95,45.17,156.34,3.46
FL,U611N AVIATOR [20-27],3A427,42,11,220,440.64,282.35,976.88,3.46
VA,U502N EXPLORER [11-19],2V200,30,6,135,265.14,105.39,364.75,3.46
CA,P702N F150 [21-27],INSPECT,82,7,97,139.17,92.75,321.17,3.46
FL,U625N EXPLORER [20-27],7Z490,42,7,84,1621.09,660.25,2283.53,3.46
NY,U625N EXPLORER [20-27],14529,42,44,970,97.63,46.62,160.7,3.45
OH,U625N EXPLORER [20-27],14529,42,43,654,91.5,45.1,155.42,3.45
GA,P702N F150 [21-27],RECALEM,04,25,403,63.06,43.08,148.77,3.45
TX,P702N F150 [21-27],NPF,42,27,466,80.93,37.47,129.11,3.45
FL,U625N EXPLORER [20-27],NPF,42,22,713,95.29,51.37,177.19,3.45
NY,P702N F150 [21-27],14529,42,43,726,116.58,62.6,216.12,3.45
MI,P702N F150 [21-27],17508,42,15,224,168.93,85.64,295.14,3.45
NY,P558N SUPER DUTY [17-22],65,42,25,449,220.33,131.14,451.96,3.45
MD,CX482N ESCAPE [20-26],14G371,04,8,150,52.57,42.72,147.48,3.45
AZ,P702N F150 [21-27],RECALEM,04,13,242,118.47,58.52,201.78,3.45
WI,P552N F-150 [15-20],3C247,42,42,816,468.7,274.65,945.33,3.44
MO,CX430N C-SUV [21-27],8501,D8,42,1349,571.76,303.07,1043.51,3.44
CA,V363N TRANSIT [14-27],19805,42,46,1619,307.21,181.04,622.78,3.44
CO,P558N SUPER DUTY [17-22],7A100,49,5,91,811.34,279.43,960.61,3.44
GA,D544N CONTINENTAL [17-20],94RH7,42,5,73,82.8,64.62,222.45,3.44
WA,U540N MKX [16-23],RENTAL,82,5,184,128.47,64.23,221.17,3.44
OK,ECONOLINE [97-27],6731,82,8,312,55.64,40.93,140.78,3.44
LA,P552N F-150 [15-20],RENTAL,82,14,494,171.29,99.92,342.58,3.43
MS,P552N F-150 [15-20],RENTAL,82,6,90,224.82,124.9,428.22,3.43
NY,P552N F-150 [15-20],NPF,82,5,76,49.11,39.03,133.95,3.43
TX,P708 F250 - 600 [23-27],SERVICE,82,40,828,89.21,35.68,122.41,3.43
TX,P552N F-150 [15-20],6K682,42,14,171,1381.54,833.21,2855.45,3.43
MO,B515A ECOSPORT INDIA [13-22],RENTAL,82,8,181,285.48,249.8,856.44,3.43
WI,P702N F150 [21-27],NPF,82,43,1290,69.94,38.34,131.44,3.43
MD,V363N TRANSIT [14-27],RENTAL,82,5,246,321.17,124.9,428.22,3.43
IN,P708 F250 - 600 [23-27],RENTAL,82,12,287,214.11,124.9,428.22,3.43
MI,U611N AVIATOR [20-27],6731,82,10,185,78.81,53.53,183.42,3.43
UT,U502N EXPLORER [11-19],78551A46,33,14,728,56.23,42.57,145.56,3.42
NM,P552N F-150 [15-20],SERVICE,82,5,188,35.68,35.68,121.97,3.42
VA,V363N TRANSIT [14-27],6714,82,12,314,58.08,45.07,154.08,3.42
NY,P558N SUPER DUTY [17-22],NPF,82,14,292,59.52,41.59,142.2,3.42
MN,CX430N C-SUV [21-27],8501,D8,27,933,897.66,385.82,1317.73,3.42
FL,U553N EXPEDITION [18-24],48H6,42,56,1559,312.59,178.13,609.21,3.42
NJ,P702N F150 [21-27],NPF,82,13,702,85.64,48.49,165.94,3.42
TX,U553N EXPEDITION [18-24],14G371,42,48,1009,155.86,93.84,321.17,3.42
CA,U625N EXPLORER [20-27],7865500,42,32,708,288.71,184.29,629.63,3.42
CA,P758N C-PICKUP [22-27],3B437,42,42,875,626.58,317.04,1083.51,3.42
WA,U625N EXPLORER [20-27],RENTAL,82,23,1021,171.29,94.03,321.17,3.42
NH,P558N SUPER DUTY [17-22],65,42,8,102,206.49,76.64,261.06,3.41
FL,U502N EXPLORER [11-19],19703,42,21,383,829.6,378.02,1290.82,3.41
FL,P702N F150 [21-27],14529,42,84,2696,131.71,54.13,184.39,3.41
MN,U625N EXPLORER [20-27],1A189,42,18,384,301.99,121.75,414.65,3.41
CA,V363N TRANSIT [14-27],15K601,42,10,331,189.93,124.9,425.29,3.41
FL,U554N NAVIGATOR [18-24],19893,42,13,223,165.55,76.98,262.48,3.41
CA,V363N TRANSIT [14-27],14611B09,42,7,676,422.17,166.25,567.29,3.41
NH,P552N F-150 [15-20],5E212,55,5,76,1332.49,588.27,1997.99,3.4
IN,P558N SUPER DUTY [17-22],19G490,42,46,1015,301.15,123.36,419.83,3.4
NJ,V363N TRANSIT [14-27],9U433,42,5,121,1580.47,1080.73,3671.42,3.4
AZ,CX430N C-SUV [21-27],2C150,42,18,477,120.2,77.93,264.61,3.4
AZ,P702N F150 [21-27],6731,82,8,390,64.03,48.28,164.13,3.4
TX,P558N SUPER DUTY [17-22],14A068,42,110,2200,294.02,147.49,502.02,3.4
NY,P558N SUPER DUTY [17-22],5J249,42,38,778,316.53,185.93,631.48,3.4
NC,P702N F150 [21-27],SERVICE,82,29,5835,35.68,35.68,121.29,3.4
CA,U553N EXPEDITION [18-24],8501,D8,15,221,486.21,180.82,614.1,3.4
TX,P702N F150 [21-27],14D212,42,12,307,249.8,107.77,366.13,3.4
FL,C520N ESCAPE [13-19],SERVICE,82,6,178,35.68,35.68,121.29,3.4
CA,U625N EXPLORER [20-27],DIAG,42,17,307,113.24,53.51,181.95,3.4
MI,CX482N ESCAPE [20-26],14529,42,38,871,96.59,47.64,161.72,3.39
NE,P702N F150 [21-27],14G371,42,6,95,246.67,84.91,287.76,3.39
CA,U725N BRONCO [21-26],NPF,42,21,844,104.19,56.03,189.99,3.39
OH,U611N AVIATOR [20-27],6731,82,5,112,96.76,67.87,230.33,3.39
NY,V408E TRANSIT CONNECT [13-24],7000,42,6,149,6469.46,2471.52,8376.18,3.39
MD,V363N TRANSIT [14-27],2200,30,5,89,393.98,183.56,621.36,3.39
TX,U625N EXPLORER [20-27],1A189,42,62,1397,147.5,87.24,295.49,3.39
MI,CX430N C-SUV [21-27],13466,46,12,254,62.36,38.56,130.57,3.39
AL,P702N F150 [21-27],RENTAL,82,20,2571,230.53,114.19,385.4,3.38
SC,B515A ECOSPORT INDIA [13-22],RENTAL,82,6,137,321.17,285.48,963.5,3.38
UT,P552N F-150 [15-20],7A100,42,12,308,841.69,719.56,2428.93,3.38
OH,P558N SUPER DUTY [17-22],19G490,42,67,1550,293.3,113.86,384.76,3.38
GA,P702N F150 [21-27],NPF,42,22,691,92.04,46.39,156.59,3.38
FL,U554N NAVIGATOR [18-24],14A068,42,5,75,90.12,80.95,273.3,3.38
CO,P708 F250 - 600 [23-27],RENTAL,82,9,226,174.86,114.19,385.4,3.38
AR,U553N EXPEDITION [18-24],RENTAL,82,9,300,171.29,85.64,289.05,3.38
TX,U611N AVIATOR [20-27],1A189,42,24,1396,184.26,101.02,341.62,3.38
OH,U502N EXPLORER [11-19],RENTAL,82,7,100,171.42,85.64,289.05,3.38
AL,P708 F250 - 600 [23-27],RENTAL,82,12,489,214.11,114.19,385.4,3.38
ID,P552N F-150 [15-20],3C247,D4,6,227,178.78,147.29,496.98,3.37
AZ,P558N SUPER DUTY [17-22],9N184,82,5,114,153.02,140.13,472.22,3.37
GA,P552N F-150 [15-20],SERVICE,82,10,248,35.68,35.68,120.27,3.37
IL,P558N SUPER DUTY [17-22],19G490,42,44,789,359.67,146.16,492.87,3.37
PA,CX430N C-SUV [21-27],8501,D8,96,3764,561.03,332.03,1117.84,3.37
IL,U502N EXPLORER [11-19],1A189,42,19,302,183.27,124.83,420.75,3.37
PA,CD539N EDGE [15-24],7902,42,35,619,2298.36,1519.32,5116.14,3.37
GA,CX482N ESCAPE [20-26],7820124,61,7,412,351.15,219.69,739.83,3.37
WA,P758N C-PICKUP [22-27],NPF,82,8,172,82.11,42.88,144.37,3.37
CA,P558N SUPER DUTY [17-22],3A131,42,6,152,451.62,315.13,1059.32,3.36
CA,P708 F250 - 600 [23-27],DIAG,82,7,100,157.41,80.15,269.24,3.36
CA,P473N SUPER DUTY [11-16],2001,82,5,98,491.62,279.78,939.62,3.36
LA,P702N F150 [21-27],14G647,04,12,212,223.87,90.97,306.03,3.36
FL,U611N AVIATOR [20-27],10B687,04,6,90,53.32,41.47,139.24,3.36
NJ,U625N EXPLORER [20-27],18124,42,26,501,386.44,246.88,830.65,3.36
OK,U554N NAVIGATOR [18-24],19G490,42,8,333,318.58,156.71,527.1,3.36
AR,CDX707A NAUTILUS [23-26],DELIVERY,82,5,198,49.96,39.25,132.03,3.36
CA,U611N AVIATOR [20-27],1A189,42,23,529,235.24,130.21,435.96,3.35
IL,CX430N C-SUV [21-27],NPF,42,5,82,68.94,48.0,160.67,3.35
GA,U502N EXPLORER [11-19],65,42,22,408,56.56,44.45,148.79,3.35
WV,P552N F-150 [15-20],6714,82,5,104,67.84,48.2,161.54,3.35
PA,CX430N C-SUV [21-27],8501,D1,8,289,600.87,401.24,1344.35,3.35
MS,P702N F150 [21-27],14G647,42,8,109,709.42,302.86,1013.71,3.35
FL,U625N EXPLORER [20-27],7A100,04,14,310,192.66,103.1,345.3,3.35
NC,U625N EXPLORER [20-27],1A189,42,32,726,176.46,92.72,310.78,3.35
IL,U611N AVIATOR [20-27],14G371,04,29,2058,125.96,53.36,178.59,3.35
CO,U553N EXPEDITION [18-24],7Z490,42,7,109,736.65,663.49,2219.91,3.35
GA,P558N SUPER DUTY [17-22],NPF,42,5,95,88.9,41.34,138.69,3.35
CA,U502N EXPLORER [11-19],SERVICE,82,7,200,79.18,35.68,119.72,3.35
WA,P702N F150 [21-27],14G647,42,14,251,846.22,355.47,1189.82,3.35
NY,CX482N ESCAPE [20-26],RECALEM,04,10,142,53.46,42.69,142.58,3.34
CA,P702N F150 [21-27],14401,X2,6,139,166.22,134.34,448.57,3.34
CA,CX482N ESCAPE [20-26],SERVICE,82,24,642,35.68,35.68,119.12,3.34
NC,P552N F-150 [15-20],2V200,30,5,101,115.03,61.19,204.09,3.34
CT,P558N SUPER DUTY [17-22],7000,42,5,83,5133.33,2735.76,9144.28,3.34
IN,P708 F250 - 600 [23-27],NPF,82,6,103,72.4,47.2,157.47,3.34
IN,P702N F150 [21-27],NPF,82,15,421,76.61,47.2,157.47,3.34
AZ,P708 F250 - 600 [23-27],6731,82,5,142,137.69,62.7,209.52,3.34
WI,V363N TRANSIT [14-27],48H6,42,12,598,292.82,142.23,474.64,3.34
NJ,CX482N ESCAPE [20-26],RENTAL,82,33,1358,160.58,96.35,321.17,3.33
MN,U625N EXPLORER [20-27],7B215,D8,22,608,345.54,173.75,578.6,3.33
WA,P558N SUPER DUTY [17-22],RENTAL,82,18,538,174.86,96.35,321.17,3.33
MN,CX482N ESCAPE [20-26],RENTAL,82,19,1149,160.58,85.64,285.48,3.33
MO,U725N BRONCO [21-26],RENTAL,82,14,369,149.88,85.64,285.48,3.33
CA,C520N ESCAPE [13-19],RENTAL,82,63,1707,285.48,171.29,570.96,3.33
NH,P702N F150 [21-27],RENTAL,82,9,481,171.29,85.64,285.48,3.33
TX,CD539N EDGE [15-24],RENTAL,82,46,1216,249.8,96.35,321.17,3.33
CA,P552N F-150 [15-20],2V200,30,43,1396,238.22,133.72,445.1,3.33
MN,U625N EXPLORER [20-27],3D102,42,15,282,1189.37,572.2,1905.36,3.33
IN,P375N RANGER [19-23],RENTAL,82,7,113,228.38,85.64,285.48,3.33
SC,U625N EXPLORER [20-27],RENTAL,82,18,829,192.7,85.64,285.48,3.33
TX,CD533N MKZ [13-20],RENTAL,82,11,1014,224.82,96.35,321.17,3.33
WA,CX482N ESCAPE [20-26],RENTAL,82,17,497,160.58,85.64,285.48,3.33
OH,CD391N FUSION [13-20],RENTAL,82,17,269,249.8,96.35,321.17,3.33
FL,S650N MUSTANG [24-26],RENTAL,82,47,1471,171.29,96.35,321.17,3.33
MD,CX483N CORSAIR [20-26],RENTAL,82,6,346,128.47,96.35,321.17,3.33
GA,U540N MKX [16-23],RENTAL,82,7,493,160.58,96.35,321.17,3.33
TX,CX483N CORSAIR [20-26],RENTAL,82,23,4115,160.58,96.35,321.17,3.33
AL,S650N MUSTANG [24-26],RENTAL,82,7,121,128.47,85.64,285.48,3.33
VA,S550N MUSTANG [15-23],RENTAL,82,11,282,171.29,96.35,321.17,3.33
PA,P375N RANGER [19-23],RENTAL,82,16,221,149.88,85.64,285.48,3.33
TX,P473N SUPER DUTY [11-16],ADJUST,82,5,105,155.18,110.68,369.1,3.33
WA,CX727N MACH-E [21-26],RENTAL,82,18,569,214.11,85.64,285.48,3.33
WI,CX727N MACH-E [21-26],RENTAL,82,11,161,135.6,96.35,321.17,3.33
NY,U611N AVIATOR [20-27],RENTAL,82,16,2779,128.47,96.35,321.17,3.33
IL,CD539N EDGE [15-24],RENTAL,82,22,467,174.86,96.35,321.17,3.33
FL,U725N BRONCO [21-26],RENTAL,82,72,4674,171.29,96.35,321.17,3.33
AZ,C346N FOCUS [12-18],RENTAL,82,7,187,713.7,256.93,856.44,3.33
CA,U611N AVIATOR [20-27],RENTAL,82,27,5381,192.7,96.35,321.17,3.33
VA,CD391N FUSION [13-20],90T5,42,13,212,96.69,49.39,164.54,3.33
KY,U553N EXPEDITION [18-24],RENTAL,82,7,168,199.84,85.64,285.48,3.33
KS,U725N BRONCO [21-26],RENTAL,82,7,211,171.29,96.35,321.17,3.33
NY,CX483N CORSAIR [20-26],RENTAL,82,15,2541,128.47,96.35,321.17,3.33
VA,S650N MUSTANG [24-26],RENTAL,82,7,96,256.93,96.35,321.17,3.33
KY,P702N F150 [21-27],RENTAL,82,17,782,214.11,128.47,428.22,3.33
OR,U625N EXPLORER [20-27],RENTAL,82,11,496,199.84,96.35,321.17,3.33
SC,CX483N CORSAIR [20-26],RENTAL,82,5,612,192.7,96.35,321.17,3.33
MO,P558N SUPER DUTY [17-22],RENTAL,82,12,359,199.84,128.47,428.22,3.33
CA,P703N RANGER [24-26],RENTAL,82,16,266,224.82,96.35,321.17,3.33
NC,CD539N EDGE [15-24],RENTAL,82,15,206,199.84,85.64,285.48,3.33
SC,U553N EXPEDITION [18-24],RENTAL,82,15,586,249.8,128.47,428.22,3.33
KS,CX430N C-SUV [21-27],RENTAL,82,8,241,160.58,96.35,321.17,3.33
SC,P558N SUPER DUTY [17-22],RENTAL,82,7,185,171.29,96.35,321.17,3.33
NY,CX727N MACH-E [21-26],RENTAL,82,34,827,149.88,85.64,285.48,3.33
KS,P552N F-150 [15-20],RENTAL,82,11,327,188.36,128.47,428.22,3.33
MO,CX482N ESCAPE [20-26],RENTAL,82,20,949,171.29,85.64,285.48,3.33
MD,C489N MKC [15-19],RENTAL,82,5,176,160.58,96.35,321.17,3.33
MD,U540N MKX [16-23],RENTAL,82,5,340,160.58,96.35,321.17,3.33
WA,U553N EXPEDITION [18-24],RENTAL,82,16,375,214.11,85.64,285.48,3.33
NC,P758N C-PICKUP [22-27],RENTAL,82,7,100,128.47,96.35,321.17,3.33
NY,U502N EXPLORER [11-19],RENTAL,82,8,126,171.29,85.64,285.48,3.33
CA,S550N MUSTANG [15-23],14G371,04,20,243,63.68,41.73,138.74,3.32
NJ,U611N AVIATOR [20-27],NPF,82,8,415,80.76,49.97,165.94,3.32
CA,D471N FLEX [09-19],RENTAL,82,9,146,282.63,118.3,392.54,3.32
NJ,U540N MKX [16-23],NPF,82,6,217,81.75,49.97,165.94,3.32
OH,CD539N EDGE [15-24],7902,42,29,556,2160.16,1588.34,5271.24,3.32
NC,P702N F150 [21-27],12A650,04,18,397,49.96,37.75,125.45,3.32
IL,U625N EXPLORER [20-27],1A189,42,58,1664,237.35,124.58,413.46,3.32
IN,U625N EXPLORER [20-27],19G490,42,12,435,222.69,140.24,465.08,3.32
WI,U625N EXPLORER [20-27],NPF,82,18,328,77.99,38.59,128.04,3.32
OK,P702N F150 [21-27],14G670,04,6,146,107.77,78.0,258.92,3.32
NY,P708 F250 - 600 [23-27],NPF,82,17,472,71.91,37.28,123.23,3.31
MI,CD539N EDGE [15-24],7902,42,54,1227,2266.43,1317.07,4353.08,3.31
PA,CDX707A NAUTILUS [23-26],NPF,82,6,142,46.08,37.29,123.31,3.31
UT,P702N F150 [21-27],14G670,04,5,90,97.3,93.14,308.32,3.31
FL,CD539N EDGE [15-24],6731,82,30,702,58.58,43.51,143.97,3.31
NY,P558N SUPER DUTY [17-22],RECALEM,04,26,425,62.95,38.48,127.35,3.31
AR,C346N FOCUS [12-18],9D289,42,10,179,97.02,80.83,267.67,3.31
FL,U611N AVIATOR [20-27],1A189,42,26,1307,205.82,128.89,427.21,3.31
CA,P702N F150 [21-27],13466,46,5,70,51.84,37.53,124.33,3.31
AL,P702N F150 [21-27],14G371,42,9,187,250.51,168.03,556.69,3.31
FL,CD391N FUSION [13-20],7S004,39,46,795,85.14,41.75,138.09,3.31
CA,P558N SUPER DUTY [17-22],65,28,6,152,208.46,79.88,264.58,3.31
OH,P708 F250 - 600 [23-27],14B291,42,5,71,187.27,81.95,270.63,3.3
LA,P552N F-150 [15-20],6714,82,7,199,81.83,63.52,209.56,3.3
UT,P552N F-150 [15-20],3C247,42,12,312,450.12,201.71,665.7,3.3
OH,U625N EXPLORER [20-27],3A427,D8,23,434,264.55,212.2,700.73,3.3
OH,P708 F250 - 600 [23-27],NPF,42,9,193,80.61,50.32,166.3,3.3
MI,P702N F150 [21-27],RECALEM,04,39,799,62.93,37.31,122.81,3.29
TX,CD391N FUSION [13-20],7902,42,14,221,2501.94,992.27,3261.2,3.29
TX,P558N SUPER DUTY [17-22],14G371,42,72,1526,146.13,75.03,247.0,3.29
LA,P702N F150 [21-27],19G490,42,10,118,225.86,108.52,356.94,3.29
CA,CX430N C-SUV [21-27],13466,42,42,1101,42.96,35.86,118.01,3.29
NC,U625N EXPLORER [20-27],3D102,42,11,179,843.1,412.33,1354.97,3.29
NY,P702N F150 [21-27],RECALEM,04,26,398,66.21,46.44,152.74,3.29
TX,P702N F150 [21-27],18808,42,36,657,141.53,74.67,245.53,3.29
MA,P552N F-150 [15-20],6714,82,6,115,65.57,43.53,143.11,3.29
CA,U502N EXPLORER [11-19],2200,82,7,319,205.82,126.94,418.24,3.29
CA,P558N SUPER DUTY [17-22],16720,39,32,566,275.64,110.16,361.46,3.28
TX,P708 F250 - 600 [23-27],19G490,42,18,249,265.57,161.7,530.37,3.28
CA,U625N EXPLORER [20-27],14529,42,76,2008,110.5,54.31,178.41,3.28
NJ,C346N FOCUS [12-18],9D289,42,32,554,114.34,91.74,301.29,3.28
NJ,P552N F-150 [15-20],78218A42,69,12,196,274.27,191.66,629.48,3.28
IA,P702N F150 [21-27],DIAG,42,6,151,75.02,41.02,134.43,3.28
CA,P558N SUPER DUTY [17-22],13466,82,5,90,95.04,50.85,166.88,3.28
IL,CD539N EDGE [15-24],14G371,42,12,188,310.53,157.73,517.3,3.28
MS,P558N SUPER DUTY [17-22],19G490,42,26,945,304.42,124.69,409.28,3.28
TX,P558N SUPER DUTY [17-22],19703,42,53,984,811.61,412.48,1352.56,3.28
CA,V363N TRANSIT [14-27],9U433,42,15,389,1820.19,1106.35,3631.31,3.28
MI,U611N AVIATOR [20-27],14G371,42,11,8176,276.1,118.41,388.72,3.28
TX,P702N F150 [21-27],10849,04,22,312,397.84,176.68,578.38,3.27
CO,U625N EXPLORER [20-27],14529,42,10,150,86.21,56.25,183.99,3.27
MI,P702N F150 [21-27],NPF,82,41,1808,71.62,40.32,132.03,3.27
VA,P552N F-150 [15-20],3C247,42,9,147,547.79,285.04,933.39,3.27
CA,P758N C-PICKUP [22-27],9J433,42,22,374,224.61,140.66,459.98,3.27
WI,CX430N C-SUV [21-27],NPF,82,9,118,66.37,44.25,144.52,3.27
TX,P702N F150 [21-27],9943300,42,28,410,112.23,89.03,291.22,3.27
FL,U540N MKX [16-23],7902,42,19,532,2272.2,1396.7,4570.23,3.27
FL,U611N AVIATOR [20-27],19A387,42,9,157,174.03,96.07,313.69,3.27
MD,P558N SUPER DUTY [17-22],19G490,42,25,724,294.42,149.56,489.24,3.27
WA,P702N F150 [21-27],SERVICE,82,5,156,35.68,35.68,116.55,3.27
TX,U554N NAVIGATOR [18-24],16A506,42,18,609,357.29,255.94,835.75,3.27
SC,P702N F150 [21-27],SERVICE,82,6,172,35.68,35.68,116.79,3.27
IL,U540N MKX [16-23],14G371,04,9,210,68.09,45.25,147.39,3.26
CA,U725N BRONCO [21-26],19G490,42,22,322,432.37,207.21,674.62,3.26
NY,U625N EXPLORER [20-27],3D102,42,33,649,740.08,453.33,1475.94,3.26
FL,P702N F150 [21-27],19G490,42,55,1131,363.81,172.26,561.72,3.26
FL,CDX707A NAUTILUS [23-26],RENTAL,82,25,3208,128.47,64.23,209.49,3.26
TN,U625N EXPLORER [20-27],1A189,42,19,387,143.32,95.18,310.35,3.26
MA,U553N EXPEDITION [18-24],5E212,42,6,76,962.97,897.44,2922.5,3.26
AZ,U502N EXPLORER [11-19],6038,42,8,330,241.52,150.91,492.4,3.26
AZ,P702N F150 [21-27],SERVICE,82,15,1083,35.68,35.68,115.98,3.25
CA,P558N SUPER DUTY [17-22],6710,D8,28,649,1768.38,1291.3,4199.24,3.25
NC,U625N EXPLORER [20-27],7862187,01,13,173,55.35,36.84,119.85,3.25
IL,P702N F150 [21-27],NPF,82,18,419,69.59,44.62,145.15,3.25
MN,U625N EXPLORER [20-27],9F598,D8,7,182,706.08,423.16,1373.18,3.25
NY,CX430N C-SUV [21-27],9D289,42,32,533,301.7,197.21,641.85,3.25
WI,B515A ECOSPORT INDIA [13-22],RENTAL,82,5,65,285.48,128.47,417.51,3.25
GA,CX482N ESCAPE [20-26],6731,82,18,329,58.74,43.89,142.45,3.25
TX,U625N EXPLORER [20-27],7862187,42,30,539,73.34,42.39,137.94,3.25
MO,P558N SUPER DUTY [17-22],14G371,42,5,56,234.24,121.69,395.66,3.25
PA,P552N F-150 [15-20],9C888,42,38,579,422.4,177.03,575.31,3.25
MO,C346N FOCUS [12-18],9D289,42,45,965,98.37,60.95,197.86,3.25
NY,CX483N CORSAIR [20-26],18125,42,9,402,336.69,150.74,489.34,3.25
MA,P552N F-150 [15-20],7H351,42,24,583,2805.71,2161.73,7001.15,3.24
MN,V363N TRANSIT [14-27],7A195,04,25,1119,39.65,35.98,116.65,3.24
OH,U625N EXPLORER [20-27],3A427,42,28,502,294.98,193.28,625.91,3.24
CA,P552N F-150 [15-20],8501,D1,13,295,452.7,184.16,597.38,3.24
TX,U725N BRONCO [21-26],NPF,82,5,89,89.63,42.89,139.13,3.24
FL,U625N EXPLORER [20-27],NPF,82,14,302,86.36,51.74,167.72,3.24
NJ,CX483N CORSAIR [20-26],NPF,82,8,416,71.53,49.97,161.71,3.24
AZ,P702N F150 [21-27],14G371,42,8,204,362.2,165.54,536.1,3.24
OK,U625N EXPLORER [20-27],3A428,42,7,145,339.31,130.13,419.79,3.23
MT,P558N SUPER DUTY [17-22],9H529,42,6,94,855.89,680.25,2195.24,3.23
NC,U625N EXPLORER [20-27],14G371,42,20,344,312.42,213.54,690.6,3.23
WV,P558N SUPER DUTY [17-22],19G490,42,14,236,223.74,97.32,314.06,3.23
NJ,C520N ESCAPE [13-19],8501,D8,6,88,857.52,348.04,1124.02,3.23
CA,U625N EXPLORER [20-27],MHT7000,42,14,303,8222.59,2841.47,9171.32,3.23
GA,P702N F150 [21-27],14G647,42,20,419,813.15,378.03,1221.0,3.23
IL,C520N ESCAPE [13-19],9D289,42,28,675,325.99,265.55,856.44,3.23
WI,U625N EXPLORER [20-27],7P155,04,5,61,101.05,50.03,161.75,3.23
CA,P558N SUPER DUTY [17-22],65,82,20,429,274.82,147.04,475.1,3.23
CA,V363N TRANSIT [14-27],2200,82,12,188,426.14,239.97,775.3,3.23
MN,P702N F150 [21-27],2005,04,5,59,151.48,94.38,304.01,3.22
NC,CD539N EDGE [15-24],7902,42,20,307,1916.58,1355.49,4366.75,3.22
MI,CX482N ESCAPE [20-26],1A189,42,55,1602,190.19,105.71,340.68,3.22
MN,P702N F150 [21-27],NPF,82,31,1048,74.94,50.12,161.4,3.22
MS,P552N F-150 [15-20],6M280,42,13,234,334.61,176.67,569.13,3.22
MN,P708 F250 - 600 [23-27],NPF,42,11,294,95.94,53.37,171.84,3.22
PA,CD533N MKZ [13-20],94RH7,42,5,91,190.76,82.85,267.04,3.22
FL,U625N EXPLORER [20-27],7862187,01,22,589,79.36,49.02,157.78,3.22
TX,P375N RANGER [19-23],6731,82,7,512,68.37,57.74,185.94,3.22
IA,CX430N C-SUV [21-27],2C150,42,6,96,111.71,85.76,276.42,3.22
AL,P702N F150 [21-27],14G490,04,6,100,69.7,44.21,142.5,3.22
IL,U540N MKX [16-23],94RH7,42,15,436,282.3,120.95,389.3,3.22
CO,P708 F250 - 600 [23-27],NPF,42,9,141,74.85,49.68,159.8,3.22
TN,U625N EXPLORER [20-27],3A427,42,12,197,242.71,166.38,533.55,3.21
NC,S550N MUSTANG [15-23],RENTAL,82,11,145,199.84,99.92,321.17,3.21
OR,CX482N ESCAPE [20-26],RENTAL,82,12,322,199.84,99.92,321.17,3.21
MD,CD539N EDGE [15-24],RENTAL,82,13,315,249.8,99.92,321.17,3.21
GA,CX482N ESCAPE [20-26],RENTAL,82,29,817,224.82,99.92,321.17,3.21
MN,P702N F150 [21-27],1654022,D4,6,104,534.73,451.04,1450.05,3.21
OR,V363N TRANSIT [14-27],48H6,42,6,491,214.57,89.83,288.56,3.21
MA,C520N ESCAPE [13-19],RENTAL,82,5,97,249.8,99.92,321.17,3.21
IL,C520N ESCAPE [13-19],RENTAL,82,14,277,206.27,99.92,321.17,3.21
OR,P702N F150 [21-27],RENTAL,82,17,1337,199.84,99.92,321.17,3.21
MD,P375N RANGER [19-23],RENTAL,82,7,115,214.11,99.92,321.17,3.21
TX,P375N RANGER [19-23],RENTAL,82,21,440,256.93,99.92,321.17,3.21
TN,P558N SUPER DUTY [17-22],1A189,42,6,75,124.21,96.87,311.15,3.21
OR,CX430N C-SUV [21-27],RENTAL,82,11,316,199.84,99.92,321.17,3.21
FL,P702N F150 [21-27],18808,42,25,379,172.39,82.2,264.21,3.21
MI,CD391N FUSION [13-20],RENTAL,82,23,667,249.8,99.92,321.17,3.21
ID,CX482N ESCAPE [20-26],RENTAL,82,5,169,192.7,99.92,321.17,3.21
ID,CX430N C-SUV [21-27],RENTAL,82,5,225,224.82,99.92,321.17,3.21
AZ,U625N EXPLORER [20-27],RENTAL,82,22,2748,171.29,99.92,321.17,3.21
CO,CX430N C-SUV [21-27],RENTAL,82,18,573,218.39,99.92,321.17,3.21
CT,P552N F-150 [15-20],RENTAL,82,5,143,214.11,99.92,321.17,3.21
MI,U554N NAVIGATOR [18-24],RENTAL,82,20,5052,160.58,99.92,321.17,3.21
VA,P702N F150 [21-27],14529,42,25,473,124.75,57.77,185.22,3.21
FL,CX727N MACH-E [21-26],RENTAL,82,68,4824,199.84,99.92,321.17,3.21
NV,P558N SUPER DUTY [17-22],6731,82,5,93,116.19,46.65,149.74,3.21
NY,U625N EXPLORER [20-27],7862187,42,12,242,86.36,51.7,165.66,3.2
AZ,P552N F-150 [15-20],7000,42,15,423,5576.74,2295.39,7355.58,3.2
FL,V363N TRANSIT [14-27],15K601,42,5,144,160.81,117.76,376.78,3.2
WI,U611N AVIATOR [20-27],RENTAL,82,9,1287,102.77,64.23,205.55,3.2
TX,CX727N MACH-E [21-26],14D202,B4,20,309,739.04,347.63,1112.32,3.2
NY,P758N C-PICKUP [22-27],NPF,82,7,97,101.61,49.7,158.98,3.2
WA,P702N F150 [21-27],NPF,82,20,1119,97.16,42.88,137.18,3.2
GA,P473N SUPER DUTY [11-16],6731,82,8,122,100.15,69.88,223.12,3.19
NJ,CX482N ESCAPE [20-26],NPF,82,8,229,76.77,50.74,161.71,3.19
NY,CX482N ESCAPE [20-26],2C026,14,7,114,347.18,160.39,511.92,3.19
NY,CX430N C-SUV [21-27],18125,42,9,141,425.82,194.57,621.44,3.19
MI,CDX707A NAUTILUS [23-26],1125,42,12,558,439.9,352.23,1123.39,3.19
CA,V363N TRANSIT [14-27],48H6,42,83,3458,279.63,127.4,406.67,3.19
TN,P702N F150 [21-27],RECALEM,04,12,182,66.34,41.32,131.66,3.19
ID,P558N SUPER DUTY [17-22],1A189,42,5,102,175.53,129.79,414.61,3.19
MO,U625N EXPLORER [20-27],19G490,42,23,410,208.43,152.79,487.35,3.19
NJ,P558N SUPER DUTY [17-22],NPF,82,5,89,105.63,50.74,161.63,3.19
WA,U502N EXPLORER [11-19],14B192,46,28,781,123.68,58.94,187.87,3.19
MN,P702N F150 [21-27],14529,42,17,302,133.25,71.26,227.57,3.19
TX,CX483N CORSAIR [20-26],14G371,42,9,195,235.46,88.74,281.96,3.18
MI,U540N MKX [16-23],14G371,04,11,438,87.77,45.61,144.97,3.18
GA,U625N EXPLORER [20-27],1A189,42,31,880,166.38,82.89,263.61,3.18
FL,U611N AVIATOR [20-27],3A428,42,13,335,478.27,271.94,864.83,3.18
MN,U625N EXPLORER [20-27],2C219,04,9,158,59.41,41.91,133.32,3.18
NC,P552N F-150 [15-20],6731,82,7,159,59.89,47.56,151.13,3.18
MI,CX482N ESCAPE [20-26],12029,42,25,402,193.08,96.24,305.63,3.18
CT,U554N NAVIGATOR [18-24],DELIVERY,82,5,506,71.37,39.25,124.9,3.18
NY,P558N SUPER DUTY [17-22],3304,33,6,85,408.32,269.25,856.74,3.18
FL,U625N EXPLORER [20-27],14D212,42,6,107,200.98,126.68,402.35,3.18
NJ,U625N EXPLORER [20-27],14D212,42,5,93,128.83,97.53,310.38,3.18
NC,P558N SUPER DUTY [17-22],5L248,42,16,229,266.42,196.75,625.61,3.18
CA,P758N C-PICKUP [22-27],RECALEM,04,95,2468,99.8,47.32,150.16,3.17
SC,P552N F-150 [15-20],RENTAL,82,15,508,256.93,134.89,428.22,3.17
FL,U554N NAVIGATOR [18-24],13A565,D8,5,73,852.56,596.63,1889.89,3.17
IL,P708 F250 - 600 [23-27],NPF,42,8,161,70.04,52.71,167.09,3.17
OK,P702N F150 [21-27],14G647,04,15,283,111.69,80.08,253.58,3.17
FL,U611N AVIATOR [20-27],78519A70,42,26,984,569.03,310.43,982.81,3.17
FL,V363N TRANSIT [14-27],9U433,42,13,201,1472.6,1045.22,3308.6,3.17
CA,C520N ESCAPE [13-19],48H6,42,11,164,113.91,95.42,302.87,3.17
PA,P552N F-150 [15-20],7902,42,5,65,1743.04,1214.61,3848.73,3.17
NC,P552N F-150 [15-20],2200,30,6,131,173.41,83.61,265.43,3.17
CA,U625N EXPLORER [20-27],18125,42,20,459,252.03,151.44,479.71,3.17
MI,U540N MKX [16-23],6731,82,8,214,67.77,53.53,169.72,3.17
NC,C346N FOCUS [12-18],9D289,42,46,997,104.24,81.78,259.58,3.17
IL,U502N EXPLORER [11-19],6714,82,5,76,103.86,58.49,185.09,3.16
OK,CX430N C-SUV [21-27],8501,D8,21,785,567.28,468.34,1478.16,3.16
IA,P552N F-150 [15-20],6714,82,14,364,53.42,42.3,133.74,3.16
WI,U625N EXPLORER [20-27],19G490,*,7,162,246.07,98.08,309.55,3.16
IL,U625N EXPLORER [20-27],NPF,82,14,276,70.58,40.67,128.47,3.16
AL,CD539N EDGE [15-24],7902,42,8,244,1904.49,1513.88,4790.52,3.16
NE,P702N F150 [21-27],14G670,04,6,87,106.63,86.51,273.22,3.16
NJ,CX727N MACH-E [21-26],14D202,B4,11,189,829.23,363.77,1148.07,3.16
SD,P552N F-150 [15-20],3C247,42,6,107,494.79,183.61,579.56,3.16
CT,P702N F150 [21-27],14G647,04,17,315,195.27,80.43,254.46,3.16
KY,U625N EXPLORER [20-27],18124,42,11,155,341.64,176.04,556.51,3.16
CO,U625N EXPLORER [20-27],19G490,42,13,242,310.07,172.24,543.78,3.16
TX,P702N F150 [21-27],19A464,42,25,573,252.24,139.94,442.77,3.16
WV,CX430N C-SUV [21-27],8501,D8,14,250,515.3,377.29,1192.44,3.16
PA,U554N NAVIGATOR [18-24],NPF,82,6,228,69.04,46.46,146.74,3.16
VA,C346N FOCUS [12-18],9D289,42,42,1243,101.21,69.44,219.63,3.16
MI,U725N BRONCO [21-26],14B291,04,30,551,51.46,41.62,131.68,3.16
MI,U725N BRONCO [21-26],4A376,01,19,291,458.12,176.81,557.16,3.15
CA,U554N NAVIGATOR [18-24],19G490,42,24,1426,380.53,181.76,572.75,3.15
MN,U611N AVIATOR [20-27],RENTAL,82,7,1270,154.16,114.19,359.7,3.15
IL,CX430N C-SUV [21-27],13466,42,12,219,41.75,36.61,115.23,3.15
NC,P558N SUPER DUTY [17-22],2V001,30,5,98,137.25,62.71,197.29,3.15
NY,U502N EXPLORER [11-19],12029,42,5,237,218.98,135.12,425.25,3.15
MA,P708 F250 - 600 [23-27],12A647,42,9,151,131.39,84.28,265.88,3.15
FL,C520N ESCAPE [13-19],96R,42,27,471,92.17,68.37,215.34,3.15
SC,P552N F-150 [15-20],48H6,42,5,83,199.14,91.57,288.09,3.15
MO,CX430N C-SUV [21-27],NPF,42,5,98,87.26,49.12,154.82,3.15
NJ,P552N F-150 [15-20],6M280,42,23,360,356.64,205.84,649.27,3.15
FL,P702N F150 [21-27],4234,01,38,692,724.59,495.11,1561.88,3.15
CA,V363N TRANSIT [14-27],2200,42,7,154,423.51,238.23,750.78,3.15
GA,P708 F250 - 600 [23-27],NPF,42,5,96,124.5,49.86,156.59,3.14
CA,V363N TRANSIT [14-27],14611D11,42,9,114,493.77,327.0,1028.31,3.14
KS,P473N SUPER DUTY [11-16],6731,82,6,115,84.87,50.66,159.11,3.14
OH,ECONOLINE [97-27],6500,42,5,98,9061.06,3348.34,10522.73,3.14
TX,P708 F250 - 600 [23-27],65,42,99,2145,277.35,184.68,580.05,3.14
IL,CX430N C-SUV [21-27],8501,D8,69,3783,763.05,469.07,1474.43,3.14
KS,P702N F150 [21-27],12A650,04,5,108,47.75,41.64,130.75,3.14
IL,U625N EXPLORER [20-27],NPF,42,17,423,75.24,51.23,160.67,3.14
CA,C346N FOCUS [12-18],7C604,42,49,948,356.29,236.21,741.98,3.14
TN,P702N F150 [21-27],14B291,42,7,113,89.43,53.61,168.1,3.14
TX,P708 F250 - 600 [23-27],NPF,82,8,190,90.61,42.89,134.71,3.14
NJ,CX727N MACH-E [21-26],RECAL,04,36,764,125.31,98.78,310.4,3.14
NY,P702N F150 [21-27],NPF,82,36,1300,68.75,46.57,146.01,3.14
SC,P708 F250 - 600 [23-27],1621597,41,21,497,125.58,67.59,211.91,3.14
VT,P702N F150 [21-27],RECALEM,04,6,77,56.05,41.12,129.18,3.14
WV,C346N FOCUS [12-18],9D289,42,12,182,81.75,73.58,231.07,3.14
SC,P702N F150 [21-27],19860,42,14,518,40.9,36.4,114.16,3.14
PA,P702N F150 [21-27],NPF,82,45,1320,67.03,38.66,121.2,3.13
CA,P558N SUPER DUTY [17-22],NPF,82,29,918,102.77,55.67,174.29,3.13
NY,U554N NAVIGATOR [18-24],RENTAL,82,15,2150,154.16,102.77,321.17,3.13
ME,P558N SUPER DUTY [17-22],3254,42,7,114,270.96,176.08,550.8,3.13
ID,P708 F250 - 600 [23-27],14G371,04,5,65,199.84,103.53,324.08,3.13
IL,U611N AVIATOR [20-27],18808,42,5,88,215.48,185.26,579.22,3.13
CT,P702N F150 [21-27],12A650,04,5,62,48.87,44.82,140.24,3.13
CA,CX483N CORSAIR [20-26],NPF,42,8,208,84.41,56.03,175.46,3.13
PA,U554N NAVIGATOR [18-24],RENTAL,82,14,2465,96.35,51.39,160.58,3.13
MA,U625N EXPLORER [20-27],1A189,42,31,728,185.2,104.14,326.31,3.13
WA,U611N AVIATOR [20-27],RENTAL,82,6,825,102.77,51.39,160.58,3.13
IN,P702N F150 [21-27],NPF,42,22,641,56.86,39.94,124.9,3.13
CA,P558N SUPER DUTY [17-22],5L248,42,88,1663,319.86,218.14,681.5,3.12
LA,P558N SUPER DUTY [17-22],3304,42,5,69,477.17,255.28,795.62,3.12
TX,CX430N C-SUV [21-27],8501,D1,13,349,554.02,336.41,1049.64,3.12
CO,V363N TRANSIT [14-27],48H6,42,15,300,322.04,121.33,378.4,3.12
NY,P702N F150 [21-27],19H332,42,6,77,159.98,125.05,390.71,3.12
CO,U625N EXPLORER [20-27],14G371,42,11,231,391.89,282.05,880.85,3.12
FL,P702N F150 [21-27],7222,42,7,119,189.03,139.76,435.84,3.12
CA,CX430N C-SUV [21-27],13466,46,49,1277,42.44,36.66,114.2,3.12
MN,U625N EXPLORER [20-27],14529,42,8,132,110.84,66.42,206.92,3.12
SC,P558N SUPER DUTY [17-22],19G490,42,34,1250,301.94,151.15,471.55,3.12
LA,P702N F150 [21-27],10C679,42,10,145,54.97,47.06,146.96,3.12
MA,U625N EXPLORER [20-27],7P155,42,17,338,41.99,35.88,111.92,3.12
IL,U540N MKX [16-23],RENTAL,82,10,969,96.35,64.23,199.84,3.11
NY,CX482N ESCAPE [20-26],NPF,42,11,300,66.06,38.7,120.52,3.11
IA,P702N F150 [21-27],7A100,42,8,127,131.55,100.95,314.06,3.11
TX,CX483N CORSAIR [20-26],1A189,42,13,547,197.82,101.65,316.6,3.11
SC,U540N MKX [16-23],RENTAL,82,5,501,160.58,64.23,199.84,3.11
WA,P702N F150 [21-27],10654,42,6,166,251.14,100.05,310.97,3.11
CT,P552N F-150 [15-20],7H351,42,10,159,2475.85,2089.04,6505.44,3.11
IA,CX482N ESCAPE [20-26],RENTAL,82,11,370,128.47,64.23,199.84,3.11
ID,P558N SUPER DUTY [17-22],NPF,42,6,178,76.6,49.96,155.14,3.11
CO,P552N F-150 [15-20],78218A42,69,16,295,264.88,143.14,444.59,3.11
CO,P552N F-150 [15-20],6582,01,10,226,324.35,181.49,565.22,3.11
GA,P558N SUPER DUTY [17-22],19G490,42,78,3068,307.3,133.23,414.13,3.11
NJ,U625N EXPLORER [20-27],NPF,82,14,583,76.22,53.38,165.94,3.11
OK,U502N EXPLORER [11-19],14B686,X4,11,176,205.67,159.32,494.9,3.11
NY,P558N SUPER DUTY [17-22],14A068,42,23,342,302.61,177.68,553.37,3.11
ID,P558N SUPER DUTY [17-22],19G490,42,12,508,336.39,122.17,379.39,3.11
NE,P552N F-150 [15-20],RENTAL,82,5,281,192.7,96.35,299.75,3.11
WI,CX482N ESCAPE [20-26],RECALEM,04,6,77,57.75,50.03,154.96,3.1
TX,P552N F-150 [15-20],14G371,42,73,2009,138.89,77.94,241.69,3.1
NE,U625N EXPLORER [20-27],18124,42,13,236,354.99,162.88,504.3,3.1
CA,U625N EXPLORER [20-27],18125,D8,31,565,231.02,169.9,526.78,3.1
MI,U553N EXPEDITION [18-24],NPF,82,9,172,70.01,50.32,155.91,3.1
FL,C346N FOCUS [12-18],9D289,42,79,2330,117.05,85.19,264.2,3.1
FL,P702N F150 [21-27],19H332,42,21,304,235.71,131.44,407.82,3.1
WI,CX430N C-SUV [21-27],8501,42,11,156,659.98,472.0,1464.99,3.1
CT,CX482N ESCAPE [20-26],1A189,42,5,60,199.57,115.08,356.48,3.1
TX,P552N F-150 [15-20],ADJUST,82,10,294,97.23,47.79,147.59,3.09
TX,P552N F-150 [15-20],19G490,42,33,555,269.67,138.39,428.04,3.09
NY,CX483N CORSAIR [20-26],14G371,42,7,119,250.79,107.34,331.83,3.09
TX,CX482N ESCAPE [20-26],14529,42,32,453,85.6,43.6,134.72,3.09
FL,U625N EXPLORER [20-27],1A189,42,71,2627,184.63,98.65,304.55,3.09
NC,P558N SUPER DUTY [17-22],19G490,42,67,2267,322.71,144.52,446.98,3.09
TX,P558N SUPER DUTY [17-22],14G371,04,61,1190,51.39,37.44,115.62,3.09
TN,P702N F150 [21-27],14G647,42,15,254,779.36,347.19,1073.76,3.09
DE,CX482N ESCAPE [20-26],2C150,42,8,193,108.58,88.28,273.05,3.09
TX,U502N EXPLORER [11-19],5G232,42,9,225,677.27,467.47,1445.42,3.09
WI,CX482N ESCAPE [20-26],NPF,82,20,299,77.29,49.33,152.46,3.09
FL,U625N EXPLORER [20-27],48H6,42,75,3504,319.89,204.34,630.55,3.09
TN,CD391N FUSION [13-20],7S004,39,14,246,82.81,37.34,115.49,3.09
IL,CD539N EDGE [15-24],RECAL,04,14,185,133.69,46.4,143.61,3.09
IL,U502N EXPLORER [11-19],65,42,17,778,86.95,37.99,117.44,3.09
OH,U625N EXPLORER [20-27],NPF,82,26,842,75.62,47.63,147.21,3.09
PA,U625N EXPLORER [20-27],19G490,42,28,501,226.62,144.17,444.29,3.08
VA,P702N F150 [21-27],RECALEM,04,18,317,73.0,42.36,130.32,3.08
CO,P552N F-150 [15-20],48H6,42,5,65,254.2,87.34,268.6,3.08
MI,U625N EXPLORER [20-27],NPF,82,25,769,70.73,39.75,122.5,3.08
FL,P702N F150 [21-27],13405,42,9,117,1078.4,522.14,1606.37,3.08
AR,P552N F-150 [15-20],6M280,42,7,101,312.49,187.32,577.43,3.08
NJ,U625N EXPLORER [20-27],78219A65,42,15,501,528.03,256.84,787.71,3.07
MI,U554N NAVIGATOR [18-24],14G371,42,6,3652,138.05,111.95,344.12,3.07
FL,U611N AVIATOR [20-27],18125,42,9,141,321.13,186.8,574.32,3.07
IL,CX430N C-SUV [21-27],8501,D1,8,456,1008.69,618.29,1900.05,3.07
MI,CX430N C-SUV [21-27],NPF,82,10,207,78.56,43.05,131.96,3.07
FL,CDX707A NAUTILUS [23-26],6731,82,5,107,126.42,79.28,243.46,3.07
VA,CX430N C-SUV [21-27],8501,D1,6,173,517.15,457.4,1401.96,3.07
UT,P702N F150 [21-27],14G647,42,12,471,745.16,358.37,1100.24,3.07
TX,P702N F150 [21-27],7A100,04,11,183,206.34,119.33,366.56,3.07
OH,CX482N ESCAPE [20-26],14G371,42,11,148,483.31,238.13,730.16,3.07
CO,P558N SUPER DUTY [17-22],19G490,42,23,580,205.62,130.86,401.16,3.07
TX,P702N F150 [21-27],15K859,42,12,162,236.51,127.78,391.82,3.07
NC,U554N NAVIGATOR [18-24],DELIVERY,82,10,2243,82.08,49.96,152.73,3.06
TX,P558N SUPER DUTY [17-22],2V001,42,10,177,189.32,112.09,343.38,3.06
TX,CX430N C-SUV [21-27],13466,42,23,409,80.58,36.93,113.18,3.06
TX,U554N NAVIGATOR [18-24],14G371,04,18,975,95.14,46.91,143.32,3.06
FL,P131N STRIPPED CHASSIS [99-26],6500,42,6,127,8540.06,3505.97,10719.25,3.06
ID,P558N SUPER DUTY [17-22],3254,42,10,198,372.24,263.68,806.1,3.06
MI,P552N F-150 [15-20],NPF,82,5,67,70.63,41.74,127.87,3.06
NJ,CD539N EDGE [15-24],NPF,82,5,78,66.7,52.81,161.63,3.06
AZ,P558N SUPER DUTY [17-22],19G490,42,27,917,269.93,117.17,358.23,3.06
NC,S550N MUSTANG [15-23],7A100,42,5,57,703.49,233.52,713.98,3.06
UT,P702N F150 [21-27],14G371,42,9,208,236.1,186.85,571.25,3.06
CA,P702N F150 [21-27],18808,42,31,489,151.77,73.47,224.89,3.06
CA,V363N TRANSIT [14-27],9964811,42,5,166,343.87,237.79,727.98,3.06
CA,CX430N C-SUV [21-27],2001,30,23,496,342.48,166.85,508.88,3.05
WA,U625N EXPLORER [20-27],3D102,42,12,214,859.98,507.88,1546.76,3.05
MN,P558N SUPER DUTY [17-22],3254,D8,20,338,368.31,243.34,742.35,3.05
FL,P558N SUPER DUTY [17-22],6F073,42,51,1375,217.64,141.58,431.15,3.05
FL,P558N SUPER DUTY [17-22],3E651,42,101,4879,116.43,62.21,189.94,3.05
OH,P552N F-150 [15-20],6M280,42,25,373,321.55,207.83,633.56,3.05
IA,CX482N ESCAPE [20-26],2C150,42,9,220,108.23,82.52,251.39,3.05
FL,P558N SUPER DUTY [17-22],2V001,42,5,95,179.76,153.83,468.97,3.05
NY,U611N AVIATOR [20-27],3K186,42,6,79,804.16,438.65,1337.04,3.05
AL,CDX707A NAUTILUS [23-26],DELIVERY,82,6,426,49.96,49.96,151.78,3.04
AR,P702N F150 [21-27],RECALEM,04,6,81,61.39,50.8,154.43,3.04
OK,P552N F-150 [15-20],8501,42,7,102,420.11,171.72,521.78,3.04
MN,CX483N CORSAIR [20-26],14G371,04,5,121,85.1,37.25,113.23,3.04
NY,CD539N EDGE [15-24],6009,D8,7,81,4471.73,1613.6,4905.91,3.04
FL,V363N TRANSIT [14-27],19805,42,33,1403,297.94,219.08,665.65,3.04
CA,P473N SUPER DUTY [11-16],6731,82,29,1147,123.09,62.28,189.13,3.04
NC,U611N AVIATOR [20-27],RENTAL,82,8,1187,128.47,82.08,249.8,3.04
OK,P702N F150 [21-27],6714,82,17,714,67.74,46.5,141.39,3.04
TX,P558N SUPER DUTY [17-22],7A248,D8,5,62,662.31,348.37,1058.72,3.04
CA,U725N BRONCO [21-26],18808,42,10,158,383.41,181.74,550.51,3.03
VA,U502N EXPLORER [11-19],65,42,14,272,56.77,51.1,154.67,3.03
GA,V363N TRANSIT [14-27],7A100,42,5,59,1378.89,550.31,1666.13,3.03
AL,P552N F-150 [15-20],6M280,42,17,361,378.07,231.17,700.2,3.03
FL,U625N EXPLORER [20-27],3D102,42,19,314,942.96,611.97,1852.84,3.03
TX,P558N SUPER DUTY [17-22],9D475,42,7,90,612.05,513.88,1557.68,3.03
KS,P702N F150 [21-27],3C247,42,7,116,476.39,273.81,829.12,3.03
PA,U625N EXPLORER [20-27],7A100,04,5,66,230.53,127.08,385.63,3.03
NY,P552N F-150 [15-20],6M280,42,27,408,344.51,231.64,701.93,3.03
TX,P702N F150 [21-27],SERVICE,82,97,5740,35.68,35.68,108.27,3.03
NE,U502N EXPLORER [11-19],78551A46,33,19,395,52.58,38.13,115.33,3.02
TX,U625N EXPLORER [20-27],7865500,42,34,612,234.61,118.08,356.11,3.02
FL,U502N EXPLORER [11-19],14B192,46,53,2619,137.77,71.02,214.74,3.02
IL,U502N EXPLORER [11-19],78551A46,33,71,2107,77.89,39.82,120.09,3.02
FL,U611N AVIATOR [20-27],14529,42,8,143,116.72,69.83,210.54,3.02
WA,P702N F150 [21-27],14G371,42,5,73,257.9,109.02,329.73,3.02
CO,CX482N ESCAPE [20-26],6731,82,11,278,67.46,53.21,160.56,3.02
MS,U625N EXPLORER [20-27],19G490,42,8,179,308.21,170.53,514.98,3.02
MO,P708 F250 - 600 [23-27],NPF,82,12,283,81.9,48.74,147.16,3.02
CA,H567N MEDIUM TRUCK [16-27],6731,82,6,119,112.91,73.86,222.81,3.02
NJ,CD391N FUSION [13-20],90T5,42,8,103,78.15,61.68,186.38,3.02
GA,U554N NAVIGATOR [18-24],RENTAL,82,9,1316,256.93,102.77,309.28,3.01
MI,CX483N CORSAIR [20-26],14G371,42,8,1952,187.26,114.4,344.12,3.01
MA,U625N EXPLORER [20-27],14G371,42,11,197,388.25,250.44,754.02,3.01
OH,C346N FOCUS [12-18],9D289,42,77,3245,97.41,70.62,212.38,3.01
NY,U625N EXPLORER [20-27],NPF,82,26,751,63.31,43.25,130.34,3.01
MD,U625N EXPLORER [20-27],1A189,42,29,834,191.49,95.96,288.7,3.01
NV,P552N F-150 [15-20],14G371,42,6,233,167.76,93.97,282.63,3.01
PA,U611N AVIATOR [20-27],14G371,42,9,258,286.62,198.64,597.01,3.01
WA,V363N TRANSIT [14-27],48H6,42,14,499,302.07,127.07,381.99,3.01
CA,CX430N C-SUV [21-27],NPF,82,29,568,107.02,58.88,177.28,3.01
MI,CDX707A NAUTILUS [23-26],14G371,04,7,222,172.59,96.61,290.55,3.01
KS,U625N EXPLORER [20-27],1A189,42,8,250,140.69,82.34,248.16,3.01
TX,P702N F150 [21-27],10C679,42,83,2722,59.82,43.11,129.65,3.01
CA,CX727N MACH-E [21-26],14G647,04,73,1786,468.33,231.24,695.57,3.01
MO,P558N SUPER DUTY [17-22],19G490,42,44,961,309.47,132.81,398.55,3.0
IN,CX482N ESCAPE [20-26],RENTAL,82,21,1059,171.29,114.19,342.58,3.0
MI,U554N NAVIGATOR [18-24],6714,82,9,141,64.9,52.75,158.45,3.0
LA,CDX707A NAUTILUS [23-26],14H522,04,10,491,280.27,133.31,400.2,3.0
AZ,U611N AVIATOR [20-27],RENTAL,82,6,2452,160.58,102.77,308.32,3.0
NC,P702N F150 [21-27],10849,04,6,80,382.66,162.72,487.37,3.0
ID,P558N SUPER DUTY [17-22],3A131,42,5,104,641.0,351.45,1054.2,3.0
MI,P552N F-150 [15-20],6M280,42,28,455,368.78,175.81,527.07,3.0
KS,P708 F250 - 600 [23-27],RENTAL,82,6,169,128.47,85.64,256.93,3.0
WI,U554N NAVIGATOR [18-24],RENTAL,82,9,870,107.06,64.23,192.7,3.0
TX,P558N SUPER DUTY [17-22],5W30,82,5,71,63.36,38.96,116.79,3.0
GA,CD539N EDGE [15-24],RENTAL,82,20,387,249.8,96.35,289.05,3.0
FL,CX482N ESCAPE [20-26],48H6,42,53,1243,340.46,217.07,651.89,3.0
KY,U625N EXPLORER [20-27],RENTAL,82,16,590,171.29,96.35,289.05,3.0
MO,P758N C-PICKUP [22-27],RENTAL,82,7,169,192.7,85.64,256.93,3.0
WA,P552N F-150 [15-20],7000,42,21,416,5769.33,2524.36,7579.47,3.0
OH,U540N MKX [16-23],RENTAL,82,13,2230,128.47,64.23,192.7,3.0
CA,U625N EXPLORER [20-27],3D102,42,58,1152,916.73,676.62,2031.09,3.0
CO,P708 F250 - 600 [23-27],65,42,11,240,310.62,255.1,764.02,3.0
MD,CX727N MACH-E [21-26],14G647,42,11,233,774.79,454.38,1361.72,3.0
SC,P558N SUPER DUTY [17-22],6731,82,9,140,71.54,51.33,154.17,3.0
ME,P702N F150 [21-27],RENTAL,82,7,512,171.29,85.64,256.93,3.0
AR,U625N EXPLORER [20-27],RENTAL,82,11,440,160.58,85.64,256.93,3.0
AZ,P702N F150 [21-27],6714,82,11,529,62.74,49.92,149.76,3.0
TN,U554N NAVIGATOR [18-24],RENTAL,82,6,416,128.47,85.64,256.93,3.0
CO,U625N EXPLORER [20-27],3D102,42,15,304,937.33,586.16,1759.26,3.0
VA,U554N NAVIGATOR [18-24],RENTAL,82,8,765,192.7,102.77,308.32,3.0
NH,P708 F250 - 600 [23-27],RENTAL,82,5,104,128.47,85.64,256.93,3.0
WI,P702N F150 [21-27],RECALEM,04,12,171,69.16,47.3,142.05,3.0
CO,P702N F150 [21-27],RENTAL,82,21,1661,224.82,96.35,289.05,3.0
FL,P558N SUPER DUTY [17-22],7H351,42,32,646,4102.16,2674.79,8022.03,3.0
OH,P708 F250 - 600 [23-27],RECALEM,04,9,121,60.39,39.56,118.84,3.0
CA,CD539N EDGE [15-24],NPF,42,11,237,107.08,63.38,189.99,3.0
WA,P708 F250 - 600 [23-27],RENTAL,82,13,337,142.74,85.64,256.93,3.0
AL,P558N SUPER DUTY [17-22],19703,42,5,63,823.28,530.99,1593.51,3.0
IN,U554N NAVIGATOR [18-24],RENTAL,82,6,584,102.77,51.39,154.16,3.0
KY,P558N SUPER DUTY [17-22],RENTAL,82,7,130,285.48,128.47,385.4,3.0
NV,CX727N MACH-E [21-26],RENTAL,82,6,431,224.82,96.35,289.05,3.0
CA,U553N EXPEDITION [18-24],NPF,42,12,405,107.15,63.38,189.99,3.0
IL,CX727N MACH-E [21-26],RENTAL,82,21,562,124.9,96.35,289.05,3.0
FL,P552N F-150 [15-20],12A650,42,8,98,866.69,455.5,1364.58,3.0
MI,U718N NAVIGATOR [25-27],RENTAL,82,9,299,154.16,64.23,192.7,3.0
CA,CX727N MACH-E [21-26],NPF,42,29,1992,89.43,63.38,189.99,3.0
AL,P558N SUPER DUTY [17-22],RENTAL,82,8,435,228.38,114.19,342.58,3.0
MA,P708 F250 - 600 [23-27],NPF,82,7,194,96.14,45.32,136.12,3.0
NY,CX482N ESCAPE [20-26],14F642,42,35,872,50.17,39.4,117.71,2.99
MN,CX482N ESCAPE [20-26],RECALEM,04,8,121,59.22,44.53,133.32,2.99
NY,ECONOLINE [97-27],65,42,5,138,293.4,155.55,464.59,2.99
NH,P558N SUPER DUTY [17-22],NPF,82,6,90,50.57,40.15,119.9,2.99
FL,CD539N EDGE [15-24],9D289,42,60,1309,362.0,183.41,548.78,2.99
WI,P708 F250 - 600 [23-27],NPF,42,9,206,85.22,50.44,150.59,2.99
TX,U554N NAVIGATOR [18-24],14B291,04,8,285,74.22,41.05,122.59,2.99
WA,P708 F250 - 600 [23-27],NPF,82,10,375,85.78,42.88,128.32,2.99
TX,U540N MKX [16-23],6731,82,10,316,132.14,54.51,163.05,2.99
GA,U625N EXPLORER [20-27],NPF,42,7,236,118.37,46.39,138.69,2.99
CA,P558N SUPER DUTY [17-22],65,B5,25,630,241.9,155.84,466.64,2.99
FL,CX483N CORSAIR [20-26],3B436,42,9,165,632.11,400.98,1197.62,2.99
NY,U625N EXPLORER [20-27],8501,42,8,149,557.08,319.25,953.51,2.99
FL,P552N F-150 [15-20],5E212,42,88,3687,1359.83,740.58,2213.03,2.99
ME,P558N SUPER DUTY [17-22],4676,D8,9,151,178.6,138.26,411.48,2.98
NY,C520N ESCAPE [13-19],6009,D8,78,2391,3878.71,2198.2,6543.49,2.98
NY,P558N SUPER DUTY [17-22],78218A43,42,7,94,153.5,96.85,288.44,2.98
GA,P702N F150 [21-27],17508,42,8,105,142.36,103.54,308.98,2.98
FL,U625N EXPLORER [20-27],7813562,01,12,161,173.64,93.77,279.44,2.98
NY,P702N F150 [21-27],10655,42,5,76,118.34,83.37,248.4,2.98
NY,P702N F150 [21-27],DIAG,42,14,283,72.51,50.46,150.4,2.98
NJ,V363N TRANSIT [14-27],NPF,82,6,113,76.77,58.47,173.53,2.97
NE,P552N F-150 [15-20],14G371,42,8,153,117.29,83.45,247.49,2.97
AZ,P702N F150 [21-27],NPF,42,8,289,77.22,46.75,138.74,2.97
CA,P708 F250 - 600 [23-27],19G490,42,14,191,236.38,168.76,500.77,2.97
OH,P702N F150 [21-27],NPF,82,40,1497,74.25,42.27,125.48,2.97
CA,P758N C-PICKUP [22-27],14G371,04,63,1093,59.61,43.85,130.18,2.97
MI,P708 F250 - 600 [23-27],65,42,10,167,294.23,249.42,740.18,2.97
VA,CD539N EDGE [15-24],7902,42,16,292,2614.3,1424.77,4235.98,2.97
TX,P558N SUPER DUTY [17-22],10655,42,7,134,220.84,149.56,444.41,2.97
MI,U553N EXPEDITION [18-24],16A507,42,26,526,922.82,504.39,1498.12,2.97
MI,CX430N C-SUV [21-27],13466,42,13,217,81.6,39.55,117.62,2.97
FL,CX430N C-SUV [21-27],8501,D1,7,95,580.81,396.31,1175.85,2.97
NJ,P708 F250 - 600 [23-27],NPF,82,8,186,102.91,58.47,173.53,2.97
FL,U625N EXPLORER [20-27],94RH7,42,37,1290,257.4,128.79,383.0,2.97
NY,CX482N ESCAPE [20-26],2C026,13,6,107,260.54,127.82,379.22,2.97
FL,P708 F250 - 600 [23-27],FRONT,W6,13,208,134.18,95.92,285.12,2.97
CO,P558N SUPER DUTY [17-22],3254,D8,18,353,461.94,252.81,749.63,2.97
NH,P552N F-150 [15-20],3C247,42,12,218,394.38,253.69,752.28,2.97
CA,U222N EXPEDITION [02-17],6714,82,5,99,46.17,45.06,133.85,2.97
IL,CD391N FUSION [13-20],6731,82,5,76,76.26,51.69,153.6,2.97
CA,S650N MUSTANG [24-26],NPF,42,8,224,107.15,63.38,187.7,2.96
NH,U625N EXPLORER [20-27],RENTAL,82,8,271,114.19,96.35,285.48,2.96
FL,P702N F150 [21-27],94RH7,42,74,3564,330.44,213.1,630.55,2.96
CA,CD391N FUSION [13-20],7S004,39,68,1166,91.82,44.25,130.93,2.96
WA,U725N BRONCO [21-26],RENTAL,82,16,472,171.29,96.35,285.48,2.96
FL,V408E TRANSIT CONNECT [13-24],RENTAL,82,12,248,285.48,96.35,285.48,2.96
IN,P758N C-PICKUP [22-27],RENTAL,82,11,236,142.74,96.35,285.48,2.96
NY,P558N SUPER DUTY [17-22],3254,D8,18,311,305.93,208.33,616.35,2.96
IN,U725N BRONCO [21-26],RENTAL,82,16,476,128.47,96.35,285.48,2.96
AZ,P703N RANGER [24-26],RENTAL,82,6,90,128.47,96.35,285.48,2.96
OH,P552N F-150 [15-20],78218A43,69,17,257,222.55,133.29,394.8,2.96
CO,P473N SUPER DUTY [11-16],6731,82,6,102,90.69,63.14,186.73,2.96
NC,CX727N MACH-E [21-26],RENTAL,82,12,303,192.7,96.35,285.48,2.96
FL,U625N EXPLORER [20-27],78219A65,42,14,349,611.71,377.5,1115.87,2.96
CO,U625N EXPLORER [20-27],RENTAL,82,17,693,199.84,96.35,285.48,2.96
NY,U554N NAVIGATOR [18-24],19G490,42,14,385,241.7,194.78,575.56,2.96
MI,CX727N MACH-E [21-26],12B637,B4,16,273,39.26,36.33,107.7,2.96
OR,P708 F250 - 600 [23-27],NPF,82,8,239,80.66,62.43,184.69,2.96
KY,U725N BRONCO [21-26],RENTAL,82,5,145,142.74,96.35,285.48,2.96
MN,U625N EXPLORER [20-27],5E212,01,6,75,1079.67,987.37,2925.73,2.96
WA,P558N SUPER DUTY [17-22],19G490,42,36,1338,353.47,157.41,465.34,2.96
NY,U725N BRONCO [21-26],NPF,82,11,205,71.1,41.59,123.23,2.96
IN,U625N EXPLORER [20-27],RENTAL,82,28,1407,142.74,96.35,285.48,2.96
TX,P552N F-150 [15-20],8501,D1,12,341,372.67,159.09,470.51,2.96
AR,CX482N ESCAPE [20-26],RENTAL,82,9,192,224.82,96.35,285.48,2.96
AR,P702N F150 [21-27],7A100,42,8,126,150.93,88.07,259.79,2.95
FL,U611N AVIATOR [20-27],18808,42,11,218,244.98,178.4,526.94,2.95
IA,P708 F250 - 600 [23-27],NPF,42,5,85,53.88,44.79,132.19,2.95
CA,C346N FOCUS [12-18],9D289,42,118,3639,147.0,91.08,268.6,2.95
PA,CX482N ESCAPE [20-26],1A189,42,44,962,187.77,88.64,261.88,2.95
NC,CX430N C-SUV [21-27],NPF,82,6,96,63.59,45.19,133.52,2.95
OH,U502N EXPLORER [11-19],14B192,46,55,1483,114.16,63.7,188.17,2.95
CA,U625N EXPLORER [20-27],7862187,42,22,423,106.35,51.79,152.82,2.95
SC,P702N F150 [21-27],10C679,42,16,377,59.18,46.0,135.92,2.95
GA,CX430N C-SUV [21-27],14G371,04,54,1733,46.25,35.68,105.14,2.95
KS,P552N F-150 [15-20],7H351,42,8,180,2694.04,1854.26,5473.59,2.95
CA,CD539N EDGE [15-24],90T5,42,9,151,61.54,46.25,136.34,2.95
UT,C346N FOCUS [12-18],9D289,42,14,463,101.82,88.43,260.99,2.95
CO,CX430N C-SUV [21-27],2C150,42,14,285,127.05,94.17,277.79,2.95
NJ,U625N EXPLORER [20-27],1A189,42,46,1574,175.81,103.39,305.15,2.95
TX,U540N MKX [16-23],14G371,04,15,424,85.64,41.19,121.53,2.95
MI,P702N F150 [21-27],10849,42,8,104,706.01,395.68,1165.31,2.95
SC,P552N F-150 [15-20],6M280,42,12,210,342.33,187.92,552.15,2.94
PA,CX483N CORSAIR [20-26],NPF,42,6,300,53.5,44.78,131.63,2.94
IL,U540N MKX [16-23],RECAL,04,7,130,79.38,47.23,139.07,2.94
TX,P708 F250 - 600 [23-27],NPF,42,15,214,78.19,44.64,131.32,2.94
NC,P552N F-150 [15-20],3C247,42,5,84,518.36,354.02,1041.86,2.94
NC,C520N ESCAPE [13-19],7902,42,10,144,1898.53,1194.07,3506.32,2.94
TN,U611N AVIATOR [20-27],19G490,42,7,213,202.23,104.74,307.65,2.94
CA,U502N EXPLORER [11-19],14B192,46,115,7353,140.9,76.11,224.05,2.94
AZ,CX482N ESCAPE [20-26],6731,82,10,275,61.65,48.33,142.05,2.94
NV,P552N F-150 [15-20],6582,01,5,151,362.32,159.73,470.36,2.94
NY,U625N EXPLORER [20-27],DIAG,82,6,94,66.53,42.47,124.75,2.94
MN,U625N EXPLORER [20-27],NPF,82,13,328,75.37,46.36,136.16,2.94
MN,U625N EXPLORER [20-27],7P155,42,18,543,44.41,35.98,105.68,2.94
TX,P702N F150 [21-27],3C247,42,39,609,382.87,264.36,775.01,2.93
GA,CX482N ESCAPE [20-26],1A189,42,7,151,154.74,96.88,284.25,2.93
MA,C346N FOCUS [12-18],7Z369,42,10,155,647.2,456.68,1340.29,2.93
FL,CX727N MACH-E [21-26],H3,42,40,987,336.28,191.18,561.08,2.93
WI,P702N F150 [21-27],DIAG,82,10,165,72.18,56.01,164.3,2.93
PA,P552N F-150 [15-20],6M280,42,42,687,308.32,201.81,591.05,2.93
FL,CX482N ESCAPE [20-26],1A189,42,45,1037,182.39,110.5,323.38,2.93
CA,CX483N CORSAIR [20-26],18125,42,9,204,333.52,140.68,411.53,2.93
KY,P558N SUPER DUTY [17-22],19G490,42,30,700,271.41,148.9,436.19,2.93
FL,P708 F250 - 600 [23-27],19G490,42,13,235,301.4,199.05,582.63,2.93
UT,P558N SUPER DUTY [17-22],NPF,42,8,226,74.15,52.52,153.98,2.93
IL,P558N SUPER DUTY [17-22],1A189,42,6,105,160.75,135.01,395.29,2.93
CO,P558N SUPER DUTY [17-22],6731,82,23,1238,97.57,57.15,167.37,2.93
TN,P558N SUPER DUTY [17-22],19G490,42,46,1777,316.7,139.27,407.89,2.93
CA,CDX707A NAUTILUS [23-26],NPF,42,5,163,91.01,63.38,185.64,2.93
SC,P702N F150 [21-27],NPF,82,13,509,91.21,56.05,164.15,2.93
SC,U625N EXPLORER [20-27],14G371,42,7,147,562.47,262.93,771.22,2.93
NJ,P558N SUPER DUTY [17-22],19G490,42,21,346,314.09,132.62,388.27,2.93
CA,CD539N EDGE [15-24],2V200,30,21,369,255.21,128.07,373.59,2.92
CA,P558N SUPER DUTY [17-22],3E651,42,145,6793,118.45,60.24,175.96,2.92
MI,U625N EXPLORER [20-27],7222,33,14,295,64.58,45.0,131.32,2.92
NC,P375N RANGER [19-23],RENTAL,82,7,86,160.58,85.64,249.8,2.92
AL,U611N AVIATOR [20-27],19G490,42,6,149,298.02,197.73,576.46,2.92
NY,P558N SUPER DUTY [17-22],3B396,69,30,852,360.25,210.86,616.01,2.92
MI,U625N EXPLORER [20-27],19G490,*,6,115,198.99,81.07,236.4,2.92
IL,P552N F-150 [15-20],48H6,42,8,91,182.84,85.4,249.39,2.92
IL,P558N SUPER DUTY [17-22],7A100,49,5,89,1051.17,406.27,1186.08,2.92
IL,CD539N EDGE [15-24],7902,42,27,436,2856.13,1888.8,5524.62,2.92
MD,P702N F150 [21-27],12A650,04,16,270,44.53,38.53,112.59,2.92
TX,U625N EXPLORER [20-27],14B291,04,12,363,52.96,43.39,126.71,2.92
FL,P702N F150 [21-27],10654,42,8,137,96.31,66.15,193.16,2.92
AR,P702N F150 [21-27],RENTAL,82,13,872,171.29,85.64,249.8,2.92
OH,P552N F-150 [15-20],9C888,42,25,369,433.44,216.57,632.95,2.92
UT,P558N SUPER DUTY [17-22],19G490,42,16,793,293.12,121.58,355.29,2.92
NY,P552N F-150 [15-20],6675,D8,29,410,573.43,449.23,1309.68,2.92
FL,C346N FOCUS [12-18],7B546,42,39,876,1360.92,644.4,1879.36,2.92
VT,P558N SUPER DUTY [17-22],12286,42,6,81,141.83,108.12,316.15,2.92
IN,P552N F-150 [15-20],6M280,42,13,227,390.83,224.77,655.33,2.92
PA,CDX707A NAUTILUS [23-26],DELIVERY,82,15,1370,77.08,39.25,114.19,2.91
SC,U611N AVIATOR [20-27],DELIVERY,82,8,1940,71.37,39.25,114.19,2.91
SC,U554N NAVIGATOR [18-24],DELIVERY,82,6,1084,71.37,39.25,114.19,2.91
MO,U540N MKX [16-23],DELIVERY,82,6,744,60.66,39.25,114.19,2.91
NC,CX483N CORSAIR [20-26],DELIVERY,82,13,1929,82.08,39.25,114.19,2.91
NJ,U540N MKX [16-23],DELIVERY,82,18,2833,71.37,39.25,114.19,2.91
OH,CX483N CORSAIR [20-26],DELIVERY,82,18,4967,71.37,39.25,114.19,2.91
GA,U625N EXPLORER [20-27],12A650,04,27,669,40.42,36.18,105.14,2.91
CA,U540N MKX [16-23],DELIVERY,82,26,2537,71.37,39.25,114.19,2.91
FL,P558N SUPER DUTY [17-22],NPF,82,7,142,88.0,48.99,142.7,2.91
MN,U611N AVIATOR [20-27],DELIVERY,82,10,2036,49.96,39.25,114.19,2.91
MO,U554N NAVIGATOR [18-24],DELIVERY,82,6,974,49.96,39.25,114.19,2.91
MD,U625N EXPLORER [20-27],7A100,04,5,109,96.34,75.06,218.25,2.91
IN,U625N EXPLORER [20-27],18124,42,22,378,334.48,217.43,633.32,2.91
GA,P702N F150 [21-27],19A464,43,25,516,357.13,164.34,478.21,2.91
NY,U625N EXPLORER [20-27],7B215,D8,10,182,317.2,187.22,545.52,2.91
MN,CX482N ESCAPE [20-26],14G371,42,8,96,281.81,262.5,765.04,2.91
WI,P552N F-150 [15-20],9C888,42,46,708,448.63,235.33,683.72,2.91
FL,CDX707A NAUTILUS [23-26],14H522,04,35,5459,436.4,216.17,628.93,2.91
PA,CX483N CORSAIR [20-26],DELIVERY,82,19,5419,77.08,39.25,114.19,2.91
MN,CX483N CORSAIR [20-26],DELIVERY,82,9,1190,49.96,39.25,114.19,2.91
FL,P702N F150 [21-27],18D890,04,14,226,43.21,37.04,107.65,2.91
NJ,CDX707A NAUTILUS [23-26],DELIVERY,82,12,1081,78.51,39.25,114.19,2.91
TX,P708 F250 - 600 [23-27],12A647,42,22,310,104.06,51.4,149.7,2.91
MA,U540N MKX [16-23],DELIVERY,82,7,1117,82.08,39.25,114.19,2.91
IA,P552N F-150 [15-20],6006,42,14,279,148.11,128.19,372.8,2.91
PA,U540N MKX [16-23],DELIVERY,82,18,3451,76.37,39.25,114.19,2.91
WA,P758N C-PICKUP [22-27],RENTAL,82,9,214,171.29,114.19,332.39,2.91
SC,P702N F150 [21-27],14G647,42,9,168,837.17,534.46,1553.25,2.91
WA,P558N SUPER DUTY [17-22],SERVICE,82,10,170,78.51,58.52,170.37,2.91
NY,CDX707A NAUTILUS [23-26],DELIVERY,82,15,1878,49.96,39.25,114.19,2.91
MO,CX483N CORSAIR [20-26],DELIVERY,82,6,939,49.96,39.25,114.19,2.91
CA,U502N EXPLORER [11-19],65,82,11,330,133.93,71.37,207.58,2.91
CA,P558N SUPER DUTY [17-22],17D696,42,43,827,205.07,89.96,261.37,2.91
FL,P702N F150 [21-27],DIAG,42,18,402,103.91,68.37,198.89,2.91
MN,U540N MKX [16-23],94RH7,42,9,229,327.52,140.61,409.13,2.91
TX,P558N SUPER DUTY [17-22],3600,42,10,112,1803.36,834.8,2432.03,2.91
FL,U625N EXPLORER [20-27],10C666,42,7,151,694.32,632.05,1841.82,2.91
NJ,CX483N CORSAIR [20-26],DELIVERY,82,19,5036,71.37,39.25,114.19,2.91
MO,U611N AVIATOR [20-27],DELIVERY,82,7,1580,49.96,39.25,114.19,2.91
MN,U540N MKX [16-23],DELIVERY,82,9,1060,49.96,39.25,114.19,2.91
MA,CX483N CORSAIR [20-26],DELIVERY,82,7,1566,82.08,39.25,114.19,2.91
SC,P552N F-150 [15-20],7902,42,8,190,2020.34,1318.64,3828.99,2.9
IN,CX482N ESCAPE [20-26],NPF,42,8,210,64.3,41.87,121.64,2.9
KS,CX482N ESCAPE [20-26],2C150,42,6,112,99.91,74.25,215.39,2.9
ID,U553N EXPEDITION [18-24],54432A38,42,5,69,139.84,72.53,210.48,2.9
FL,P702N F150 [21-27],48H6,42,97,10221,322.54,190.02,550.13,2.9
CA,P131N STRIPPED CHASSIS [99-26],12286,42,13,390,363.49,192.2,556.55,2.9
NC,P552N F-150 [15-20],SERVICE,82,9,492,35.68,35.68,103.33,2.9
IL,CX482N ESCAPE [20-26],NPF,82,10,189,81.93,40.67,117.89,2.9
CA,V363N TRANSIT [14-27],NPF,42,11,253,142.92,72.45,209.83,2.9
LA,U553N EXPEDITION [18-24],7H351,42,14,430,2402.07,1906.13,5520.36,2.9
NJ,U553N EXPEDITION [18-24],NPF,82,7,136,112.12,57.17,165.94,2.9
TX,P558N SUPER DUTY [17-22],3050,42,5,57,309.44,159.13,461.69,2.9
MI,CX727N MACH-E [21-26],14G647,42,15,213,620.75,332.94,966.69,2.9
MI,U625N EXPLORER [20-27],7813562,42,15,216,175.77,129.36,374.63,2.9
FL,P708 F250 - 600 [23-27],13480,42,20,356,174.63,112.78,325.4,2.89
FL,P558N SUPER DUTY [17-22],65,82,8,129,177.1,136.28,393.53,2.89
TN,P702N F150 [21-27],14G670,04,5,87,196.51,97.42,281.48,2.89
MN,U554N NAVIGATOR [18-24],14G371,04,5,114,107.87,40.45,117.02,2.89
MN,C346N FOCUS [12-18],9D289,42,21,542,142.98,87.31,252.21,2.89
OR,U553N EXPEDITION [18-24],RENTAL,82,8,240,192.7,99.92,289.05,2.89
WI,P552N F-150 [15-20],78218A42,69,31,584,265.46,162.18,468.31,2.89
IL,P708 F250 - 600 [23-27],RENTAL,82,10,236,171.29,99.92,289.05,2.89
MD,P552N F-150 [15-20],2200,30,5,89,212.75,126.33,365.66,2.89
NY,P558N SUPER DUTY [17-22],3254,42,9,124,339.62,179.76,519.22,2.89
GA,P552N F-150 [15-20],7H351,42,52,1782,2742.05,1843.18,5321.7,2.89
FL,CD539N EDGE [15-24],48H6,42,77,2769,299.38,168.44,486.92,2.89
NC,P702N F150 [21-27],19N619,82,6,139,41.64,37.06,107.05,2.89
MN,P558N SUPER DUTY [17-22],NPF,42,7,158,74.88,56.66,163.66,2.89
OH,CX482N ESCAPE [20-26],1A189,42,39,1091,179.23,108.86,314.13,2.89
IN,U502N EXPLORER [11-19],6714,82,7,182,63.23,46.21,133.61,2.89
CA,P558N SUPER DUTY [17-22],6F073,42,63,1350,220.74,130.51,376.11,2.88
MN,P702N F150 [21-27],DIAG,42,12,197,74.65,53.3,153.52,2.88
NH,P708 F250 - 600 [23-27],NPF,82,8,157,69.91,42.68,122.77,2.88
WI,P558N SUPER DUTY [17-22],5005,01,5,223,672.74,492.75,1420.2,2.88
NJ,U554N NAVIGATOR [18-24],NPF,82,8,324,85.64,58.47,168.18,2.88
NV,C346N FOCUS [12-18],9D289,42,6,200,123.64,111.33,320.82,2.88
TX,U553N EXPEDITION [18-24],16A507,42,15,187,650.58,344.86,993.18,2.88
PA,CX482N ESCAPE [20-26],14G371,04,30,471,51.99,36.63,105.46,2.88
WI,CX482N ESCAPE [20-26],18125,42,17,336,354.53,166.34,479.18,2.88
ID,U625N EXPLORER [20-27],NPF,42,5,119,106.16,67.64,194.84,2.88
NY,P558N SUPER DUTY [17-22],12029,42,5,87,268.51,207.07,596.05,2.88
NH,U625N EXPLORER [20-27],NPF,42,6,132,64.35,54.6,157.26,2.88
CA,U625N EXPLORER [20-27],AUX1,42,5,87,330.26,284.51,819.29,2.88
CA,P558N SUPER DUTY [17-22],9N184,82,30,1759,194.83,96.95,279.47,2.88
KS,U625N EXPLORER [20-27],19G490,42,8,145,247.37,162.91,468.3,2.87
WA,U625N EXPLORER [20-27],78219A65,42,7,180,595.46,267.31,768.23,2.87
FL,U625N EXPLORER [20-27],7862187,33,34,746,83.32,45.21,129.7,2.87
WA,U725N BRONCO [21-26],NPF,82,10,255,80.95,42.88,123.11,2.87
WI,U625N EXPLORER [20-27],1A189,42,21,358,171.89,108.4,310.86,2.87
FL,U611N AVIATOR [20-27],19G490,42,30,2191,277.76,174.36,500.91,2.87
OH,CD391N FUSION [13-20],7S004,39,51,1265,69.43,40.02,115.03,2.87
ID,CX430N C-SUV [21-27],2C150,42,6,153,115.85,95.04,272.7,2.87
NC,U502N EXPLORER [11-19],7902,42,6,74,2260.93,1231.18,3530.88,2.87
AL,U502N EXPLORER [11-19],14B192,46,20,583,114.75,65.72,188.32,2.87
CA,U502N EXPLORER [11-19],6038,82,5,139,306.48,281.83,810.24,2.87
WA,U625N EXPLORER [20-27],NPF,82,12,370,79.06,42.88,123.11,2.87
TN,P702N F150 [21-27],12A650,04,10,195,45.11,38.83,111.26,2.87
GA,P375N RANGER [19-23],RENTAL,82,9,202,142.74,99.92,285.48,2.86
MA,V363N TRANSIT [14-27],RENTAL,82,5,123,128.47,99.92,285.48,2.86
TX,P708 F250 - 600 [23-27],14G371,42,24,358,211.58,113.23,323.73,2.86
WA,P375N RANGER [19-23],RENTAL,82,8,113,230.51,99.92,285.48,2.86
TN,U725N BRONCO [21-26],RENTAL,82,12,538,199.84,99.92,285.48,2.86
FL,P558N SUPER DUTY [17-22],5J281,42,48,907,308.65,169.25,484.3,2.86
TN,U502N EXPLORER [11-19],78551A46,33,33,716,47.75,37.87,108.13,2.86
NY,CX482N ESCAPE [20-26],7P238,42,31,505,277.48,191.71,548.41,2.86
TN,U625N EXPLORER [20-27],RENTAL,82,24,1049,199.84,99.92,285.48,2.86
FL,CX430N C-SUV [21-27],NPF,82,7,111,111.32,64.53,184.49,2.86
FL,U554N NAVIGATOR [18-24],3F840,42,9,168,373.91,242.29,693.79,2.86
MO,U625N EXPLORER [20-27],RENTAL,82,22,1343,173.82,99.92,285.48,2.86
OK,U725N BRONCO [21-26],RENTAL,82,5,107,228.38,99.92,285.48,2.86
OK,U625N EXPLORER [20-27],RENTAL,82,12,372,160.58,99.92,285.48,2.86
MN,P702N F150 [21-27],14B291,04,46,2121,47.33,36.99,105.68,2.86
FL,U625N EXPLORER [20-27],14B291,42,7,97,222.83,112.82,322.95,2.86
CA,P558N SUPER DUTY [17-22],3304,30,6,95,557.86,386.8,1104.92,2.86
TN,CX430N C-SUV [21-27],RENTAL,82,17,500,228.38,99.92,285.48,2.86
GA,C346N FOCUS [12-18],7B546,42,9,123,1074.94,573.49,1639.0,2.86
MN,P702N F150 [21-27],1621597,41,24,523,120.29,79.35,226.56,2.86
TX,V363N TRANSIT [14-27],8C607,42,31,1046,531.23,246.8,706.53,2.86
OR,P552N F-150 [15-20],RENTAL,82,11,325,192.7,99.92,285.48,2.86
TN,CX482N ESCAPE [20-26],RENTAL,82,12,363,192.7,99.92,285.48,2.86
TX,P708 F250 - 600 [23-27],14G670,42,6,79,202.33,109.55,313.63,2.86
AZ,P552N F-150 [15-20],94RH7,42,12,249,59.95,53.1,152.05,2.86
MN,P708 F250 - 600 [23-27],NPF,82,11,175,89.23,52.84,151.29,2.86
NJ,U625N EXPLORER [20-27],7862187,33,17,418,82.79,54.12,154.89,2.86
NY,P552N F-150 [15-20],5E212,55,23,547,1238.94,674.0,1930.47,2.86
DE,U625N EXPLORER [20-27],RENTAL,82,7,209,130.41,99.92,285.48,2.86
MO,U625N EXPLORER [20-27],3A427,42,13,235,285.89,162.87,466.46,2.86
PA,U502N EXPLORER [11-19],RENTAL,82,11,174,149.88,99.92,285.48,2.86
CA,P552N F-150 [15-20],2V200,82,9,189,232.82,160.78,458.85,2.85
MN,P558N SUPER DUTY [17-22],5J249,42,31,632,314.01,188.22,537.29,2.85
LA,P552N F-150 [15-20],6M280,42,25,524,351.29,214.02,609.51,2.85
MN,CX482N ESCAPE [20-26],6731,82,8,106,61.67,50.93,145.2,2.85
MN,P552N F-150 [15-20],4676,42,10,226,167.06,125.1,355.94,2.85
CA,U611N AVIATOR [20-27],NPF,82,13,546,79.91,49.15,140.24,2.85
MI,P702N F150 [21-27],15604,42,6,78,337.97,252.83,721.3,2.85
AL,P702N F150 [21-27],3C247,42,5,58,369.18,265.77,756.48,2.85
AZ,P558N SUPER DUTY [17-22],7H351,42,7,173,3161.27,2253.92,6424.53,2.85
VT,P702N F150 [21-27],14G647,04,9,235,168.15,74.82,212.97,2.85
MA,P708 F250 - 600 [23-27],12A699,42,9,105,199.24,152.32,433.49,2.85
TX,V363N TRANSIT [14-27],9961711,01,10,390,433.18,366.67,1045.3,2.85
MI,U553N EXPEDITION [18-24],16A506,42,29,590,1047.52,567.86,1616.74,2.85
MD,CX430N C-SUV [21-27],8501,D1,5,112,479.61,379.66,1081.16,2.85
MI,U625N EXPLORER [20-27],RECALEM,04,15,220,49.46,40.59,115.79,2.85
CA,U554N NAVIGATOR [18-24],NPF,82,13,381,80.03,49.15,140.24,2.85
AZ,P558N SUPER DUTY [17-22],14B321,X9,16,934,37.77,35.69,101.86,2.85
TX,U725N BRONCO [21-26],14B291,04,40,871,52.87,39.26,111.71,2.85
CA,P552N F-150 [15-20],9J460,42,21,370,82.82,51.69,147.56,2.85
NJ,CX483N CORSAIR [20-26],9D289,42,16,628,271.39,189.83,540.05,2.84
NY,P558N SUPER DUTY [17-22],5L248,42,15,232,437.84,244.23,693.75,2.84
CA,CX430N C-SUV [21-27],DIAG,42,6,84,119.22,64.23,182.69,2.84
AL,U554N NAVIGATOR [18-24],DELIVERY,82,5,681,71.37,49.96,142.03,2.84
FL,P708 F250 - 600 [23-27],3B676,42,42,869,245.93,152.28,431.96,2.84
MO,CD539N EDGE [15-24],SHUTTLE,82,5,109,565.25,488.17,1387.43,2.84
MN,U554N NAVIGATOR [18-24],DELIVERY,82,9,1373,89.21,49.96,142.03,2.84
FL,B515A ECOSPORT INDIA [13-22],9C047,42,14,229,295.45,162.77,461.51,2.84
NH,CX430N C-SUV [21-27],2C150,42,6,99,102.48,88.05,249.75,2.84
MI,U625N EXPLORER [20-27],SHUTTLE,82,15,477,565.25,488.17,1387.43,2.84
MN,V363N TRANSIT [14-27],6714,82,17,1510,68.05,40.09,113.83,2.84
MI,CD539N EDGE [15-24],DIAG,42,5,82,63.09,52.03,147.74,2.84
AR,U611N AVIATOR [20-27],DELIVERY,82,5,668,71.37,49.96,142.03,2.84
NJ,CD539N EDGE [15-24],7902,42,24,392,2521.8,1739.21,4944.45,2.84
NC,P552N F-150 [15-20],7902,42,9,141,2049.98,1299.58,3690.02,2.84
FL,U625N EXPLORER [20-27],3A428,01,7,205,306.03,154.08,437.5,2.84
GA,U718N NAVIGATOR [25-27],DELIVERY,82,5,94,49.96,49.96,141.64,2.84
NY,CX483N CORSAIR [20-26],19G490,42,10,194,217.93,162.96,463.25,2.84
WA,U625N EXPLORER [20-27],18124,42,7,167,536.89,248.68,706.21,2.84
NE,CD391N FUSION [13-20],7S004,39,6,118,79.65,42.01,119.31,2.84
TX,P558N SUPER DUTY [17-22],2651728,33,9,109,320.79,193.33,548.69,2.84
NY,U625N EXPLORER [20-27],SHUTTLE,82,6,132,535.28,488.17,1387.43,2.84
NY,U611N AVIATOR [20-27],DELIVERY,82,21,6339,82.08,49.96,142.03,2.84
TN,P702N F150 [21-27],RECAL,04,27,560,109.8,48.75,138.03,2.83
MO,P702N F150 [21-27],19G490,42,8,85,195.61,134.61,380.97,2.83
OK,U625N EXPLORER [20-27],19G490,42,21,416,298.6,177.88,503.28,2.83
NY,V363N TRANSIT [14-27],9U433,42,7,154,1314.73,1053.41,2985.89,2.83
KY,U625N EXPLORER [20-27],19G490,42,12,183,221.11,152.65,431.77,2.83
FL,P702N F150 [21-27],10C679,42,76,2160,62.96,48.82,138.32,2.83
AZ,P558N SUPER DUTY [17-22],3A131,42,6,109,584.18,329.86,932.15,2.83
WA,U625N EXPLORER [20-27],3A427,D8,6,102,251.89,162.3,459.17,2.83
NJ,CX482N ESCAPE [20-26],NPF,42,5,90,95.55,45.03,127.45,2.83
MI,P702N F150 [21-27],18808,42,9,111,121.4,66.65,188.77,2.83
GA,U502N EXPLORER [11-19],14B192,46,20,602,99.8,54.95,155.42,2.83
MA,CX482N ESCAPE [20-26],14F642,42,23,575,48.53,36.41,103.19,2.83
GA,C520N ESCAPE [13-19],7902,42,10,168,2334.98,1187.78,3365.1,2.83
TX,CX483N CORSAIR [20-26],6731,82,7,290,118.0,51.57,145.94,2.83
NY,CX482N ESCAPE [20-26],19703,42,18,245,173.26,113.36,321.18,2.83
CA,U611N AVIATOR [20-27],NPF,42,15,482,83.96,52.21,147.21,2.82
ID,P708 F250 - 600 [23-27],3B396,42,7,96,401.41,300.95,848.65,2.82
NV,P702N F150 [21-27],14G647,04,6,392,256.0,95.06,267.82,2.82
GA,CD539N EDGE [15-24],14G371,04,5,67,52.02,35.68,100.75,2.82
CA,P552N F-150 [15-20],19G490,42,20,279,289.85,148.66,419.43,2.82
NY,P702N F150 [21-27],5E212,42,11,168,1377.07,791.7,2233.52,2.82
IA,P702N F150 [21-27],14G371,42,8,156,222.4,107.55,303.12,2.82
GA,U625N EXPLORER [20-27],18124,42,35,812,381.6,240.62,677.88,2.82
AL,P702N F150 [21-27],6714,82,14,287,59.88,46.94,132.59,2.82
FL,P758N C-PICKUP [22-27],48H6,42,38,617,350.79,230.83,651.89,2.82
OH,CX483N CORSAIR [20-26],19G490,42,6,98,272.69,185.06,521.99,2.82
MS,P558N SUPER DUTY [17-22],6731,82,11,398,82.15,54.6,153.82,2.82
AZ,P702N F150 [21-27],RECAL,04,22,900,109.91,49.6,139.17,2.81
MI,CD539N EDGE [15-24],1125,13,5,92,201.38,167.19,469.24,2.81
NH,CX430N C-SUV [21-27],RENTAL,82,6,93,96.35,57.1,160.58,2.81
IN,CX482N ESCAPE [20-26],NPF,82,8,116,59.39,43.44,122.19,2.81
NC,P375N RANGER [19-23],SERVICE,82,15,716,35.68,35.68,100.26,2.81
SC,CX430N C-SUV [21-27],RENTAL,82,12,376,199.84,114.19,321.17,2.81
MI,U625N EXPLORER [20-27],18124,30,8,144,404.39,295.56,830.68,2.81
FL,CX483N CORSAIR [20-26],9D289,42,24,1075,321.78,176.68,496.78,2.81
NH,U625N EXPLORER [20-27],4A015,D8,6,138,415.54,244.17,687.04,2.81
GA,P702N F150 [21-27],18808,42,9,121,154.71,84.54,237.78,2.81
NC,U611N AVIATOR [20-27],1A189,42,10,332,207.64,147.64,414.97,2.81
VA,P558N SUPER DUTY [17-22],2001,30,7,204,321.26,206.99,582.09,2.81
IN,U625N EXPLORER [20-27],NPF,42,12,278,69.28,44.5,124.9,2.81
CA,S650N MUSTANG [24-26],RENTAL,82,45,1045,199.84,114.19,321.17,2.81
FL,CX482N ESCAPE [20-26],RENTAL,82,80,6282,171.29,114.19,321.17,2.81
MN,P708 F250 - 600 [23-27],14B291,04,47,1293,47.97,37.61,105.68,2.81
TX,CX727N MACH-E [21-26],RENTAL,82,41,1577,249.8,114.19,321.17,2.81
LA,U725N BRONCO [21-26],RENTAL,82,8,258,214.11,114.19,321.17,2.81
NH,U625N EXPLORER [20-27],14529,42,8,133,93.54,47.53,133.48,2.81
NM,P558N SUPER DUTY [17-22],9601,82,7,303,69.42,46.67,131.13,2.81
TX,U611N AVIATOR [20-27],19G490,42,31,1679,283.64,142.31,399.81,2.81
MI,CX482N ESCAPE [20-26],9D289,42,57,1793,256.3,192.5,540.64,2.81
TX,S550N MUSTANG [15-23],RENTAL,82,34,924,249.8,114.19,321.17,2.81
DE,P702N F150 [21-27],14G647,04,6,95,167.43,81.94,230.53,2.81
FL,P702N F150 [21-27],7210,42,98,7458,445.56,291.0,818.6,2.81
CO,CX727N MACH-E [21-26],RENTAL,82,11,431,214.11,114.19,321.17,2.81
LA,U625N EXPLORER [20-27],1A189,42,11,222,161.68,89.03,249.86,2.81
KS,P758N C-PICKUP [22-27],RENTAL,82,6,140,192.7,114.19,321.17,2.81
AL,S550N MUSTANG [15-23],RENTAL,82,6,164,256.93,114.19,321.17,2.81
AL,U625N EXPLORER [20-27],RENTAL,82,14,1553,199.84,114.19,321.17,2.81
IN,CX727N MACH-E [21-26],RENTAL,82,10,266,142.74,114.19,321.17,2.81
MT,P702N F150 [21-27],RENTAL,82,6,253,207.83,114.19,321.17,2.81
CA,B515A ECOSPORT INDIA [13-22],RENTAL,*,12,250,856.44,342.58,963.5,2.81
TX,P702N F150 [21-27],14401,28,5,68,348.71,192.7,540.84,2.81
CO,CX482N ESCAPE [20-26],7820125,61,30,4323,382.76,221.63,621.91,2.81
AL,CX482N ESCAPE [20-26],RENTAL,82,13,701,256.93,114.19,321.17,2.81
FL,CD539N EDGE [15-24],RENTAL,82,72,3335,224.82,114.19,321.17,2.81
WA,U625N EXPLORER [20-27],19G490,42,15,255,239.4,180.28,505.74,2.81
OH,U554N NAVIGATOR [18-24],RENTAL,82,13,2696,142.74,102.77,289.05,2.81
AL,CX727N MACH-E [21-26],RENTAL,82,6,178,285.48,114.19,321.17,2.81
NJ,U502N EXPLORER [11-19],RENTAL,82,10,200,171.29,114.19,321.17,2.81
VA,U625N EXPLORER [20-27],7B215,D8,7,119,322.08,174.43,487.97,2.8
TX,P558N SUPER DUTY [17-22],1A189,42,53,861,129.69,83.57,234.04,2.8
TX,P702N F150 [21-27],14G650,04,25,403,41.54,35.97,100.89,2.8
IL,CD391N FUSION [13-20],7S004,39,56,1226,106.18,56.93,159.21,2.8
AL,P702N F150 [21-27],14529,42,22,505,101.57,58.34,163.11,2.8
GA,U625N EXPLORER [20-27],14D212,42,5,73,248.94,114.06,319.59,2.8
MN,CX482N ESCAPE [20-26],1S177,D8,6,97,350.41,237.93,665.78,2.8
CO,V363N TRANSIT [14-27],7000,42,7,103,6470.56,4629.47,12966.57,2.8
CA,P708 F250 - 600 [23-27],65,42,59,1124,318.67,250.16,700.81,2.8
MT,P558N SUPER DUTY [17-22],RECALEM,04,15,720,78.29,54.68,152.95,2.8
FL,U725N BRONCO [21-26],NPF,82,6,129,87.79,59.94,167.72,2.8
CO,CX430N C-SUV [21-27],8501,D8,25,2396,659.15,533.45,1492.08,2.8
WI,P552N F-150 [15-20],4676,D8,59,1165,196.03,119.05,333.02,2.8
NJ,U625N EXPLORER [20-27],ROADASST,82,5,315,71.37,35.68,99.92,2.8
AL,U554N NAVIGATOR [18-24],RENTAL,82,5,692,224.82,128.47,359.7,2.8
IN,CX430N C-SUV [21-27],8501,42,15,403,458.27,270.89,757.94,2.8
FL,CX430N C-SUV [21-27],4022,07,66,1589,221.63,139.22,390.29,2.8
TX,U553N EXPEDITION [18-24],19G490,42,9,105,235.98,138.4,387.08,2.8
NY,P552N F-150 [15-20],6K682,42,7,89,2004.9,1035.19,2895.99,2.8
FL,P558N SUPER DUTY [17-22],19703,42,22,362,931.87,603.65,1689.01,2.8
FL,P131N STRIPPED CHASSIS [99-26],2C026,42,5,105,724.38,490.27,1367.31,2.79
WV,CX482N ESCAPE [20-26],RENTAL,82,6,114,160.58,96.35,268.88,2.79
VA,U553N EXPEDITION [18-24],2200,30,10,265,337.47,172.52,480.66,2.79
MI,CX482N ESCAPE [20-26],7P155,04,8,128,71.05,37.65,105.04,2.79
MI,P702N F150 [21-27],3C247,42,46,933,457.02,249.37,694.9,2.79
AL,V363N TRANSIT [14-27],6714,82,6,138,59.29,41.69,116.39,2.79
TX,P552N F-150 [15-20],2200,82,12,343,149.5,95.6,267.03,2.79
SC,P702N F150 [21-27],14529,42,21,378,114.71,64.36,179.7,2.79
MI,U553N EXPEDITION [18-24],16A506,41,7,134,1098.23,484.88,1354.05,2.79
MI,P552N F-150 [15-20],1651070,01,14,190,402.03,186.9,522.34,2.79
NC,U553N EXPEDITION [18-24],7H351,42,25,651,2876.11,1751.39,4893.34,2.79
TX,CX483N CORSAIR [20-26],78519A70,42,17,481,233.49,104.01,290.28,2.79
OK,P702N F150 [21-27],RECAL,04,25,566,112.2,52.46,146.31,2.79
FL,P558N SUPER DUTY [17-22],9C915,42,8,104,165.33,123.98,346.01,2.79
NE,CX430N C-SUV [21-27],2C150,42,5,100,199.36,94.82,264.87,2.79
NC,P552N F-150 [15-20],78218A42,69,18,247,208.24,111.09,309.87,2.79
TX,CD533N MKZ [13-20],94RH7,42,11,342,156.66,80.46,224.29,2.79
ID,P702N F150 [21-27],14G371,42,6,140,269.78,193.7,537.81,2.78
TX,P552N F-150 [15-20],1A189,42,32,515,113.76,80.63,224.2,2.78
CA,U554N NAVIGATOR [18-24],2200,30,13,385,235.41,161.07,447.83,2.78
CA,CD391N FUSION [13-20],SERVICE,82,9,160,35.68,35.68,99.26,2.78
FL,U625N EXPLORER [20-27],19980,39,99,5136,104.16,59.43,165.24,2.78
CA,CX482N ESCAPE [20-26],14529,91,130,6090,50.48,37.03,103.02,2.78
MI,P702N F150 [21-27],4676,D8,57,1316,192.06,122.69,341.59,2.78
FL,P558N SUPER DUTY [17-22],6K682,42,32,617,3354.95,1603.61,4464.21,2.78
CA,U502N EXPLORER [11-19],14D696,42,11,154,373.49,229.42,637.49,2.78
PA,P702N F150 [21-27],NPF,42,28,868,62.34,44.78,124.71,2.78
NY,C520N ESCAPE [13-19],9D289,42,32,667,295.0,192.59,535.43,2.78
CA,U625N EXPLORER [20-27],DIAG,82,13,236,117.76,78.26,217.86,2.78
CA,CX483N CORSAIR [20-26],19G490,42,11,190,245.06,188.87,524.81,2.78
OH,V363N TRANSIT [14-27],6731,82,6,100,56.88,43.21,120.22,2.78
MN,P708 F250 - 600 [23-27],65,42,7,111,328.42,229.93,638.48,2.78
PA,U625N EXPLORER [20-27],18125,D8,7,75,197.0,116.28,323.18,2.78
UT,U502N EXPLORER [11-19],14B192,46,12,503,117.79,58.79,163.59,2.78
PA,P558N SUPER DUTY [17-22],9601,82,15,420,65.62,46.13,128.07,2.78
MD,P558N SUPER DUTY [17-22],5L248,42,13,171,286.81,222.69,616.88,2.77
CA,U502N EXPLORER [11-19],18124,82,6,125,512.12,451.88,1251.94,2.77
IN,P702N F150 [21-27],RECAL,04,21,386,96.81,53.25,147.73,2.77
IN,CX430N C-SUV [21-27],RENTAL,82,18,552,128.47,92.78,256.93,2.77
UT,CX430N C-SUV [21-27],8501,D8,16,881,563.93,411.15,1140.44,2.77
FL,U625N EXPLORER [20-27],7865500,42,18,329,283.15,202.02,559.16,2.77
LA,P702N F150 [21-27],14529,42,31,670,94.04,47.75,132.49,2.77
FL,CX483N CORSAIR [20-26],7902,42,10,148,2760.02,1728.92,4795.25,2.77
WI,CX482N ESCAPE [20-26],14529,91,78,2953,48.47,35.74,98.89,2.77
FL,U725N BRONCO [21-26],NPF,42,9,350,124.42,69.89,193.3,2.77
PA,P702N F150 [21-27],14529,42,42,638,112.81,64.45,178.23,2.77
MN,U625N EXPLORER [20-27],18124,42,20,424,626.05,354.1,980.15,2.77
NJ,CX482N ESCAPE [20-26],14529,42,10,125,98.26,51.41,142.16,2.77
NY,CDX707A NAUTILUS [23-26],14G371,04,5,95,185.36,132.42,366.96,2.77
GA,P552N F-150 [15-20],5E212,42,45,1180,1105.41,776.34,2148.67,2.77
AL,P758N C-PICKUP [22-27],RENTAL,82,9,292,160.58,99.23,274.77,2.77
AL,CD391N FUSION [13-20],7S004,39,13,337,83.97,43.84,121.56,2.77
OH,CX482N ESCAPE [20-26],6731,82,32,730,61.06,49.16,136.06,2.77
LA,C346N FOCUS [12-18],9D289,42,9,115,97.83,91.68,252.6,2.76
NY,U625N EXPLORER [20-27],7862187,01,6,160,66.67,51.7,142.57,2.76
MN,U625N EXPLORER [20-27],NPF,42,13,272,74.72,47.93,132.18,2.76
TX,V363N TRANSIT [14-27],6006,42,6,80,5581.75,2652.11,7320.27,2.76
NY,U502N EXPLORER [11-19],16612,1Q,24,410,1226.28,592.78,1635.4,2.76
ID,P558N SUPER DUTY [17-22],17D696,42,12,333,188.77,134.45,371.62,2.76
FL,U611N AVIATOR [20-27],94RH7,42,24,1149,340.38,209.96,579.39,2.76
UT,U625N EXPLORER [20-27],14G371,04,20,619,46.25,38.73,106.77,2.76
AZ,CD539N EDGE [15-24],90T5,42,11,331,49.9,42.48,117.39,2.76
TX,P552N F-150 [15-20],4676,D8,23,356,215.14,147.99,409.14,2.76
NJ,CX430N C-SUV [21-27],NPF,82,7,198,76.77,58.47,161.63,2.76
VA,P702N F150 [21-27],SERVICE,82,10,339,35.68,35.68,98.63,2.76
SC,P702N F150 [21-27],RECAL,04,22,616,116.33,65.9,181.99,2.76
WI,P702N F150 [21-27],17626,42,11,160,427.28,227.68,628.96,2.76
AL,U625N EXPLORER [20-27],18124,42,14,312,437.08,209.17,577.38,2.76
OH,U540N MKX [16-23],NPF,82,6,218,68.75,48.32,132.89,2.75
VA,U625N EXPLORER [20-27],14529,42,24,491,89.75,45.58,125.51,2.75
TX,P702N F150 [21-27],DIAG,82,7,141,92.69,57.25,157.54,2.75
FL,U554N NAVIGATOR [18-24],49H8,42,26,2497,373.2,239.85,659.75,2.75
FL,P758N C-PICKUP [22-27],NPF,42,8,254,115.75,87.9,241.62,2.75
VA,P558N SUPER DUTY [17-22],6731,82,14,390,86.0,45.74,125.75,2.75
TX,CD539N EDGE [15-24],14G371,42,13,202,195.85,128.97,354.79,2.75
FL,P558N SUPER DUTY [17-22],TCARE,82,23,852,287.59,201.42,552.93,2.75
FL,P758N C-PICKUP [22-27],99RT4,42,50,924,344.16,222.84,611.95,2.75
CA,CD391N FUSION [13-20],14G229,42,9,120,83.96,62.03,170.46,2.75
NV,P558N SUPER DUTY [17-22],6F073,42,5,89,168.39,151.03,414.9,2.75
NY,CX482N ESCAPE [20-26],9D289,42,43,919,262.11,190.1,522.51,2.75
OH,CX482N ESCAPE [20-26],14G371,04,39,730,47.71,37.41,102.74,2.75
IA,P702N F150 [21-27],12A650,04,9,150,50.53,39.97,109.91,2.75
PA,P558N SUPER DUTY [17-22],W702554,*,9,209,49.11,42.23,115.95,2.75
FL,U554N NAVIGATOR [18-24],8501,42,6,114,465.87,400.58,1102.97,2.75
FL,CDX707A NAUTILUS [23-26],94RH7,42,19,551,353.1,217.89,599.42,2.75
MN,P702N F150 [21-27],3C247,42,30,635,533.83,294.47,810.56,2.75
OH,U725N BRONCO [21-26],14B291,04,20,347,49.46,37.6,103.21,2.75
FL,V363N TRANSIT [14-27],TIRE,82,5,143,607.11,247.89,682.3,2.75
KS,U553N EXPEDITION [18-24],RENTAL,82,8,277,128.47,124.9,342.58,2.74
CO,P702N F150 [21-27],14G647,42,16,461,942.08,586.64,1605.82,2.74
MA,P702N F150 [21-27],3C247,42,15,214,495.75,374.43,1024.4,2.74
NJ,CX482N ESCAPE [20-26],1A189,42,24,453,177.28,123.63,338.61,2.74
FL,P558N SUPER DUTY [17-22],19850,42,6,87,1486.47,707.06,1935.03,2.74
FL,U540N MKX [16-23],RENTAL,82,29,5910,149.88,82.08,224.82,2.74
FL,S550N MUSTANG [15-23],9923394,42,58,1768,421.32,205.27,563.03,2.74
FL,CX482N ESCAPE [20-26],6731,82,30,704,60.59,39.88,109.45,2.74
NC,CX482N ESCAPE [20-26],14529,91,57,2143,44.91,36.08,98.78,2.74
WI,P552N F-150 [15-20],78218A43,69,19,299,239.27,125.45,343.25,2.74
CA,CDX707A NAUTILUS [23-26],14H522,04,27,2117,430.3,223.82,612.73,2.74
TX,CD391N FUSION [13-20],6009,D8,47,759,3676.45,1730.32,4743.96,2.74
FL,U554N NAVIGATOR [18-24],14B291,04,8,175,69.12,46.98,128.87,2.74
AZ,U502N EXPLORER [11-19],65,42,18,776,59.24,47.69,130.47,2.74
TX,P702N F150 [21-27],4234,42,35,725,543.21,285.48,782.64,2.74
CA,U625N EXPLORER [20-27],6731,82,19,529,71.96,41.77,114.64,2.74
WA,U625N EXPLORER [20-27],NPF,42,15,282,85.75,48.17,131.89,2.74
AZ,CD391N FUSION [13-20],90T5,42,10,328,55.67,44.18,120.96,2.74
CA,U554N NAVIGATOR [18-24],19A387,42,8,155,235.26,144.22,395.13,2.74
CA,S550N MUSTANG [15-23],6051,D8,5,74,1944.28,1860.39,5087.7,2.73
PA,U625N EXPLORER [20-27],7B215,D8,24,456,297.36,162.21,442.02,2.73
CA,U625N EXPLORER [20-27],3A427,D8,68,1994,316.86,221.93,606.84,2.73
MT,P558N SUPER DUTY [17-22],3254,42,14,320,443.73,253.02,691.61,2.73
NM,CX430N C-SUV [21-27],2C150,42,8,208,85.02,78.63,214.92,2.73
NM,CX430N C-SUV [21-27],8501,42,5,181,482.3,324.39,885.07,2.73
TX,U625N EXPLORER [20-27],18124,42,74,1581,400.01,255.72,697.97,2.73
CA,P702N F150 [21-27],5230,33,6,74,297.04,162.6,443.41,2.73
VA,U625N EXPLORER [20-27],3A428,42,31,715,310.33,184.66,504.69,2.73
UT,U502N EXPLORER [11-19],14B686,X4,14,454,166.67,152.35,415.74,2.73
KY,P702N F150 [21-27],NPF,42,12,316,69.38,54.44,148.77,2.73
MI,U540N MKX [16-23],DELIVERY,82,21,6168,71.37,39.25,107.06,2.73
OH,U625N EXPLORER [20-27],7P238,42,28,409,412.64,215.89,586.57,2.72
TX,ECONOLINE [97-27],6500,42,6,179,7453.93,3783.2,10304.77,2.72
CA,V363N TRANSIT [14-27],5F250,42,26,364,2717.5,1617.27,4406.01,2.72
MD,C520N ESCAPE [13-19],RENTAL,82,7,128,289.05,192.66,524.57,2.72
MN,P558N SUPER DUTY [17-22],3254,42,17,360,381.15,230.51,627.47,2.72
NC,P552N F-150 [15-20],6M280,42,34,680,383.88,228.7,621.32,2.72
UT,P708 F250 - 600 [23-27],6731,82,7,122,69.88,54.01,146.71,2.72
PA,U625N EXPLORER [20-27],NPF,42,15,415,75.2,44.78,121.66,2.72
TN,U625N EXPLORER [20-27],14G371,42,9,169,252.47,142.03,386.48,2.72
TN,U502N EXPLORER [11-19],14B686,X4,18,349,175.02,119.72,326.06,2.72
NC,U611N AVIATOR [20-27],19G490,42,14,400,305.14,143.38,389.58,2.72
NJ,ECONOLINE [97-27],00817,30,10,496,105.8,45.33,123.26,2.72
TX,U625N EXPLORER [20-27],78219A65,42,8,420,590.19,280.28,763.07,2.72
CO,CX482N ESCAPE [20-26],14G371,04,10,167,60.49,47.96,130.61,2.72
NY,U625N EXPLORER [20-27],NPF,42,14,359,64.23,38.7,105.27,2.72
AZ,U625N EXPLORER [20-27],1A189,42,16,469,185.68,103.76,282.39,2.72
CO,P552N F-150 [15-20],19G490,42,7,84,267.77,162.0,440.54,2.72
FL,CX483N CORSAIR [20-26],94RH7,42,26,2590,348.71,220.19,599.05,2.72
FL,P702N F150 [21-27],3C247,42,19,273,474.57,367.78,998.8,2.72
WI,P552N F-150 [15-20],14G371,42,5,79,194.7,83.93,228.17,2.72
LA,U625N EXPLORER [20-27],18124,42,9,172,334.12,204.21,553.79,2.71
NY,P552N F-150 [15-20],1104,42,46,807,438.23,326.89,886.79,2.71
NC,U625N EXPLORER [20-27],9B325,42,19,300,199.99,143.43,388.8,2.71
IL,U553N EXPEDITION [18-24],14G371,04,9,133,77.08,56.33,152.65,2.71
TX,U625N EXPLORER [20-27],4B425,*,6,342,509.17,244.09,660.72,2.71
MI,CX727N MACH-E [21-26],14A411,28,42,1123,250.72,132.47,359.27,2.71
CA,U625N EXPLORER [20-27],7862187,33,46,1078,98.4,55.84,151.48,2.71
CA,U625N EXPLORER [20-27],94RH7,42,34,789,261.44,190.74,516.53,2.71
IN,CX482N ESCAPE [20-26],14G371,04,11,176,48.39,38.73,104.94,2.71
TX,U554N NAVIGATOR [18-24],2200,30,5,168,203.17,99.93,270.93,2.71
SC,U625N EXPLORER [20-27],18124,42,16,307,410.93,268.68,726.97,2.71
TX,U611N AVIATOR [20-27],18808,42,9,207,245.35,190.76,516.83,2.71
CA,U502N EXPLORER [11-19],2V200,30,47,1312,241.3,149.0,403.8,2.71
OH,CX483N CORSAIR [20-26],1A189,42,12,338,207.19,126.38,342.25,2.71
FL,U554N NAVIGATOR [18-24],1104,42,6,115,685.99,588.59,1596.38,2.71
AZ,U625N EXPLORER [20-27],7862187,01,7,96,86.49,48.92,132.35,2.71
PA,P552N F-150 [15-20],3C247,42,32,441,391.52,230.7,625.19,2.71
PA,CD539N EDGE [15-24],SHUTTLE,82,6,94,488.17,256.93,693.72,2.7
OR,P558N SUPER DUTY [17-22],NPF,42,5,87,55.22,51.07,137.74,2.7
VA,U625N EXPLORER [20-27],1A189,42,32,1367,173.34,97.56,263.11,2.7
TX,P558N SUPER DUTY [17-22],19N619,82,35,956,48.52,36.99,99.88,2.7
OH,P708 F250 - 600 [23-27],6731,82,12,229,75.02,58.83,158.82,2.7
KS,C346N FOCUS [12-18],9D289,42,14,364,96.71,83.74,225.94,2.7
IN,U625N EXPLORER [20-27],SHUTTLE,82,9,240,539.56,256.93,693.72,2.7
FL,CX483N CORSAIR [20-26],14B350,42,21,572,274.86,172.62,465.49,2.7
MA,U625N EXPLORER [20-27],3A427,42,18,430,296.55,206.07,557.05,2.7
MA,CX482N ESCAPE [20-26],1A189,42,13,240,195.57,124.55,335.77,2.7
TN,CD539N EDGE [15-24],7902,42,9,138,1623.11,1192.31,3224.53,2.7
NC,CX482N ESCAPE [20-26],14G371,42,6,72,567.08,239.37,646.56,2.7
MI,CX482N ESCAPE [20-26],DIAG,42,8,219,78.51,48.67,131.32,2.7
NH,P558N SUPER DUTY [17-22],19G490,42,14,303,313.06,138.04,372.61,2.7
IN,P558N SUPER DUTY [17-22],NPF,42,9,117,54.36,39.13,105.63,2.7
CT,P702N F150 [21-27],NPF,42,10,236,102.77,61.1,164.81,2.7
NY,C520N ESCAPE [13-19],2C190,42,5,94,170.13,90.47,244.66,2.7
CT,U625N EXPLORER [20-27],3D102,42,16,276,638.99,495.54,1331.54,2.69
CA,CD539N EDGE [15-24],14G371,04,20,308,60.52,41.37,111.34,2.69
PA,CDX707A NAUTILUS [23-26],14H522,04,19,1529,283.16,135.82,364.99,2.69
TX,P558N SUPER DUTY [17-22],3304,42,35,564,476.55,306.91,825.34,2.69
KY,P558N SUPER DUTY [17-22],65,42,9,130,157.41,70.53,189.5,2.69
FL,U625N EXPLORER [20-27],18125,42,29,539,278.06,167.83,452.28,2.69
CA,V363N TRANSIT [14-27],NPF,82,18,275,117.76,81.0,217.86,2.69
AL,P702N F150 [21-27],19A464,43,15,276,362.43,225.54,607.42,2.69
OH,P558N SUPER DUTY [17-22],12286,42,12,214,152.77,95.81,257.42,2.69
OH,CX430N C-SUV [21-27],8501,D1,8,298,598.14,434.07,1168.91,2.69
NY,CX430N C-SUV [21-27],NPF,42,6,81,69.83,38.7,104.21,2.69
TX,P702N F150 [21-27],14401,X2,6,76,155.87,144.62,388.61,2.69
TN,P702N F150 [21-27],14G371,42,7,144,196.98,117.95,317.47,2.69
FL,P708 F250 - 600 [23-27],65,B5,5,69,297.57,178.95,481.58,2.69
TX,P702N F150 [21-27],3F791,42,39,699,299.19,170.32,458.05,2.69
WA,P702N F150 [21-27],6714,82,10,199,79.02,60.86,163.83,2.69
PA,U725N BRONCO [21-26],NPF,82,8,140,67.49,37.63,101.35,2.69
CA,CX727N MACH-E [21-26],14A303,42,11,147,1203.21,846.94,2270.78,2.68
MI,P702N F150 [21-27],14489,42,11,142,117.11,94.0,251.81,2.68
TX,P558N SUPER DUTY [17-22],8A616,42,34,528,372.41,221.82,595.53,2.68
IN,P552N F-150 [15-20],9C888,42,17,337,437.83,350.8,941.83,2.68
NY,P558N SUPER DUTY [17-22],3E651,42,105,3408,99.7,72.28,194.0,2.68
FL,P375N RANGER [19-23],48H6,42,66,1584,298.55,187.47,502.98,2.68
NY,V363N TRANSIT [14-27],4676,D8,11,150,281.67,198.23,530.71,2.68
MI,U540N MKX [16-23],58500A66,33,5,86,121.51,106.87,286.32,2.68
CA,P702N F150 [21-27],10C679,42,141,7102,67.4,50.44,135.37,2.68
CA,U611N AVIATOR [20-27],19G490,42,25,1076,320.22,193.74,519.91,2.68
MA,U625N EXPLORER [20-27],14529,42,21,372,94.74,52.19,139.9,2.68
CA,S550N MUSTANG [15-23],4B416,D8,5,73,621.95,356.56,955.28,2.68
WI,P702N F150 [21-27],4676,D8,57,1618,232.67,123.76,331.98,2.68
CA,C520N ESCAPE [13-19],7902,42,20,349,3513.26,2070.32,5553.98,2.68
MI,C520N ESCAPE [13-19],5808,30,7,246,484.24,369.86,989.61,2.68
FL,CX430N C-SUV [21-27],13466,42,19,505,49.72,38.53,103.29,2.68
NY,U502N EXPLORER [11-19],14B192,46,37,1798,122.81,72.98,195.85,2.68
NY,P708 F250 - 600 [23-27],DIAG,42,9,169,99.2,50.0,133.91,2.68
MI,P558N SUPER DUTY [17-22],5J249,42,32,540,307.4,232.77,624.44,2.68
PA,P702N F150 [21-27],12A650,04,26,321,47.63,35.86,96.02,2.68
IN,CX482N ESCAPE [20-26],1A189,42,13,238,177.85,117.48,315.03,2.68
UT,P702N F150 [21-27],RECALEM,04,13,275,76.22,51.72,138.79,2.68
NC,CX482N ESCAPE [20-26],NPF,82,5,111,77.17,47.15,126.55,2.68
OH,U625N EXPLORER [20-27],78219A65,42,9,139,475.76,233.93,626.06,2.68
MI,P552N F-150 [15-20],4676,D8,52,957,186.05,126.15,337.89,2.68
TN,P552N F-150 [15-20],SERVICE,82,5,73,35.68,35.68,95.66,2.68
AZ,CX482N ESCAPE [20-26],RENTAL,82,16,1304,171.29,107.06,285.48,2.67
MA,U554N NAVIGATOR [18-24],RENTAL,82,7,1292,102.77,96.35,256.93,2.67
IN,U540N MKX [16-23],RENTAL,82,6,297,96.35,64.23,171.29,2.67
VT,P702N F150 [21-27],RENTAL,82,5,278,128.47,64.23,171.29,2.67
NJ,U625N EXPLORER [20-27],14B291,04,10,343,61.51,46.15,123.36,2.67
OH,U554N NAVIGATOR [18-24],14G371,04,7,189,92.51,74.6,199.56,2.67
OH,D544N CONTINENTAL [17-20],RENTAL,82,9,423,128.47,96.35,256.93,2.67
CA,U625N EXPLORER [20-27],14B291,04,36,800,66.02,42.12,112.28,2.67
CT,P702N F150 [21-27],NPF,82,11,513,70.08,48.41,129.39,2.67
NC,U625N EXPLORER [20-27],18124,42,33,593,402.73,260.49,694.62,2.67
TN,P702N F150 [21-27],NPF,82,9,292,79.99,58.97,157.69,2.67
MN,U553N EXPEDITION [18-24],6256,42,29,682,1422.34,869.27,2322.49,2.67
TX,U725N BRONCO [21-26],17664,42,13,174,173.67,103.75,277.29,2.67
ME,P702N F150 [21-27],NPF,42,9,272,74.94,46.88,125.18,2.67
TN,S550N MUSTANG [15-23],RENTAL,82,6,132,189.84,107.06,285.48,2.67
NY,P702N F150 [21-27],1621597,41,38,767,114.93,77.02,205.31,2.67
NJ,D544N CONTINENTAL [17-20],RENTAL,82,5,172,160.58,96.35,256.93,2.67
FL,P703N RANGER [24-26],RENTAL,82,15,298,142.74,85.64,228.38,2.67
AZ,P758N C-PICKUP [22-27],RENTAL,82,14,636,142.74,107.06,285.48,2.67
FL,U540N MKX [16-23],18125,42,11,202,293.47,178.42,476.8,2.67
MO,U625N EXPLORER [20-27],7P238,42,9,145,403.2,206.45,551.3,2.67
TX,P708 F250 - 600 [23-27],3B676,42,84,1629,198.51,134.4,358.7,2.67
AR,CX430N C-SUV [21-27],RENTAL,82,6,227,192.7,96.35,256.93,2.67
NJ,CX727N MACH-E [21-26],14G647,04,20,405,408.55,319.58,854.16,2.67
ME,P702N F150 [21-27],RECAL,04,8,197,71.42,37.47,100.08,2.67
VA,U611N AVIATOR [20-27],RENTAL,82,7,1092,160.58,96.35,256.93,2.67
IA,P702N F150 [21-27],14G647,42,8,123,702.28,328.13,875.0,2.67
OH,V363N TRANSIT [14-27],6714,82,16,1009,58.15,42.65,113.99,2.67
CA,V363N TRANSIT [14-27],19G490,42,24,329,412.68,250.76,670.57,2.67
MN,P552N F-150 [15-20],6714,82,10,342,62.78,48.25,128.81,2.67
MI,U554N NAVIGATOR [18-24],NPF,42,6,191,77.82,51.83,138.61,2.67
CA,U554N NAVIGATOR [18-24],14B291,04,7,147,71.71,41.09,109.67,2.67
FL,S550N MUSTANG [15-23],1A189,42,26,481,140.11,98.65,262.63,2.66
SD,P702N F150 [21-27],RECAL,04,9,225,85.08,67.69,180.22,2.66
IL,U625N EXPLORER [20-27],SERVICE,82,19,979,35.68,35.68,94.91,2.66
CA,P552N F-150 [15-20],INSPECT,82,10,297,117.76,62.95,167.72,2.66
CO,CX727N MACH-E [21-26],10C666,42,14,378,1687.37,1368.04,3640.31,2.66
CA,U554N NAVIGATOR [18-24],NPF,42,12,503,102.2,56.03,149.02,2.66
FL,U553N EXPEDITION [18-24],8501,42,16,256,484.82,259.0,689.08,2.66
NH,P552N F-150 [15-20],6M280,42,7,103,296.49,205.82,547.99,2.66
PA,CX430N C-SUV [21-27],13466,42,8,130,63.57,41.64,110.92,2.66
CA,P473N SUPER DUTY [11-16],9N184,82,8,260,177.19,96.79,257.19,2.66
MA,P708 F250 - 600 [23-27],17032,16,9,126,59.09,35.69,94.79,2.66
NC,P702N F150 [21-27],10C679,42,30,952,60.22,42.96,114.43,2.66
NY,CX483N CORSAIR [20-26],14F642,42,9,308,48.1,44.24,117.71,2.66
IN,U625N EXPLORER [20-27],NPF,82,9,174,55.9,42.25,112.18,2.66
MA,P702N F150 [21-27],12A699,42,8,125,1511.07,875.32,2327.59,2.66
AZ,CX482N ESCAPE [20-26],1A189,42,10,160,179.07,104.21,277.49,2.66
PA,P708 F250 - 600 [23-27],65,42,18,272,255.74,190.85,505.21,2.65
PA,CX482N ESCAPE [20-26],18125,42,27,757,309.16,185.45,491.17,2.65
VA,U625N EXPLORER [20-27],3D102,42,20,383,689.23,456.2,1211.08,2.65
NC,U625N EXPLORER [20-27],SERVICE,82,22,3018,35.68,35.68,94.48,2.65
CA,U540N MKX [16-23],14G371,04,5,80,64.66,41.37,109.56,2.65
IA,P702N F150 [21-27],NPF,82,18,481,62.78,44.26,117.29,2.65
TX,P558N SUPER DUTY [17-22],1651070,01,14,241,406.67,195.42,517.24,2.65
VA,U625N EXPLORER [20-27],14G371,42,14,274,303.08,169.15,448.3,2.65
OR,V363N TRANSIT [14-27],6714,82,9,730,75.15,53.93,142.73,2.65
KS,P708 F250 - 600 [23-27],6731,82,11,528,91.96,65.87,174.63,2.65
TX,P558N SUPER DUTY [17-22],3E651,42,218,9960,98.62,69.66,184.73,2.65
TN,CX430N C-SUV [21-27],8501,D8,36,1220,595.14,340.29,903.03,2.65
MO,CX482N ESCAPE [20-26],14G371,42,10,158,509.72,228.26,605.78,2.65
TX,U625N EXPLORER [20-27],RECALEM,04,36,718,50.24,37.44,99.05,2.65
IA,U625N EXPLORER [20-27],7P155,42,8,225,38.0,36.9,97.78,2.65
IL,P552N F-150 [15-20],SERVICE,82,5,256,35.68,35.68,94.52,2.65
IL,U540N MKX [16-23],NPF,42,6,78,59.95,44.65,118.34,2.65
MA,U625N EXPLORER [20-27],5G203,42,5,92,487.14,323.88,857.05,2.65
NJ,CD533N MKZ [13-20],DELIVERY,82,15,763,71.37,39.25,103.49,2.64
GA,D544N CONTINENTAL [17-20],DELIVERY,82,6,160,71.37,39.25,103.49,2.64
FL,CD533N MKZ [13-20],DELIVERY,82,24,2522,71.37,39.25,103.49,2.64
NC,U540N MKX [16-23],DELIVERY,82,12,1703,82.08,39.25,103.49,2.64
TX,CX482N ESCAPE [20-26],SERVICE,82,31,931,35.68,35.68,94.25,2.64
TX,D544N CONTINENTAL [17-20],DELIVERY,82,16,642,49.96,39.25,103.49,2.64
OH,U540N MKX [16-23],DELIVERY,82,18,3859,71.37,39.25,103.49,2.64
CA,CD391N FUSION [13-20],7H348,30,20,370,4104.9,2400.66,6340.44,2.64
NY,C489N MKC [15-19],DELIVERY,82,19,769,71.37,39.25,103.49,2.64
CT,CX483N CORSAIR [20-26],DELIVERY,82,5,760,64.23,39.25,103.49,2.64
NH,CX727N MACH-E [21-26],RENTAL,82,5,98,128.47,75.66,199.84,2.64
FL,C489N MKC [15-19],DELIVERY,82,24,2032,71.37,39.25,103.49,2.64
FL,D544N CONTINENTAL [17-20],DELIVERY,82,24,1404,74.22,39.25,103.49,2.64
MO,P552N F-150 [15-20],1104,42,28,570,442.96,276.37,728.76,2.64
NE,U502N EXPLORER [11-19],14B192,46,8,183,107.73,60.56,159.69,2.64
TX,U553N EXPEDITION [18-24],8501,D8,16,295,378.01,183.76,485.15,2.64
OH,CD533N MKZ [13-20],DELIVERY,82,10,579,71.37,39.25,103.49,2.64
VA,CD533N MKZ [13-20],DELIVERY,82,6,241,82.08,39.25,103.49,2.64
VA,P558N SUPER DUTY [17-22],19703,42,7,109,1209.66,692.87,1826.8,2.64
ID,P702N F150 [21-27],12A650,04,8,174,54.11,40.51,107.06,2.64
MA,U553N EXPEDITION [18-24],7H351,42,5,82,2845.44,2635.27,6959.2,2.64
SC,U540N MKX [16-23],DELIVERY,82,6,1045,71.37,39.25,103.49,2.64
SC,CX483N CORSAIR [20-26],DELIVERY,82,6,1194,71.37,39.25,103.49,2.64
MI,CX482N ESCAPE [20-26],18808,42,7,103,249.42,133.7,352.65,2.64
MI,CD533N MKZ [13-20],DELIVERY,82,12,958,71.37,39.25,103.49,2.64
NJ,C489N MKC [15-19],DELIVERY,82,13,656,71.37,39.25,103.49,2.64
IA,P708 F250 - 600 [23-27],6731,82,7,105,118.6,48.45,127.81,2.64
CA,D544N CONTINENTAL [17-20],DELIVERY,82,14,278,71.37,39.25,103.49,2.64
TN,U540N MKX [16-23],DELIVERY,82,8,722,53.53,39.25,103.49,2.64
IL,CX483N CORSAIR [20-26],DELIVERY,82,18,2796,49.96,39.25,103.49,2.64
CA,P702N F150 [21-27],16500A66,33,11,181,68.62,48.17,126.96,2.64
MD,P552N F-150 [15-20],14G371,04,15,281,44.87,38.53,101.67,2.64
IL,C489N MKC [15-19],DELIVERY,82,9,223,60.66,39.25,103.49,2.64
KY,U625N EXPLORER [20-27],NPF,42,7,101,121.72,55.85,147.44,2.64
PA,P552N F-150 [15-20],19G490,42,5,56,149.81,105.18,277.17,2.64
CT,U540N MKX [16-23],DELIVERY,82,5,428,71.37,39.25,103.49,2.64
VA,C489N MKC [15-19],DELIVERY,82,5,139,71.37,39.25,103.49,2.64
CT,U611N AVIATOR [20-27],DELIVERY,82,5,738,64.23,39.25,103.49,2.64
NV,P558N SUPER DUTY [17-22],5L248,42,7,128,237.16,189.83,500.86,2.64
IL,U540N MKX [16-23],DELIVERY,82,18,2044,49.96,39.25,103.49,2.64
NY,CD533N MKZ [13-20],DELIVERY,82,19,895,71.37,39.25,103.49,2.64
CA,C489N MKC [15-19],DELIVERY,82,12,268,71.37,39.25,103.49,2.64
TN,CX483N CORSAIR [20-26],DELIVERY,82,8,803,64.23,39.25,103.49,2.64
CA,U625N EXPLORER [20-27],9601,82,5,65,88.68,41.77,110.25,2.64
NJ,D544N CONTINENTAL [17-20],DELIVERY,82,8,199,71.37,39.25,103.49,2.64
LA,CX483N CORSAIR [20-26],DELIVERY,82,8,806,82.08,39.25,103.49,2.64
NY,U540N MKX [16-23],DELIVERY,82,21,4643,71.37,39.25,103.49,2.64
CA,CD533N MKZ [13-20],DELIVERY,82,18,687,71.37,39.25,103.49,2.64
LA,U540N MKX [16-23],DELIVERY,82,8,727,82.08,39.25,103.49,2.64
AZ,P375N RANGER [19-23],6731,82,6,144,70.82,58.72,154.82,2.64
PA,CD533N MKZ [13-20],DELIVERY,82,12,546,71.37,39.25,103.49,2.64
PA,U625N EXPLORER [20-27],7A100,49,5,62,195.59,155.6,410.29,2.64
OK,U611N AVIATOR [20-27],DELIVERY,82,5,1383,49.96,39.25,103.49,2.64
MD,P558N SUPER DUTY [17-22],14G371,04,7,91,52.57,38.53,101.67,2.64
TX,P702N F150 [21-27],8327936,42,21,313,132.13,82.37,217.06,2.64
AR,P702N F150 [21-27],14G670,04,6,74,89.99,72.8,192.44,2.64
MN,P552N F-150 [15-20],78218A43,69,18,304,213.43,134.21,353.86,2.64
NJ,U725N BRONCO [21-26],14B291,04,17,326,55.67,46.78,123.36,2.64
CA,U540N MKX [16-23],NPF,42,5,88,114.98,63.38,167.08,2.64
NY,P702N F150 [21-27],7210,42,54,1146,425.69,287.84,758.68,2.64
IL,CD533N MKZ [13-20],DELIVERY,82,10,306,49.96,39.25,103.49,2.64
NC,D544N CONTINENTAL [17-20],DELIVERY,82,6,104,71.37,39.25,103.49,2.64
IL,D544N CONTINENTAL [17-20],DELIVERY,82,6,177,71.37,39.25,103.49,2.64
LA,U611N AVIATOR [20-27],DELIVERY,82,10,2343,49.96,39.25,103.49,2.64
PA,C489N MKC [15-19],DELIVERY,82,11,520,71.37,39.25,103.49,2.64
CO,P558N SUPER DUTY [17-22],14G371,04,13,242,57.95,47.96,126.18,2.63
AR,U725N BRONCO [21-26],RENTAL,82,5,144,192.7,85.64,224.82,2.63
CO,ECONOLINE [97-27],12A650,04,8,219,45.18,35.97,94.52,2.63
OH,U611N AVIATOR [20-27],14G371,42,7,164,598.72,260.74,686.5,2.63
IN,P702N F150 [21-27],6714,82,14,512,54.34,42.29,111.25,2.63
MI,P558N SUPER DUTY [17-22],3254,D8,10,141,328.58,173.19,455.51,2.63
CA,P708 F250 - 600 [23-27],12A647,42,7,90,163.54,97.41,256.35,2.63
SC,P558N SUPER DUTY [17-22],65,42,21,464,196.69,123.36,324.5,2.63
IN,U625N EXPLORER [20-27],14G371,42,11,167,282.74,233.41,614.72,2.63
FL,U725N BRONCO [21-26],14B291,42,6,76,78.29,40.66,107.06,2.63
OH,P558N SUPER DUTY [17-22],NPF,82,11,181,66.05,38.8,101.92,2.63
OH,CDX707A NAUTILUS [23-26],14H522,04,17,1588,321.51,205.86,542.28,2.63
IN,P552N F-150 [15-20],78218A42,69,18,352,239.25,120.11,315.65,2.63
NE,U553N EXPEDITION [18-24],RENTAL,82,6,222,142.74,85.64,224.82,2.63
CO,P702N F150 [21-27],NPF,42,11,458,84.36,49.68,130.59,2.63
MA,U553N EXPEDITION [18-24],RENTAL,82,18,399,171.29,114.19,299.75,2.63
CA,P558N SUPER DUTY [17-22],6020,D8,21,519,2529.37,1809.18,4733.65,2.62
FL,C520N ESCAPE [13-19],6731,82,9,298,49.72,39.88,104.38,2.62
OH,U625N EXPLORER [20-27],14C689,42,12,148,703.67,319.62,838.6,2.62
NY,U611N AVIATOR [20-27],1A189,42,12,308,255.32,145.21,381.01,2.62
NJ,P375N RANGER [19-23],7H351,42,5,57,2992.6,1228.5,3222.43,2.62
WI,CD391N FUSION [13-20],7S004,39,31,648,80.03,43.1,113.09,2.62
FL,B299N FIESTA MCA [13-19],19E616,42,7,96,146.85,103.08,269.82,2.62
CA,C346N FOCUS [12-18],7Z369,42,86,2267,668.17,417.29,1092.47,2.62
WA,CX430N C-SUV [21-27],NPF,82,10,191,85.75,42.88,112.29,2.62
NM,P558N SUPER DUTY [17-22],65,82,5,89,213.73,153.97,402.81,2.62
TX,U625N EXPLORER [20-27],5E212,42,53,1279,981.17,617.21,1615.13,2.62
VA,CX482N ESCAPE [20-26],14529,42,10,144,58.62,46.3,121.46,2.62
AZ,P558N SUPER DUTY [17-22],RECALEM,04,24,780,64.23,37.47,98.13,2.62
NJ,P702N F150 [21-27],14G647,42,7,120,817.1,385.4,1007.92,2.62
MO,P558N SUPER DUTY [17-22],NPF,82,7,143,56.58,47.47,124.52,2.62
VA,U502N EXPLORER [11-19],14B192,46,24,1293,120.96,69.73,182.84,2.62
SC,U611N AVIATOR [20-27],19G490,42,6,150,300.28,142.74,374.56,2.62
OH,CX482N ESCAPE [20-26],7P238,42,28,427,275.87,215.92,565.99,2.62
PA,P702N F150 [21-27],10655,42,6,95,205.54,101.67,266.23,2.62
PA,U625N EXPLORER [20-27],6731,82,16,788,59.27,42.68,111.73,2.62
IN,P552N F-150 [15-20],3C247,42,13,223,391.19,264.47,691.79,2.62
TX,P552N F-150 [15-20],6731,82,15,358,55.95,44.31,115.82,2.61
FL,U625N EXPLORER [20-27],4A015,D8,12,375,888.74,522.62,1365.24,2.61
FL,U625N EXPLORER [20-27],7862187,42,21,545,85.82,56.75,148.13,2.61
MA,P552N F-150 [15-20],6M280,42,20,297,387.08,247.23,644.66,2.61
UT,U625N EXPLORER [20-27],NPF,42,5,122,94.26,55.94,145.95,2.61
GA,P558N SUPER DUTY [17-22],14B321,X9,33,1098,39.0,35.78,93.24,2.61
NY,P702N F150 [21-27],10C679,42,65,1460,58.3,40.26,104.91,2.61
VA,C520N ESCAPE [13-19],7902,42,16,286,2548.51,1302.9,3406.85,2.61
TX,P552N F-150 [15-20],78218A43,69,18,321,180.97,127.0,331.83,2.61
CA,U553N EXPEDITION [18-24],2200,30,39,851,274.2,173.89,454.68,2.61
NY,CX482N ESCAPE [20-26],18125,42,13,231,374.29,236.13,617.41,2.61
MO,P708 F250 - 600 [23-27],NPF,42,11,340,98.25,59.24,154.82,2.61
SC,CX430N C-SUV [21-27],NPF,82,6,83,87.63,54.24,141.67,2.61
MI,CX430N C-SUV [21-27],9D289,42,27,495,283.08,238.43,622.13,2.61
MI,CX483N CORSAIR [20-26],6731,82,11,332,76.84,53.44,139.26,2.61
MI,P702N F150 [21-27],NPF,42,38,1397,64.53,45.61,119.15,2.61
FL,U625N EXPLORER [20-27],14B291,04,19,359,62.63,42.88,111.91,2.61
GA,P552N F-150 [15-20],19G490,42,7,105,308.23,148.56,387.82,2.61
CO,U725N BRONCO [21-26],18808,42,5,69,323.26,142.85,372.55,2.61
NY,CX430N C-SUV [21-27],4000,42,11,184,2171.01,1462.05,3809.71,2.61
WA,U502N EXPLORER [11-19],78551A46,33,27,797,62.33,44.26,115.3,2.61
OR,P702N F150 [21-27],6731,82,5,174,69.47,51.37,134.08,2.61
OH,U553N EXPEDITION [18-24],NPF,82,7,135,80.79,47.85,125.01,2.61
MI,CX483N CORSAIR [20-26],19G490,42,8,193,280.58,202.12,528.25,2.61
HI,P758N C-PICKUP [22-27],RECALEM,04,5,98,86.02,47.95,125.04,2.61
IL,CX482N ESCAPE [20-26],14529,91,106,7137,56.39,35.73,93.05,2.6
IL,U502N EXPLORER [11-19],5A972,*,24,1831,204.91,98.9,257.57,2.6
FL,S550N MUSTANG [15-23],NPF,42,6,98,102.77,51.74,134.35,2.6
TX,U625N EXPLORER [20-27],7862187,01,28,468,66.78,42.71,110.87,2.6
FL,P708 F250 - 600 [23-27],NPF,82,13,312,93.35,64.53,167.72,2.6
MI,P702N F150 [21-27],AUX1,42,15,267,174.43,125.3,326.12,2.6
FL,CX430N C-SUV [21-27],48H6,42,78,3973,313.74,198.23,515.2,2.6
AL,P558N SUPER DUTY [17-22],5005,01,5,221,668.38,488.66,1268.62,2.6
NH,P702N F150 [21-27],3C247,42,9,170,496.86,315.78,819.66,2.6
CA,P552N F-150 [15-20],NPF,42,8,445,102.2,49.39,128.47,2.6
MO,CX482N ESCAPE [20-26],NPF,82,11,302,79.21,49.54,128.99,2.6
OH,P558N SUPER DUTY [17-22],ADJUST,82,6,169,128.47,92.75,241.59,2.6
TX,P552N F-150 [15-20],3C247,42,17,264,476.61,238.3,620.04,2.6
KS,P552N F-150 [15-20],6714,82,7,330,64.6,46.89,121.85,2.6
CO,V363N TRANSIT [14-27],7A195,04,25,2565,43.4,36.4,94.52,2.6
PA,CX482N ESCAPE [20-26],SERVICE,82,10,217,35.68,35.68,92.75,2.6
KS,P702N F150 [21-27],14529,42,10,181,114.71,69.27,180.25,2.6
MN,P702N F150 [21-27],9943300,42,5,64,108.46,91.85,238.69,2.6
VT,P702N F150 [21-27],RECAL,04,7,130,85.19,37.01,96.35,2.6
CA,V408E TRANSIT CONNECT [13-24],9D475,42,38,672,384.88,226.52,586.13,2.59
GA,U553N EXPEDITION [18-24],7H351,42,37,844,2569.59,1696.93,4391.17,2.59
TN,U625N EXPLORER [20-27],3A428,42,13,223,292.63,175.13,453.73,2.59
CT,U625N EXPLORER [20-27],NPF,42,5,110,102.77,63.48,164.37,2.59
VA,V363N TRANSIT [14-27],2200,30,6,180,324.13,260.08,674.79,2.59
OH,U625N EXPLORER [20-27],NPF,42,21,344,62.04,42.86,110.87,2.59
MI,P702N F150 [21-27],DIAG,82,13,263,85.93,58.3,151.12,2.59
IL,U625N EXPLORER [20-27],5E212,42,16,284,1209.94,922.75,2394.02,2.59
MI,P558N SUPER DUTY [17-22],12286,42,7,117,213.55,114.91,297.65,2.59
ID,U625N EXPLORER [20-27],1A189,42,5,236,204.74,133.55,345.8,2.59
MD,P558N SUPER DUTY [17-22],3E651,42,42,1810,102.23,73.65,191.13,2.59
NC,P708 F250 - 600 [23-27],6731,82,8,173,104.31,74.1,192.24,2.59
NJ,U611N AVIATOR [20-27],1A189,42,10,267,215.22,116.85,302.47,2.59
TX,U625N EXPLORER [20-27],7813562,01,6,88,158.83,114.61,296.66,2.59
FL,ECONOLINE [97-27],19A566,42,5,78,841.45,567.75,1469.69,2.59
NV,V363N TRANSIT [14-27],19703,42,6,265,683.72,469.84,1216.8,2.59
CA,P702N F150 [21-27],6731,82,37,838,80.13,44.92,116.37,2.59
IL,U502N EXPLORER [11-19],8501,42,13,239,1657.2,697.55,1806.87,2.59
TX,P702N F150 [21-27],14529,28,16,291,106.08,56.67,146.04,2.58
AR,V363N TRANSIT [14-27],48H6,42,6,89,285.32,215.32,555.87,2.58
TX,H567N MEDIUM TRUCK [16-27],12A650,04,11,307,55.95,44.3,114.18,2.58
WA,U502N EXPLORER [11-19],6714,82,15,322,62.87,39.65,102.2,2.58
ME,P552N F-150 [15-20],4676,D8,14,342,158.01,110.3,284.86,2.58
IL,U625N EXPLORER [20-27],COURTESY,82,5,90,452.49,225.53,582.38,2.58
TX,U611N AVIATOR [20-27],14018,42,12,275,97.67,56.8,146.26,2.58
OK,U553N EXPEDITION [18-24],78045G34,42,9,148,47.52,36.79,94.8,2.58
TX,P702N F150 [21-27],14F642,42,5,83,77.44,47.1,121.33,2.58
NJ,U625N EXPLORER [20-27],6584,D8,11,312,861.89,635.54,1640.77,2.58
IN,U611N AVIATOR [20-27],DELIVERY,82,10,2253,49.96,39.25,101.35,2.58
IL,P552N F-150 [15-20],14G371,04,37,656,70.23,39.74,102.45,2.58
OH,P708 F250 - 600 [23-27],19703,42,88,3534,154.93,100.99,260.39,2.58
TN,P552N F-150 [15-20],78218A42,69,18,375,203.05,153.09,394.68,2.58
IN,U554N NAVIGATOR [18-24],DELIVERY,82,8,1310,49.96,39.25,101.35,2.58
NY,CX727N MACH-E [21-26],10B689,04,56,1831,80.95,57.55,148.57,2.58
TN,P552N F-150 [15-20],3C247,42,8,112,353.25,243.17,627.29,2.58
NM,P702N F150 [21-27],14G647,04,5,201,197.92,90.93,234.64,2.58
VA,V408E TRANSIT CONNECT [13-24],7902,42,5,75,2819.14,1685.4,4340.79,2.58
GA,U625N EXPLORER [20-27],5E212,42,10,137,946.5,720.01,1856.07,2.58
MS,U611N AVIATOR [20-27],DELIVERY,82,5,188,49.96,39.25,101.35,2.58
NJ,U611N AVIATOR [20-27],19G490,42,13,277,279.39,131.34,336.97,2.57
TX,B515A ECOSPORT INDIA [13-22],48H6,42,11,154,207.94,105.03,270.06,2.57
PA,C489N MKC [15-19],48H6,42,9,200,184.45,96.66,248.43,2.57
CA,P558N SUPER DUTY [17-22],9H529,42,13,187,921.83,730.07,1873.88,2.57
AZ,P552N F-150 [15-20],SERVICE,82,9,394,35.68,35.68,91.76,2.57
OK,CX482N ESCAPE [20-26],RENTAL,82,8,158,224.82,124.9,321.17,2.57
IN,U553N EXPEDITION [18-24],6714,82,5,62,51.86,47.13,121.29,2.57
NC,P552N F-150 [15-20],5E212,42,43,996,1173.53,721.49,1854.38,2.57
VA,P375N RANGER [19-23],RENTAL,82,10,210,228.38,124.86,321.17,2.57
WA,P702N F150 [21-27],14G670,04,8,106,116.33,103.45,265.83,2.57
LA,U502N EXPLORER [11-19],14B192,46,14,385,114.7,62.06,159.35,2.57
TX,CD391N FUSION [13-20],RENTAL,82,20,356,285.48,174.86,449.63,2.57
FL,U611N AVIATOR [20-27],49H8,42,15,409,435.52,262.61,675.66,2.57
FL,P708 F250 - 600 [23-27],7A100,04,7,131,273.84,204.39,525.33,2.57
TX,U611N AVIATOR [20-27],14G371,42,18,1171,345.62,173.64,447.06,2.57
LA,U725N BRONCO [21-26],14B291,04,6,80,48.47,45.78,117.82,2.57
CA,CX482N ESCAPE [20-26],1A189,42,48,1032,195.18,118.12,303.09,2.57
IL,U725N BRONCO [21-26],NPF,42,5,68,78.79,59.22,152.3,2.57
MI,U625N EXPLORER [20-27],DIAG,82,5,76,122.76,55.68,143.23,2.57
NY,U625N EXPLORER [20-27],18124,42,18,241,454.46,326.82,839.35,2.57
MN,CD539N EDGE [15-24],6731,82,6,103,56.83,45.41,116.67,2.57
NJ,CX482N ESCAPE [20-26],14G371,04,19,357,87.13,44.85,114.97,2.56
GA,U625N EXPLORER [20-27],19980,39,77,2475,89.88,61.16,156.84,2.56
AL,U625N EXPLORER [20-27],6731,82,7,123,70.82,52.76,135.29,2.56
NY,P702N F150 [21-27],DIAG,82,8,125,78.89,62.55,160.2,2.56
OH,P702N F150 [21-27],14B291,04,87,3103,46.0,35.81,91.74,2.56
MO,P702N F150 [21-27],17626,42,5,64,486.29,296.91,760.68,2.56
CO,P702N F150 [21-27],14529,42,23,607,131.73,70.06,179.35,2.56
IL,U553N EXPEDITION [18-24],9G488,42,6,106,415.35,278.95,714.37,2.56
PA,U502N EXPLORER [11-19],14B192,46,44,1623,114.18,73.98,189.64,2.56
NE,P702N F150 [21-27],14G647,04,9,213,213.18,149.11,381.64,2.56
AZ,U625N EXPLORER [20-27],14529,42,19,514,98.51,45.5,116.51,2.56
ID,P558N SUPER DUTY [17-22],3304,42,6,186,464.82,422.0,1080.68,2.56
NV,U625N EXPLORER [20-27],18124,42,8,343,543.23,318.08,814.21,2.56
PA,U718N NAVIGATOR [25-27],RENTAL,82,5,104,102.77,51.39,131.32,2.56
PA,U611N AVIATOR [20-27],RENTAL,82,16,3079,96.35,51.39,131.32,2.56
NC,P702N F150 [21-27],9C888,42,9,183,373.25,163.67,418.74,2.56
FL,P702N F150 [21-27],8327936,42,12,170,131.58,104.98,268.48,2.56
MA,C346N FOCUS [12-18],9D289,42,28,512,123.18,80.77,206.57,2.56
NY,P552N F-150 [15-20],78218A43,69,21,422,200.51,129.86,332.93,2.56
PA,C346N FOCUS [12-18],7B546,42,31,443,1174.97,789.51,2017.8,2.56
AZ,U611N AVIATOR [20-27],1A189,42,6,278,169.75,108.03,276.39,2.56
TX,CD539N EDGE [15-24],1A189,42,5,60,140.93,92.76,237.81,2.56
TX,U554N NAVIGATOR [18-24],1A189,42,10,229,127.77,95.66,244.82,2.56
CA,C489N MKC [15-19],9D289,42,5,81,314.6,297.73,759.04,2.55
WA,P552N F-150 [15-20],3C247,42,9,139,499.13,306.24,782.38,2.55
KY,P702N F150 [21-27],10C679,42,10,141,48.05,39.22,99.9,2.55
TX,U625N EXPLORER [20-27],3A427,D8,14,230,228.05,182.36,464.5,2.55
FL,U625N EXPLORER [20-27],DIAG,82,7,105,122.19,77.44,197.52,2.55
CA,P702N F150 [21-27],3F791,42,45,682,354.54,202.36,516.03,2.55
CA,P558N SUPER DUTY [17-22],2651728,33,21,351,349.55,195.31,498.91,2.55
IL,P558N SUPER DUTY [17-22],5J249,42,18,284,368.41,236.09,602.8,2.55
PA,U611N AVIATOR [20-27],19G490,42,12,360,213.69,169.64,432.92,2.55
GA,V408E TRANSIT CONNECT [13-24],6731,82,10,214,67.44,40.99,104.4,2.55
CA,P708 F250 - 600 [23-27],FRONT,W6,6,72,122.47,87.71,223.71,2.55
MA,CD391N FUSION [13-20],7S004,39,10,170,81.06,48.27,123.13,2.55
MI,U625N EXPLORER [20-27],7862187,33,15,292,73.32,49.25,125.57,2.55
GA,P708 F250 - 600 [23-27],65,42,17,288,295.2,227.28,578.85,2.55
WV,CX430N C-SUV [21-27],2C150,42,8,109,79.19,75.19,191.69,2.55
NM,P558N SUPER DUTY [17-22],19G490,42,10,345,213.38,135.29,345.48,2.55
OK,U625N EXPLORER [20-27],1A189,42,10,201,190.17,106.19,270.35,2.55
AZ,P552N F-150 [15-20],6582,D8,8,175,435.43,201.48,513.03,2.55
OH,U625N EXPLORER [20-27],18124,42,24,505,398.65,245.57,624.86,2.54
CA,P558N SUPER DUTY [17-22],NPF,42,21,448,102.84,60.14,152.75,2.54
FL,P131N STRIPPED CHASSIS [99-26],7000,42,5,100,5241.76,3628.69,9203.53,2.54
SC,CX482N ESCAPE [20-26],14G371,04,9,143,52.97,48.89,124.18,2.54
WA,P708 F250 - 600 [23-27],NPF,42,10,242,88.56,51.89,131.89,2.54
NJ,U625N EXPLORER [20-27],18125,42,7,106,257.88,166.88,424.29,2.54
AL,P558N SUPER DUTY [17-22],3E651,42,48,1901,93.01,58.49,148.82,2.54
OH,U625N EXPLORER [20-27],6731,82,29,1135,59.47,38.79,98.39,2.54
TX,P558N SUPER DUTY [17-22],3A131,42,14,171,417.95,275.65,699.75,2.54
WI,P558N SUPER DUTY [17-22],65,42,15,250,201.61,153.8,390.39,2.54
AK,CX482N ESCAPE [20-26],7820125,61,5,660,401.16,168.91,429.6,2.54
CA,CX482N ESCAPE [20-26],7P155,42,6,77,153.3,128.18,325.15,2.54
NY,CX727N MACH-E [21-26],PATSKEY,42,23,434,266.15,163.52,416.12,2.54
FL,U625N EXPLORER [20-27],7P238,42,18,279,403.53,276.92,704.64,2.54
MA,P708 F250 - 600 [23-27],RECALEM,04,9,134,54.07,37.99,96.52,2.54
WA,U611N AVIATOR [20-27],14G371,04,7,317,101.77,44.98,114.33,2.54
AZ,P552N F-150 [15-20],14G371,04,16,442,47.96,39.68,100.66,2.54
TX,CX727N MACH-E [21-26],RECAL,04,27,499,119.57,60.29,152.91,2.54
NY,U625N EXPLORER [20-27],12A650,04,37,1208,42.61,36.6,92.88,2.54
MI,U625N EXPLORER [20-27],6P013,33,5,164,85.48,52.24,132.59,2.54
TX,P702N F150 [21-27],19H332,42,27,420,210.83,152.71,387.97,2.54
NY,U502N EXPLORER [11-19],5G232,42,11,542,708.81,533.44,1356.96,2.54
TN,P708 F250 - 600 [23-27],19703,42,50,1651,165.74,101.82,258.79,2.54
CA,P558N SUPER DUTY [17-22],9H307,42,32,453,709.13,468.11,1189.01,2.54
FL,CX430N C-SUV [21-27],8501,D8,60,1558,653.16,414.78,1054.04,2.54
OK,P558N SUPER DUTY [17-22],6K682,42,9,135,2885.81,1416.13,3602.72,2.54
TX,P702N F150 [21-27],DIAG,42,18,381,92.5,51.39,130.12,2.53
NY,CX482N ESCAPE [20-26],9E731,42,5,111,567.18,310.67,785.01,2.53
FL,U611N AVIATOR [20-27],9B325,42,25,1077,256.53,138.44,350.18,2.53
CO,V363N TRANSIT [14-27],14G672,04,5,72,47.32,35.97,90.88,2.53
MI,U625N EXPLORER [20-27],9B325,42,26,467,212.18,155.28,393.31,2.53
IL,P552N F-150 [15-20],1651070,01,17,240,507.43,283.82,716.89,2.53
MI,U625N EXPLORER [20-27],7P238,42,33,523,421.37,241.14,610.84,2.53
OH,U502N EXPLORER [11-19],78551A46,33,45,1172,48.61,38.06,96.17,2.53
NV,CX430N C-SUV [21-27],RENTAL,82,6,371,192.7,114.19,289.05,2.53
CO,P702N F150 [21-27],18808,42,16,375,124.16,73.2,185.33,2.53
ID,P552N F-150 [15-20],6M280,42,5,134,518.42,393.47,994.27,2.53
TX,U540N MKX [16-23],7902,42,13,431,1996.41,1425.3,3602.96,2.53
FL,P702N F150 [21-27],16502C22,42,5,70,2278.74,937.37,2369.54,2.53
FL,U540N MKX [16-23],RECAL,04,20,432,113.24,74.07,187.16,2.53
GA,P702N F150 [21-27],19G490,42,11,177,332.26,160.85,406.52,2.53
TX,P702N F150 [21-27],9J460,42,12,269,128.99,61.35,155.03,2.53
OK,U553N EXPEDITION [18-24],7H351,42,17,359,3033.33,2320.8,5859.37,2.52
MO,P552N F-150 [15-20],9C888,42,30,722,457.64,288.25,724.96,2.52
FL,U611N AVIATOR [20-27],NPF,82,7,226,80.95,47.46,119.54,2.52
OK,P702N F150 [21-27],3C247,42,10,149,378.98,243.79,614.9,2.52
LA,P702N F150 [21-27],19A464,42,11,175,229.81,130.51,328.75,2.52
GA,U625N EXPLORER [20-27],NPF,82,6,93,78.0,44.8,112.76,2.52
TN,V363N TRANSIT [14-27],48H6,42,10,162,297.21,147.64,371.32,2.52
IN,P702N F150 [21-27],RECAL,42,5,70,129.37,71.35,179.59,2.52
NY,CX482N ESCAPE [20-26],14529,91,82,4020,43.91,35.71,89.87,2.52
NY,P552N F-150 [15-20],5E212,42,52,1088,1320.77,837.12,2110.71,2.52
IN,P473N SUPER DUTY [11-16],6731,82,6,146,72.51,52.11,131.27,2.52
OH,CX482N ESCAPE [20-26],14529,42,22,380,68.02,46.43,117.18,2.52
TX,P552N F-150 [15-20],1104,42,81,2065,451.45,308.29,776.11,2.52
PA,P552N F-150 [15-20],ADJUST,82,5,241,125.66,79.4,199.76,2.52
CO,P558N SUPER DUTY [17-22],3A131,42,5,76,612.22,314.65,792.46,2.52
NY,U625N EXPLORER [20-27],7862187,33,16,411,83.37,57.96,146.1,2.52
NV,P558N SUPER DUTY [17-22],14G371,42,6,110,191.72,137.52,346.86,2.52
CA,P558N SUPER DUTY [17-22],14A068,42,61,1092,351.4,206.92,521.11,2.52
TX,U625N EXPLORER [20-27],5E212,55,6,152,1010.73,746.62,1884.05,2.52
PA,U625N EXPLORER [20-27],18124,42,34,500,415.04,242.54,610.57,2.52
IN,CX482N ESCAPE [20-26],7P238,42,9,118,277.58,187.78,472.32,2.52
FL,U540N MKX [16-23],9D289,42,22,766,428.03,285.42,719.67,2.52
VA,U625N EXPLORER [20-27],NPF,42,6,114,99.92,52.64,132.86,2.52
IA,CX430N C-SUV [21-27],RENTAL,82,7,138,96.35,64.23,161.35,2.51
WA,P552N F-150 [15-20],6714,82,13,286,62.33,46.7,117.32,2.51
TX,P552N F-150 [15-20],19N619,82,17,302,49.95,36.22,90.98,2.51
CA,U611N AVIATOR [20-27],18808,42,7,102,251.27,210.46,527.42,2.51
NC,P702N F150 [21-27],19A464,43,12,202,388.47,229.79,577.1,2.51
TX,U611N AVIATOR [20-27],19A387,42,9,213,152.27,111.42,279.51,2.51
IN,CD391N FUSION [13-20],7S004,39,26,544,50.65,37.78,94.91,2.51
CA,U611N AVIATOR [20-27],4A015,D8,8,251,1238.39,914.91,2296.47,2.51
PA,P708 F250 - 600 [23-27],17032,16,27,453,54.41,36.06,90.55,2.51
OH,CX482N ESCAPE [20-26],NPF,82,25,734,71.42,45.15,113.24,2.51
CA,P758N C-PICKUP [22-27],14529,42,24,328,126.24,66.12,166.11,2.51
MN,P702N F150 [21-27],3N134,D8,28,620,262.26,183.39,459.83,2.51
FL,P558N SUPER DUTY [17-22],3A131,42,10,277,617.24,418.61,1050.4,2.51
TX,P473N SUPER DUTY [11-16],SERVICE,82,5,112,159.58,78.51,197.01,2.51
ME,U625N EXPLORER [20-27],NPF,42,5,81,62.45,49.96,125.18,2.51
NY,CX482N ESCAPE [20-26],14529,42,12,186,84.55,54.7,137.11,2.51
MI,CD539N EDGE [15-24],NPF,42,11,204,55.02,40.59,102.06,2.51
OK,P552N F-150 [15-20],8501,D8,6,138,364.81,189.42,476.09,2.51
KS,P558N SUPER DUTY [17-22],5005,01,7,201,640.61,420.67,1056.58,2.51
PA,P552N F-150 [15-20],16308,*,8,154,349.46,240.27,603.25,2.51
KY,CX430N C-SUV [21-27],8501,42,9,149,457.65,273.75,687.8,2.51
NJ,U625N EXPLORER [20-27],19G490,42,31,633,195.97,131.34,329.09,2.51
OH,CD539N EDGE [15-24],14G371,04,18,248,46.82,38.65,96.92,2.51
PA,CX482N ESCAPE [20-26],7P238,42,41,671,279.65,184.81,464.23,2.51
SC,U553N EXPEDITION [18-24],7H351,42,13,446,2743.37,1902.7,4771.06,2.51
CA,P702N F150 [21-27],FRONT,W6,8,169,114.76,99.8,250.25,2.51
CA,U540N MKX [16-23],NPF,82,5,101,66.6,51.32,128.07,2.5
SC,P758N C-PICKUP [22-27],RENTAL,82,6,121,174.86,128.47,321.17,2.5
OH,CDX707A NAUTILUS [23-26],RENTAL,82,8,1282,96.35,64.23,160.58,2.5
IA,P702N F150 [21-27],NPF,42,16,569,66.16,41.02,102.63,2.5
SC,P702N F150 [21-27],6731,82,7,163,66.75,55.04,137.74,2.5
SC,P558N SUPER DUTY [17-22],SERVICE,82,8,111,78.51,35.68,89.21,2.5
GA,CX483N CORSAIR [20-26],RENTAL,82,7,494,160.58,102.77,256.93,2.5
CA,V408E TRANSIT CONNECT [13-24],6731,82,7,125,53.79,46.56,116.33,2.5
AZ,C489N MKC [15-19],RENTAL,82,6,227,192.7,128.47,321.17,2.5
SC,U725N BRONCO [21-26],14B291,04,8,195,52.33,43.18,107.91,2.5
NC,CDX707A NAUTILUS [23-26],RENTAL,82,6,308,128.47,64.23,160.58,2.5
MT,U625N EXPLORER [20-27],14529,91,10,283,51.9,38.32,95.99,2.5
WI,CX483N CORSAIR [20-26],RENTAL,82,6,374,128.47,64.23,160.58,2.5
GA,U625N EXPLORER [20-27],RENTAL,82,40,2217,192.7,114.19,285.48,2.5
PA,U611N AVIATOR [20-27],NPF,82,7,258,53.98,43.81,109.7,2.5
AR,P702N F150 [21-27],14G371,42,6,105,221.28,111.34,277.98,2.5
MA,CX483N CORSAIR [20-26],RENTAL,82,7,884,128.47,64.23,160.58,2.5
MO,CD539N EDGE [15-24],RENTAL,82,13,312,228.38,114.19,285.48,2.5
VA,CX727N MACH-E [21-26],RENTAL,82,21,714,224.82,128.47,321.17,2.5
KS,P702N F150 [21-27],6714,82,13,911,66.7,50.46,126.35,2.5
AZ,U725N BRONCO [21-26],RENTAL,82,17,1375,192.7,114.19,285.48,2.5
AZ,P558N SUPER DUTY [17-22],3304,42,11,174,502.93,365.1,914.31,2.5
IL,U611N AVIATOR [20-27],19G490,42,16,429,357.61,230.65,577.57,2.5
ME,P708 F250 - 600 [23-27],NPF,42,7,134,70.06,50.04,125.18,2.5
UT,P552N F-150 [15-20],RENTAL,82,11,471,285.48,171.29,428.22,2.5
OR,CX727N MACH-E [21-26],RENTAL,82,10,402,192.7,128.47,321.17,2.5
NJ,CD539N EDGE [15-24],RENTAL,82,22,683,199.84,128.47,321.17,2.5
MI,P552N F-150 [15-20],78218A43,69,21,332,174.86,139.64,349.44,2.5
TX,U553N EXPEDITION [18-24],54432A38,42,12,152,98.96,65.41,163.72,2.5
LA,CX482N ESCAPE [20-26],RENTAL,82,9,229,224.82,128.47,321.17,2.5
AL,P375N RANGER [19-23],RENTAL,82,5,157,224.82,114.19,285.48,2.5
WI,U625N EXPLORER [20-27],14529,91,75,2710,49.56,37.23,92.88,2.5
AZ,P702N F150 [21-27],3C247,42,7,118,487.49,314.81,787.57,2.5
IN,CD539N EDGE [15-24],RENTAL,82,16,383,192.7,114.19,285.48,2.5
CA,U625N EXPLORER [20-27],5E212,42,30,474,1112.77,779.42,1949.79,2.5
TN,U611N AVIATOR [20-27],RENTAL,82,5,426,154.16,102.77,256.93,2.5
AZ,CX727N MACH-E [21-26],RENTAL,82,14,1413,192.7,114.19,285.48,2.5
CA,U625N EXPLORER [20-27],9F593,42,9,149,1101.81,639.24,1598.14,2.5
NY,B515A ECOSPORT INDIA [13-22],5G232,42,31,721,1039.61,757.77,1891.9,2.5
KY,CX430N C-SUV [21-27],RENTAL,82,10,286,142.74,114.19,285.48,2.5
TX,U553N EXPEDITION [18-24],16A506,42,23,345,445.56,332.21,830.09,2.5
AL,P552N F-150 [15-20],9C888,42,16,351,478.37,269.63,674.78,2.5
KS,U625N EXPLORER [20-27],RENTAL,82,10,558,160.58,128.47,321.17,2.5
AZ,S650N MUSTANG [24-26],RENTAL,82,11,249,160.58,114.19,285.48,2.5
NC,CX482N ESCAPE [20-26],6731,82,13,268,68.09,45.06,112.76,2.5
MS,U625N EXPLORER [20-27],RENTAL,82,7,217,199.84,99.92,249.8,2.5
NC,CX483N CORSAIR [20-26],RENTAL,82,7,393,128.47,64.23,160.58,2.5
MN,CD539N EDGE [15-24],RENTAL,82,13,435,224.82,128.47,321.17,2.5
MN,CX727N MACH-E [21-26],RENTAL,82,12,407,174.86,114.19,285.48,2.5
AL,CD539N EDGE [15-24],RENTAL,82,8,322,224.82,114.19,285.48,2.5
PA,P558N SUPER DUTY [17-22],6006,42,11,136,8046.83,6560.37,16352.35,2.49
WI,P702N F150 [21-27],6714,82,16,379,58.05,46.98,117.16,2.49
NJ,CX430N C-SUV [21-27],13466,42,6,91,42.88,38.83,96.75,2.49
TX,P708 F250 - 600 [23-27],65,63,6,110,279.21,235.26,584.76,2.49
CA,U502N EXPLORER [11-19],3B437,42,5,85,377.81,286.52,714.57,2.49
AL,P702N F150 [21-27],NPF,82,8,197,64.91,42.49,105.94,2.49
ID,U502N EXPLORER [11-19],78551A46,33,8,241,60.61,48.92,121.96,2.49
VA,P702N F150 [21-27],19A464,43,5,76,328.03,161.28,401.71,2.49
CA,V363N TRANSIT [14-27],8C607,42,46,1702,647.41,398.98,992.64,2.49
FL,U725N BRONCO [21-26],14529,42,5,75,65.07,53.86,134.35,2.49
WA,CX430N C-SUV [21-27],13466,46,6,109,40.73,35.81,89.11,2.49
FL,P558N SUPER DUTY [17-22],1A189,42,60,1284,151.82,108.1,269.19,2.49
PA,V363N TRANSIT [14-27],4676,D8,7,193,243.77,122.54,305.62,2.49
FL,CD539N EDGE [15-24],14G371,04,21,311,60.86,37.81,93.99,2.49
KS,P558N SUPER DUTY [17-22],19G490,42,14,236,307.74,160.55,400.34,2.49
OR,P702N F150 [21-27],RECAL,04,14,273,98.06,55.22,137.36,2.49
MA,U502N EXPLORER [11-19],14B686,X4,34,806,169.51,133.98,333.01,2.49
UT,P558N SUPER DUTY [17-22],3254,D8,6,95,352.64,262.86,655.36,2.49
NV,U502N EXPLORER [11-19],14B686,X4,5,143,219.47,192.37,478.22,2.49
CA,P558N SUPER DUTY [17-22],3304,42,17,484,538.86,393.84,978.85,2.49
FL,U611N AVIATOR [20-27],12A650,42,21,468,77.6,50.14,124.78,2.49
FL,P558N SUPER DUTY [17-22],14A068,42,68,1652,373.58,227.95,568.07,2.49
TX,U611N AVIATOR [20-27],14B291,04,8,150,53.38,44.81,111.73,2.49
AL,P702N F150 [21-27],6731,82,5,89,67.62,49.36,122.93,2.49
IL,U554N NAVIGATOR [18-24],14G371,04,7,282,102.04,57.0,142.15,2.49
MI,U625N EXPLORER [20-27],18124,42,28,836,433.49,263.86,656.24,2.49
TX,P702N F150 [21-27],19N619,82,20,447,49.95,36.51,90.98,2.49
IL,U502N EXPLORER [11-19],14B686,X4,60,1839,259.0,176.85,439.9,2.49
PA,U502N EXPLORER [11-19],5G232,42,10,148,848.04,559.83,1396.16,2.49
CA,CX482N ESCAPE [20-26],18125,42,33,929,381.97,214.47,534.68,2.49
GA,P702N F150 [21-27],9943300,42,5,60,229.22,107.55,268.3,2.49
PA,P558N SUPER DUTY [17-22],65,82,5,66,208.11,143.38,355.49,2.48
TX,P558N SUPER DUTY [17-22],W705297,*,5,245,43.03,39.8,98.84,2.48
NY,CD539N EDGE [15-24],9D289,42,33,790,330.33,227.38,563.82,2.48
WI,P702N F150 [21-27],9943300,42,5,71,212.23,102.45,253.88,2.48
MI,P702N F150 [21-27],19H332,42,25,393,200.04,149.63,371.67,2.48
MN,P558N SUPER DUTY [17-22],14A068,42,8,93,349.34,198.22,491.44,2.48
NY,P708 F250 - 600 [23-27],3B676,42,20,273,220.2,152.42,377.85,2.48
TX,U725N BRONCO [21-26],19G490,42,12,144,376.9,207.17,514.26,2.48
PA,P558N SUPER DUTY [17-22],NPF,82,14,271,72.64,45.1,111.65,2.48
FL,U553N EXPEDITION [18-24],19G490,42,8,113,226.09,169.71,421.5,2.48
MI,U611N AVIATOR [20-27],14G371,04,26,2636,77.67,43.39,107.58,2.48
TX,P708 F250 - 600 [23-27],FRONT,W6,13,232,115.27,92.75,229.64,2.48
IL,U625N EXPLORER [20-27],3D102,42,42,826,800.79,589.05,1463.15,2.48
CA,P702N F150 [21-27],19N619,82,17,429,54.58,38.5,95.35,2.48
TX,P558N SUPER DUTY [17-22],9H307,42,96,2149,542.77,356.98,884.7,2.48
MN,U502N EXPLORER [11-19],14B686,X4,34,1182,166.47,124.54,309.4,2.48
NY,P558N SUPER DUTY [17-22],6K682,42,8,143,3010.71,2871.97,7117.37,2.48
MA,P552N F-150 [15-20],4676,D8,21,310,218.36,154.13,382.49,2.48
NY,CX430N C-SUV [21-27],14G371,04,76,2922,45.62,35.98,89.18,2.48
HI,P702N F150 [21-27],14G647,04,7,351,197.24,109.41,270.87,2.48
OH,P558N SUPER DUTY [17-22],NPF,42,9,155,77.44,49.96,124.08,2.48
NY,P558N SUPER DUTY [17-22],3B396,42,31,593,379.75,248.05,616.01,2.48
NY,P558N SUPER DUTY [17-22],6020,D8,7,103,2451.62,1646.3,4089.13,2.48
TX,U611N AVIATOR [20-27],78519A70,42,18,652,433.83,234.1,579.76,2.48
TX,P702N F150 [21-27],4234,01,52,1124,687.84,404.25,1000.75,2.48
CA,D471N FLEX [09-19],19G490,42,22,374,409.5,221.31,546.62,2.47
WA,C520N ESCAPE [13-19],6731,82,10,181,66.97,46.22,113.99,2.47
TX,CX430N C-SUV [21-27],14F642,42,13,223,54.1,43.39,107.06,2.47
ID,P558N SUPER DUTY [17-22],12A342,42,6,90,215.14,138.99,343.09,2.47
IL,CX483N CORSAIR [20-26],14G371,04,12,372,85.49,51.07,126.03,2.47
CA,P758N C-PICKUP [22-27],5L200,42,9,127,241.34,143.78,355.34,2.47
IL,U553N EXPEDITION [18-24],16A506,42,7,101,858.47,653.05,1610.16,2.47
NJ,CDX707A NAUTILUS [23-26],14H522,04,18,1596,381.87,199.88,493.54,2.47
CO,P702N F150 [21-27],19H332,42,10,148,206.97,97.94,242.28,2.47
NE,P702N F150 [21-27],14B291,04,18,797,47.16,36.46,89.93,2.47
OH,P702N F150 [21-27],9943300,42,9,105,232.96,106.71,263.62,2.47
IA,CX482N ESCAPE [20-26],18125,D8,9,204,276.32,136.95,338.92,2.47
PA,U625N EXPLORER [20-27],7862187,33,5,70,85.29,51.44,126.85,2.47
MD,P552N F-150 [15-20],6256,42,40,1856,1336.69,826.83,2039.75,2.47
WI,U502N EXPLORER [11-19],14B192,46,26,555,99.55,62.66,154.49,2.47
CA,P708 F250 - 600 [23-27],DIAG,42,6,80,123.3,71.23,176.25,2.47
OH,CX482N ESCAPE [20-26],NPF,42,11,197,60.91,49.96,123.61,2.47
MI,P552N F-150 [15-20],14G371,04,53,1050,45.68,37.17,91.82,2.47
SC,P758N C-PICKUP [22-27],3B436,42,10,138,639.8,369.08,911.3,2.47
FL,U625N EXPLORER [20-27],6731,82,24,882,59.14,40.52,99.92,2.47
AL,C520N ESCAPE [13-19],7902,42,5,110,2376.46,1469.04,3632.33,2.47
IL,U502N EXPLORER [11-19],14B192,46,57,3602,146.39,81.92,201.15,2.46
MD,V363N TRANSIT [14-27],9U433,42,5,68,1321.96,1237.24,3040.45,2.46
GA,P702N F150 [21-27],19N619,82,9,290,58.87,37.77,92.88,2.46
TX,U625N EXPLORER [20-27],7P238,42,16,223,367.76,220.78,543.87,2.46
TX,P702N F150 [21-27],16102,42,12,184,177.5,124.93,306.81,2.46
OH,CX483N CORSAIR [20-26],9D289,42,12,440,255.14,166.27,409.29,2.46
FL,P702N F150 [21-27],18125,42,6,128,213.04,185.65,456.33,2.46
FL,P702N F150 [21-27],H3,42,12,170,298.33,236.23,582.11,2.46
MI,P702N F150 [21-27],18D890,04,11,150,77.03,39.26,96.42,2.46
KS,P702N F150 [21-27],6731,82,9,378,62.93,49.63,122.04,2.46
CA,U625N EXPLORER [20-27],5E212,01,15,279,1096.11,772.4,1900.88,2.46
CA,P552N F-150 [15-20],TIRE,82,6,107,709.18,368.26,907.64,2.46
PA,U625N EXPLORER [20-27],3D102,42,51,917,667.64,415.94,1021.71,2.46
UT,P702N F150 [21-27],NPF,42,11,493,93.14,62.48,153.98,2.46
MN,CX482N ESCAPE [20-26],18125,D8,11,268,312.36,261.43,641.87,2.46
OK,P702N F150 [21-27],NPF,82,7,126,56.84,43.96,107.94,2.46
WV,P702N F150 [21-27],NPF,82,5,163,71.38,58.01,142.83,2.46
IL,P558N SUPER DUTY [17-22],5L248,42,13,158,456.03,288.04,708.14,2.46
CA,U625N EXPLORER [20-27],19980,39,125,6093,105.84,63.07,154.34,2.45
SC,P552N F-150 [15-20],6256,42,40,1880,1300.65,861.41,2111.65,2.45
TX,U725N BRONCO [21-26],4A376,01,18,282,384.99,221.32,542.65,2.45
OK,P558N SUPER DUTY [17-22],9H307,42,17,274,573.48,303.75,743.8,2.45
ME,P558N SUPER DUTY [17-22],3B396,69,6,126,308.25,164.02,402.17,2.45
CA,P558N SUPER DUTY [17-22],7H351,42,29,557,4128.94,2649.93,6484.26,2.45
NE,U625N EXPLORER [20-27],NPF,82,5,76,83.93,57.27,140.38,2.45
OH,P552N F-150 [15-20],5E212,42,57,1029,1214.46,856.28,2101.75,2.45
AR,CX482N ESCAPE [20-26],14529,91,13,560,41.19,36.23,88.72,2.45
OH,CX483N CORSAIR [20-26],NPF,82,9,289,78.57,47.63,116.88,2.45
MI,U625N EXPLORER [20-27],14C689,42,13,159,415.99,324.33,793.74,2.45
ID,P708 F250 - 600 [23-27],NPF,82,5,128,67.47,61.07,149.88,2.45
GA,CD539N EDGE [15-24],6731,82,13,176,59.97,42.79,104.99,2.45
LA,U625N EXPLORER [20-27],14G371,42,9,139,322.92,228.17,559.93,2.45
AZ,U625N EXPLORER [20-27],19G490,42,14,399,255.38,138.47,339.71,2.45
FL,U502N EXPLORER [11-19],5G232,42,6,76,744.8,491.45,1204.98,2.45
MD,CD391N FUSION [13-20],7S004,39,16,241,73.82,44.34,108.47,2.45
NY,U625N EXPLORER [20-27],14529,91,73,3995,43.88,36.73,89.87,2.45
FL,CX430N C-SUV [21-27],13466,46,25,542,47.43,36.06,88.29,2.45
FL,V408E TRANSIT CONNECT [13-24],9D475,42,10,156,342.43,213.99,524.86,2.45
FL,U625N EXPLORER [20-27],17528,42,6,228,85.81,37.3,91.22,2.45
CT,P552N F-150 [15-20],9C888,42,10,131,466.07,211.44,518.45,2.45
MI,CX483N CORSAIR [20-26],1A189,42,11,397,197.55,106.5,260.51,2.45
MO,P558N SUPER DUTY [17-22],NPF,42,8,202,73.88,56.53,138.71,2.45
MN,P702N F150 [21-27],10C679,42,24,562,63.65,46.24,113.31,2.45
NC,U502N EXPLORER [11-19],78551A46,33,44,750,51.51,37.9,92.74,2.45
CA,U502N EXPLORER [11-19],8501,D8,69,2491,1527.1,839.95,2047.8,2.44
KY,U502N EXPLORER [11-19],14B192,46,19,786,99.06,69.7,170.13,2.44
MI,P702N F150 [21-27],6714,82,25,641,61.57,50.53,123.33,2.44
NY,P552N F-150 [15-20],14G371,04,20,321,46.53,36.6,89.18,2.44
IA,CD539N EDGE [15-24],7902,42,5,74,1921.41,1687.31,4111.02,2.44
GA,P702N F150 [21-27],14B291,42,5,77,68.49,50.0,122.19,2.44
NY,CD539N EDGE [15-24],NPF,82,8,112,65.75,53.45,130.34,2.44
PA,U625N EXPLORER [20-27],8501,42,5,59,384.29,207.59,505.73,2.44
AL,CX482N ESCAPE [20-26],14529,91,20,995,47.59,37.55,91.51,2.44
GA,U625N EXPLORER [20-27],3A427,42,14,213,271.2,206.12,503.75,2.44
PA,CX482N ESCAPE [20-26],14529,42,16,224,74.5,48.45,118.37,2.44
LA,P558N SUPER DUTY [17-22],9H307,42,21,354,539.64,344.77,841.02,2.44
CO,U625N EXPLORER [20-27],1A189,42,14,277,197.89,107.13,261.37,2.44
AZ,P552N F-150 [15-20],9F593,42,7,95,665.6,358.3,873.61,2.44
MI,C520N ESCAPE [13-19],5808,42,15,254,522.07,303.1,740.85,2.44
PA,C520N ESCAPE [13-19],5808,42,12,272,427.75,269.51,656.43,2.44
CA,P702N F150 [21-27],2001,30,6,84,297.63,240.67,587.52,2.44
MN,P702N F150 [21-27],6731,82,12,293,59.84,47.8,116.7,2.44
TX,U554N NAVIGATOR [18-24],3F840,42,15,319,278.31,199.06,485.0,2.44
TX,P702N F150 [21-27],5W30,82,9,233,55.45,40.44,98.72,2.44
AZ,U725N BRONCO [21-26],14B291,04,11,221,46.0,35.97,87.79,2.44
WA,CX482N ESCAPE [20-26],6731,82,19,368,69.16,46.13,112.48,2.44
FL,P558N SUPER DUTY [17-22],3304,42,14,439,618.24,400.0,974.98,2.44
MA,P552N F-150 [15-20],78218A43,69,8,114,196.62,149.25,364.04,2.44
FL,P702N F150 [21-27],1007,42,6,75,138.24,84.27,204.83,2.43
IA,P702N F150 [21-27],3C247,42,14,231,504.26,337.79,822.41,2.43
LA,U625N EXPLORER [20-27],14529,42,9,156,91.97,42.92,104.5,2.43
GA,P702N F150 [21-27],RECAL,04,56,1335,107.7,59.87,145.61,2.43
FL,P702N F150 [21-27],2005,04,5,93,148.88,110.72,269.35,2.43
OH,B515A ECOSPORT INDIA [13-22],9C047,42,9,140,226.16,186.98,454.51,2.43
MA,ECONOLINE [97-27],12A650,04,10,274,40.87,36.4,88.5,2.43
CA,CX482N ESCAPE [20-26],5L200,42,35,560,224.25,144.25,350.3,2.43
MN,U725N BRONCO [21-26],14B291,04,7,139,64.41,41.91,101.65,2.43
NJ,U625N EXPLORER [20-27],7862187,01,15,302,78.7,53.94,130.95,2.43
WA,P552N F-150 [15-20],2200,30,8,183,210.41,185.55,450.57,2.43
IL,U611N AVIATOR [20-27],1A189,42,16,581,250.6,144.45,350.54,2.43
MA,P552N F-150 [15-20],8501,42,5,60,452.22,306.7,745.32,2.43
MO,U625N EXPLORER [20-27],NPF,42,16,462,91.0,57.02,138.71,2.43
KS,P702N F150 [21-27],RECAL,04,16,342,104.51,61.95,150.68,2.43
NV,U625N EXPLORER [20-27],7A100,42,5,253,885.44,572.09,1382.03,2.42
CA,V363N TRANSIT [14-27],1A189,42,27,418,165.45,107.73,260.52,2.42
CA,CX482N ESCAPE [20-26],2001,30,7,94,355.9,189.27,458.17,2.42
NC,CD539N EDGE [15-24],SERVICE,82,15,1302,35.68,35.68,86.18,2.42
NJ,CX483N CORSAIR [20-26],7P238,42,11,228,327.1,216.28,523.17,2.42
MI,CX483N CORSAIR [20-26],NPF,42,9,370,77.5,53.02,128.37,2.42
CA,U625N EXPLORER [20-27],14529,91,141,9772,49.62,37.41,90.67,2.42
NJ,CX482N ESCAPE [20-26],14529,91,52,2995,44.17,37.45,90.78,2.42
FL,U725N BRONCO [21-26],18808,42,5,72,395.53,248.75,601.11,2.42
AZ,U502N EXPLORER [11-19],14B686,X4,15,479,181.43,133.48,323.61,2.42
PA,P558N SUPER DUTY [17-22],14A068,42,23,357,324.62,202.35,488.9,2.42
NC,CX482N ESCAPE [20-26],SERVICE,82,20,2644,35.68,35.68,86.18,2.42
MA,U625N EXPLORER [20-27],NPF,82,11,296,72.67,45.32,109.88,2.42
CO,P552N F-150 [15-20],78218A43,69,7,101,223.99,145.42,351.25,2.42
NC,U625N EXPLORER [20-27],7862187,42,8,107,73.76,54.38,131.83,2.42
IL,U554N NAVIGATOR [18-24],7A100,49,5,93,122.82,117.3,284.3,2.42
CA,P552N F-150 [15-20],ADJUST,82,5,170,132.03,71.37,172.72,2.42
MO,U502N EXPLORER [11-19],14B192,46,30,914,100.83,69.65,168.82,2.42
OK,U502N EXPLORER [11-19],14B192,46,18,437,120.84,64.26,155.22,2.42
MN,CDX707A NAUTILUS [23-26],14H522,04,8,697,343.73,186.48,450.48,2.42
IA,P702N F150 [21-27],6714,82,19,406,62.3,38.83,94.04,2.42
NC,P702N F150 [21-27],14529,42,38,737,113.48,69.93,169.0,2.42
NC,C489N MKC [15-19],DELIVERY,82,6,107,71.37,42.82,103.49,2.42
TX,U502N EXPLORER [11-19],7902,42,20,337,2681.89,2015.71,4872.6,2.42
NJ,U625N EXPLORER [20-27],7Z490,42,5,88,1762.72,784.44,1894.54,2.42
PA,P708 F250 - 600 [23-27],6731,82,9,151,81.67,59.39,143.6,2.42
PA,CX483N CORSAIR [20-26],NPF,82,6,221,55.05,46.08,111.65,2.42
GA,U625N EXPLORER [20-27],14529,91,68,3341,42.98,36.0,87.2,2.42
PA,P558N SUPER DUTY [17-22],5L248,42,11,160,322.47,245.88,594.15,2.42
FL,S550N MUSTANG [15-23],5E212,42,10,291,691.5,616.04,1483.05,2.41
MI,P702N F150 [21-27],14A626,42,11,198,175.17,132.48,318.7,2.41
AZ,P558N SUPER DUTY [17-22],65,01,6,288,198.12,151.98,365.97,2.41
MN,U625N EXPLORER [20-27],78219A65,42,9,185,465.05,435.11,1046.77,2.41
TX,P558N SUPER DUTY [17-22],5L248,42,120,2917,242.61,174.91,422.16,2.41
CT,P558N SUPER DUTY [17-22],19G490,42,10,162,269.0,161.86,390.48,2.41
FL,U625N EXPLORER [20-27],5E212,42,36,739,1093.28,773.67,1866.27,2.41
FL,P473N SUPER DUTY [11-16],5J225,42,80,1772,613.05,402.16,970.01,2.41
AZ,CX727N MACH-E [21-26],14G647,04,11,234,371.69,183.69,442.49,2.41
CT,U625N EXPLORER [20-27],14529,42,10,145,83.19,51.95,124.94,2.41
FL,P702N F150 [21-27],13404,42,10,124,1158.34,874.47,2103.7,2.41
PA,CD391N FUSION [13-20],7S004,39,42,677,60.08,38.74,93.42,2.41
CT,P702N F150 [21-27],RECAL,04,15,227,105.73,68.19,164.37,2.41
NV,P552N F-150 [15-20],RENTAL,82,6,371,285.48,199.84,481.75,2.41
NJ,P558N SUPER DUTY [17-22],14A068,42,15,268,363.49,196.29,472.21,2.41
IL,CX483N CORSAIR [20-26],1A189,42,7,222,222.42,144.92,349.06,2.41
NY,U611N AVIATOR [20-27],14G371,42,12,275,331.16,185.36,446.54,2.41
AZ,P708 F250 - 600 [23-27],65,42,19,628,299.05,242.51,583.38,2.41
TX,U625N EXPLORER [20-27],3A427,D1,7,265,247.29,142.93,344.42,2.41
IA,V363N TRANSIT [14-27],2B712,42,6,100,345.61,225.85,544.22,2.41
CO,U725N BRONCO [21-26],NPF,42,5,76,72.3,55.26,133.17,2.41
NY,U625N EXPLORER [20-27],DIAG,42,7,112,74.25,49.28,118.97,2.41
KY,CD539N EDGE [15-24],7902,42,10,161,1532.97,1198.2,2887.71,2.41
FL,U625N EXPLORER [20-27],7813562,42,21,339,203.13,116.63,281.27,2.41
TX,U540N MKX [16-23],1A189,42,10,352,125.88,101.65,244.82,2.41
NV,CD539N EDGE [15-24],RENTAL,82,5,160,285.48,159.83,385.4,2.41
PA,C520N ESCAPE [13-19],7S004,*,14,983,55.35,38.57,92.92,2.41
WI,P558N SUPER DUTY [17-22],9C888,42,14,194,480.22,285.49,687.98,2.41
MO,P558N SUPER DUTY [17-22],12286,42,6,81,93.21,85.54,206.24,2.41
IA,P708 F250 - 600 [23-27],NPF,82,9,107,64.69,51.44,124.18,2.41
PA,C520N ESCAPE [13-19],7K340,*,19,1384,53.53,38.57,92.92,2.41
VA,P552N F-150 [15-20],78218A42,69,19,373,241.33,145.01,349.74,2.41
PA,V363N TRANSIT [14-27],48H6,42,20,431,275.35,145.7,351.53,2.41
MA,U625N EXPLORER [20-27],5E212,42,14,224,1220.48,745.8,1794.06,2.41
TX,P558N SUPER DUTY [17-22],6695,D8,12,173,1417.23,1219.5,2938.78,2.41
AL,U502N EXPLORER [11-19],78551A46,33,23,557,45.57,38.84,93.37,2.4
CO,P558N SUPER DUTY [17-22],14A068,42,13,274,372.21,257.11,618.19,2.4
NY,P702N F150 [21-27],14G647,42,10,116,813.16,467.13,1121.25,2.4
TX,V363N TRANSIT [14-27],14018,42,9,113,110.3,52.84,126.86,2.4
CA,P702N F150 [21-27],12029,42,11,170,266.44,150.8,362.5,2.4
NY,U625N EXPLORER [20-27],9B325,42,27,697,230.49,180.79,433.03,2.4
NY,V363N TRANSIT [14-27],7H351,42,14,235,3065.73,1981.56,4752.95,2.4
KY,CX482N ESCAPE [20-26],14G371,04,6,80,53.1,37.41,89.78,2.4
LA,P702N F150 [21-27],4676,D8,9,121,197.77,124.65,299.36,2.4
MO,P702N F150 [21-27],14G371,04,6,113,130.35,93.31,223.6,2.4
IN,P552N F-150 [15-20],78218A43,69,10,139,209.01,147.95,354.6,2.4
MN,U625N EXPLORER [20-27],5E212,42,8,140,1192.59,1075.77,2586.48,2.4
CT,P708 F250 - 600 [23-27],NPF,42,5,80,91.91,63.48,152.63,2.4
IA,U502N EXPLORER [11-19],14B192,46,17,459,110.77,74.05,177.35,2.4
FL,U554N NAVIGATOR [18-24],6256,42,32,1811,1647.92,996.55,2387.31,2.4
NC,P702N F150 [21-27],17626,42,8,114,487.32,256.67,615.54,2.4
MI,U625N EXPLORER [20-27],3D102,42,45,791,697.91,453.05,1085.92,2.4
WA,P702N F150 [21-27],RECAL,04,25,542,116.8,71.46,171.85,2.4
FL,CX483N CORSAIR [20-26],3B437,42,6,103,432.18,422.32,1012.12,2.4
FL,P702N F150 [21-27],14A626,42,18,308,202.68,124.81,299.93,2.4
OH,U553N EXPEDITION [18-24],6731,82,6,106,59.6,46.6,111.89,2.4
FL,P558N SUPER DUTY [17-22],9H529,42,27,420,708.08,530.04,1273.77,2.4
MI,U611N AVIATOR [20-27],RENTAL,82,20,7993,154.16,85.64,205.55,2.4
AL,P702N F150 [21-27],RECAL,04,24,646,108.82,75.03,180.35,2.4
GA,U625N EXPLORER [20-27],7862187,33,7,117,75.4,36.91,88.63,2.4
OH,P702N F150 [21-27],10C679,42,37,684,55.95,45.08,107.53,2.39
OK,CX482N ESCAPE [20-26],14529,91,28,1172,41.54,36.63,87.46,2.39
AR,P702N F150 [21-27],NPF,82,6,226,63.16,61.77,147.74,2.39
VA,P702N F150 [21-27],3C247,42,11,156,536.75,297.01,710.22,2.39
VA,P552N F-150 [15-20],9C888,42,22,396,470.74,243.71,583.57,2.39
CA,P708 F250 - 600 [23-27],65,63,8,195,289.86,239.62,571.79,2.39
CA,CX430N C-SUV [21-27],14G371,04,126,6230,57.85,39.13,93.68,2.39
VA,P552N F-150 [15-20],6M280,42,26,494,342.89,208.49,497.68,2.39
NJ,U554N NAVIGATOR [18-24],19G490,42,11,272,286.46,198.75,475.28,2.39
FL,CX482N ESCAPE [20-26],99RT4,42,56,1170,264.56,177.82,425.09,2.39
FL,CDX707A NAUTILUS [23-26],3G590,79,27,1673,119.54,73.35,174.98,2.39
AZ,P558N SUPER DUTY [17-22],12286,42,6,80,145.44,101.2,241.73,2.39
NC,V363N TRANSIT [14-27],6714,82,15,405,56.42,41.35,98.71,2.39
MD,P702N F150 [21-27],NPF,42,11,444,77.84,49.6,118.47,2.39
TX,P702N F150 [21-27],FRONT,W6,17,269,111.05,73.58,175.86,2.39
NJ,C489N MKC [15-19],48H6,42,8,160,174.86,94.1,224.48,2.39
OK,V363N TRANSIT [14-27],48H6,42,8,224,324.13,231.7,554.25,2.39
UT,U725N BRONCO [21-26],NPF,42,5,102,103.49,64.45,153.98,2.39
OH,U611N AVIATOR [20-27],NPF,82,9,307,87.06,47.63,113.91,2.39
CA,CX727N MACH-E [21-26],RECAL,04,101,3964,150.31,89.93,215.27,2.39
OR,P708 F250 - 600 [23-27],NPF,42,7,141,85.57,57.43,137.03,2.39
TX,P558N SUPER DUTY [17-22],6K682,42,67,1263,2582.23,1537.2,3671.34,2.39
OH,U502N EXPLORER [11-19],6714,82,8,268,56.48,42.82,102.24,2.39
SC,CD539N EDGE [15-24],7902,42,9,162,2315.46,1718.98,4103.86,2.39
AZ,P702N F150 [21-27],9H307,42,15,192,499.09,303.73,725.13,2.39
MI,U725N BRONCO [21-26],NPF,82,9,211,83.47,58.17,139.21,2.39
IN,P708 F250 - 600 [23-27],NPF,42,7,118,79.11,52.19,124.9,2.39
NJ,U625N EXPLORER [20-27],7A100,04,8,111,162.55,120.9,288.43,2.39
OH,P702N F150 [21-27],DIAG,82,14,245,81.3,59.67,142.38,2.39
NY,U554N NAVIGATOR [18-24],14G371,04,8,186,88.5,61.92,147.45,2.38
KY,CD539N EDGE [15-24],RENTAL,82,6,134,142.74,114.19,271.21,2.38
OH,CD539N EDGE [15-24],NPF,82,12,243,76.95,47.63,113.24,2.38
NY,CX430N C-SUV [21-27],14F642,42,5,101,59.54,50.17,119.57,2.38
WV,U625N EXPLORER [20-27],NPF,82,5,81,71.38,52.91,126.03,2.38
IN,CX482N ESCAPE [20-26],19703,42,6,79,152.87,147.76,351.92,2.38
IL,P702N F150 [21-27],14B291,04,82,2418,71.03,43.61,103.76,2.38
NE,P552N F-150 [15-20],6731,82,6,87,64.25,53.26,126.63,2.38
MI,P552N F-150 [15-20],1A189,42,6,75,117.78,91.78,218.31,2.38
OH,CX482N ESCAPE [20-26],14529,91,97,5317,41.56,35.76,85.17,2.38
FL,U625N EXPLORER [20-27],RECALEM,04,19,319,61.52,47.96,113.91,2.38
TN,P758N C-PICKUP [22-27],RENTAL,82,6,233,160.58,119.9,285.48,2.38
FL,P552N F-150 [15-20],9F593,42,12,179,821.85,531.56,1264.06,2.38
PA,C520N ESCAPE [13-19],5808,30,6,120,321.49,247.85,588.75,2.38
MI,P702N F150 [21-27],DIAG,42,18,471,75.37,55.2,131.32,2.38
VA,P552N F-150 [15-20],6584,D8,6,148,579.38,454.66,1080.13,2.38
MN,CX482N ESCAPE [20-26],14529,91,50,2741,42.31,35.93,85.57,2.38
MN,U625N EXPLORER [20-27],14529,91,51,2523,42.26,35.93,85.57,2.38
LA,P552N F-150 [15-20],7H351,42,18,514,2539.78,1856.26,4425.57,2.38
AZ,CX727N MACH-E [21-26],14G647,42,6,190,734.78,372.55,884.99,2.38
CA,P558N SUPER DUTY [17-22],3304,33,5,151,626.03,459.39,1092.22,2.38
MN,U625N EXPLORER [20-27],7811782,33,5,77,75.74,57.93,138.12,2.38
IL,P702N F150 [21-27],17526,*,5,103,68.79,51.95,123.61,2.38
CA,V363N TRANSIT [14-27],8501,D8,12,192,612.05,295.65,703.13,2.38
AZ,U625N EXPLORER [20-27],19980,39,28,1435,90.79,61.65,147.03,2.38
OH,U625N EXPLORER [20-27],3D102,42,36,625,661.75,501.47,1191.76,2.38
FL,P702N F150 [21-27],18124,42,6,101,1025.57,671.38,1597.31,2.38
SC,P702N F150 [21-27],DIAG,82,8,116,99.5,61.11,145.59,2.38
NY,P702N F150 [21-27],48H6,42,68,2014,296.1,197.92,469.9,2.37
GA,P702N F150 [21-27],10C679,42,34,958,59.49,43.36,102.72,2.37
UT,P552N F-150 [15-20],9D290,42,8,127,158.03,121.51,288.48,2.37
TX,P558N SUPER DUTY [17-22],NPF,42,5,61,67.66,44.81,106.38,2.37
IN,U554N NAVIGATOR [18-24],19G490,42,5,170,189.5,163.38,387.25,2.37
UT,CX430N C-SUV [21-27],2C150,42,6,87,89.8,79.63,189.07,2.37
FL,U553N EXPEDITION [18-24],7A100,04,5,134,253.01,180.85,428.56,2.37
OR,P702N F150 [21-27],10C679,42,23,819,61.11,48.41,114.66,2.37
CO,P702N F150 [21-27],19G490,42,13,206,369.23,199.84,472.73,2.37
MO,CX482N ESCAPE [20-26],NPF,42,10,259,89.25,65.22,154.82,2.37
MO,U725N BRONCO [21-26],NPF,42,7,147,89.42,65.22,154.82,2.37
WA,CX482N ESCAPE [20-26],14G371,04,14,220,59.49,48.31,114.33,2.37
TX,P558N SUPER DUTY [17-22],9C915,42,8,97,141.56,106.76,252.8,2.37
CA,P552N F-150 [15-20],78218A43,69,9,134,265.95,172.07,408.49,2.37
NY,CX727N MACH-E [21-26],NPF,82,8,139,72.73,51.98,123.23,2.37
AL,P558N SUPER DUTY [17-22],7000,42,6,105,5758.37,3638.71,8620.02,2.37
MI,CX483N CORSAIR [20-26],14G371,04,11,764,96.61,55.44,131.41,2.37
MN,CX482N ESCAPE [20-26],NPF,82,6,159,83.94,52.39,124.16,2.37
WI,P702N F150 [21-27],DIAG,42,5,86,84.54,40.29,95.44,2.37
KS,CD391N FUSION [13-20],7S004,39,10,259,67.24,44.31,105.11,2.37
MT,P552N F-150 [15-20],3C247,42,7,120,553.37,351.06,832.27,2.37
TX,U625N EXPLORER [20-27],18124,30,5,67,419.47,261.34,619.88,2.37
MA,P702N F150 [21-27],10C679,42,35,832,60.14,46.51,110.23,2.37
GA,U625N EXPLORER [20-27],7862187,42,9,141,77.65,55.15,130.95,2.37
CA,P702N F150 [21-27],17626,42,15,267,665.53,403.0,954.87,2.37
WI,CX482N ESCAPE [20-26],14F642,04,10,167,54.1,36.4,86.21,2.37
OR,P702N F150 [21-27],DIAG,42,5,64,88.05,61.7,145.99,2.37
CA,P558N SUPER DUTY [17-22],6F073,D8,6,103,164.08,116.15,275.65,2.37
NY,U553N EXPEDITION [18-24],NPF,82,5,83,92.74,60.79,144.26,2.37
PA,CX482N ESCAPE [20-26],14529,91,112,5198,43.34,36.28,85.96,2.37
GA,CX430N C-SUV [21-27],13466,42,5,59,38.13,35.97,85.32,2.37
NC,P702N F150 [21-27],3C247,42,7,100,606.46,305.91,725.95,2.37
OH,CX483N CORSAIR [20-26],7P238,42,6,125,282.83,275.32,653.4,2.37
FL,P702N F150 [21-27],3F791,42,30,472,345.0,193.6,459.53,2.37
NC,P702N F150 [21-27],14G647,42,18,385,815.2,448.2,1063.93,2.37
MD,CX482N ESCAPE [20-26],14529,91,33,1657,41.87,37.08,87.69,2.37
GA,P558N SUPER DUTY [17-22],RECALEM,04,39,645,63.84,36.83,87.36,2.37
CA,CD391N FUSION [13-20],14G371,04,19,287,59.61,39.96,94.59,2.37
PA,P702N F150 [21-27],6714,82,21,353,63.23,40.51,95.45,2.36
MI,CX482N ESCAPE [20-26],NPF,42,22,572,58.52,42.49,100.49,2.36
WY,P558N SUPER DUTY [17-22],19G490,42,6,100,194.98,138.03,325.98,2.36
MO,U625N EXPLORER [20-27],14529,42,14,247,96.21,51.22,121.04,2.36
NJ,P758N C-PICKUP [22-27],14G371,04,8,122,51.96,41.75,98.68,2.36
TX,U554N NAVIGATOR [18-24],13A565,42,8,144,689.55,526.77,1240.79,2.36
MO,U625N EXPLORER [20-27],7862187,42,8,103,80.14,48.07,113.22,2.36
NJ,U625N EXPLORER [20-27],RECAL,04,5,96,59.69,45.53,107.65,2.36
PA,CX430N C-SUV [21-27],14G371,04,99,3258,44.66,35.73,84.5,2.36
NE,CX430N C-SUV [21-27],14G371,04,15,445,46.8,36.11,85.21,2.36
TX,P708 F250 - 600 [23-27],13466,42,9,125,50.19,43.71,103.33,2.36
FL,P552N F-150 [15-20],2V200,42,9,178,198.24,153.92,362.73,2.36
SC,P552N F-150 [15-20],14G371,42,5,73,379.39,171.12,404.23,2.36
NJ,P558N SUPER DUTY [17-22],6710,D8,6,141,1374.14,1307.36,3089.25,2.36
IL,P558N SUPER DUTY [17-22],3E651,42,104,2947,121.5,69.41,163.58,2.36
MD,U625N EXPLORER [20-27],19G490,42,20,422,192.51,115.13,271.84,2.36
NE,U625N EXPLORER [20-27],14G371,04,20,546,45.37,36.11,85.21,2.36
AL,U625N EXPLORER [20-27],NPF,42,5,78,89.28,55.66,131.22,2.36
FL,P558N SUPER DUTY [17-22],6D083,D8,6,645,1498.4,1403.88,3315.41,2.36
WA,P702N F150 [21-27],14529,42,19,300,131.88,68.85,162.25,2.36
TX,P702N F150 [21-27],8475,42,10,119,554.34,501.73,1183.99,2.36
FL,P708 F250 - 600 [23-27],14B291,04,95,5822,54.24,37.1,87.46,2.36
TX,V363N TRANSIT [14-27],7000,42,13,212,4609.9,2967.21,6993.73,2.36
SC,U625N EXPLORER [20-27],14529,91,31,1428,44.25,36.23,85.55,2.36
TX,CX483N CORSAIR [20-26],19G490,42,10,236,224.74,166.27,392.21,2.36
CA,U625N EXPLORER [20-27],1A189,82,9,508,142.3,92.8,217.69,2.35
TX,P558N SUPER DUTY [17-22],12286,42,14,223,142.93,113.01,265.03,2.35
IN,P702N F150 [21-27],14B291,42,5,58,79.87,40.99,96.35,2.35
CA,P375N RANGER [19-23],14G371,04,75,1364,59.23,39.13,92.0,2.35
CA,P702N F150 [21-27],4234,01,47,838,691.73,443.16,1042.61,2.35
FL,CX727N MACH-E [21-26],PATSKEY,42,19,311,289.13,198.65,467.25,2.35
FL,P758N C-PICKUP [22-27],14290,X4,47,839,737.42,523.03,1228.1,2.35
FL,U554N NAVIGATOR [18-24],1651070,01,5,66,716.98,337.32,791.07,2.35
CA,U502N EXPLORER [11-19],13832,42,7,107,268.29,188.32,441.63,2.35
MO,P708 F250 - 600 [23-27],6731,82,6,209,146.47,87.79,206.08,2.35
TX,CX482N ESCAPE [20-26],14529,91,123,5587,42.79,35.83,84.02,2.35
MI,U554N NAVIGATOR [18-24],14G371,04,8,233,103.24,77.67,182.39,2.35
KY,U554N NAVIGATOR [18-24],19G490,42,6,90,341.45,158.74,373.11,2.35
AL,P558N SUPER DUTY [17-22],7H351,42,7,111,3424.77,2734.5,6413.98,2.35
MI,P558N SUPER DUTY [17-22],W702554,*,5,126,44.53,40.51,95.38,2.35
VA,P708 F250 - 600 [23-27],17032,16,10,207,56.8,37.28,87.63,2.35
FL,U611N AVIATOR [20-27],7862187,42,9,168,147.24,111.15,260.67,2.35
CO,U553N EXPEDITION [18-24],14G371,04,7,114,64.51,55.65,130.59,2.35
NY,U625N EXPLORER [20-27],7N169,07,14,215,1686.4,1241.44,2918.8,2.35
NY,ECONOLINE [97-27],00817,30,14,409,95.89,52.38,123.12,2.35
FL,CDX707A NAUTILUS [23-26],H4,42,19,698,432.72,284.02,666.12,2.35
IL,P552N F-150 [15-20],1A189,42,12,169,163.59,129.27,303.64,2.35
IL,U625N EXPLORER [20-27],3A428,42,24,508,347.17,259.65,610.61,2.35
AR,P552N F-150 [15-20],7A100,42,8,166,902.03,441.09,1037.44,2.35
IL,P708 F250 - 600 [23-27],65,42,17,255,297.94,257.93,605.64,2.35
CA,U625N EXPLORER [20-27],2001,30,13,236,297.71,185.96,436.58,2.35
MA,P558N SUPER DUTY [17-22],65,42,21,396,221.78,182.09,428.78,2.35
MI,CX482N ESCAPE [20-26],14529,91,95,9033,40.83,36.16,85.02,2.35
NY,P552N F-150 [15-20],14G371,42,6,78,169.3,92.52,217.01,2.35
FL,U611N AVIATOR [20-27],7825767,33,12,202,618.07,480.82,1129.77,2.35
GA,U625N EXPLORER [20-27],18125,42,11,168,246.98,155.58,365.09,2.35
MI,P702N F150 [21-27],5E212,42,8,108,1319.22,1014.17,2378.06,2.34
NV,CX482N ESCAPE [20-26],2C150,42,5,164,202.04,110.07,257.82,2.34
FL,U725N BRONCO [21-26],94RH7,42,31,551,330.67,229.43,537.35,2.34
AL,P708 F250 - 600 [23-27],1621597,41,21,397,122.23,74.22,173.7,2.34
TX,U725N BRONCO [21-26],17504,42,63,3698,37.96,35.79,83.93,2.34
WI,P702N F150 [21-27],3F791,42,5,78,351.54,299.71,700.87,2.34
MT,P702N F150 [21-27],1523200,82,7,172,62.38,37.31,87.4,2.34
TX,U625N EXPLORER [20-27],14529,91,150,8930,41.59,35.84,84.02,2.34
IA,C520N ESCAPE [13-19],6731,82,8,132,59.47,40.05,93.64,2.34
LA,U553N EXPEDITION [18-24],14G371,04,6,117,46.32,40.37,94.26,2.34
NV,U625N EXPLORER [20-27],14529,42,6,232,93.54,48.65,113.91,2.34
TN,C520N ESCAPE [13-19],7902,42,5,79,1851.47,964.24,2254.81,2.34
IN,CX430N C-SUV [21-27],8501,D8,40,1072,525.73,321.69,753.37,2.34
CA,P552N F-150 [15-20],12029,42,13,229,266.04,177.07,414.3,2.34
MI,P552N F-150 [15-20],1104,42,51,1098,487.34,360.98,844.99,2.34
TN,U625N EXPLORER [20-27],7P155,42,18,394,41.32,35.86,83.77,2.34
NV,CX482N ESCAPE [20-26],1A189,42,6,279,212.94,121.09,283.04,2.34
CA,CX482N ESCAPE [20-26],18125,D8,42,1118,359.75,233.78,546.04,2.34
CO,P558N SUPER DUTY [17-22],SERVICE,82,17,558,78.51,58.52,137.03,2.34
CA,U554N NAVIGATOR [18-24],14B291,42,5,142,135.32,73.8,172.91,2.34
FL,CX430N C-SUV [21-27],14G371,04,87,4100,51.54,36.54,85.36,2.34
AZ,P552N F-150 [15-20],3C247,42,5,83,459.44,293.22,685.08,2.34
FL,P552N F-150 [15-20],2200,42,12,552,227.03,184.69,431.55,2.34
NC,U725N BRONCO [21-26],14B291,04,13,249,60.92,37.85,88.51,2.34
NJ,U625N EXPLORER [20-27],5827840,12,8,654,726.65,535.07,1248.5,2.33
TX,P702N F150 [21-27],13K359,42,19,304,128.88,78.58,183.11,2.33
WI,U540N MKX [16-23],RENTAL,82,7,354,128.47,96.35,224.82,2.33
MN,CX482N ESCAPE [20-26],1A189,42,10,176,261.54,180.19,419.37,2.33
OH,CD539N EDGE [15-24],6731,82,15,505,57.05,39.84,93.0,2.33
MD,U502N EXPLORER [11-19],14B192,46,20,561,116.95,79.82,185.95,2.33
MI,CDX707A NAUTILUS [23-26],NPF,42,6,264,61.94,55.08,128.37,2.33
SC,U554N NAVIGATOR [18-24],19G490,42,7,148,281.73,202.95,472.64,2.33
NY,U625N EXPLORER [20-27],4B409,42,22,374,138.07,101.45,236.18,2.33
CA,U625N EXPLORER [20-27],7862187,01,21,354,105.41,67.13,156.25,2.33
ID,P558N SUPER DUTY [17-22],5J249,42,14,296,331.29,185.31,432.5,2.33
MN,P552N F-150 [15-20],RENTAL,82,17,928,192.7,128.47,299.75,2.33
MI,P702N F150 [21-27],17626,42,46,1112,474.24,310.89,723.34,2.33
TX,U553N EXPEDITION [18-24],8501,D1,7,90,372.44,186.76,434.78,2.33
MD,P708 F250 - 600 [23-27],NPF,42,5,125,80.08,61.14,142.17,2.33
AZ,P702N F150 [21-27],10849,04,5,68,363.68,188.85,439.25,2.33
SC,CD391N FUSION [13-20],7S004,39,12,177,84.37,53.59,124.65,2.33
IA,CX482N ESCAPE [20-26],14529,91,30,1276,41.21,36.07,83.92,2.33
MI,CX483N CORSAIR [20-26],RENTAL,82,18,6966,128.47,96.35,224.82,2.33
CA,CD391N FUSION [13-20],6731,82,13,345,60.11,45.82,106.64,2.33
IN,V363N TRANSIT [14-27],7A195,04,9,200,40.47,36.29,84.58,2.33
MD,P552N F-150 [15-20],2V200,30,5,122,197.67,164.26,383.26,2.33
MA,U625N EXPLORER [20-27],3D102,42,27,438,742.64,545.17,1268.13,2.33
MA,U611N AVIATOR [20-27],1A189,42,7,222,217.31,136.4,318.02,2.33
NJ,CX727N MACH-E [21-26],NPF,82,7,190,118.76,71.37,165.94,2.33
NJ,ECONOLINE [97-27],6500,42,6,256,3850.26,2739.54,6393.98,2.33
TN,P552N F-150 [15-20],6M280,42,21,405,337.1,231.27,538.11,2.33
NH,P558N SUPER DUTY [17-22],3254,42,11,208,313.44,204.55,476.43,2.33
NJ,P558N SUPER DUTY [17-22],5L248,42,8,125,401.16,273.37,637.97,2.33
MI,CD533N MKZ [13-20],RENTAL,82,12,2172,128.47,96.35,224.82,2.33
LA,U611N AVIATOR [20-27],19G490,42,7,249,223.62,125.97,293.49,2.33
ME,P552N F-150 [15-20],3C247,D4,5,123,414.0,190.16,442.79,2.33
OH,CX482N ESCAPE [20-26],DIAG,82,6,99,92.43,72.48,169.15,2.33
PA,P708 F250 - 600 [23-27],NPF,82,16,348,88.68,52.24,121.49,2.33
SC,P702N F150 [21-27],7210,42,28,915,425.01,312.47,728.77,2.33
FL,U611N AVIATOR [20-27],7825766,33,12,245,696.63,473.95,1104.77,2.33
NE,U625N EXPLORER [20-27],RENTAL,82,7,357,128.47,96.35,224.82,2.33
MI,D544N CONTINENTAL [17-20],RENTAL,82,10,967,128.47,96.35,224.82,2.33
MO,P702N F150 [21-27],4676,D8,21,369,203.71,137.47,320.09,2.33
NH,P702N F150 [21-27],RECALEM,04,9,147,60.66,45.85,106.69,2.33
NY,C346N FOCUS [12-18],7Z369,42,11,143,559.04,390.19,910.6,2.33
CA,P558N SUPER DUTY [17-22],DIAG,82,12,194,128.47,82.84,192.7,2.33
MI,U625N EXPLORER [20-27],3A427,D8,14,219,262.87,226.76,526.33,2.32
PA,U540N MKX [16-23],NPF,82,5,161,53.75,40.94,94.92,2.32
FL,U625N EXPLORER [20-27],9B325,42,53,981,239.93,138.83,321.58,2.32
TX,P558N SUPER DUTY [17-22],17D696,42,28,518,168.33,121.3,281.83,2.32
PA,U625N EXPLORER [20-27],3A427,42,43,1123,276.77,200.68,465.15,2.32
NY,U625N EXPLORER [20-27],2C219,04,29,468,48.21,39.97,92.88,2.32
OH,P552N F-150 [15-20],19G490,42,5,55,257.84,133.96,311.18,2.32
WA,P702N F150 [21-27],NPF,42,17,688,90.65,56.83,131.89,2.32
NC,U553N EXPEDITION [18-24],14G371,04,8,135,56.81,46.29,107.28,2.32
FL,CD539N EDGE [15-24],NPF,42,5,150,118.47,71.01,164.86,2.32
NE,U625N EXPLORER [20-27],3A427,42,6,125,248.8,229.28,531.35,2.32
WA,U502N EXPLORER [11-19],14B686,X4,28,607,193.66,134.03,311.1,2.32
MA,P702N F150 [21-27],14529,42,19,322,117.05,64.78,150.17,2.32
NY,U502N EXPLORER [11-19],14D696,42,7,91,367.0,221.86,515.51,2.32
PA,P702N F150 [21-27],18D890,04,6,107,82.28,41.88,96.96,2.32
NC,P702N F150 [21-27],10D672,42,31,1274,67.23,41.46,96.35,2.32
OH,U553N EXPEDITION [18-24],7H351,42,12,206,2648.45,2158.29,5014.08,2.32
MI,U611N AVIATOR [20-27],NPF,42,7,378,59.93,41.79,97.03,2.32
MI,P558N SUPER DUTY [17-22],9H307,42,11,154,584.38,416.35,964.19,2.32
IL,U502N EXPLORER [11-19],14G371,42,6,69,321.32,160.05,370.69,2.32
TX,U553N EXPEDITION [18-24],14B291,04,5,63,72.8,44.81,104.06,2.32
WA,P552N F-150 [15-20],2V200,30,8,137,259.62,197.93,459.59,2.32
KS,P558N SUPER DUTY [17-22],9601,82,5,185,52.34,43.15,100.25,2.32
NY,CX727N MACH-E [21-26],14G647,04,15,234,422.22,276.97,642.62,2.32
NY,U502N EXPLORER [11-19],W709002,*,12,480,46.78,36.76,85.34,2.32
FL,P758N C-PICKUP [22-27],3B436,42,59,1442,689.78,515.86,1194.74,2.32
CT,U625N EXPLORER [20-27],78219A65,42,5,59,437.79,354.3,821.43,2.32
MA,U502N EXPLORER [11-19],5A972,*,6,390,190.35,136.16,316.47,2.32
IL,U625N EXPLORER [20-27],14529,91,110,6855,54.59,38.44,89.33,2.32
ND,U502N EXPLORER [11-19],14B192,46,9,438,134.57,77.67,180.07,2.32
MA,P708 F250 - 600 [23-27],65,42,9,127,369.07,251.04,583.44,2.32
NY,P558N SUPER DUTY [17-22],4676,D8,12,140,240.45,143.04,331.62,2.32
ME,P552N F-150 [15-20],3C247,42,12,197,385.61,238.09,552.03,2.32
AZ,P558N SUPER DUTY [17-22],SERVICE,82,10,477,89.21,58.52,135.6,2.32
FL,P558N SUPER DUTY [17-22],65,46,6,429,201.25,134.13,310.22,2.31
NC,P558N SUPER DUTY [17-22],9601,82,9,212,64.23,46.36,107.15,2.31
PA,P558N SUPER DUTY [17-22],NPF,42,8,172,55.25,44.36,102.51,2.31
TN,P702N F150 [21-27],19G490,42,8,136,253.34,142.26,329.15,2.31
TX,P702N F150 [21-27],9H307,42,17,250,438.89,273.1,632.05,2.31
NV,CX482N ESCAPE [20-26],14G371,04,5,172,61.82,55.53,128.47,2.31
IN,U625N EXPLORER [20-27],14529,91,52,2174,39.87,36.08,83.24,2.31
TX,CX483N CORSAIR [20-26],14529,42,6,110,67.06,55.26,127.79,2.31
AZ,P552N F-150 [15-20],8501,D8,17,507,388.94,198.42,457.54,2.31
TX,CX430N C-SUV [21-27],14F642,04,12,201,53.47,36.4,83.93,2.31
VA,U625N EXPLORER [20-27],14529,91,46,3968,42.36,36.31,84.03,2.31
MN,C520N ESCAPE [13-19],RENTAL,82,8,219,199.84,124.9,289.05,2.31
FL,U625N EXPLORER [20-27],2C219,04,41,737,57.17,37.8,87.46,2.31
IN,CX482N ESCAPE [20-26],14529,91,54,2397,41.03,36.09,83.24,2.31
TN,CX482N ESCAPE [20-26],14529,91,32,1194,42.39,36.24,83.56,2.31
WI,U611N AVIATOR [20-27],DELIVERY,82,11,3012,57.1,39.25,90.64,2.31
UT,P558N SUPER DUTY [17-22],6731,82,11,459,86.89,54.56,125.9,2.31
OH,P558N SUPER DUTY [17-22],5L248,42,13,192,301.55,205.49,474.21,2.31
WI,P702N F150 [21-27],4676,42,9,189,234.04,128.61,296.93,2.31
NC,P552N F-150 [15-20],6714,82,14,300,70.74,61.07,141.17,2.31
WI,U725N BRONCO [21-26],14B291,04,7,89,60.14,37.33,86.18,2.31
ID,U625N EXPLORER [20-27],19G490,42,6,125,241.93,188.32,434.84,2.31
GA,P702N F150 [21-27],14529,42,49,947,107.5,63.07,145.55,2.31
NM,U625N EXPLORER [20-27],RENTAL,82,5,464,285.48,124.9,289.05,2.31
CA,P552N F-150 [15-20],6582,42,5,104,439.0,355.33,822.35,2.31
TX,CX482N ESCAPE [20-26],6K682,01,5,68,1155.29,1115.8,2577.09,2.31
ID,P558N SUPER DUTY [17-22],6675,D8,9,345,1411.33,1025.74,2373.53,2.31
IN,P558N SUPER DUTY [17-22],9N184,82,7,102,153.62,106.91,246.54,2.31
TX,P558N SUPER DUTY [17-22],5J281,42,61,1138,248.95,174.77,402.87,2.31
NM,P702N F150 [21-27],RENTAL,82,5,621,285.48,124.9,289.05,2.31
VA,P552N F-150 [15-20],2200,42,6,269,416.93,196.35,453.66,2.31
CO,P558N SUPER DUTY [17-22],3254,42,13,223,427.32,252.05,581.84,2.31
NY,CX430N C-SUV [21-27],48H6,*,11,402,290.32,203.01,469.9,2.31
TX,P702N F150 [21-27],2005,42,43,682,1231.95,810.48,1868.35,2.31
AZ,V363N TRANSIT [14-27],19703,42,18,1103,754.41,498.95,1154.99,2.31
CA,P702N F150 [21-27],16500A66,42,9,126,70.72,49.94,115.24,2.31
CA,P558N SUPER DUTY [17-22],TIRE,82,11,254,684.47,442.9,1023.1,2.31
UT,P702N F150 [21-27],14529,42,13,436,109.66,73.09,167.78,2.3
FL,ECONOLINE [97-27],6006,42,14,290,9133.07,5297.92,12180.45,2.3
MN,U502N EXPLORER [11-19],5A972,*,23,1954,177.2,122.88,283.09,2.3
SC,U553N EXPEDITION [18-24],14G371,04,7,102,72.8,48.89,112.35,2.3
FL,CX483N CORSAIR [20-26],78519A70,28,6,100,212.91,178.48,411.06,2.3
VA,CX482N ESCAPE [20-26],6731,82,9,132,64.23,45.44,104.54,2.3
NY,C520N ESCAPE [13-19],7902,42,7,97,3036.47,2658.91,6104.22,2.3
PA,U502N EXPLORER [11-19],1A189,42,11,177,148.22,98.31,226.49,2.3
MN,P702N F150 [21-27],6714,82,16,392,69.4,51.41,118.0,2.3
CO,U502N EXPLORER [11-19],14B192,46,16,509,136.74,83.06,191.21,2.3
TX,P552N F-150 [15-20],5E212,42,103,4651,1094.74,700.43,1609.51,2.3
FL,P758N C-PICKUP [22-27],3B437,42,21,345,632.49,377.39,866.6,2.3
CA,CX727N MACH-E [21-26],1A189,42,20,292,135.79,112.83,259.67,2.3
CA,P558N SUPER DUTY [17-22],DIAG,42,9,116,92.17,59.95,137.73,2.3
CA,CX482N ESCAPE [20-26],9J433,42,17,288,234.12,167.89,386.08,2.3
FL,V408E TRANSIT CONNECT [13-24],6731,82,11,293,53.89,40.27,92.75,2.3
MI,P758N C-PICKUP [22-27],RECALEM,04,17,245,86.71,57.1,131.32,2.3
NE,P708 F250 - 600 [23-27],19703,42,18,495,163.79,136.73,314.74,2.3
TX,U554N NAVIGATOR [18-24],16A507,42,14,333,634.55,369.09,847.35,2.3
FL,P558N SUPER DUTY [17-22],9601,82,21,504,71.13,48.02,110.5,2.3
CA,CX727N MACH-E [21-26],DIAG,82,6,146,95.89,64.23,147.74,2.3
MN,P552N F-150 [15-20],1104,42,31,657,485.39,333.08,764.57,2.3
IA,U625N EXPLORER [20-27],3A427,D8,5,100,258.84,214.99,495.49,2.3
MA,U611N AVIATOR [20-27],78519A70,42,5,105,458.62,294.49,678.34,2.3
IL,P558N SUPER DUTY [17-22],16720,39,6,76,251.76,118.82,273.2,2.3
CA,U625N EXPLORER [20-27],7H351,42,15,259,4044.83,2458.25,5663.06,2.3
NJ,U625N EXPLORER [20-27],7P238,42,35,765,378.28,248.72,572.73,2.3
NC,P558N SUPER DUTY [17-22],6675,D8,25,681,1382.79,887.36,2044.12,2.3
FL,P702N F150 [21-27],16720,39,13,236,436.43,393.26,904.66,2.3
VA,CX483N CORSAIR [20-26],RENTAL,82,7,413,160.58,96.35,221.96,2.3
NE,CX482N ESCAPE [20-26],14529,91,16,586,41.59,35.82,82.56,2.3
NY,U502N EXPLORER [11-19],1104,42,14,207,387.08,248.67,572.31,2.3
MI,CD539N EDGE [15-24],9D289,42,57,1782,327.72,237.73,545.8,2.3
NE,P708 F250 - 600 [23-27],14B291,04,16,530,47.6,39.07,89.93,2.3
NV,P708 F250 - 600 [23-27],65,42,5,162,333.85,299.64,690.65,2.3
IL,U625N EXPLORER [20-27],18124,42,39,741,553.02,371.27,850.99,2.29
MA,P375N RANGER [19-23],RENTAL,82,5,105,108.48,74.94,171.29,2.29
VA,U625N EXPLORER [20-27],14G371,04,44,2073,45.86,35.73,81.72,2.29
MA,U502N EXPLORER [11-19],78551A46,33,29,709,53.31,40.11,91.67,2.29
NY,P702N F150 [21-27],17626,42,20,345,442.67,267.57,612.7,2.29
OR,P558N SUPER DUTY [17-22],RECALEM,04,29,660,66.26,36.3,82.97,2.29
OH,P702N F150 [21-27],17626,42,11,146,518.94,241.44,552.35,2.29
NC,CD391N FUSION [13-20],6375,01,6,76,1653.91,856.44,1957.83,2.29
CA,P558N SUPER DUTY [17-22],6F073,01,36,808,180.62,136.5,311.99,2.29
NY,V363N TRANSIT [14-27],NPF,82,6,118,118.34,62.13,142.2,2.29
CA,U625N EXPLORER [20-27],3A428,D8,70,2145,355.42,248.2,567.56,2.29
MI,CDX707A NAUTILUS [23-26],DELIVERY,82,16,2976,71.37,49.96,114.19,2.29
SC,CDX707A NAUTILUS [23-26],DELIVERY,82,5,547,82.08,49.96,114.19,2.29
PA,U540N MKX [16-23],14G371,42,6,81,183.22,179.17,409.93,2.29
SC,U625N EXPLORER [20-27],14529,42,14,203,106.68,75.57,173.02,2.29
VA,CD391N FUSION [13-20],7S004,39,26,625,71.09,38.07,87.25,2.29
MI,CD539N EDGE [15-24],6731,82,26,638,53.39,45.86,105.12,2.29
NY,CX483N CORSAIR [20-26],DELIVERY,82,20,8922,77.08,49.96,114.19,2.29
MI,U502N EXPLORER [11-19],5A638,30,7,130,395.63,334.1,764.41,2.29
GA,P702N F150 [21-27],12029,42,6,72,159.01,99.03,227.08,2.29
OH,CDX707A NAUTILUS [23-26],DELIVERY,82,10,1568,82.08,49.96,114.19,2.29
DE,P702N F150 [21-27],RENTAL,82,7,264,214.11,124.9,285.48,2.29
NY,U502N EXPLORER [11-19],8501,D1,10,230,1371.32,920.34,2103.25,2.29
MA,CDX707A NAUTILUS [23-26],DELIVERY,82,5,372,114.19,49.96,114.19,2.29
FL,CD539N EDGE [15-24],19G490,42,7,97,412.88,214.57,490.53,2.29
AR,U502N EXPLORER [11-19],14B192,46,16,334,97.21,80.5,184.42,2.29
GA,C520N ESCAPE [13-19],RENTAL,82,9,136,256.93,124.9,285.48,2.29
MO,CDX707A NAUTILUS [23-26],14H522,04,7,537,340.61,172.3,395.04,2.29
NJ,P708 F250 - 600 [23-27],65,42,9,123,229.25,185.87,426.49,2.29
MN,P558N SUPER DUTY [17-22],19G490,*,14,296,152.57,109.72,250.82,2.29
SC,U625N EXPLORER [20-27],NPF,82,6,215,99.5,67.8,155.23,2.29
NC,CDX707A NAUTILUS [23-26],DELIVERY,82,10,822,82.08,49.96,114.19,2.29
MN,CD539N EDGE [15-24],48H6,42,23,554,287.89,194.82,446.58,2.29
FL,U540N MKX [16-23],3B436,42,8,187,677.64,611.0,1397.2,2.29
MN,CDX707A NAUTILUS [23-26],DELIVERY,82,6,683,49.96,49.96,114.19,2.29
VA,CX482N ESCAPE [20-26],14529,91,48,3261,43.04,36.71,84.03,2.29
NY,P702N F150 [21-27],19E525,16,27,454,54.08,40.87,93.73,2.29
GA,P552N F-150 [15-20],19N619,82,5,134,56.25,37.61,86.04,2.29
OH,P558N SUPER DUTY [17-22],7000,42,17,314,5500.77,3433.76,7852.15,2.29
CA,S550N MUSTANG [15-23],9F972,42,20,323,231.15,162.92,371.67,2.28
CA,P558N SUPER DUTY [17-22],1A189,42,40,705,146.71,109.35,249.74,2.28
PA,P708 F250 - 600 [23-27],NPF,42,13,250,69.8,54.86,125.34,2.28
KS,P702N F150 [21-27],RECALEM,04,5,72,70.06,54.15,123.33,2.28
FL,P558N SUPER DUTY [17-22],5L239,42,7,90,352.32,186.22,424.27,2.28
GA,P702N F150 [21-27],10B689,04,15,240,74.62,38.39,87.36,2.28
NJ,U625N EXPLORER [20-27],3A427,42,35,1039,276.59,228.72,522.01,2.28
FL,U611N AVIATOR [20-27],14A701,42,15,353,273.91,186.47,425.09,2.28
TX,U625N EXPLORER [20-27],3D102,42,14,248,775.83,565.69,1291.53,2.28
TX,P702N F150 [21-27],13C788,42,7,98,410.77,262.13,597.89,2.28
FL,U554N NAVIGATOR [18-24],13A565,42,12,201,1018.76,696.46,1590.75,2.28
CA,P702N F150 [21-27],1523200,82,113,3874,56.61,37.63,85.72,2.28
WI,P552N F-150 [15-20],6675,D8,35,595,599.63,369.94,842.59,2.28
ND,P558N SUPER DUTY [17-22],RECALEM,04,6,162,65.29,43.26,98.59,2.28
OR,U625N EXPLORER [20-27],NPF,42,5,100,68.68,54.18,123.33,2.28
PA,U554N NAVIGATOR [18-24],16A506,42,5,65,771.71,610.63,1389.66,2.28
NE,C346N FOCUS [12-18],9D289,42,7,192,105.33,85.97,195.81,2.28
MI,CX482N ESCAPE [20-26],14G490,04,6,75,234.16,202.23,460.76,2.28
NY,CX483N CORSAIR [20-26],9D289,42,17,913,267.25,179.74,409.03,2.28
ND,P702N F150 [21-27],1621597,41,5,146,136.78,100.55,229.15,2.28
TN,CDX707A NAUTILUS [23-26],14H522,04,8,625,275.13,243.5,554.54,2.28
OH,P758N C-PICKUP [22-27],NPF,82,12,253,73.27,54.58,124.57,2.28
AZ,P558N SUPER DUTY [17-22],3E651,42,37,1881,103.21,65.35,148.89,2.28
ID,P702N F150 [21-27],RECALEM,04,5,150,134.89,88.98,202.93,2.28
KS,U553N EXPEDITION [18-24],54432A38,42,5,72,76.03,48.55,110.51,2.28
NC,P708 F250 - 600 [23-27],1621597,41,34,1031,132.38,80.55,183.56,2.28
GA,P708 F250 - 600 [23-27],6731,82,11,171,133.72,69.83,159.16,2.28
TN,P552N F-150 [15-20],1104,42,20,391,457.16,324.97,740.11,2.28
IL,V363N TRANSIT [14-27],14G371,04,29,599,73.01,40.6,92.59,2.28
NE,P558N SUPER DUTY [17-22],19G490,42,7,123,313.83,177.58,404.87,2.28
WI,C520N ESCAPE [13-19],6009,D8,50,909,3929.0,2216.44,5055.53,2.28
MI,CDX707A NAUTILUS [23-26],9C888,42,6,93,148.61,92.1,209.74,2.28
FL,CDX707A NAUTILUS [23-26],18125,42,23,518,134.48,82.52,187.16,2.27
TX,P558N SUPER DUTY [17-22],9H529,42,24,398,605.93,364.42,826.93,2.27
NC,P708 F250 - 600 [23-27],NPF,42,7,137,112.05,62.45,142.03,2.27
VA,CX727N MACH-E [21-26],14G647,42,8,120,710.69,588.89,1338.19,2.27
KY,P702N F150 [21-27],RECAL,04,10,146,104.31,64.85,147.44,2.27
IL,U625N EXPLORER [20-27],3A427,D8,31,633,313.05,249.22,564.7,2.27
MN,U502N EXPLORER [11-19],14B192,46,26,788,115.59,78.39,177.79,2.27
CO,P702N F150 [21-27],1104,42,7,113,629.37,483.62,1099.73,2.27
TX,P708 F250 - 600 [23-27],1621597,41,152,4902,125.63,80.87,183.25,2.27
CO,P702N F150 [21-27],10C679,42,26,1074,66.15,53.78,122.31,2.27
TX,P552N F-150 [15-20],6584,D8,17,245,519.54,296.05,673.06,2.27
TX,P558N SUPER DUTY [17-22],12029,42,10,123,257.78,192.81,437.72,2.27
IN,U625N EXPLORER [20-27],14529,42,14,226,84.18,49.92,113.3,2.27
OH,U625N EXPLORER [20-27],18125,D8,7,129,266.6,174.15,395.01,2.27
MI,D471N FLEX [09-19],19G490,42,26,477,362.37,223.35,506.61,2.27
FL,U502N EXPLORER [11-19],16612,1Q,17,258,1391.71,981.57,2226.67,2.27
FL,U725N BRONCO [21-26],14B291,04,27,548,58.07,37.11,84.23,2.27
IL,P558N SUPER DUTY [17-22],6710,D8,5,54,2048.3,1710.6,3874.69,2.27
NC,P558N SUPER DUTY [17-22],9C888,42,29,773,465.58,282.63,642.72,2.27
CA,U625N EXPLORER [20-27],78219A65,42,22,663,579.2,408.39,928.22,2.27
AL,P702N F150 [21-27],10C679,42,10,248,57.87,46.13,104.61,2.27
MI,CDX707A NAUTILUS [23-26],14F546,04,9,215,261.41,207.32,471.04,2.27
MN,U725N BRONCO [21-26],NPF,42,5,69,86.71,66.1,149.99,2.27
WI,P702N F150 [21-27],7210,42,36,617,420.44,295.71,671.84,2.27
CA,V363N TRANSIT [14-27],15604,42,5,62,596.77,372.34,846.98,2.27
MD,CX482N ESCAPE [20-26],1A189,42,19,332,191.8,121.08,275.1,2.27
PA,P552N F-150 [15-20],78218A43,69,19,271,188.73,137.8,312.2,2.27
NY,U625N EXPLORER [20-27],5E212,42,26,762,1243.32,897.14,2038.63,2.27
MI,P552N F-150 [15-20],19G490,42,6,70,238.43,151.98,344.72,2.27
CA,P375N RANGER [19-23],6731,82,8,154,71.9,51.47,116.77,2.27
FL,CD539N EDGE [15-24],1A189,42,23,395,165.24,122.89,279.25,2.27
NY,P708 F250 - 600 [23-27],RECALEM,04,10,141,57.42,37.66,85.55,2.27
IA,U553N EXPEDITION [18-24],6256,42,16,303,1332.38,680.84,1546.62,2.27
SC,CX482N ESCAPE [20-26],14529,91,27,992,45.51,37.7,85.55,2.27
CA,CD391N FUSION [13-20],7A103,42,5,89,4014.13,3154.11,7168.23,2.27
CA,V363N TRANSIT [14-27],1461202,42,15,327,156.81,117.55,265.77,2.26
CA,V363N TRANSIT [14-27],48H6,63,14,376,239.49,152.65,344.71,2.26
WI,P552N F-150 [15-20],1104,42,36,574,459.32,320.42,725.25,2.26
AZ,CX482N ESCAPE [20-26],14G371,04,10,204,49.67,41.72,94.21,2.26
PA,P708 F250 - 600 [23-27],19703,42,102,4016,161.0,95.67,216.38,2.26
WI,U625N EXPLORER [20-27],NPF,42,8,186,63.73,48.23,108.79,2.26
MI,P702N F150 [21-27],4234,01,36,639,801.56,460.19,1041.8,2.26
FL,CX727N MACH-E [21-26],10C666,42,40,776,1790.11,1265.94,2866.25,2.26
CA,U625N EXPLORER [20-27],7813562,01,11,171,199.07,139.15,315.0,2.26
IA,CX482N ESCAPE [20-26],14G371,04,7,131,49.67,40.67,91.92,2.26
TX,U553N EXPEDITION [18-24],2200,82,5,149,163.82,104.66,236.55,2.26
IL,P552N F-150 [15-20],6731,82,10,177,56.08,44.57,100.82,2.26
FL,S550N MUSTANG [15-23],9F972,42,30,545,244.12,167.67,378.51,2.26
MI,U502N EXPLORER [11-19],14B192,46,20,760,112.89,79.19,179.23,2.26
CT,P708 F250 - 600 [23-27],NPF,82,6,185,100.85,60.51,136.62,2.26
AZ,P702N F150 [21-27],16500A66,42,5,60,95.52,71.52,161.3,2.26
CO,U625N EXPLORER [20-27],14529,91,30,1801,47.32,36.38,82.36,2.26
MI,P558N SUPER DUTY [17-22],3A131,42,8,117,386.05,288.91,654.34,2.26
TX,U502N EXPLORER [11-19],14B192,46,70,3157,117.77,70.92,160.63,2.26
CA,U625N EXPLORER [20-27],94RH7,82,13,322,208.55,176.68,399.99,2.26
MN,U554N NAVIGATOR [18-24],19G490,42,5,221,446.44,332.06,750.65,2.26
WI,U502N EXPLORER [11-19],W709002,*,24,1037,47.03,37.04,83.64,2.26
MI,U625N EXPLORER [20-27],78219A65,42,9,153,387.76,224.2,507.11,2.26
WA,U625N EXPLORER [20-27],19980,39,35,875,102.33,61.94,139.59,2.25
CO,P558N SUPER DUTY [17-22],RENTAL,82,12,280,214.11,128.47,289.05,2.25
KS,CX727N MACH-E [21-26],RENTAL,82,5,102,114.19,99.92,224.82,2.25
NC,P702N F150 [21-27],9943300,42,6,67,196.43,104.05,234.37,2.25
CO,P558N SUPER DUTY [17-22],65,82,5,76,242.74,149.27,335.83,2.25
MI,P558N SUPER DUTY [17-22],5L248,42,6,81,283.82,217.63,490.44,2.25
AL,CX430N C-SUV [21-27],RENTAL,82,10,780,214.11,114.19,256.93,2.25
MI,P702N F150 [21-27],12029,42,11,132,220.6,154.11,346.34,2.25
OH,U611N AVIATOR [20-27],RENTAL,82,12,3922,102.77,85.64,192.7,2.25
NJ,S550N MUSTANG [15-23],RENTAL,82,5,91,256.93,128.47,289.05,2.25
NJ,P708 F250 - 600 [23-27],NPF,42,5,97,82.05,60.55,136.17,2.25
AZ,U553N EXPEDITION [18-24],16A506,42,5,84,490.56,334.57,752.95,2.25
CA,S550N MUSTANG [15-23],RENTAL,82,76,3439,256.93,142.74,321.17,2.25
CA,P558N SUPER DUTY [17-22],4676,D8,18,278,284.85,176.7,396.8,2.25
WV,P702N F150 [21-27],NPF,42,6,123,57.54,49.02,110.49,2.25
KY,U625N EXPLORER [20-27],14529,91,22,789,44.65,35.83,80.73,2.25
FL,P558N SUPER DUTY [17-22],6A785,42,12,279,355.69,313.69,705.47,2.25
ND,P708 F250 - 600 [23-27],NPF,42,5,129,94.64,53.06,119.17,2.25
NV,P702N F150 [21-27],RENTAL,82,6,1128,285.48,142.74,321.17,2.25
MI,CD391N FUSION [13-20],7S004,39,50,1249,69.94,42.67,96.08,2.25
PA,U625N EXPLORER [20-27],5E212,42,22,368,1009.18,808.57,1816.84,2.25
MA,P552N F-150 [15-20],5E212,42,38,864,1315.61,982.17,2214.5,2.25
FL,P552N F-150 [15-20],1A189,42,55,1233,140.11,98.65,222.0,2.25
AZ,P702N F150 [21-27],14529,42,22,897,121.27,65.64,147.42,2.25
MN,U554N NAVIGATOR [18-24],RENTAL,82,7,996,154.16,99.92,224.82,2.25
IL,U625N EXPLORER [20-27],RECAL,04,5,85,74.94,61.36,137.87,2.25
TX,CX430N C-SUV [21-27],7C108,14,62,1498,1588.22,1091.42,2460.18,2.25
CA,U725N BRONCO [21-26],17504,42,116,9608,42.35,35.76,80.28,2.25
MI,CX482N ESCAPE [20-26],7P238,42,54,1799,276.31,210.39,473.23,2.25
TN,P558N SUPER DUTY [17-22],14A068,42,9,135,310.26,175.33,393.74,2.25
AL,U725N BRONCO [21-26],RENTAL,82,9,496,192.7,114.19,256.93,2.25
GA,CX727N MACH-E [21-26],RENTAL,82,20,602,199.84,142.74,321.17,2.25
MN,P558N SUPER DUTY [17-22],NPF,82,7,122,56.53,52.84,118.65,2.25
WI,CDX707A NAUTILUS [23-26],14H522,04,9,632,361.42,228.11,513.86,2.25
NY,P558N SUPER DUTY [17-22],14A664,42,5,65,104.81,80.31,180.82,2.25
PA,P558N SUPER DUTY [17-22],9N184,82,11,299,180.26,123.98,278.89,2.25
CA,U625N EXPLORER [20-27],7P238,42,37,614,490.79,279.83,630.6,2.25
AZ,U553N EXPEDITION [18-24],14G371,04,5,92,58.52,44.71,100.72,2.25
OH,U553N EXPEDITION [18-24],16A506,42,7,89,1092.22,792.66,1782.32,2.25
NE,U725N BRONCO [21-26],RENTAL,82,5,160,128.47,114.19,256.93,2.25
IA,U625N EXPLORER [20-27],NPF,82,9,134,62.09,45.31,101.88,2.25
AL,U625N EXPLORER [20-27],1A189,42,11,347,181.27,100.64,226.12,2.25
OH,U554N NAVIGATOR [18-24],6714,82,6,94,86.13,78.51,175.98,2.24
PA,U611N AVIATOR [20-27],14G371,04,20,1289,71.67,43.52,97.33,2.24
FL,U540N MKX [16-23],7000,42,9,254,8258.69,4960.82,11108.89,2.24
AZ,CX482N ESCAPE [20-26],9D289,42,6,112,264.04,252.47,564.5,2.24
GA,P552N F-150 [15-20],3C247,42,10,126,380.86,258.89,578.82,2.24
HI,S550N MUSTANG [15-23],9G297,42,5,135,118.55,94.73,211.78,2.24
NY,V363N TRANSIT [14-27],9D370,42,29,621,52.59,39.72,89.03,2.24
MI,CX430N C-SUV [21-27],8501,D8,79,3759,585.9,373.54,835.6,2.24
FL,U625N EXPLORER [20-27],7A195,42,13,257,1730.07,1214.17,2714.94,2.24
AZ,P552N F-150 [15-20],6256,42,38,4465,1372.86,767.59,1717.14,2.24
FL,P558N SUPER DUTY [17-22],65,28,7,294,280.17,175.08,392.01,2.24
MT,P558N SUPER DUTY [17-22],9H307,42,10,148,540.9,442.17,991.58,2.24
CT,U625N EXPLORER [20-27],19G490,42,6,96,175.86,170.5,382.42,2.24
CA,S550N MUSTANG [15-23],2001,30,5,80,319.25,188.94,422.76,2.24
AZ,U625N EXPLORER [20-27],18124,42,23,535,458.06,269.61,604.31,2.24
KS,U625N EXPLORER [20-27],14529,91,22,1174,39.88,35.95,80.68,2.24
VT,P702N F150 [21-27],10C679,42,9,237,48.75,41.93,93.99,2.24
UT,P702N F150 [21-27],18808,42,10,247,106.48,66.43,148.88,2.24
PA,CX482N ESCAPE [20-26],18125,D8,24,481,294.7,180.94,405.53,2.24
WV,P702N F150 [21-27],RECAL,04,7,81,80.73,58.01,129.98,2.24
IA,P702N F150 [21-27],W705297,*,5,75,81.98,67.72,151.9,2.24
NH,P558N SUPER DUTY [17-22],3B396,42,12,288,375.01,234.99,525.23,2.24
AZ,C520N ESCAPE [13-19],48H6,42,10,287,86.93,76.68,171.45,2.24
IN,P702N F150 [21-27],12A650,04,10,141,44.53,38.3,85.82,2.24
FL,P558N SUPER DUTY [17-22],5L248,42,71,1611,296.04,216.88,485.47,2.24
OR,P558N SUPER DUTY [17-22],9N184,82,7,175,168.57,120.09,269.44,2.24
TX,P702N F150 [21-27],RECAL,04,147,4741,112.2,69.18,154.87,2.24
WI,P558N SUPER DUTY [17-22],3E651,42,88,2308,105.36,61.06,136.92,2.24
FL,V363N TRANSIT [14-27],19G490,42,13,191,292.01,220.16,492.29,2.24
CA,CD539N EDGE [15-24],NPF,82,12,175,89.2,63.85,142.74,2.24
IA,U625N EXPLORER [20-27],3D102,42,5,92,620.65,488.19,1092.95,2.24
FL,P702N F150 [21-27],10346,42,13,174,1035.42,595.39,1335.53,2.24
CA,P702N F150 [21-27],19E525,16,67,1156,64.33,37.79,84.74,2.24
MI,P702N F150 [21-27],48H6,42,89,3738,285.28,202.18,452.47,2.24
CT,U625N EXPLORER [20-27],14529,91,25,912,42.2,36.76,82.47,2.24
NY,U625N EXPLORER [20-27],19G490,*,6,218,282.28,189.82,424.34,2.24
GA,P702N F150 [21-27],W702554,*,9,288,92.0,64.91,145.64,2.24
FL,CX430N C-SUV [21-27],7C108,14,53,1167,1774.54,1306.81,2924.89,2.24
MO,P558N SUPER DUTY [17-22],14A068,42,9,148,282.9,202.55,452.86,2.24
WI,U502N EXPLORER [11-19],78551A46,33,50,1020,52.79,37.04,82.62,2.23
WI,U502N EXPLORER [11-19],5A972,*,39,3001,170.71,125.58,280.08,2.23
UT,CX482N ESCAPE [20-26],7820125,61,24,1974,305.8,236.98,528.0,2.23
AZ,P552N F-150 [15-20],7H351,42,18,725,2642.36,2250.15,5026.52,2.23
NY,CD539N EDGE [15-24],RECAL,04,5,85,111.92,85.47,191.01,2.23
TX,P552N F-150 [15-20],8501,D8,41,901,391.11,276.27,616.0,2.23
OH,U625N EXPLORER [20-27],14529,91,88,3816,40.73,35.68,79.45,2.23
CA,CD391N FUSION [13-20],7902,42,14,194,3478.1,2420.87,5398.97,2.23
TX,CX430N C-SUV [21-27],13466,46,14,259,51.39,39.08,86.98,2.23
NJ,U625N EXPLORER [20-27],7P155,04,12,240,82.97,60.86,135.69,2.23
VA,U625N EXPLORER [20-27],3A427,42,29,667,306.01,214.23,478.4,2.23
PA,P558N SUPER DUTY [17-22],6A785,55,14,298,266.65,183.2,408.03,2.23
ND,P702N F150 [21-27],7222,33,6,200,141.13,72.24,160.91,2.23
IL,U611N AVIATOR [20-27],78519A70,42,6,185,459.29,298.41,665.73,2.23
TX,P558N SUPER DUTY [17-22],65,D1,10,209,196.18,127.57,283.87,2.23
TX,U502N EXPLORER [11-19],78551A46,33,102,3152,54.78,39.27,87.48,2.23
CA,C520N ESCAPE [13-19],6038,42,5,59,217.08,153.66,343.03,2.23
FL,P558N SUPER DUTY [17-22],13466,42,6,87,69.54,41.32,92.33,2.23
CT,CX482N ESCAPE [20-26],NPF,82,5,116,94.42,56.03,125.13,2.23
NY,CD539N EDGE [15-24],48H6,42,44,1007,283.26,201.01,447.61,2.23
CT,U725N BRONCO [21-26],NPF,82,8,209,71.9,54.6,121.74,2.23
ME,P702N F150 [21-27],4676,D8,16,457,201.37,144.71,322.21,2.23
NE,P702N F150 [21-27],RECALEM,04,6,109,60.9,37.62,83.93,2.23
MI,U625N EXPLORER [20-27],7B215,D8,22,386,275.62,191.96,428.57,2.23
GA,CX482N ESCAPE [20-26],14529,91,55,2010,42.98,36.38,81.11,2.23
ME,U625N EXPLORER [20-27],14529,91,12,250,41.94,37.14,82.97,2.23
MI,P558N SUPER DUTY [17-22],1A189,42,8,113,123.28,105.31,234.72,2.23
PA,U625N EXPLORER [20-27],3A427,D8,32,861,255.65,179.8,400.24,2.23
UT,P702N F150 [21-27],19H332,42,6,115,185.65,162.33,362.13,2.23
TX,P558N SUPER DUTY [17-22],6A785,42,16,238,304.34,180.16,402.31,2.23
MN,P558N SUPER DUTY [17-22],3E651,42,66,2236,104.24,75.77,169.25,2.23
PA,U725N BRONCO [21-26],NPF,42,11,166,62.67,44.78,99.87,2.23
MO,P702N F150 [21-27],14529,42,25,422,115.88,71.52,159.34,2.23
CA,U502N EXPLORER [11-19],2200,30,17,560,261.41,186.7,415.84,2.23
WV,U625N EXPLORER [20-27],3A428,42,6,82,271.74,178.35,398.12,2.23
IN,U625N EXPLORER [20-27],3A427,42,14,232,265.99,207.88,463.88,2.23
WI,P558N SUPER DUTY [17-22],NPF,82,11,142,80.13,45.51,101.64,2.23
WA,C520N ESCAPE [13-19],6009,D8,30,670,4460.77,2299.68,5108.84,2.22
NV,V363N TRANSIT [14-27],6714,82,5,198,66.46,46.63,103.69,2.22
MT,P702N F150 [21-27],10C679,42,5,123,77.78,50.99,113.24,2.22
UT,U625N EXPLORER [20-27],14529,42,8,112,89.39,61.18,135.64,2.22
UT,U625N EXPLORER [20-27],3D102,42,5,150,1056.87,558.58,1237.87,2.22
FL,V363N TRANSIT [14-27],12029,42,13,191,307.13,180.54,401.24,2.22
WI,U625N EXPLORER [20-27],7B215,D8,15,262,322.87,190.16,422.31,2.22
AZ,S550N MUSTANG [15-23],RENTAL,82,12,455,224.82,128.47,285.48,2.22
KS,CX482N ESCAPE [20-26],RENTAL,82,10,381,171.29,128.47,285.48,2.22
NJ,U625N EXPLORER [20-27],3A428,42,33,1077,314.57,251.19,557.19,2.22
MI,P558N SUPER DUTY [17-22],3304,42,5,81,463.54,298.28,660.91,2.22
KY,CX482N ESCAPE [20-26],RENTAL,82,12,402,249.8,128.47,285.48,2.22
MI,CX430N C-SUV [21-27],14G371,04,83,4383,43.68,35.85,79.43,2.22
FL,P708 F250 - 600 [23-27],1621597,41,70,2048,134.9,95.24,211.0,2.22
MI,U625N EXPLORER [20-27],14G371,04,91,9221,44.01,35.85,79.43,2.22
MO,S550N MUSTANG [15-23],RENTAL,82,6,73,224.82,128.47,285.48,2.22
PA,P552N F-150 [15-20],1A189,42,15,186,137.11,87.74,194.88,2.22
SC,P758N C-PICKUP [22-27],RECALEM,04,5,81,76.01,65.66,145.59,2.22
CA,U625N EXPLORER [20-27],12A650,04,101,3603,51.23,35.97,79.92,2.22
IL,P702N F150 [21-27],6714,82,18,396,57.85,45.74,101.6,2.22
MN,P702N F150 [21-27],4676,42,13,266,255.19,187.97,418.1,2.22
MI,U554N NAVIGATOR [18-24],16A507,42,9,296,930.51,734.38,1632.21,2.22
IL,C489N MKC [15-19],48H6,42,7,130,253.19,115.91,257.03,2.22
TX,CX482N ESCAPE [20-26],7902,42,5,56,3302.35,2088.36,4638.54,2.22
KS,CD539N EDGE [15-24],RENTAL,82,8,160,192.7,128.47,285.48,2.22
SC,P375N RANGER [19-23],RENTAL,82,5,79,194.09,128.47,285.48,2.22
NJ,U553N EXPEDITION [18-24],6256,42,41,845,1482.23,849.3,1885.96,2.22
SC,U725N BRONCO [21-26],RENTAL,82,9,282,160.58,128.47,285.48,2.22
MI,U625N EXPLORER [20-27],14529,91,86,4153,40.57,35.76,79.43,2.22
WI,P702N F150 [21-27],14529,42,21,319,98.85,78.11,173.4,2.22
MN,P552N F-150 [15-20],4220,42,7,113,1687.49,1016.55,2260.67,2.22
MT,U625N EXPLORER [20-27],18124,42,7,135,473.29,335.57,744.3,2.22
CA,H567N MEDIUM TRUCK [16-27],6K682,42,16,277,3341.09,2303.38,5118.88,2.22
NJ,CX483N CORSAIR [20-26],1A189,42,13,322,196.88,158.19,351.15,2.22
MI,CX482N ESCAPE [20-26],RECALEM,04,30,563,48.44,39.51,87.56,2.22
KS,P702N F150 [21-27],48H6,42,21,710,276.43,202.93,450.87,2.22
NM,P558N SUPER DUTY [17-22],19N619,82,5,161,53.98,45.52,100.97,2.22
CA,U625N EXPLORER [20-27],7A100,41,5,95,1080.29,823.3,1827.0,2.22
FL,P558N SUPER DUTY [17-22],6675,D8,49,1470,1506.56,1013.71,2245.24,2.21
MN,CX482N ESCAPE [20-26],7P238,42,10,178,347.54,229.87,507.32,2.21
ID,P702N F150 [21-27],DIAG,42,5,77,92.24,59.95,132.41,2.21
LA,P558N SUPER DUTY [17-22],65,B5,8,164,191.75,134.94,298.63,2.21
IL,CX482N ESCAPE [20-26],18125,42,20,368,347.97,249.8,551.23,2.21
NV,P558N SUPER DUTY [17-22],7000,42,5,104,5118.06,3829.03,8463.67,2.21
NY,CX482N ESCAPE [20-26],48H6,42,30,598,312.13,222.92,492.2,2.21
NC,P702N F150 [21-27],NPF,42,17,443,76.94,48.02,106.05,2.21
PA,U625N EXPLORER [20-27],SERVICE,82,13,472,35.68,35.68,78.84,2.21
CO,U625N EXPLORER [20-27],5E212,42,5,91,1078.29,620.11,1371.99,2.21
TX,P552N F-150 [15-20],2200,30,8,217,204.08,100.88,222.49,2.21
MO,CX482N ESCAPE [20-26],14G371,04,18,357,47.63,40.59,89.72,2.21
MD,P558N SUPER DUTY [17-22],1A189,42,10,138,135.26,113.16,249.69,2.21
CA,P552N F-150 [15-20],6675,D8,94,2946,636.3,446.41,987.16,2.21
UT,P708 F250 - 600 [23-27],14G371,04,7,157,235.95,123.3,272.03,2.21
FL,P552N F-150 [15-20],4676,42,7,93,272.78,210.44,464.17,2.21
AZ,P702N F150 [21-27],18124,42,5,88,1099.3,858.36,1894.1,2.21
CA,P552N F-150 [15-20],2200,82,16,240,305.59,204.79,453.23,2.21
TX,P758N C-PICKUP [22-27],RECALEM,04,40,666,86.73,56.1,123.9,2.21
GA,U625N EXPLORER [20-27],3A428,42,15,252,318.82,205.22,453.3,2.21
FL,P558N SUPER DUTY [17-22],14N089,42,5,68,120.96,103.44,228.38,2.21
WA,P702N F150 [21-27],12A650,04,19,325,59.49,39.4,87.04,2.21
SD,U553N EXPEDITION [18-24],14C689,42,5,69,598.07,436.63,963.64,2.21
MO,P552N F-150 [15-20],3C247,42,10,144,506.23,405.9,898.91,2.21
MN,P552N F-150 [15-20],6731,82,6,123,59.45,52.88,116.63,2.21
GA,P702N F150 [21-27],17527,*,5,139,60.14,43.71,96.48,2.21
AZ,P702N F150 [21-27],18808,42,12,264,119.14,75.99,168.01,2.21
TX,U611N AVIATOR [20-27],14G371,04,37,4854,86.4,49.53,109.47,2.21
TN,U625N EXPLORER [20-27],19980,39,36,1173,93.51,70.35,154.67,2.2
FL,P702N F150 [21-27],1523200,82,77,3052,48.15,36.54,80.51,2.2
NY,CX727N MACH-E [21-26],14A411,28,46,1256,270.08,196.5,431.62,2.2
NV,P552N F-150 [15-20],7H351,42,7,573,3011.39,1999.8,4407.73,2.2
WI,U540N MKX [16-23],94RH7,42,7,196,305.65,151.8,334.23,2.2
NJ,P708 F250 - 600 [23-27],3B676,42,6,108,215.94,158.52,349.01,2.2
MN,P558N SUPER DUTY [17-22],RECALEM,04,18,353,62.95,45.51,100.17,2.2
OH,P473N SUPER DUTY [11-16],6731,82,5,90,105.56,89.62,196.75,2.2
FL,CX482N ESCAPE [20-26],14529,91,88,5080,45.14,35.7,78.66,2.2
NC,P758N C-PICKUP [22-27],RECALEM,04,10,155,87.79,58.38,128.47,2.2
TX,U611N AVIATOR [20-27],7865500,42,5,94,291.46,197.57,435.12,2.2
NC,P708 F250 - 600 [23-27],13480,42,7,105,215.16,114.73,251.86,2.2
NY,U625N EXPLORER [20-27],7P238,42,32,626,432.67,275.65,606.39,2.2
TX,U625N EXPLORER [20-27],NPF,42,6,78,59.64,49.16,108.08,2.2
OK,P473N SUPER DUTY [11-16],6731,82,6,82,77.61,48.13,105.69,2.2
MA,CX482N ESCAPE [20-26],14G371,04,10,136,54.07,45.11,99.35,2.2
TN,P702N F150 [21-27],4676,D8,16,239,220.45,145.4,320.46,2.2
SC,V363N TRANSIT [14-27],6714,82,7,239,55.55,46.04,101.27,2.2
WA,U625N EXPLORER [20-27],5E212,01,7,95,918.15,753.5,1660.94,2.2
CA,P552N F-150 [15-20],9C888,42,84,2480,596.64,383.18,841.52,2.2
MA,CX483N CORSAIR [20-26],NPF,82,5,170,63.22,52.76,115.93,2.2
FL,C489N MKC [15-19],9D289,42,20,484,301.05,199.47,439.7,2.2
MN,P702N F150 [21-27],10D672,42,26,634,66.68,46.75,102.96,2.2
TX,P702N F150 [21-27],19893,42,13,398,214.28,125.45,276.19,2.2
PA,ECONOLINE [97-27],00817,30,22,2929,95.93,53.44,117.52,2.2
FL,CX482N ESCAPE [20-26],4000,42,17,257,2003.91,1384.41,3043.33,2.2
CA,P552N F-150 [15-20],NPF,82,10,240,93.49,73.65,161.82,2.2
MI,P702N F150 [21-27],9G488,42,14,178,339.11,206.42,455.14,2.2
NC,P708 F250 - 600 [23-27],12A647,42,12,174,107.52,64.15,140.98,2.2
CA,V408E TRANSIT CONNECT [13-24],7000,42,42,682,6135.53,3948.68,8673.53,2.2
UT,P558N SUPER DUTY [17-22],3A131,42,8,135,413.6,304.43,669.79,2.2
NJ,CX482N ESCAPE [20-26],RECALEM,04,10,128,58.96,46.67,102.89,2.2
IN,P702N F150 [21-27],14G647,42,7,106,711.14,452.78,994.9,2.2
AL,U625N EXPLORER [20-27],2C219,04,8,157,53.67,35.71,78.54,2.2
CA,U502N EXPLORER [11-19],5G203,82,6,133,428.23,322.97,711.12,2.2
MT,P702N F150 [21-27],10D672,42,5,181,93.57,59.48,131.1,2.2
WA,CX727N MACH-E [21-26],NPF,42,6,101,86.18,71.46,157.21,2.2
MO,P708 F250 - 600 [23-27],14B291,04,51,1895,48.11,35.77,78.22,2.19
CA,CD391N FUSION [13-20],2V200,30,10,139,171.05,106.25,232.64,2.19
CO,P702N F150 [21-27],NPF,82,7,141,75.16,60.75,133.17,2.19
OR,U502N EXPLORER [11-19],14B192,46,9,272,129.91,84.02,184.1,2.19
CA,CX727N MACH-E [21-26],10B689,04,131,12543,97.51,61.39,134.48,2.19
FL,P702N F150 [21-27],13008,42,55,1345,1732.3,1352.64,2963.65,2.19
CA,P708 F250 - 600 [23-27],10849,04,8,109,402.57,256.0,559.83,2.19
TN,P702N F150 [21-27],9C888,42,14,251,334.73,230.45,503.64,2.19
MI,P702N F150 [21-27],94RH7,42,57,2116,308.22,206.22,452.47,2.19
DE,U625N EXPLORER [20-27],14529,91,9,384,44.21,38.84,85.12,2.19
MI,U625N EXPLORER [20-27],18125,D8,7,110,217.66,152.03,332.63,2.19
CT,U625N EXPLORER [20-27],1A189,42,16,340,180.93,113.54,248.7,2.19
MI,U611N AVIATOR [20-27],18808,42,9,229,507.43,283.67,620.46,2.19
MO,P702N F150 [21-27],14B291,04,44,1681,48.52,35.77,78.22,2.19
OR,P552N F-150 [15-20],6714,82,10,385,58.59,51.17,112.11,2.19
NJ,P558N SUPER DUTY [17-22],3A131,42,5,111,396.8,305.18,669.36,2.19
MI,U228N NAVIGATOR [03-17],RENTAL,82,6,248,160.58,96.35,211.26,2.19
NV,P758N C-PICKUP [22-27],RECALEM,04,5,135,75.3,49.12,107.34,2.19
ME,CX482N ESCAPE [20-26],14529,91,11,256,41.94,37.94,82.97,2.19
KS,U625N EXPLORER [20-27],18124,42,11,260,411.78,257.83,565.62,2.19
WA,U625N EXPLORER [20-27],3A427,42,5,75,331.19,286.49,628.16,2.19
MN,P708 F250 - 600 [23-27],1621597,41,20,360,118.39,88.71,194.44,2.19
FL,S650N MUSTANG [24-26],48H6,42,32,571,353.0,289.17,633.18,2.19
AZ,V408E TRANSIT CONNECT [13-24],9D475,42,7,86,300.2,164.68,360.94,2.19
FL,V363N TRANSIT [14-27],7902,42,8,94,3013.83,2086.65,4571.98,2.19
TX,U502N EXPLORER [11-19],1A189,42,9,139,118.09,100.51,220.58,2.19
MI,U625N EXPLORER [20-27],3A427,42,19,327,336.1,213.06,467.39,2.19
TN,P702N F150 [21-27],4234,01,10,160,799.79,462.46,1010.85,2.19
TX,U625N EXPLORER [20-27],14B291,42,6,93,112.05,79.93,175.26,2.19
NE,P702N F150 [21-27],6731,82,6,129,60.75,46.23,101.27,2.19
FL,U554N NAVIGATOR [18-24],14B351,42,5,74,831.28,434.01,949.27,2.19
MA,P552N F-150 [15-20],14G371,04,13,187,51.56,39.95,87.21,2.18
MI,CD539N EDGE [15-24],7A100,42,9,142,968.39,603.6,1316.03,2.18
FL,P552N F-150 [15-20],2V200,30,10,152,200.29,137.86,300.17,2.18
TX,CX482N ESCAPE [20-26],14G371,42,24,338,235.56,167.01,363.99,2.18
CA,CD539N EDGE [15-24],3B437,42,9,116,485.72,374.38,815.11,2.18
MN,P552N F-150 [15-20],3N134,D8,18,452,257.99,173.73,378.22,2.18
IL,V363N TRANSIT [14-27],6714,82,14,315,54.86,40.97,89.33,2.18
FL,P758N C-PICKUP [22-27],14G371,04,36,571,54.7,39.07,85.36,2.18
NC,U625N EXPLORER [20-27],NPF,82,8,274,74.0,52.99,115.72,2.18
AL,CX482N ESCAPE [20-26],14G371,04,5,96,68.91,47.5,103.79,2.18
OK,U625N EXPLORER [20-27],3D102,42,5,82,795.29,584.62,1277.02,2.18
NH,P702N F150 [21-27],10D672,42,13,333,67.66,48.1,104.91,2.18
WI,P702N F150 [21-27],17508,*,28,1290,134.08,76.52,166.62,2.18
WV,P552N F-150 [15-20],78218A42,69,5,89,222.12,119.94,261.89,2.18
SC,P702N F150 [21-27],14B291,04,29,1294,51.94,36.87,80.36,2.18
NY,U625N EXPLORER [20-27],7811782,33,6,75,95.84,66.02,143.81,2.18
TX,V363N TRANSIT [14-27],11002,42,17,347,255.13,162.02,353.78,2.18
IL,CX482N ESCAPE [20-26],8A507,*,18,650,156.43,91.71,199.85,2.18
CA,P552N F-150 [15-20],1104,42,47,995,568.03,476.58,1040.08,2.18
AL,P702N F150 [21-27],10D672,42,15,372,71.25,49.74,108.21,2.18
IA,U625N EXPLORER [20-27],NPF,42,7,171,58.87,44.91,97.78,2.18
AZ,C520N ESCAPE [13-19],6038,42,5,89,250.94,153.32,334.3,2.18
MI,P758N C-PICKUP [22-27],14G371,04,24,375,44.55,38.87,84.64,2.18
CT,CD539N EDGE [15-24],7902,42,8,128,2364.53,1706.79,3718.74,2.18
TX,P702N F150 [21-27],9G488,42,17,264,291.82,217.82,475.23,2.18
CA,CX727N MACH-E [21-26],19H405,42,30,506,2386.24,1367.13,2974.36,2.18
MN,U553N EXPEDITION [18-24],3N134,D8,19,389,240.76,170.22,371.35,2.18
SC,P708 F250 - 600 [23-27],14B291,04,31,1223,51.94,36.87,80.36,2.18
FL,P375N RANGER [19-23],14G371,04,49,851,54.28,39.19,85.36,2.18
FL,P552N F-150 [15-20],6675,42,16,340,616.21,472.54,1029.99,2.18
SC,U625N EXPLORER [20-27],5E212,42,5,72,1106.15,655.85,1430.38,2.18
NH,P702N F150 [21-27],10C679,42,13,275,56.88,42.04,91.6,2.18
CO,P708 F250 - 600 [23-27],6731,82,8,125,91.16,62.19,135.65,2.18
MI,P552N F-150 [15-20],8501,D8,10,166,404.98,308.61,669.58,2.17
MT,P708 F250 - 600 [23-27],14B291,04,13,555,62.13,41.39,89.74,2.17
MI,V363N TRANSIT [14-27],7000,42,6,75,5511.14,2748.34,5974.12,2.17
TN,P702N F150 [21-27],14529,42,25,516,111.64,75.51,164.08,2.17
MN,U625N EXPLORER [20-27],7N169,07,10,173,1940.98,1662.25,3612.33,2.17
WA,P558N SUPER DUTY [17-22],14G371,04,9,127,57.17,43.21,93.64,2.17
NC,V363N TRANSIT [14-27],7H351,42,6,76,2765.17,2348.91,5104.75,2.17
PA,P702N F150 [21-27],10C679,42,47,813,57.86,47.53,102.91,2.17
AZ,P702N F150 [21-27],DIAG,42,6,175,86.37,47.92,104.06,2.17
WI,P552N F-150 [15-20],6M280,42,9,115,419.61,216.34,470.2,2.17
MN,P558N SUPER DUTY [17-22],9C888,42,27,401,473.43,345.59,750.43,2.17
MI,U625N EXPLORER [20-27],7862187,01,8,125,71.33,51.24,111.07,2.17
SC,U502N EXPLORER [11-19],14B192,46,16,600,121.54,68.79,149.01,2.17
PA,P558N SUPER DUTY [17-22],3B396,42,8,103,360.77,210.68,457.13,2.17
TN,C346N FOCUS [12-18],9D289,42,28,567,100.8,64.43,139.76,2.17
IA,P702N F150 [21-27],10C679,42,12,234,56.51,46.38,100.55,2.17
WI,P702N F150 [21-27],3N134,D8,26,380,285.86,166.04,361.12,2.17
KY,CX727N MACH-E [21-26],RENTAL,82,6,91,222.63,128.47,279.34,2.17
AZ,CX482N ESCAPE [20-26],14529,42,8,172,94.22,52.2,113.46,2.17
FL,P702N F150 [21-27],10B689,04,23,345,80.61,59.12,128.04,2.17
IL,CX482N ESCAPE [20-26],14529,42,9,142,96.73,60.39,130.91,2.17
MD,U625N EXPLORER [20-27],3A428,42,18,405,269.14,243.9,528.76,2.17
CO,P558N SUPER DUTY [17-22],3B396,42,6,97,375.58,271.6,589.85,2.17
CA,P375N RANGER [19-23],NPF,82,11,164,96.05,58.67,127.35,2.17
TX,CX430N C-SUV [21-27],14529,42,11,129,102.29,63.19,136.94,2.17
MA,P702N F150 [21-27],4676,D8,27,517,216.74,154.79,335.45,2.17
WA,U625N EXPLORER [20-27],9B325,42,9,162,202.34,129.19,279.87,2.17
PA,U553N EXPEDITION [18-24],NPF,82,6,101,69.29,62.91,136.68,2.17
NC,P558N SUPER DUTY [17-22],1A189,42,8,96,134.15,95.56,206.19,2.16
NY,CD539N EDGE [15-24],NPF,42,5,75,64.79,48.49,104.74,2.16
NJ,P552N F-150 [15-20],7H351,42,33,919,2794.45,2104.31,4551.13,2.16
LA,U502N EXPLORER [11-19],65,42,11,198,52.78,46.29,100.18,2.16
NC,P708 F250 - 600 [23-27],65,42,16,261,290.03,249.06,537.99,2.16
CA,U611N AVIATOR [20-27],10B687,04,8,108,50.74,41.05,88.56,2.16
IA,CD391N FUSION [13-20],7S004,39,16,355,54.47,41.39,89.22,2.16
WI,CX430N C-SUV [21-27],8501,D8,47,1028,632.68,419.46,907.3,2.16
TX,U625N EXPLORER [20-27],18125,42,19,283,228.77,129.24,279.41,2.16
TX,U554N NAVIGATOR [18-24],19893,33,8,157,145.32,75.37,162.72,2.16
OK,P558N SUPER DUTY [17-22],3304,42,7,103,569.09,428.62,927.5,2.16
FL,P558N SUPER DUTY [17-22],14G371,04,35,681,59.54,43.55,93.99,2.16
IA,U625N EXPLORER [20-27],14529,91,34,1192,39.95,36.07,77.79,2.16
OK,P558N SUPER DUTY [17-22],65,82,5,93,170.88,149.76,323.58,2.16
MD,CX430N C-SUV [21-27],8501,D8,26,868,569.43,408.58,884.48,2.16
OH,ECONOLINE [97-27],6731,82,9,246,66.12,49.95,107.87,2.16
MD,U625N EXPLORER [20-27],NPF,82,5,71,110.72,57.73,124.93,2.16
MA,P558N SUPER DUTY [17-22],3B396,69,8,162,359.54,239.64,518.3,2.16
NH,U625N EXPLORER [20-27],14529,91,15,697,43.34,36.09,78.06,2.16
CA,V408E TRANSIT CONNECT [13-24],5403100,D8,11,232,279.54,205.55,444.49,2.16
TX,U553N EXPEDITION [18-24],14G647,42,52,758,136.76,92.1,198.82,2.16
FL,P558N SUPER DUTY [17-22],15604,42,9,99,533.84,327.3,707.44,2.16
LA,P702N F150 [21-27],3C247,42,9,110,363.39,255.81,552.27,2.16
TX,P702N F150 [21-27],4676,D8,58,1117,223.58,157.11,339.68,2.16
PA,U540N MKX [16-23],7902,42,6,109,1990.02,1637.58,3538.84,2.16
LA,P708 F250 - 600 [23-27],3B676,42,17,342,192.54,143.9,310.85,2.16
KS,P558N SUPER DUTY [17-22],3E651,42,34,932,94.48,75.81,163.87,2.16
FL,P558N SUPER DUTY [17-22],9C888,42,57,1422,542.81,320.99,694.07,2.16
MD,P558N SUPER DUTY [17-22],14A068,42,15,242,308.87,218.53,472.55,2.16
MT,P558N SUPER DUTY [17-22],NPF,42,5,122,58.04,46.98,101.7,2.16
AZ,P558N SUPER DUTY [17-22],19703,42,10,207,951.48,734.2,1586.41,2.16
TX,CDX707A NAUTILUS [23-26],14H522,04,28,4053,337.78,228.76,492.83,2.15
CA,V363N TRANSIT [14-27],61264A00,42,15,405,580.07,405.66,872.6,2.15
AR,U625N EXPLORER [20-27],14529,91,18,660,40.67,36.23,78.04,2.15
NC,P375N RANGER [19-23],7A100,42,5,64,878.05,589.92,1269.62,2.15
TN,P702N F150 [21-27],10B689,04,6,81,76.65,51.59,110.91,2.15
FL,U625N EXPLORER [20-27],14529,91,95,6638,44.98,36.56,78.66,2.15
TN,CX727N MACH-E [21-26],10B689,04,12,224,85.22,60.19,129.39,2.15
MI,CD539N EDGE [15-24],NPF,82,11,384,70.73,47.85,102.69,2.15
MA,U625N EXPLORER [20-27],14529,91,43,2724,46.13,37.6,80.67,2.15
MA,U625N EXPLORER [20-27],19980,39,36,1083,96.6,77.49,166.23,2.15
CA,P708 F250 - 600 [23-27],1621597,41,76,2068,150.41,101.73,218.76,2.15
TX,P552N F-150 [15-20],11002,42,33,597,386.61,258.54,555.7,2.15
WA,P702N F150 [21-27],6731,82,8,145,68.12,47.32,101.72,2.15
IA,P558N SUPER DUTY [17-22],65,42,14,206,202.58,106.93,230.08,2.15
VA,U553N EXPEDITION [18-24],3N134,D8,8,175,263.55,156.84,337.03,2.15
KY,U611N AVIATOR [20-27],19G490,42,5,92,203.68,156.53,336.5,2.15
FL,U540N MKX [16-23],5E212,42,10,177,1431.65,1010.21,2174.27,2.15
ID,P702N F150 [21-27],14529,42,9,241,122.98,111.06,239.08,2.15
FL,CX727N MACH-E [21-26],18808,42,7,91,129.18,84.73,182.09,2.15
CT,P702N F150 [21-27],10C679,42,16,314,56.47,46.55,99.93,2.15
NV,P558N SUPER DUTY [17-22],1A189,42,6,134,151.7,116.89,251.37,2.15
AZ,P558N SUPER DUTY [17-22],14G371,42,5,93,287.12,201.78,433.68,2.15
MO,P552N F-150 [15-20],6714,82,10,340,66.55,42.81,92.01,2.15
NY,V363N TRANSIT [14-27],14G371,04,26,487,50.17,41.57,89.18,2.15
NY,U502N EXPLORER [11-19],6038,42,7,165,213.76,180.08,386.33,2.15
FL,P708 F250 - 600 [23-27],17032,16,26,668,49.69,37.11,79.73,2.15
MA,CX430N C-SUV [21-27],14G371,04,41,1177,45.96,36.26,77.81,2.15
TX,P702N F150 [21-27],ROADASST,82,15,340,89.21,46.39,99.92,2.15
OH,P552N F-150 [15-20],1104,42,45,920,473.85,370.52,797.32,2.15
IL,P702N F150 [21-27],14529,42,25,393,151.9,90.84,194.9,2.15
OR,P702N F150 [21-27],19G490,42,5,60,270.09,172.76,371.74,2.15
IL,P708 F250 - 600 [23-27],14B291,04,65,1838,71.03,43.61,93.95,2.15
MI,C346N FOCUS [12-18],9D289,42,66,1619,98.88,69.02,148.5,2.15
AL,C346N FOCUS [12-18],9D289,42,18,392,110.61,81.45,175.17,2.15
MT,U502N EXPLORER [11-19],78551A46,33,5,93,73.73,52.18,112.41,2.15
IL,S550N MUSTANG [15-23],RENTAL,82,6,73,285.48,149.88,321.17,2.14
NJ,U625N EXPLORER [20-27],14529,91,53,4851,43.85,37.79,80.71,2.14
LA,P702N F150 [21-27],RECALEM,04,9,143,82.26,51.6,110.18,2.14
OR,P708 F250 - 600 [23-27],3B676,42,8,101,190.6,136.54,292.23,2.14
TX,U625N EXPLORER [20-27],3A428,D8,20,293,288.06,221.76,475.48,2.14
NE,P552N F-150 [15-20],9J460,42,6,126,76.02,65.18,139.51,2.14
MN,CX430N C-SUV [21-27],18125,42,5,101,329.66,241.75,517.23,2.14
FL,P702N F150 [21-27],15022A68,42,7,103,281.02,217.51,465.8,2.14
CA,U625N EXPLORER [20-27],9B325,42,77,1510,258.1,170.35,364.02,2.14
AR,P558N SUPER DUTY [17-22],14A068,42,10,129,275.78,187.27,400.46,2.14
WV,CX482N ESCAPE [20-26],14529,91,14,251,70.09,38.36,82.26,2.14
CO,P552N F-150 [15-20],1104,42,22,723,514.45,423.75,906.28,2.14
WV,U625N EXPLORER [20-27],14529,91,13,277,67.93,38.36,82.26,2.14
FL,U611N AVIATOR [20-27],3K185,42,9,168,897.16,673.1,1439.58,2.14
AZ,P702N F150 [21-27],14G490,04,8,165,42.99,41.72,89.21,2.14
FL,CX727N MACH-E [21-26],NPF,82,6,94,131.68,65.5,139.89,2.14
FL,P552N F-150 [15-20],78218A43,69,9,111,204.8,134.08,286.57,2.14
TX,P708 F250 - 600 [23-27],4676,D8,14,207,298.14,201.39,431.42,2.14
FL,U625N EXPLORER [20-27],12A650,04,73,2724,42.66,35.68,76.24,2.14
NV,P702N F150 [21-27],14G371,42,6,114,357.95,196.47,420.37,2.14
NV,U553N EXPEDITION [18-24],RENTAL,82,6,229,285.48,199.84,428.22,2.14
ND,P702N F150 [21-27],14529,42,6,121,104.51,62.61,134.22,2.14
UT,U625N EXPLORER [20-27],3A427,42,5,69,323.91,216.38,462.23,2.14
TX,CX483N CORSAIR [20-26],9D289,42,21,719,245.27,150.55,322.91,2.14
LA,CX430N C-SUV [21-27],RENTAL,82,10,248,192.7,149.88,321.17,2.14
NY,CDX707A NAUTILUS [23-26],H4,42,9,164,384.02,264.1,566.24,2.14
NC,U611N AVIATOR [20-27],NPF,82,5,106,88.8,55.1,117.89,2.14
PA,U502N EXPLORER [11-19],14B686,X4,70,1470,165.58,109.22,233.4,2.14
MA,P552N F-150 [15-20],1A189,42,8,114,117.75,100.42,214.74,2.14
NC,P702N F150 [21-27],6731,82,17,454,61.96,44.11,94.34,2.14
TX,V363N TRANSIT [14-27],1A189,42,6,119,135.18,74.76,160.1,2.14
MI,P702N F150 [21-27],6K682,42,6,71,1729.85,1495.91,3202.26,2.14
CA,P552N F-150 [15-20],1651070,01,28,482,513.02,305.16,652.18,2.14
SC,P552N F-150 [15-20],6675,D8,15,281,561.66,388.17,832.46,2.14
VA,P552N F-150 [15-20],5E212,42,35,712,1154.15,919.45,1964.52,2.14
GA,V363N TRANSIT [14-27],6006,42,5,114,7065.91,3453.14,7406.17,2.14
WA,P558N SUPER DUTY [17-22],NPF,42,7,121,109.02,61.66,131.89,2.14
ND,P702N F150 [21-27],3C247,42,7,195,533.23,373.66,798.22,2.14
MD,U554N NAVIGATOR [18-24],DELIVERY,82,8,913,102.77,71.37,152.73,2.14
UT,P702N F150 [21-27],7H351,42,10,279,2706.98,1868.25,3993.94,2.14
NY,P558N SUPER DUTY [17-22],9H307,42,14,230,613.34,461.15,986.3,2.14
ID,P558N SUPER DUTY [17-22],65,42,10,319,216.05,174.9,374.41,2.14
LA,P702N F150 [21-27],7210,42,37,1315,381.88,272.11,581.64,2.14
PA,U625N EXPLORER [20-27],14529,91,104,4700,42.24,36.28,77.5,2.14
FL,CX727N MACH-E [21-26],14A411,28,60,1763,290.23,219.53,469.96,2.14
MD,U611N AVIATOR [20-27],DELIVERY,82,9,1755,102.77,71.37,152.73,2.14
ND,P558N SUPER DUTY [17-22],19G490,42,5,91,369.14,189.71,405.91,2.14
MN,U625N EXPLORER [20-27],3A427,D8,10,289,346.98,214.26,458.83,2.14
AL,P558N SUPER DUTY [17-22],9C888,42,18,308,457.92,298.21,637.36,2.14
PA,CX483N CORSAIR [20-26],14G371,04,10,302,71.66,43.52,92.92,2.14
UT,P702N F150 [21-27],10C679,42,15,569,58.64,46.53,98.98,2.13
NC,U540N MKX [16-23],14G371,04,5,114,59.01,53.63,114.15,2.13
MO,CX482N ESCAPE [20-26],18125,42,9,182,337.51,223.87,476.33,2.13
UT,P558N SUPER DUTY [17-22],3254,42,6,109,493.95,293.2,625.27,2.13
NY,P702N F150 [21-27],94RH7,42,31,619,314.14,221.0,469.9,2.13
MO,P708 F250 - 600 [23-27],DIAG,82,5,87,109.2,58.32,124.04,2.13
IN,P702N F150 [21-27],14529,42,21,403,108.24,65.16,139.07,2.13
CA,U625N EXPLORER [20-27],4B409,42,25,338,158.83,104.97,224.06,2.13
VA,U625N EXPLORER [20-27],18125,42,11,225,244.45,142.25,303.69,2.13
TN,U502N EXPLORER [11-19],14B192,46,24,658,106.88,74.03,157.81,2.13
TX,CD539N EDGE [15-24],9D289,42,43,899,332.03,240.45,512.53,2.13
FL,P552N F-150 [15-20],1104,42,59,1421,564.65,399.29,849.33,2.13
NC,U625N EXPLORER [20-27],19980,39,65,2111,90.69,68.09,145.35,2.13
OH,U625N EXPLORER [20-27],7A100,49,5,57,170.98,155.46,331.63,2.13
MO,P558N SUPER DUTY [17-22],17527,*,5,148,48.24,41.19,87.63,2.13
VA,P708 F250 - 600 [23-27],65,42,10,133,217.19,189.45,402.91,2.13
GA,P552N F-150 [15-20],2200,82,10,179,198.59,121.06,258.37,2.13
TX,P558N SUPER DUTY [17-22],3304,30,8,177,587.62,409.85,873.89,2.13
NJ,P558N SUPER DUTY [17-22],19703,42,9,161,959.63,769.98,1639.43,2.13
PA,CX482N ESCAPE [20-26],8A507,*,27,1011,106.57,80.21,170.97,2.13
CA,P558N SUPER DUTY [17-22],6K682,42,43,805,3422.37,2418.65,5141.52,2.13
UT,P702N F150 [21-27],3F791,42,9,187,299.24,166.57,354.2,2.13
TX,CX482N ESCAPE [20-26],6K682,42,27,395,1215.01,1036.74,2210.09,2.13
TX,P558N SUPER DUTY [17-22],9J460,42,5,55,212.88,154.66,328.89,2.13
CA,P552N F-150 [15-20],8501,42,29,939,466.02,305.33,651.44,2.13
KS,P702N F150 [21-27],NPF,42,5,135,73.08,50.04,106.53,2.13
IL,P558N SUPER DUTY [17-22],3A131,42,11,250,491.74,325.99,693.87,2.13
TX,U553N EXPEDITION [18-24],6M280,42,5,61,445.35,228.71,486.58,2.13
IL,U725N BRONCO [21-26],14B291,04,14,230,73.38,48.75,103.76,2.13
FL,V363N TRANSIT [14-27],14G371,04,54,1231,54.7,37.8,80.51,2.13
WV,U502N EXPLORER [11-19],14B192,46,8,332,93.42,74.2,158.41,2.13
TN,P708 F250 - 600 [23-27],1621597,41,21,362,117.4,96.25,205.0,2.13
NJ,U725N BRONCO [21-26],NPF,42,5,79,69.86,59.8,127.45,2.13
FL,U611N AVIATOR [20-27],54219A65,42,8,110,605.0,482.05,1028.2,2.13
MI,P708 F250 - 600 [23-27],17032,16,8,139,52.44,36.42,77.41,2.13
PA,U625N EXPLORER [20-27],19980,39,103,3459,91.22,67.38,142.66,2.12
MI,CD539N EDGE [15-24],9D289,41,7,154,333.55,276.37,586.18,2.12
MT,CX430N C-SUV [21-27],14G371,04,9,295,57.03,41.24,87.4,2.12
FL,P708 F250 - 600 [23-27],RECALEM,04,43,820,82.95,55.65,117.76,2.12
GA,P558N SUPER DUTY [17-22],6A785,55,8,183,234.66,203.41,431.29,2.12
NY,P552N F-150 [15-20],4676,D8,23,369,185.11,143.55,304.31,2.12
MO,U502N EXPLORER [11-19],14B686,X4,33,870,171.17,115.63,245.47,2.12
TX,P558N SUPER DUTY [17-22],7H351,17,8,116,2719.04,1761.18,3736.08,2.12
MT,U625N EXPLORER [20-27],14G371,04,10,252,57.03,41.24,87.4,2.12
MI,U625N EXPLORER [20-27],NPF,42,22,532,61.83,44.19,93.83,2.12
FL,U502N EXPLORER [11-19],1A189,42,25,616,154.97,121.01,256.32,2.12
OH,CX482N ESCAPE [20-26],9D289,42,49,1049,242.46,188.5,399.32,2.12
SC,P552N F-150 [15-20],9C888,42,14,448,487.63,286.44,608.06,2.12
CO,P558N SUPER DUTY [17-22],9601,82,10,212,58.1,46.39,98.4,2.12
OK,P702N F150 [21-27],6731,82,15,608,57.48,46.35,98.09,2.12
TX,P708 F250 - 600 [23-27],14529,42,12,145,113.77,82.8,175.88,2.12
PA,P702N F150 [21-27],9C888,42,17,245,316.03,227.76,482.75,2.12
OK,P558N SUPER DUTY [17-22],9601,82,12,479,55.39,47.8,101.1,2.12
CA,U553N EXPEDITION [18-24],NPF,82,15,282,97.06,60.69,128.47,2.12
MN,P552N F-150 [15-20],4B416,D8,12,273,299.5,190.73,404.5,2.12
OH,U554N NAVIGATOR [18-24],16A506,42,5,141,1065.01,682.16,1447.34,2.12
FL,U540N MKX [16-23],7443150,42,18,273,309.53,238.96,506.48,2.12
ID,P708 F250 - 600 [23-27],NPF,42,5,196,114.17,76.27,161.35,2.12
MT,P552N F-150 [15-20],14G371,04,6,107,66.34,41.24,87.4,2.12
FL,S550N MUSTANG [15-23],63264A26,42,59,1316,423.1,289.18,612.4,2.12
NJ,P702N F150 [21-27],3C247,42,12,167,557.93,342.67,726.59,2.12
TX,P558N SUPER DUTY [17-22],13832,42,15,197,139.4,96.35,204.5,2.12
FL,P702N F150 [21-27],4676,D8,22,390,258.35,188.02,399.21,2.12
MA,U625N EXPLORER [20-27],3A427,D8,19,433,258.87,219.68,466.78,2.12
AL,P702N F150 [21-27],14B291,04,35,1551,48.7,36.98,78.55,2.12
AL,P702N F150 [21-27],12A650,04,8,174,47.5,37.11,78.54,2.12
OH,U553N EXPEDITION [18-24],16A507,42,5,61,977.13,656.2,1392.65,2.12
CA,CX430N C-SUV [21-27],48H6,42,78,2694,315.93,193.53,411.26,2.12
MD,U625N EXPLORER [20-27],14529,91,33,2099,41.87,36.98,78.48,2.12
PA,U625N EXPLORER [20-27],3A428,D8,35,933,288.88,196.52,414.09,2.11
TX,P702N F150 [21-27],7210,42,171,10043,392.42,273.19,576.09,2.11
CO,P702N F150 [21-27],4676,D8,24,705,218.95,159.88,338.1,2.11
NJ,U502N EXPLORER [11-19],14B192,46,33,1695,127.51,85.59,180.82,2.11
GA,P552N F-150 [15-20],8501,42,19,336,390.27,309.92,652.52,2.11
NY,CD391N FUSION [13-20],6009,D8,9,112,4265.81,3243.02,6827.93,2.11
KY,CX482N ESCAPE [20-26],14529,91,22,804,43.52,35.83,75.47,2.11
AL,P708 F250 - 600 [23-27],14B291,04,31,1430,48.7,37.24,78.55,2.11
CA,V408E TRANSIT CONNECT [13-24],9F479,42,11,137,239.72,138.38,291.43,2.11
MT,P702N F150 [21-27],RECALEM,04,6,86,77.19,53.05,112.18,2.11
SC,P558N SUPER DUTY [17-22],6A785,55,6,114,273.04,180.93,381.02,2.11
NY,P558N SUPER DUTY [17-22],3B396,41,9,168,390.89,258.07,545.63,2.11
FL,CD539N EDGE [15-24],RECAL,04,29,470,105.1,74.85,157.86,2.11
AL,P552N F-150 [15-20],5E212,42,17,322,1170.7,714.66,1510.35,2.11
CA,P558N SUPER DUTY [17-22],8A616,42,21,301,455.79,325.85,688.23,2.11
UT,P702N F150 [21-27],3C247,42,14,458,410.13,277.14,586.03,2.11
WI,U502N EXPLORER [11-19],14B686,X4,43,966,173.98,131.0,276.04,2.11
IL,CX483N CORSAIR [20-26],NPF,42,6,93,53.97,44.65,94.21,2.11
MA,P702N F150 [21-27],NPF,42,13,316,81.75,57.81,121.84,2.11
VA,P558N SUPER DUTY [17-22],6710,D8,5,104,1324.3,769.05,1624.52,2.11
TX,CX482N ESCAPE [20-26],7861203,42,13,174,149.46,87.02,183.82,2.11
IL,U222N EXPEDITION [02-17],19805,*,12,262,330.04,252.24,531.24,2.11
MA,U625N EXPLORER [20-27],78219A65,42,7,255,501.85,368.41,778.48,2.11
FL,CX430N C-SUV [21-27],9D289,42,44,805,332.44,230.9,486.3,2.11
MO,P558N SUPER DUTY [17-22],9H307,42,13,204,613.89,380.61,801.29,2.11
OK,P702N F150 [21-27],10C679,42,12,228,60.05,50.19,105.73,2.11
TX,V363N TRANSIT [14-27],10B689,04,10,211,64.45,42.44,89.5,2.11
MT,P708 F250 - 600 [23-27],NPF,82,6,160,73.87,62.54,131.84,2.11
FL,P552N F-150 [15-20],6584,D8,12,176,614.17,521.01,1099.84,2.11
MA,CX482N ESCAPE [20-26],14529,91,38,1983,42.91,35.98,75.94,2.11
OK,P702N F150 [21-27],17626,42,5,62,427.93,302.81,639.15,2.11
CA,P558N SUPER DUTY [17-22],19703,42,26,403,1057.14,708.52,1495.19,2.11
FL,U611N AVIATOR [20-27],7862187,33,12,301,137.99,90.26,190.05,2.11
CA,P558N SUPER DUTY [17-22],9B246,42,50,1203,8667.04,6353.71,13392.12,2.11
AZ,U502N EXPLORER [11-19],14B192,46,24,823,122.14,75.6,159.46,2.11
AZ,CX430N C-SUV [21-27],7861203,28,12,242,114.73,96.56,204.03,2.11
CT,U625N EXPLORER [20-27],5E212,42,5,96,1107.81,869.33,1830.01,2.11
WI,CX482N ESCAPE [20-26],14G371,04,22,358,57.75,38.54,80.89,2.1
MA,U625N EXPLORER [20-27],14G371,04,38,1333,45.96,37.11,77.81,2.1
TN,P552N F-150 [15-20],5E212,42,23,427,1212.16,894.27,1878.62,2.1
WI,P702N F150 [21-27],NPF,42,22,763,70.96,50.21,105.41,2.1
AZ,V363N TRANSIT [14-27],9H307,42,7,114,576.33,427.21,897.5,2.1
PA,P552N F-150 [15-20],1104,42,50,983,451.8,344.1,722.01,2.1
MI,P702N F150 [21-27],19E525,16,73,3863,51.76,36.7,76.89,2.1
TX,P552N F-150 [15-20],1651070,01,40,870,444.98,291.33,611.18,2.1
PA,P702N F150 [21-27],5A212,42,10,133,677.99,543.26,1141.83,2.1
MA,U502N EXPLORER [11-19],14B192,46,24,1979,124.58,80.06,168.28,2.1
OH,P552N F-150 [15-20],1A189,42,7,98,107.78,94.18,197.75,2.1
NJ,U502N EXPLORER [11-19],14B686,X4,36,857,180.99,147.74,310.96,2.1
NC,P473N SUPER DUTY [11-16],5J225,42,61,1285,546.05,322.6,678.21,2.1
ID,P552N F-150 [15-20],3C247,42,11,248,469.14,414.72,869.34,2.1
OH,P558N SUPER DUTY [17-22],W702554,*,8,203,42.75,39.56,82.92,2.1
CO,P558N SUPER DUTY [17-22],19N619,82,5,89,53.53,40.46,84.99,2.1
TN,CX430N C-SUV [21-27],6731,82,7,97,68.18,60.08,126.27,2.1
VA,U553N EXPEDITION [18-24],14G371,04,9,116,51.19,44.61,93.59,2.1
MN,U625N EXPLORER [20-27],3A427,42,8,215,321.74,197.64,415.04,2.1
CT,U625N EXPLORER [20-27],7B215,D8,7,112,321.59,249.31,524.12,2.1
IL,V408E TRANSIT CONNECT [13-24],9D475,42,26,600,342.66,254.05,534.1,2.1
GA,CD391N FUSION [13-20],7S004,39,14,235,76.14,44.52,93.71,2.1
MI,P558N SUPER DUTY [17-22],17D696,42,9,119,181.68,126.57,266.13,2.1
TX,S550N MUSTANG [15-23],9F972,42,12,153,224.8,137.62,289.37,2.1
FL,CX483N CORSAIR [20-26],14F642,42,14,314,63.15,41.57,87.49,2.1
AL,CX430N C-SUV [21-27],8501,D8,20,743,576.21,413.4,869.59,2.1
OH,P558N SUPER DUTY [17-22],SERVICE,82,6,75,78.51,78.51,165.21,2.1
GA,C520N ESCAPE [13-19],7K340,*,8,417,55.78,39.35,82.46,2.1
MO,V363N TRANSIT [14-27],48H6,42,11,238,310.82,232.5,488.33,2.1
MA,P708 F250 - 600 [23-27],19703,42,39,2190,169.86,129.89,272.32,2.1
TN,U625N EXPLORER [20-27],14529,91,37,1672,42.39,35.96,75.52,2.1
IL,CX482N ESCAPE [20-26],1S177,D8,8,255,390.57,308.38,646.61,2.1
TX,U625N EXPLORER [20-27],19980,39,170,7459,89.82,68.72,144.36,2.1
MA,V363N TRANSIT [14-27],14G371,04,18,442,48.53,37.11,77.81,2.1
VA,U625N EXPLORER [20-27],3A427,D1,6,154,262.99,245.46,516.69,2.1
KY,P702N F150 [21-27],6714,82,8,311,51.41,43.18,90.7,2.1
AZ,P131N STRIPPED CHASSIS [99-26],12286,42,5,110,222.83,124.75,260.44,2.09
CA,U554N NAVIGATOR [18-24],6256,42,35,1344,1716.57,1186.99,2479.12,2.09
FL,U553N EXPEDITION [18-24],78045G34,42,43,969,51.47,38.83,81.08,2.09
WA,CX482N ESCAPE [20-26],NPF,82,11,269,98.31,68.52,142.92,2.09
NY,CX482N ESCAPE [20-26],DIAG,42,5,68,84.18,61.52,128.67,2.09
GA,P702N F150 [21-27],4234,42,8,152,480.9,433.53,906.59,2.09
OH,U502N EXPLORER [11-19],14B686,X4,51,1179,152.56,121.28,253.09,2.09
TX,P702N F150 [21-27],1621597,41,118,3751,123.53,87.65,183.25,2.09
WI,U554N NAVIGATOR [18-24],DELIVERY,82,8,1708,49.96,39.25,82.08,2.09
IN,CX483N CORSAIR [20-26],DELIVERY,82,9,1154,49.96,39.25,82.08,2.09
PA,U502N EXPLORER [11-19],5A972,*,43,2904,165.71,127.6,266.13,2.09
WI,U540N MKX [16-23],DELIVERY,82,8,1628,49.96,39.25,82.08,2.09
CA,P702N F150 [21-27],1621597,41,64,1602,152.56,104.58,218.76,2.09
NH,CX482N ESCAPE [20-26],14529,91,15,593,43.24,36.44,76.07,2.09
IL,P558N SUPER DUTY [17-22],19703,42,10,184,951.66,790.04,1654.36,2.09
MT,P558N SUPER DUTY [17-22],3E651,42,21,999,109.85,74.31,155.62,2.09
GA,C489N MKC [15-19],DELIVERY,82,6,168,49.96,39.25,82.08,2.09
MA,P702N F150 [21-27],1621597,41,14,237,124.08,97.37,203.61,2.09
NH,P558N SUPER DUTY [17-22],5J249,42,14,213,306.01,223.94,468.12,2.09
WI,U625N EXPLORER [20-27],3A427,42,11,188,286.14,230.6,482.11,2.09
WI,CX483N CORSAIR [20-26],DELIVERY,82,7,1970,71.37,39.25,82.08,2.09
FL,P552N F-150 [15-20],6675,D8,59,1705,605.61,429.35,898.15,2.09
MO,P552N F-150 [15-20],14G371,04,21,398,46.65,37.5,78.22,2.09
PA,P552N F-150 [15-20],14G371,04,32,464,49.22,35.73,74.61,2.09
MI,P702N F150 [21-27],3F791,42,15,210,366.99,280.86,587.75,2.09
KY,CD391N FUSION [13-20],7S004,39,13,202,66.9,41.26,86.2,2.09
CA,P552N F-150 [15-20],5E212,42,77,1659,1357.11,990.04,2067.36,2.09
TX,P558N SUPER DUTY [17-22],19G490,*,44,2446,134.79,82.88,173.43,2.09
CA,P558N SUPER DUTY [17-22],19G490,*,8,355,162.48,87.19,182.61,2.09
IL,CX727N MACH-E [21-26],H3,42,9,132,387.1,234.38,488.74,2.09
TX,P708 F250 - 600 [23-27],DIAG,42,10,159,74.67,60.66,126.87,2.09
IL,U625N EXPLORER [20-27],14G371,04,89,3806,68.94,44.39,92.59,2.09
FL,P702N F150 [21-27],19E525,16,66,1513,59.97,41.87,87.56,2.09
AR,CX483N CORSAIR [20-26],DELIVERY,82,5,202,71.37,39.25,82.08,2.09
OR,U725N BRONCO [21-26],NPF,82,5,90,69.14,41.64,86.99,2.09
NY,U502N EXPLORER [11-19],5A972,*,18,1344,159.24,129.49,270.39,2.09
CA,U725N BRONCO [21-26],3254,D8,34,594,412.46,302.37,631.5,2.09
NC,P708 F250 - 600 [23-27],7A100,42,6,179,315.46,267.57,559.3,2.09
AZ,P552N F-150 [15-20],6582,01,5,84,353.12,201.48,420.42,2.09
TX,U725N BRONCO [21-26],7842006,42,5,70,956.43,525.17,1098.36,2.09
AZ,U502N EXPLORER [11-19],1A189,42,5,85,172.05,104.65,218.69,2.09
MI,U625N EXPLORER [20-27],7862187,42,7,108,77.69,46.86,97.36,2.08
SC,U625N EXPLORER [20-27],19980,39,34,1055,94.99,67.16,139.94,2.08
PA,CX482N ESCAPE [20-26],SHUTTLE,82,14,340,642.33,334.01,693.72,2.08
MD,U611N AVIATOR [20-27],1A189,42,7,176,191.49,141.68,294.59,2.08
MN,P702N F150 [21-27],DIAG,82,12,178,80.79,65.1,135.54,2.08
IN,P552N F-150 [15-20],5E212,42,14,292,1192.76,844.91,1759.58,2.08
TX,P552N F-150 [15-20],12029,42,12,146,248.11,148.74,308.65,2.08
GA,P552N F-150 [15-20],1104,42,28,585,464.69,354.62,736.88,2.08
CA,P558N SUPER DUTY [17-22],6675,D8,71,2347,1704.99,1244.26,2584.15,2.08
MA,P552N F-150 [15-20],1651070,01,5,70,412.93,279.92,581.28,2.08
TX,P702N F150 [21-27],ADJUST,82,8,464,89.8,62.47,129.91,2.08
AL,U611N AVIATOR [20-27],RENTAL,82,5,1094,160.58,154.16,321.17,2.08
CO,U553N EXPEDITION [18-24],48H6,42,6,124,287.78,275.37,573.81,2.08
PA,U553N EXPEDITION [18-24],7Z490,42,5,60,596.02,535.52,1113.26,2.08
KS,P708 F250 - 600 [23-27],3B676,42,8,108,184.66,114.89,238.65,2.08
MI,CX483N CORSAIR [20-26],7P238,42,8,261,270.6,211.18,438.72,2.08
MI,P708 F250 - 600 [23-27],6731,82,8,132,67.79,56.52,117.64,2.08
OH,U625N EXPLORER [20-27],12A650,04,31,880,38.13,35.69,74.17,2.08
AZ,C489N MKC [15-19],48H6,42,7,285,105.3,86.93,181.19,2.08
AZ,CX430N C-SUV [21-27],7861203,42,7,106,169.18,115.43,240.08,2.08
CA,P708 F250 - 600 [23-27],17032,16,56,1256,56.95,36.36,75.58,2.08
MN,CD391N FUSION [13-20],7S004,39,22,424,69.71,48.22,100.2,2.08
MI,U502N EXPLORER [11-19],78551A46,33,47,875,49.77,41.02,85.17,2.08
TX,U553N EXPEDITION [18-24],19G490,*,5,82,132.23,78.48,162.99,2.08
MO,P702N F150 [21-27],4234,01,7,89,688.86,463.68,965.07,2.08
AZ,U554N NAVIGATOR [18-24],RENTAL,82,6,1897,192.7,154.16,321.17,2.08
KS,P552N F-150 [15-20],4676,D8,12,219,182.93,121.86,253.96,2.08
NC,U554N NAVIGATOR [18-24],19G490,42,13,466,355.92,210.53,438.29,2.08
IN,U625N EXPLORER [20-27],1A189,42,17,404,139.42,96.65,200.84,2.08
NJ,CX483N CORSAIR [20-26],78519A70,42,13,403,201.73,133.98,278.21,2.08
TN,P552N F-150 [15-20],6714,82,12,253,62.31,45.38,94.17,2.08
IL,U625N EXPLORER [20-27],12A650,04,67,2342,53.29,37.17,77.14,2.08
MD,P702N F150 [21-27],6714,82,7,166,65.33,49.76,103.44,2.08
AZ,P758N C-PICKUP [22-27],RECALEM,04,17,370,84.96,52.16,108.48,2.08
TX,P702N F150 [21-27],10E929,B4,9,104,400.92,223.09,464.62,2.08
MA,U611N AVIATOR [20-27],NPF,82,5,212,62.28,52.76,109.88,2.08
ID,P558N SUPER DUTY [17-22],14A068,42,8,182,336.34,283.84,587.2,2.07
GA,P702N F150 [21-27],NPF,82,11,248,92.94,59.3,122.48,2.07
OH,U625N EXPLORER [20-27],7862187,33,7,104,64.62,49.21,101.82,2.07
KS,CX482N ESCAPE [20-26],14529,91,19,1051,39.88,36.26,74.96,2.07
IL,U625N EXPLORER [20-27],7P155,04,5,73,58.52,48.9,101.4,2.07
NY,P473N SUPER DUTY [11-16],12A650,X9,9,114,327.7,277.93,574.06,2.07
FL,U554N NAVIGATOR [18-24],19G468,42,15,265,1578.28,1097.31,2276.92,2.07
ME,P558N SUPER DUTY [17-22],3254,D8,10,237,301.28,224.72,465.91,2.07
CA,P702N F150 [21-27],9F593,42,7,85,1011.58,565.86,1171.13,2.07
CA,CX483N CORSAIR [20-26],1A189,42,10,158,215.31,182.35,377.44,2.07
TN,P702N F150 [21-27],1523200,82,22,478,45.91,35.8,73.94,2.07
VT,P558N SUPER DUTY [17-22],19G490,42,7,106,217.76,142.48,294.84,2.07
MT,P558N SUPER DUTY [17-22],9C888,42,9,267,619.54,426.44,883.79,2.07
MO,CX482N ESCAPE [20-26],1A189,42,10,228,186.43,120.03,248.81,2.07
CT,P552N F-150 [15-20],78218A42,69,9,192,234.09,203.73,421.37,2.07
MI,C489N MKC [15-19],DELIVERY,82,8,415,71.37,49.96,103.49,2.07
MN,C520N ESCAPE [13-19],8501,42,5,71,1240.63,779.08,1609.67,2.07
VA,U625N EXPLORER [20-27],3A427,D8,15,426,280.44,192.98,399.12,2.07
MN,P552N F-150 [15-20],9C888,42,45,1027,436.49,328.59,678.59,2.07
AL,U611N AVIATOR [20-27],DELIVERY,82,9,1267,71.37,49.96,103.49,2.07
MI,D544N CONTINENTAL [17-20],DELIVERY,82,10,415,71.37,49.96,103.49,2.07
NC,U625N EXPLORER [20-27],14529,91,62,3057,42.9,35.98,74.35,2.07
ID,P702N F150 [21-27],3C247,42,10,295,435.46,374.2,773.44,2.07
FL,U725N BRONCO [21-26],4A376,01,24,365,507.81,317.28,657.22,2.07
DE,CX482N ESCAPE [20-26],7820125,61,9,900,348.75,295.84,613.23,2.07
MN,U625N EXPLORER [20-27],7P238,42,11,148,482.03,299.88,620.86,2.07
TX,P552N F-150 [15-20],7H351,17,7,161,2998.08,2147.27,4447.12,2.07
AL,U540N MKX [16-23],DELIVERY,82,6,718,71.37,49.96,103.49,2.07
CA,CX482N ESCAPE [20-26],9D289,42,51,797,306.54,244.01,503.88,2.07
CA,CX430N C-SUV [21-27],18125,D8,31,765,281.75,220.86,456.15,2.07
NC,CX482N ESCAPE [20-26],1A189,42,16,240,185.62,119.84,248.08,2.07
TN,U502N EXPLORER [11-19],65,42,7,95,58.32,44.75,92.42,2.07
UT,P558N SUPER DUTY [17-22],17D696,42,11,269,155.82,104.26,215.88,2.07
AL,CX483N CORSAIR [20-26],DELIVERY,82,6,943,71.37,49.96,103.49,2.07
NC,P758N C-PICKUP [22-27],99RT4,42,9,139,329.52,201.88,418.38,2.07
MA,P558N SUPER DUTY [17-22],3A131,42,9,135,348.07,269.52,556.97,2.07
PA,D544N CONTINENTAL [17-20],DELIVERY,82,7,216,82.08,49.96,103.49,2.07
LA,P558N SUPER DUTY [17-22],78218A42,42,6,96,161.11,107.48,222.03,2.07
WI,P703N RANGER [24-26],26243C02,*,5,63,226.59,166.82,345.34,2.07
TX,CX482N ESCAPE [20-26],9D289,42,56,1319,251.76,171.29,355.37,2.07
AL,P552N F-150 [15-20],8501,42,10,189,383.23,291.6,602.47,2.07
AZ,V363N TRANSIT [14-27],9961711,01,6,417,649.69,541.02,1121.68,2.07
CA,U553N EXPEDITION [18-24],6714,82,11,187,52.02,45.32,93.77,2.07
NE,P552N F-150 [15-20],14G371,04,7,159,47.96,41.11,85.21,2.07
IL,CD533N MKZ [13-20],RENTAL,82,7,285,128.47,77.39,160.58,2.07
AZ,CX483N CORSAIR [20-26],DELIVERY,82,6,1815,71.37,49.96,103.49,2.07
CA,C520N ESCAPE [13-19],7K340,*,7,406,68.62,46.91,97.21,2.07
AL,P552N F-150 [15-20],1651070,01,6,108,347.47,248.08,513.77,2.07
TN,U502N EXPLORER [11-19],5A972,*,12,648,146.57,127.86,265.03,2.07
NH,P558N SUPER DUTY [17-22],14A068,42,7,100,293.3,184.99,383.78,2.07
NY,D544N CONTINENTAL [17-20],DELIVERY,82,14,363,82.08,49.96,103.49,2.07
NM,P702N F150 [21-27],SERVICE,82,7,391,35.68,35.68,73.81,2.07
AZ,U540N MKX [16-23],DELIVERY,82,6,1694,49.96,49.96,103.49,2.07
LA,U554N NAVIGATOR [18-24],DELIVERY,82,7,1267,101.35,49.96,103.49,2.07
VA,V363N TRANSIT [14-27],2001,30,5,102,527.81,283.85,587.16,2.07
IN,U625N EXPLORER [20-27],7P155,42,11,180,42.47,35.83,73.88,2.06
ND,U625N EXPLORER [20-27],NPF,42,6,155,72.97,53.06,109.15,2.06
CA,P552N F-150 [15-20],2V001,30,23,368,249.97,186.75,384.26,2.06
CA,P558N SUPER DUTY [17-22],12B579,42,13,215,247.55,224.98,464.48,2.06
CT,P702N F150 [21-27],14529,42,7,97,112.11,74.0,152.49,2.06
MO,U625N EXPLORER [20-27],14529,91,40,2194,41.67,36.69,75.52,2.06
TN,P708 F250 - 600 [23-27],14B291,04,42,1393,49.5,35.94,73.94,2.06
ND,P702N F150 [21-27],NPF,42,7,512,72.97,53.06,109.15,2.06
CO,P558N SUPER DUTY [17-22],4676,D8,12,171,241.32,190.18,392.69,2.06
KS,U725N BRONCO [21-26],14B291,04,5,80,54.15,44.91,92.72,2.06
NC,P558N SUPER DUTY [17-22],14G371,04,9,111,54.93,39.6,81.41,2.06
TN,U625N EXPLORER [20-27],14G371,04,36,1406,48.86,35.85,73.94,2.06
OR,P702N F150 [21-27],14G647,42,5,119,657.75,435.06,895.42,2.06
LA,P558N SUPER DUTY [17-22],19G490,42,40,1636,304.98,187.16,385.38,2.06
GA,U611N AVIATOR [20-27],19G490,42,9,240,197.84,149.34,308.24,2.06
MD,U625N EXPLORER [20-27],3A427,42,14,365,265.75,212.4,437.4,2.06
OR,V363N TRANSIT [14-27],NPF,82,5,68,112.27,80.08,165.29,2.06
CO,P558N SUPER DUTY [17-22],18808,42,11,184,141.23,87.18,179.22,2.06
CO,P558N SUPER DUTY [17-22],RECALEM,04,26,690,74.94,47.8,98.42,2.06
CA,P708 F250 - 600 [23-27],14B291,04,131,5618,61.59,42.81,88.18,2.06
OH,P758N C-PICKUP [22-27],RECALEM,04,7,106,79.64,48.17,99.0,2.06
OH,CX430N C-SUV [21-27],NPF,82,13,251,79.36,54.58,112.51,2.06
TX,CX430N C-SUV [21-27],4022,07,54,1306,190.57,129.88,267.77,2.06
NE,U625N EXPLORER [20-27],14529,91,16,664,42.11,35.82,73.65,2.06
MI,B515A ECOSPORT INDIA [13-22],5E212,42,14,282,901.44,611.56,1257.58,2.06
FL,C489N MKC [15-19],6009,D8,22,722,4928.88,3391.17,6995.16,2.06
FL,P558N SUPER DUTY [17-22],78218A42,42,17,234,220.66,154.29,317.73,2.06
SC,U611N AVIATOR [20-27],14G371,04,9,622,74.7,54.53,112.35,2.06
AL,U502N EXPLORER [11-19],14B686,X4,5,63,175.83,108.21,223.07,2.06
CA,P702N F150 [21-27],14B291,04,129,5588,61.66,42.81,88.18,2.06
TN,P702N F150 [21-27],14B291,04,39,1594,49.5,35.94,73.94,2.06
NJ,U625N EXPLORER [20-27],3A427,01,6,117,260.61,246.75,509.27,2.06
MI,CX482N ESCAPE [20-26],18125,D8,27,1281,312.11,196.84,405.9,2.06
OH,P558N SUPER DUTY [17-22],6A785,55,6,145,223.82,187.0,384.53,2.06
SD,P558N SUPER DUTY [17-22],NPF,82,5,74,70.66,43.16,89.08,2.06
WA,U502N EXPLORER [11-19],2V200,30,5,73,267.01,178.03,366.73,2.06
KS,P558N SUPER DUTY [17-22],RENTAL,82,6,110,171.29,124.9,256.93,2.06
MA,U502N EXPLORER [11-19],8501,42,19,321,1233.64,944.26,1943.3,2.06
TX,CX727N MACH-E [21-26],14G647,04,13,183,413.23,268.64,553.83,2.06
PA,CDX707A NAUTILUS [23-26],9F593,42,10,217,659.28,549.23,1129.9,2.06
WI,CX482N ESCAPE [20-26],NPF,42,6,105,65.9,60.24,124.33,2.06
NC,P702N F150 [21-27],4234,01,14,219,660.59,463.98,955.04,2.06
KS,U502N EXPLORER [11-19],14B192,46,11,308,85.55,74.67,153.91,2.06
FL,P702N F150 [21-27],5E212,42,38,775,1533.48,1116.7,2292.82,2.05
SC,U553N EXPEDITION [18-24],6256,42,24,642,1300.08,879.54,1798.81,2.05
MI,P708 F250 - 600 [23-27],NPF,42,12,187,64.33,50.49,103.56,2.05
PA,P708 F250 - 600 [23-27],12A647,42,10,138,96.97,61.12,125.4,2.05
NC,U625N EXPLORER [20-27],6731,82,18,357,66.24,47.66,97.61,2.05
WA,CX727N MACH-E [21-26],14G647,04,5,76,400.49,279.32,571.67,2.05
FL,P702N F150 [21-27],17528,42,9,167,64.83,46.85,96.19,2.05
CO,U222N EXPEDITION [02-17],19805,*,5,93,381.27,306.3,628.15,2.05
NC,P558N SUPER DUTY [17-22],3E651,42,88,3274,98.2,67.2,138.04,2.05
FL,P558N SUPER DUTY [17-22],9H307,42,56,1164,677.43,506.38,1039.46,2.05
CA,U502N EXPLORER [11-19],TIRE,82,12,1292,268.94,211.07,433.48,2.05
WA,P552N F-150 [15-20],1104,42,15,296,502.52,444.62,911.77,2.05
CA,U625N EXPLORER [20-27],18124,42,38,668,476.93,320.13,654.94,2.05
UT,CD391N FUSION [13-20],7S004,39,6,103,77.06,43.48,89.23,2.05
GA,P552N F-150 [15-20],1A189,42,9,162,122.66,82.89,170.02,2.05
AZ,U625N EXPLORER [20-27],3D102,42,8,135,1045.26,647.0,1323.12,2.05
TX,U502N EXPLORER [11-19],65,42,64,1613,57.08,44.08,90.38,2.05
PA,P552N F-150 [15-20],6731,82,12,268,50.24,40.99,83.9,2.05
CA,C520N ESCAPE [13-19],9D289,42,25,415,341.1,284.07,583.23,2.05
KS,P758N C-PICKUP [22-27],RECALEM,04,6,91,80.07,52.05,106.53,2.05
FL,CD391N FUSION [13-20],1A189,42,6,86,136.17,112.49,231.0,2.05
CA,CX430N C-SUV [21-27],14529,42,6,79,99.49,65.83,134.68,2.05
PA,U625N EXPLORER [20-27],4A015,42,5,112,245.1,215.32,441.68,2.05
MT,P702N F150 [21-27],RECAL,04,9,213,93.26,54.45,111.7,2.05
AZ,P702N F150 [21-27],14G670,42,5,88,480.32,299.04,614.19,2.05
ID,CX430N C-SUV [21-27],14G371,04,13,492,46.88,38.25,78.29,2.05
NY,CX727N MACH-E [21-26],10C666,42,43,808,1701.1,1303.75,2674.7,2.05
OH,CX482N ESCAPE [20-26],7P155,42,8,106,199.84,169.86,348.76,2.05
FL,V363N TRANSIT [14-27],14018,42,14,211,118.67,75.67,155.19,2.05
IL,CX482N ESCAPE [20-26],18125,D8,20,422,346.86,265.37,544.4,2.05
MN,CD539N EDGE [15-24],9D289,42,8,92,369.85,237.14,486.35,2.05
PA,P702N F150 [21-27],DIAG,42,13,192,67.34,48.17,98.99,2.05
MA,P558N SUPER DUTY [17-22],9H307,42,13,229,675.57,506.76,1037.18,2.05
MO,U625N EXPLORER [20-27],14G371,04,51,1721,44.58,35.7,73.29,2.05
OH,U625N EXPLORER [20-27],7862187,42,13,198,75.2,53.92,110.7,2.05
FL,U625N EXPLORER [20-27],19H405,42,8,106,701.95,639.1,1308.94,2.05
KS,P702N F150 [21-27],7210,42,15,410,398.39,280.89,574.69,2.05
NJ,U554N NAVIGATOR [18-24],7000,42,6,144,5031.61,2908.99,5960.88,2.05
MA,P708 F250 - 600 [23-27],1621597,41,21,501,122.73,99.31,203.61,2.05
CA,P558N SUPER DUTY [17-22],5J281,42,14,195,278.34,195.54,401.55,2.05
FL,U611N AVIATOR [20-27],17528,42,7,178,89.88,80.08,164.31,2.05
TX,P708 F250 - 600 [23-27],3B396,42,9,140,329.32,270.93,554.75,2.05
MO,CX430N C-SUV [21-27],14G371,04,40,1429,44.58,35.7,73.29,2.05
IA,P552N F-150 [15-20],2140,*,8,138,195.03,128.99,264.38,2.05
MA,P375N RANGER [19-23],14G371,04,7,78,53.59,37.97,77.81,2.05
NY,P702N F150 [21-27],W702554,*,6,160,79.74,58.76,120.46,2.05
FL,CX727N MACH-E [21-26],NPF,42,5,172,134.35,117.72,241.62,2.05
MA,U625N EXPLORER [20-27],3A428,42,19,415,317.4,226.12,464.09,2.05
MD,P708 F250 - 600 [23-27],1621597,41,24,464,115.32,88.49,181.47,2.05
NE,CX482N ESCAPE [20-26],14G371,04,5,90,77.35,46.8,95.92,2.05
FL,P558N SUPER DUTY [17-22],3304,30,5,65,646.9,429.33,876.95,2.04
MI,D544N CONTINENTAL [17-20],19G490,42,7,141,368.17,221.73,452.49,2.04
NV,U625N EXPLORER [20-27],4A015,D8,7,594,1094.35,645.42,1317.24,2.04
UT,P558N SUPER DUTY [17-22],3304,42,8,182,443.11,276.42,563.44,2.04
MD,P702N F150 [21-27],19G490,42,5,65,334.09,193.81,395.57,2.04
TX,CX727N MACH-E [21-26],14G647,42,15,213,852.34,599.19,1220.43,2.04
MI,C346N FOCUS [12-18],7B546,42,24,408,1156.34,947.21,1927.91,2.04
GA,P558N SUPER DUTY [17-22],1A189,42,5,95,111.69,90.08,183.72,2.04
NV,V363N TRANSIT [14-27],48H6,42,5,261,229.35,185.48,378.76,2.04
GA,CD533N MKZ [13-20],DELIVERY,82,6,166,49.96,39.25,79.93,2.04
MI,P558N SUPER DUTY [17-22],19703,42,6,74,841.15,676.55,1378.97,2.04
AZ,P558N SUPER DUTY [17-22],1A189,42,8,123,116.9,108.4,221.42,2.04
TN,V363N TRANSIT [14-27],9D370,42,11,171,51.44,38.95,79.56,2.04
CO,P708 F250 - 600 [23-27],1621597,41,16,513,129.62,102.22,208.06,2.04
FL,U554N NAVIGATOR [18-24],6M280,42,5,77,565.81,450.13,918.86,2.04
NC,P702N F150 [21-27],DIAG,42,8,164,76.82,62.45,127.42,2.04
UT,U553N EXPEDITION [18-24],7000,42,9,157,3943.96,2818.6,5752.65,2.04
AZ,U625N EXPLORER [20-27],18125,42,14,461,231.79,181.17,369.9,2.04
CO,V363N TRANSIT [14-27],6714,82,10,220,65.54,43.24,88.38,2.04
OH,U725N BRONCO [21-26],NPF,82,8,194,77.03,60.83,124.37,2.04
VA,U553N EXPEDITION [18-24],1104,42,9,153,507.83,385.49,787.45,2.04
NY,CX482N ESCAPE [20-26],2C026,42,7,96,466.17,315.06,642.25,2.04
FL,U553N EXPEDITION [18-24],19860,42,49,1505,1052.16,782.66,1594.78,2.04
FL,P702N F150 [21-27],1621597,41,63,1806,130.86,103.56,211.0,2.04
LA,U502N EXPLORER [11-19],78551A46,33,16,304,55.39,38.66,78.76,2.04
TX,U553N EXPEDITION [18-24],7902,42,7,208,4114.18,3655.81,7446.15,2.04
NC,U540N MKX [16-23],7902,42,5,63,2084.43,2071.96,4220.4,2.04
WA,P558N SUPER DUTY [17-22],3254,42,8,129,346.27,246.73,504.54,2.04
IL,U553N EXPEDITION [18-24],6714,82,6,89,52.81,50.94,103.94,2.04
VA,P702N F150 [21-27],19G490,42,8,109,294.04,193.15,393.31,2.04
AR,P702N F150 [21-27],3C247,42,6,75,349.29,227.04,462.9,2.04
CA,P758N C-PICKUP [22-27],DIAG,42,7,102,131.32,84.82,172.72,2.04
VA,P552N F-150 [15-20],1A189,42,14,213,124.78,85.82,175.41,2.04
OH,P702N F150 [21-27],4676,D8,34,664,202.5,122.17,249.33,2.04
MI,V363N TRANSIT [14-27],19805,42,11,176,260.14,206.14,420.21,2.04
PA,CX483N CORSAIR [20-26],6731,82,5,110,92.28,61.97,126.68,2.04
IN,CX482N ESCAPE [20-26],6731,82,10,147,53.49,39.82,81.21,2.04
NY,U625N EXPLORER [20-27],3A428,D1,6,173,281.23,237.06,482.53,2.04
CA,P702N F150 [21-27],17508,*,10,298,161.39,82.83,168.88,2.04
CA,C520N ESCAPE [13-19],2V200,30,9,131,206.49,151.63,308.58,2.04
CT,P552N F-150 [15-20],5E212,42,8,108,1426.34,894.72,1828.18,2.04
IL,CX483N CORSAIR [20-26],7P238,42,9,162,422.17,323.28,660.93,2.04
FL,V363N TRANSIT [14-27],48H6,46,5,279,221.08,195.82,399.77,2.04
PA,P702N F150 [21-27],RECAL,42,5,94,73.31,57.6,116.83,2.03
CO,P702N F150 [21-27],4234,01,19,353,879.11,571.51,1158.15,2.03
TX,P708 F250 - 600 [23-27],10849,04,7,95,470.33,275.49,559.83,2.03
NY,P558N SUPER DUTY [17-22],7H351,42,11,168,3168.21,2411.95,4887.5,2.03
MD,U502N EXPLORER [11-19],14B686,X4,25,742,162.57,120.43,244.15,2.03
KY,U554N NAVIGATOR [18-24],DELIVERY,82,5,309,49.96,49.96,101.35,2.03
MD,CD539N EDGE [15-24],7902,42,11,204,2433.29,1739.99,3526.11,2.03
TX,P702N F150 [21-27],AUX1,42,9,121,200.38,153.92,312.43,2.03
CA,V363N TRANSIT [14-27],6020,D8,14,427,1610.27,1072.06,2178.43,2.03
AL,P552N F-150 [15-20],1104,42,12,242,439.32,318.62,646.14,2.03
MN,CD539N EDGE [15-24],7902,42,10,241,3604.91,2527.93,5140.8,2.03
MI,U625N EXPLORER [20-27],14D696,42,6,70,180.32,127.59,259.24,2.03
GA,P708 F250 - 600 [23-27],7A100,42,5,58,268.49,167.16,338.7,2.03
TX,U553N EXPEDITION [18-24],19860,D8,9,224,939.59,532.66,1080.53,2.03
NE,CX430N C-SUV [21-27],8501,D8,10,372,597.97,464.07,943.96,2.03
MI,CX727N MACH-E [21-26],10B689,04,53,1817,75.94,57.3,116.28,2.03
FL,B515A ECOSPORT INDIA [13-22],6006,42,23,313,4511.01,3488.71,7097.78,2.03
WA,P702N F150 [21-27],DIAG,42,9,235,90.8,71.46,144.88,2.03
NY,P558N SUPER DUTY [17-22],6675,D8,21,400,1355.99,908.55,1839.88,2.03
TX,CD539N EDGE [15-24],48H6,42,74,1719,269.65,179.63,364.92,2.03
FL,P702N F150 [21-27],17508,42,25,391,203.12,144.39,293.02,2.03
CT,C346N FOCUS [12-18],9D289,42,11,177,110.92,81.02,164.48,2.03
KY,U611N AVIATOR [20-27],DELIVERY,82,6,544,49.96,49.96,101.35,2.03
MT,P708 F250 - 600 [23-27],RECALEM,04,8,415,102.65,77.44,157.05,2.03
MN,CX482N ESCAPE [20-26],NPF,42,10,203,70.04,63.14,128.47,2.03
NY,P558N SUPER DUTY [17-22],NPF,42,6,114,66.81,51.66,104.74,2.03
IL,P702N F150 [21-27],RECALEM,04,24,318,62.13,43.14,87.78,2.03
IN,P558N SUPER DUTY [17-22],9H307,42,7,115,531.95,319.42,647.07,2.03
VA,P702N F150 [21-27],3F791,42,9,103,320.33,172.02,349.42,2.03
FL,CDX707A NAUTILUS [23-26],14F546,04,12,186,373.62,264.48,535.66,2.03
LA,P552N F-150 [15-20],1104,42,14,255,519.66,340.49,692.52,2.03
WA,V363N TRANSIT [14-27],NPF,82,5,117,106.11,79.06,160.4,2.03
UT,P708 F250 - 600 [23-27],NPF,42,6,163,96.67,65.65,133.46,2.03
TN,P758N C-PICKUP [22-27],3B436,42,18,349,633.92,426.0,865.76,2.03
IL,P558N SUPER DUTY [17-22],19N619,82,5,301,55.13,36.03,73.15,2.03
MD,U625N EXPLORER [20-27],3D102,42,18,356,753.45,555.94,1128.14,2.03
VT,P558N SUPER DUTY [17-22],3B396,42,6,198,308.08,236.49,479.98,2.03
OR,P552N F-150 [15-20],6731,82,7,161,66.46,51.91,105.55,2.03
MI,U502N EXPLORER [11-19],65,42,6,74,58.31,56.74,114.91,2.03
NC,P558N SUPER DUTY [17-22],6F073,42,10,139,206.79,135.64,275.9,2.03
IA,P552N F-150 [15-20],14G371,42,6,98,158.66,108.75,219.68,2.02
PA,CX483N CORSAIR [20-26],9D289,42,18,549,232.49,153.22,309.96,2.02
KS,U625N EXPLORER [20-27],19980,39,22,663,87.07,67.24,135.61,2.02
CA,U502N EXPLORER [11-19],2V200,82,10,146,236.86,198.42,399.96,2.02
CA,U625N EXPLORER [20-27],3A427,D1,11,225,308.78,240.72,486.65,2.02
OK,P702N F150 [21-27],19N619,82,8,371,65.57,36.5,73.58,2.02
CA,P708 F250 - 600 [23-27],3B676,42,23,431,203.41,175.93,354.57,2.02
TX,P558N SUPER DUTY [17-22],78218A43,42,24,412,179.77,135.99,274.42,2.02
KY,CDX707A NAUTILUS [23-26],14H522,04,8,321,290.99,240.49,486.56,2.02
WA,P558N SUPER DUTY [17-22],NPF,82,12,289,85.12,48.84,98.49,2.02
AZ,V363N TRANSIT [14-27],7000,42,7,114,4682.85,3001.26,6060.73,2.02
IL,U553N EXPEDITION [18-24],6256,42,51,1166,1940.18,1187.48,2396.03,2.02
NY,U625N EXPLORER [20-27],14C689,42,12,176,468.64,359.43,725.19,2.02
PA,U625N EXPLORER [20-27],7P238,42,25,374,381.97,241.42,488.41,2.02
AR,P702N F150 [21-27],10C679,42,8,127,53.43,49.1,99.41,2.02
TN,P552N F-150 [15-20],14G371,04,21,431,49.5,36.68,73.94,2.02
FL,CD539N EDGE [15-24],6009,D8,46,783,4798.68,3467.74,7017.22,2.02
WA,P558N SUPER DUTY [17-22],6A785,55,6,111,251.07,210.98,425.55,2.02
CT,U625N EXPLORER [20-27],3A427,D8,12,252,251.76,196.4,397.71,2.02
TX,P552N F-150 [15-20],5586,42,24,386,154.82,104.05,210.31,2.02
FL,U540N MKX [16-23],5804338,42,8,110,271.56,196.77,398.39,2.02
NY,U625N EXPLORER [20-27],3A427,D1,5,128,331.89,243.92,492.9,2.02
CA,V363N TRANSIT [14-27],TIRE,82,6,150,382.36,270.73,545.73,2.02
OH,CX430N C-SUV [21-27],6731,82,15,371,60.47,48.85,98.63,2.02
KS,U625N EXPLORER [20-27],6731,82,7,138,61.29,43.27,87.59,2.02
FL,U611N AVIATOR [20-27],14018,42,16,314,98.45,78.71,158.98,2.02
WI,P558N SUPER DUTY [17-22],5J249,42,22,285,352.79,233.38,472.57,2.02
TN,CX430N C-SUV [21-27],14G371,04,34,1353,46.8,36.68,73.94,2.02
LA,P702N F150 [21-27],6714,82,7,154,87.89,63.31,127.69,2.02
AZ,P375N RANGER [19-23],SERVICE,82,5,205,35.68,35.68,71.95,2.02
TX,P702N F150 [21-27],14B291,04,185,11904,50.14,35.86,72.3,2.02
NY,U625N EXPLORER [20-27],19980,39,95,4849,91.43,66.95,135.13,2.02
CA,P558N SUPER DUTY [17-22],2200,30,12,257,317.77,193.08,389.36,2.02
MO,P702N F150 [21-27],3C247,42,9,133,517.52,296.36,597.92,2.02
AL,U625N EXPLORER [20-27],14G371,04,28,1460,46.45,35.71,72.14,2.02
CO,P375N RANGER [19-23],RENTAL,82,6,102,160.58,128.47,259.96,2.02
PA,P558N SUPER DUTY [17-22],RECALEM,04,38,591,58.33,40.12,80.93,2.02
KS,P552N F-150 [15-20],6M280,42,8,111,384.33,291.64,589.0,2.02
AL,CX430N C-SUV [21-27],14G371,04,26,967,46.45,35.71,72.14,2.02
AL,P702N F150 [21-27],1523200,82,15,641,43.53,35.71,72.14,2.02
NJ,U625N EXPLORER [20-27],5E212,01,11,194,997.69,918.33,1854.35,2.02
MN,P552N F-150 [15-20],6675,D8,25,760,649.5,447.6,904.26,2.02
MI,CD539N EDGE [15-24],7902,30,8,114,2966.8,2244.23,4539.8,2.02
TN,CDX707A NAUTILUS [23-26],3G590,79,6,207,86.63,73.37,147.88,2.02
TN,P702N F150 [21-27],19703,42,11,203,48.86,36.68,73.94,2.02
MO,P702N F150 [21-27],DIAG,82,6,234,99.3,58.32,117.68,2.02
UT,P558N SUPER DUTY [17-22],8A616,42,7,120,327.46,240.14,485.97,2.02
TX,P708 F250 - 600 [23-27],14B291,04,200,12963,49.96,35.86,72.3,2.02
CA,CX727N MACH-E [21-26],14G672,42,58,1192,55.18,37.95,76.71,2.02
PA,U625N EXPLORER [20-27],3A428,42,48,1187,291.3,217.83,439.81,2.02
IL,U625N EXPLORER [20-27],7P238,42,22,340,495.52,292.86,592.64,2.02
WA,CX430N C-SUV [21-27],8501,D8,33,1229,637.38,388.45,783.66,2.02
FL,CX430N C-SUV [21-27],COURTESY,82,6,71,344.79,272.17,551.08,2.02
TX,U625N EXPLORER [20-27],94RH7,42,21,443,201.81,147.33,297.33,2.02
CO,P552N F-150 [15-20],1651070,01,11,198,397.94,283.45,573.95,2.02
OR,P473N SUPER DUTY [11-16],6731,82,9,356,121.92,87.28,175.59,2.01
NY,U502N EXPLORER [11-19],14B686,X4,39,680,179.01,124.91,251.59,2.01
MO,U625N EXPLORER [20-27],19G490,*,7,131,226.71,147.4,296.89,2.01
WA,P702N F150 [21-27],10C679,42,32,1523,62.29,55.6,111.49,2.01
TX,P708 F250 - 600 [23-27],13008,42,7,88,1581.77,1188.14,2387.66,2.01
IN,P702N F150 [21-27],10C679,42,16,352,56.26,49.12,98.6,2.01
FL,CX482N ESCAPE [20-26],6K682,42,23,353,1488.09,1183.09,2374.59,2.01
TN,P702N F150 [21-27],94RH7,42,17,330,316.23,219.11,440.87,2.01
LA,V363N TRANSIT [14-27],48H6,42,7,124,201.31,150.93,303.53,2.01
CA,P708 F250 - 600 [23-27],9N184,82,5,161,214.12,134.6,270.79,2.01
WI,CX483N CORSAIR [20-26],14G371,04,5,146,68.94,48.17,97.06,2.01
CA,U725N BRONCO [21-26],4A376,01,30,484,520.52,290.03,582.94,2.01
OH,U502N EXPLORER [11-19],1104,42,6,92,456.05,328.45,661.26,2.01
TX,P702N F150 [21-27],W702554,*,12,197,94.24,56.71,114.2,2.01
MN,P702N F150 [21-27],9C888,42,27,462,375.93,270.57,544.22,2.01
IL,P708 F250 - 600 [23-27],3B676,42,5,73,253.52,194.85,392.49,2.01
KS,CX482N ESCAPE [20-26],18125,42,5,110,311.28,184.43,370.87,2.01
WI,P708 F250 - 600 [23-27],14B291,04,57,1555,61.3,36.48,73.18,2.01
ND,P552N F-150 [15-20],4676,D8,10,490,179.37,111.76,224.92,2.01
MA,V363N TRANSIT [14-27],48H6,42,18,389,309.81,224.33,450.32,2.01
CA,CX727N MACH-E [21-26],10C666,42,100,2999,1781.9,1336.73,2687.23,2.01
AL,U625N EXPLORER [20-27],14529,91,29,1532,45.51,36.03,72.26,2.01
VA,U625N EXPLORER [20-27],3A428,D8,13,446,290.49,197.37,396.75,2.01
MI,C520N ESCAPE [13-19],7902,42,8,125,2867.97,2121.78,4275.27,2.01
TN,P702N F150 [21-27],3C247,42,9,130,487.11,351.98,709.1,2.01
WI,P708 F250 - 600 [23-27],1621597,41,16,293,136.35,87.51,175.89,2.01
NY,U625N EXPLORER [20-27],7P155,04,10,141,60.13,51.84,104.19,2.01
MA,P558N SUPER DUTY [17-22],5L248,42,6,85,340.48,253.81,509.53,2.01
MI,CD539N EDGE [15-24],19703,42,9,140,628.28,594.75,1195.77,2.01
IN,P702N F150 [21-27],3C247,42,8,120,487.31,319.54,642.1,2.01
MD,P558N SUPER DUTY [17-22],9H307,42,11,152,602.93,405.17,813.23,2.01
TX,ECONOLINE [97-27],00817,30,12,595,94.46,61.25,122.96,2.01
CA,P375N RANGER [19-23],NPF,42,9,151,127.75,81.25,163.6,2.01
NH,P558N SUPER DUTY [17-22],12286,42,8,130,168.04,134.78,271.12,2.01
WI,P702N F150 [21-27],14B291,04,69,2321,59.28,36.43,73.18,2.01
CA,CX483N CORSAIR [20-26],NPF,82,8,174,84.71,61.43,123.47,2.01
FL,U611N AVIATOR [20-27],5823209,42,10,191,301.82,226.08,454.03,2.01
TX,CX727N MACH-E [21-26],10B689,04,66,2019,84.06,63.01,126.52,2.01
MA,P708 F250 - 600 [23-27],14B291,04,36,1555,52.54,39.74,79.72,2.01
MA,P702N F150 [21-27],14B291,04,35,1190,49.96,39.74,79.72,2.01
FL,U725N BRONCO [21-26],19G490,42,8,149,324.07,215.27,432.42,2.01
CT,CX430N C-SUV [21-27],8501,42,10,188,502.08,351.79,705.39,2.01
MO,P702N F150 [21-27],10C679,42,17,424,57.72,48.8,97.95,2.01
VA,P558N SUPER DUTY [17-22],RECALEM,04,20,366,63.72,50.82,102.19,2.01
SC,P702N F150 [21-27],4234,01,8,130,599.19,469.25,944.63,2.01
IL,P558N SUPER DUTY [17-22],3A131,33,11,147,377.32,313.64,630.45,2.01
AZ,P702N F150 [21-27],10C679,42,22,1015,56.14,48.07,96.63,2.01
GA,P708 F250 - 600 [23-27],1621597,41,36,831,120.24,79.1,159.16,2.01
PA,P558N SUPER DUTY [17-22],3E651,42,139,5170,98.9,67.81,136.44,2.01
OH,P702N F150 [21-27],6714,82,16,398,57.77,41.22,83.04,2.01
TX,P702N F150 [21-27],1104,42,12,157,563.84,407.32,819.91,2.01
TX,U625N EXPLORER [20-27],RENTAL,42,5,133,199.84,160.58,321.17,2.0
TX,U625N EXPLORER [20-27],14G371,04,168,8481,47.1,36.19,72.3,2.0
CA,D544N CONTINENTAL [17-20],19G490,42,8,153,487.89,288.74,578.3,2.0
MO,CX482N ESCAPE [20-26],14529,42,7,127,78.94,60.07,120.21,2.0
IL,U718N NAVIGATOR [25-27],RENTAL,82,5,89,102.77,51.39,102.77,2.0
GA,S550N MUSTANG [15-23],RENTAL,82,9,231,249.8,142.74,285.48,2.0
MD,CX482N ESCAPE [20-26],6731,82,8,143,53.53,44.8,89.82,2.0
OK,CX430N C-SUV [21-27],RENTAL,82,6,121,171.29,114.19,228.38,2.0
AL,P552N F-150 [15-20],RENTAL,82,12,696,285.48,192.7,385.4,2.0
AL,CD391N FUSION [13-20],RENTAL,82,5,227,249.8,160.58,321.17,2.0
IL,U625N EXPLORER [20-27],19980,39,89,2574,103.99,81.66,163.57,2.0
UT,P702N F150 [21-27],6714,82,12,315,72.74,48.55,96.92,2.0
MI,C520N ESCAPE [13-19],14G371,42,7,2766,178.82,168.52,336.45,2.0
PA,P702N F150 [21-27],4234,01,14,194,796.08,513.41,1027.06,2.0
IN,U611N AVIATOR [20-27],1A189,42,5,136,185.36,173.16,345.65,2.0
MI,CD391N FUSION [13-20],6375,01,16,244,1660.2,1022.94,2047.69,2.0
UT,P702N F150 [21-27],NPF,82,5,186,71.94,64.05,128.11,2.0
MI,P552N F-150 [15-20],12029,42,13,184,230.54,180.25,360.32,2.0
NC,P558N SUPER DUTY [17-22],7000,42,19,329,6008.91,4628.02,9258.74,2.0
CO,U625N EXPLORER [20-27],7P238,42,12,188,378.74,277.02,553.61,2.0
MO,U725N BRONCO [21-26],NPF,82,6,193,94.14,56.74,113.48,2.0
CA,CX482N ESCAPE [20-26],14F642,42,63,1412,57.1,42.84,85.72,2.0
TX,U553N EXPEDITION [18-24],48H6,42,74,1810,282.95,188.25,375.79,2.0
FL,CX483N CORSAIR [20-26],NPF,82,5,120,80.95,51.74,103.72,2.0
TX,P552N F-150 [15-20],14G371,04,96,2744,49.39,36.19,72.3,2.0
NM,P702N F150 [21-27],14529,42,9,222,108.59,67.27,134.43,2.0
IL,CX430N C-SUV [21-27],1S177,D8,5,73,410.35,360.15,719.92,2.0
TX,U553N EXPEDITION [18-24],NPF,82,6,88,73.58,61.45,122.76,2.0
SC,CD539N EDGE [15-24],RENTAL,82,6,120,192.7,160.58,321.17,2.0
TX,U502N EXPLORER [11-19],6038,42,12,170,229.68,150.01,299.34,2.0
MS,CDX707A NAUTILUS [23-26],14H522,04,6,148,349.06,197.51,395.25,2.0
HI,P702N F150 [21-27],RENTAL,82,6,177,199.84,142.74,285.48,2.0
MI,P702N F150 [21-27],5A212,42,40,868,810.47,541.85,1084.95,2.0
TX,U554N NAVIGATOR [18-24],16500A66,33,5,67,61.0,45.08,90.23,2.0
MN,V363N TRANSIT [14-27],9D370,42,13,184,55.08,39.92,79.81,2.0
OH,U554N NAVIGATOR [18-24],16A507,42,6,92,819.26,700.22,1403.06,2.0
OH,P708 F250 - 600 [23-27],65,42,19,401,268.46,245.02,491.24,2.0
CA,V363N TRANSIT [14-27],6A664,42,11,158,165.75,92.33,184.84,2.0
IN,CDX707A NAUTILUS [23-26],RENTAL,82,5,162,128.47,64.23,128.47,2.0
TX,U725N BRONCO [21-26],3254,D8,28,481,327.62,260.22,519.63,2.0
CA,CD539N EDGE [15-24],9D289,42,47,895,377.76,292.3,584.56,2.0
AZ,C520N ESCAPE [13-19],96R,42,12,262,82.93,74.25,148.51,2.0
WI,P558N SUPER DUTY [17-22],3254,D8,9,115,358.21,233.62,467.71,2.0
NV,U625N EXPLORER [20-27],RENTAL,82,6,612,224.82,160.58,321.17,2.0
IN,P702N F150 [21-27],4676,D8,17,318,188.37,130.2,259.92,2.0
IL,C346N FOCUS [12-18],9D289,42,61,1621,134.18,90.02,180.06,2.0
TX,P552N F-150 [15-20],13832,42,25,419,167.87,128.37,256.59,2.0
MT,P552N F-150 [15-20],9C888,42,9,236,524.68,396.59,791.56,2.0
OK,U625N EXPLORER [20-27],18124,42,15,298,421.34,261.31,521.7,2.0
OH,CX482N ESCAPE [20-26],78235A62,61,12,469,310.38,202.25,404.28,2.0
TX,P558N SUPER DUTY [17-22],9H307,63,5,82,612.57,399.98,800.42,2.0
FL,P558N SUPER DUTY [17-22],6500,42,5,80,7151.42,4919.16,9823.0,2.0
AZ,CD539N EDGE [15-24],RENTAL,82,14,596,214.11,142.74,285.48,2.0
TX,CX430N C-SUV [21-27],14G371,04,157,7587,47.1,36.19,72.3,2.0
TX,U554N NAVIGATOR [18-24],54432A38,42,8,163,93.64,77.99,156.36,2.0
TX,CD533N MKZ [13-20],DELIVERY,82,16,767,49.96,39.25,78.51,2.0
MA,U611N AVIATOR [20-27],14G371,04,7,625,81.93,52.57,105.14,2.0
UT,U553N EXPEDITION [18-24],RENTAL,82,8,365,285.48,160.58,321.17,2.0
AZ,U553N EXPEDITION [18-24],94RH7,42,8,247,232.17,135.4,270.21,2.0
VA,P702N F150 [21-27],NPF,42,8,220,89.21,68.54,136.79,2.0
OR,P758N C-PICKUP [22-27],RENTAL,82,6,142,171.29,128.47,256.93,2.0
DE,U540N MKX [16-23],DELIVERY,82,5,262,39.25,35.68,71.37,2.0
CA,CX727N MACH-E [21-26],PATSKEY,42,87,2524,280.33,162.67,325.88,2.0
VA,P558N SUPER DUTY [17-22],3E651,42,65,2449,99.75,68.49,136.8,2.0
CA,P702N F150 [21-27],48H6,42,123,5201,318.85,198.55,396.46,2.0
AZ,P552N F-150 [15-20],6M280,42,19,460,441.55,296.05,591.2,2.0
MA,CDX707A NAUTILUS [23-26],RENTAL,82,7,330,96.35,64.23,128.47,2.0
FL,S650N MUSTANG [24-26],NPF,42,5,109,122.21,96.77,193.3,2.0
TX,P375N RANGER [19-23],14G371,04,49,761,48.16,36.19,72.3,2.0
MO,U625N EXPLORER [20-27],NPF,82,13,360,80.14,58.32,116.89,2.0
GA,S650N MUSTANG [24-26],RENTAL,82,7,114,224.82,142.74,285.48,2.0
TX,P702N F150 [21-27],48H6,42,188,13342,280.86,192.88,384.11,1.99
PA,P702N F150 [21-27],DIAG,82,9,134,65.15,44.03,87.64,1.99
PA,P552N F-150 [15-20],1651070,01,9,143,348.04,251.15,500.37,1.99
AZ,P708 F250 - 600 [23-27],65,28,6,264,292.82,256.24,508.73,1.99
MN,P702N F150 [21-27],4234,01,22,412,835.64,555.34,1106.42,1.99
OH,B515A ECOSPORT INDIA [13-22],8592,42,27,430,337.93,253.72,504.56,1.99
FL,CD533N MKZ [13-20],6009,D8,14,221,4872.07,3445.04,6861.1,1.99
NC,U611N AVIATOR [20-27],9B325,42,8,224,221.56,165.04,329.0,1.99
VA,P702N F150 [21-27],RECAL,04,27,637,110.45,66.78,132.72,1.99
WV,U625N EXPLORER [20-27],19G490,42,10,116,168.3,142.0,282.92,1.99
NY,P702N F150 [21-27],11A213,42,8,110,720.19,534.35,1064.5,1.99
OK,P558N SUPER DUTY [17-22],RECALEM,04,16,273,67.02,51.7,102.95,1.99
WA,P702N F150 [21-27],4676,D8,18,337,250.01,141.28,280.54,1.99
MA,P558N SUPER DUTY [17-22],1A189,42,15,196,150.54,109.49,218.27,1.99
AZ,P558N SUPER DUTY [17-22],NPF,42,6,98,51.74,47.73,94.78,1.99
FL,U625N EXPLORER [20-27],3A427,D1,9,244,330.05,244.11,486.91,1.99
SC,P702N F150 [21-27],1523200,82,22,411,46.53,36.6,72.8,1.99
NJ,U540N MKX [16-23],7902,42,5,71,2505.85,2016.95,4005.06,1.99
TX,CX482N ESCAPE [20-26],6731,82,16,300,55.93,42.09,83.9,1.99
KS,U502N EXPLORER [11-19],78551A46,33,17,529,48.84,35.94,71.36,1.99
IA,U625N EXPLORER [20-27],19G490,42,7,89,207.44,161.79,322.43,1.99
MN,P552N F-150 [15-20],6584,D8,8,107,481.77,333.88,662.91,1.99
MN,CX482N ESCAPE [20-26],18125,42,8,300,356.41,290.65,579.41,1.99
WA,P702N F150 [21-27],DIAG,82,9,170,100.05,72.42,144.37,1.99
MA,U554N NAVIGATOR [18-24],DELIVERY,82,7,1482,103.49,71.37,142.03,1.99
OK,P702N F150 [21-27],14529,42,18,404,118.75,77.92,154.79,1.99
FL,S550N MUSTANG [15-23],14G371,04,27,372,56.81,48.36,96.41,1.99
PA,V363N TRANSIT [14-27],NPF,82,8,97,64.98,58.38,115.98,1.99
IL,P702N F150 [21-27],10C679,42,44,742,73.87,59.67,118.49,1.99
VT,P552N F-150 [15-20],3C247,42,10,251,343.98,224.87,447.82,1.99
OH,CD391N FUSION [13-20],6731,82,9,308,53.42,44.21,87.91,1.99
NV,U502N EXPLORER [11-19],5G232,42,5,105,758.71,723.56,1439.56,1.99
MO,CX430N C-SUV [21-27],NPF,82,5,97,81.18,58.32,116.09,1.99
ND,P702N F150 [21-27],4676,D8,12,596,206.05,158.66,315.16,1.99
WA,P702N F150 [21-27],3C247,42,12,194,548.04,373.64,743.37,1.99
WA,P473N SUPER DUTY [11-16],6731,82,6,75,69.61,50.46,100.27,1.99
PA,P702N F150 [21-27],17526,*,7,198,57.67,47.04,93.54,1.99
NE,U625N EXPLORER [20-27],1A189,42,7,119,175.41,120.85,240.21,1.99
SC,U625N EXPLORER [20-27],14G371,04,28,1159,49.39,36.6,72.8,1.99
TX,P758N C-PICKUP [22-27],7861203,28,5,58,115.31,104.33,207.32,1.99
MD,U725N BRONCO [21-26],4A376,01,5,62,449.67,248.02,492.45,1.99
MI,U553N EXPEDITION [18-24],16A507,41,7,121,891.29,744.78,1481.54,1.99
NY,P708 F250 - 600 [23-27],1621597,41,40,772,113.91,74.41,148.09,1.99
AL,P558N SUPER DUTY [17-22],6F073,42,7,95,214.46,154.84,307.69,1.99
CA,P552N F-150 [15-20],6020,D8,42,1057,1717.75,1150.06,2294.17,1.99
FL,P552N F-150 [15-20],78218A43,42,19,243,187.82,125.74,250.6,1.99
KS,P558N SUPER DUTY [17-22],17D696,42,6,97,159.93,127.79,254.84,1.99
FL,C520N ESCAPE [13-19],6009,D8,82,2983,4311.38,3322.06,6619.14,1.99
WA,U625N EXPLORER [20-27],14529,42,5,63,116.69,71.46,142.22,1.99
GA,U625N EXPLORER [20-27],7862187,01,6,100,69.79,48.7,97.03,1.99
IA,C346N FOCUS [12-18],9D289,42,14,367,101.87,80.39,160.19,1.99
CA,P558N SUPER DUTY [17-22],9D475,42,15,253,692.63,586.5,1166.76,1.99
NM,P702N F150 [21-27],10C679,42,6,250,52.83,50.29,100.25,1.99
WA,P552N F-150 [15-20],5E212,42,15,204,1298.24,1019.55,2030.14,1.99
IL,P552N F-150 [15-20],1104,42,37,691,514.22,366.53,728.61,1.99
UT,P552N F-150 [15-20],7000,42,14,330,4395.57,3759.3,7450.63,1.98
FL,P558N SUPER DUTY [17-22],17683,42,34,634,1429.43,1108.2,2191.09,1.98
MI,P552N F-150 [15-20],11002,42,17,212,349.33,293.24,580.52,1.98
FL,CD391N FUSION [13-20],6009,D8,47,792,4485.77,3296.09,6511.21,1.98
FL,V363N TRANSIT [14-27],NPF,42,5,94,118.47,81.54,161.08,1.98
KY,U625N EXPLORER [20-27],1A189,42,8,131,166.32,105.06,207.52,1.98
CA,U554N NAVIGATOR [18-24],3F840,42,8,134,402.01,257.33,509.52,1.98
MN,CX430N C-SUV [21-27],6731,82,5,56,72.63,43.47,86.12,1.98
MN,U625N EXPLORER [20-27],9B325,42,8,123,254.61,172.74,342.33,1.98
MO,U554N NAVIGATOR [18-24],19G490,42,5,83,223.7,170.68,338.24,1.98
MI,P558N SUPER DUTY [17-22],3E651,42,95,2781,99.41,79.28,156.79,1.98
CT,U625N EXPLORER [20-27],NPF,82,7,300,94.23,60.01,118.71,1.98
OH,U625N EXPLORER [20-27],7B215,D8,16,303,278.21,191.16,379.08,1.98
NY,V408E TRANSIT CONNECT [13-24],9D289,42,9,309,263.34,200.62,396.34,1.98
AL,P702N F150 [21-27],19E525,16,7,150,57.87,39.17,77.59,1.98
WI,P552N F-150 [15-20],6020,D8,6,74,1635.51,1048.97,2078.74,1.98
CA,CX430N C-SUV [21-27],7861203,42,18,224,189.34,137.59,272.57,1.98
CO,P558N SUPER DUTY [17-22],9H307,42,16,279,619.41,417.64,827.4,1.98
MI,U611N AVIATOR [20-27],1A189,42,15,478,197.79,141.8,280.83,1.98
FL,U540N MKX [16-23],3B437,42,8,153,571.6,475.77,941.78,1.98
AZ,P702N F150 [21-27],3F791,42,8,180,300.11,179.42,355.14,1.98
WI,CX430N C-SUV [21-27],14G371,04,59,1541,52.72,36.29,71.83,1.98
FL,CX430N C-SUV [21-27],NPF,42,9,309,115.36,81.41,161.08,1.98
GA,P702N F150 [21-27],4234,01,16,274,689.03,497.63,985.23,1.98
TX,U540N MKX [16-23],14G371,42,13,370,261.16,173.04,342.08,1.98
IA,P702N F150 [21-27],RECALEM,04,7,94,63.33,48.44,95.91,1.98
CA,U502N EXPLORER [11-19],9H307,42,5,96,952.16,705.69,1398.0,1.98
SC,P552N F-150 [15-20],5E212,42,22,606,1206.25,951.13,1886.55,1.98
OH,P702N F150 [21-27],DIAG,42,7,120,79.63,50.32,99.8,1.98
FL,P552N F-150 [15-20],1651070,01,17,317,486.58,319.89,633.29,1.98
NJ,P552N F-150 [15-20],6256,42,56,2858,1478.29,1220.38,2420.87,1.98
FL,CX483N CORSAIR [20-26],54519A02,42,18,373,901.15,566.29,1120.77,1.98
FL,CD539N EDGE [15-24],3B437,42,9,135,547.73,411.83,815.67,1.98
NJ,U625N EXPLORER [20-27],9B325,42,36,810,211.46,168.1,332.11,1.98
WI,U625N EXPLORER [20-27],14G371,04,70,2192,54.53,36.28,71.83,1.98
CO,CX482N ESCAPE [20-26],99RT4,42,13,249,277.25,235.72,467.05,1.98
MI,P552N F-150 [15-20],78218A43,42,22,379,148.44,109.99,218.01,1.98
VT,U625N EXPLORER [20-27],14529,91,5,81,40.24,36.94,73.06,1.98
VA,P702N F150 [21-27],NPF,82,8,368,70.08,60.49,119.9,1.98
CA,P558N SUPER DUTY [17-22],2V200,30,9,151,196.06,151.43,299.65,1.98
CA,CX430N C-SUV [21-27],9D289,42,60,1081,328.37,231.5,458.07,1.98
IN,U502N EXPLORER [11-19],78551A46,33,38,934,48.47,36.11,71.61,1.98
IL,P702N F150 [21-27],3C247,42,19,287,677.33,426.06,842.77,1.98
NE,P702N F150 [21-27],17508,*,12,568,113.76,83.89,166.36,1.98
VA,U625N EXPLORER [20-27],6731,82,13,188,64.95,45.08,89.18,1.98
AZ,P558N SUPER DUTY [17-22],65,B5,9,671,224.28,176.97,351.05,1.98
AZ,CD391N FUSION [13-20],7S004,39,13,289,74.49,46.9,93.0,1.98
TX,P558N SUPER DUTY [17-22],6006,42,21,300,8391.0,5735.84,11337.7,1.98
CA,CX727N MACH-E [21-26],14A411,28,113,7047,323.01,237.01,469.41,1.98
TX,P552N F-150 [15-20],1104,30,16,310,465.97,323.79,640.81,1.98
CA,C346N FOCUS [12-18],9D289,D8,5,77,179.85,153.99,304.84,1.98
WI,U625N EXPLORER [20-27],14529,42,7,116,93.69,63.15,125.08,1.98
MA,U502N EXPLORER [11-19],8501,D8,11,231,1317.05,803.9,1595.67,1.98
NJ,P558N SUPER DUTY [17-22],65,42,23,477,168.18,144.07,285.49,1.98
AR,U625N EXPLORER [20-27],18124,42,10,184,363.83,284.95,563.03,1.98
ID,P558N SUPER DUTY [17-22],14G371,04,6,159,46.01,42.82,84.93,1.98
MI,P552N F-150 [15-20],6714,82,16,233,56.87,50.63,100.17,1.98
AL,U611N AVIATOR [20-27],9B325,42,6,109,197.19,161.86,320.49,1.98
PA,P558N SUPER DUTY [17-22],9C888,42,26,401,456.65,310.39,615.28,1.98
CA,CD539N EDGE [15-24],1A189,42,18,269,136.37,120.75,238.72,1.98
CA,U625N EXPLORER [20-27],7813562,42,15,261,189.2,142.63,283.0,1.98
PA,CX430N C-SUV [21-27],8A507,*,18,573,103.19,86.35,170.97,1.98
TN,P558N SUPER DUTY [17-22],3E651,42,58,1928,96.35,71.58,141.16,1.97
OH,P702N F150 [21-27],14G647,42,17,251,800.94,575.38,1132.38,1.97
CA,P758N C-PICKUP [22-27],3B436,42,96,2868,696.58,501.84,989.53,1.97
CA,S550N MUSTANG [15-23],5E212,42,5,115,680.78,651.33,1282.33,1.97
MI,C520N ESCAPE [13-19],9D289,42,43,1262,292.3,234.08,460.71,1.97
MI,P702N F150 [21-27],4676,42,11,157,194.03,153.53,302.44,1.97
MN,P552N F-150 [15-20],4209,42,6,136,1722.47,1245.83,2453.48,1.97
NY,U502N EXPLORER [11-19],65,42,8,141,62.72,56.71,111.47,1.97
MI,CD539N EDGE [15-24],RECAL,04,23,363,91.0,75.12,147.74,1.97
FL,C520N ESCAPE [13-19],9D289,42,31,567,316.2,225.93,444.03,1.97
WA,P708 F250 - 600 [23-27],DIAG,42,6,130,108.47,80.29,158.27,1.97
GA,P758N C-PICKUP [22-27],RENTAL,82,13,367,192.7,114.19,224.82,1.97
OK,U625N EXPLORER [20-27],7862187,42,5,58,77.09,63.74,125.35,1.97
UT,P702N F150 [21-27],15K859,42,7,135,227.32,163.52,321.49,1.97
OH,CX430N C-SUV [21-27],14G371,04,85,3216,43.14,36.62,72.3,1.97
IN,P552N F-150 [15-20],7H351,42,21,592,2381.06,1696.41,3334.66,1.97
IA,P702N F150 [21-27],4676,D8,29,665,190.78,129.12,254.82,1.97
OH,P702N F150 [21-27],6731,82,19,417,57.06,48.01,94.6,1.97
CA,P552N F-150 [15-20],2200,42,6,136,201.88,169.62,334.49,1.97
MD,P552N F-150 [15-20],5E212,42,26,563,1141.46,949.48,1870.59,1.97
CA,P702N F150 [21-27],9601,82,9,131,45.72,37.21,73.45,1.97
CT,CD391N FUSION [13-20],7S004,39,8,119,82.12,48.96,96.31,1.97
NJ,P558N SUPER DUTY [17-22],6006,42,11,330,8551.55,6280.41,12402.51,1.97
FL,CX483N CORSAIR [20-26],5450036,33,11,229,158.83,113.6,223.47,1.97
MD,P702N F150 [21-27],14529,42,20,330,114.52,73.24,144.29,1.97
TN,V363N TRANSIT [14-27],7000,42,6,85,5089.41,3860.27,7602.7,1.97
ME,P558N SUPER DUTY [17-22],RECALEM,04,6,83,53.09,50.74,99.92,1.97
FL,U540N MKX [16-23],14B351,42,7,131,618.24,411.06,809.21,1.97
ID,CX482N ESCAPE [20-26],7820125,61,18,1499,302.14,216.7,427.17,1.97
IL,U625N EXPLORER [20-27],14B291,04,16,288,72.5,43.31,85.32,1.97
CA,U625N EXPLORER [20-27],18124,30,5,75,334.88,288.12,566.79,1.97
VT,CX482N ESCAPE [20-26],14529,91,5,115,44.09,36.45,71.87,1.97
FL,U540N MKX [16-23],9F464,01,15,280,655.44,439.25,867.1,1.97
OH,U625N EXPLORER [20-27],14G371,04,85,3477,43.36,36.62,72.3,1.97
OK,P558N SUPER DUTY [17-22],5L248,42,13,197,270.56,169.16,332.83,1.97
TX,CX483N CORSAIR [20-26],14B350,42,5,71,251.39,189.69,374.19,1.97
WI,P702N F150 [21-27],1523200,82,36,787,53.22,35.83,70.51,1.97
NJ,P702N F150 [21-27],7210,42,34,651,413.36,358.96,707.06,1.97
FL,P558N SUPER DUTY [17-22],6F073,01,32,674,196.62,143.04,282.44,1.97
WI,CX482N ESCAPE [20-26],6731,82,7,119,60.64,46.33,91.1,1.97
MI,P702N F150 [21-27],8327936,42,5,62,138.61,100.37,197.52,1.97
OR,P708 F250 - 600 [23-27],12A647,42,15,321,96.96,71.26,140.58,1.97
AL,P702N F150 [21-27],4676,D8,10,202,221.18,163.94,322.81,1.97
IL,CD539N EDGE [15-24],1A189,42,9,152,142.94,130.43,257.33,1.97
NH,P552N F-150 [15-20],9C888,42,11,168,534.14,318.72,626.66,1.97
TX,P702N F150 [21-27],94RH7,42,103,3885,293.42,199.31,390.92,1.96
FL,P702N F150 [21-27],9C888,42,34,680,416.14,295.69,580.32,1.96
IL,U625N EXPLORER [20-27],2C219,04,24,420,70.75,43.61,85.64,1.96
MO,U625N EXPLORER [20-27],19980,39,53,1500,89.5,66.6,130.71,1.96
NJ,P558N SUPER DUTY [17-22],9H307,42,11,156,740.56,485.19,948.97,1.96
MA,CX482N ESCAPE [20-26],7P238,42,9,133,327.77,247.68,485.73,1.96
SC,P702N F150 [21-27],1621597,41,17,396,134.55,92.75,181.54,1.96
IL,U625N EXPLORER [20-27],7P155,42,66,1641,52.83,36.01,70.46,1.96
GA,P558N SUPER DUTY [17-22],14A068,42,16,285,313.38,204.89,400.66,1.96
IL,CX482N ESCAPE [20-26],19703,42,12,159,248.99,168.01,328.84,1.96
ID,P702N F150 [21-27],NPF,82,8,244,74.94,62.06,121.38,1.96
OH,U625N EXPLORER [20-27],19980,39,98,3110,86.61,72.19,141.13,1.96
OH,C520N ESCAPE [13-19],TCARE,82,8,256,183.95,110.3,216.18,1.96
GA,U611N AVIATOR [20-27],1A189,42,6,190,183.75,138.04,271.23,1.96
NC,P552N F-150 [15-20],1A189,42,5,83,140.54,117.96,231.37,1.96
MD,P708 F250 - 600 [23-27],12A647,42,5,63,99.25,63.39,124.36,1.96
CO,P552N F-150 [15-20],6714,82,12,387,67.42,43.96,85.96,1.96
IA,P702N F150 [21-27],10D672,42,14,255,60.56,49.3,96.56,1.96
SC,P558N SUPER DUTY [17-22],3E651,42,37,1151,105.33,72.53,142.31,1.96
TN,P702N F150 [21-27],6731,82,19,319,57.55,47.1,92.23,1.96
PA,CX482N ESCAPE [20-26],18125,D1,12,244,286.32,193.37,378.62,1.96
CA,P552N F-150 [15-20],1104,30,5,70,511.66,475.24,930.53,1.96
CA,CX727N MACH-E [21-26],H3,42,74,2415,374.16,238.34,468.01,1.96
IA,CX430N C-SUV [21-27],8501,D8,22,584,540.96,385.95,755.67,1.96
CA,P473N SUPER DUTY [11-16],9601,82,6,130,57.52,40.67,79.51,1.96
NH,CX430N C-SUV [21-27],8501,D8,16,592,598.49,383.27,751.11,1.96
MI,U502N EXPLORER [11-19],16612,1Q,31,689,1239.06,859.49,1684.69,1.96
UT,P702N F150 [21-27],4234,01,15,323,588.75,450.99,885.0,1.96
WA,U625N EXPLORER [20-27],DIAG,42,5,61,116.05,73.88,144.88,1.96
GA,P558N SUPER DUTY [17-22],6F073,42,15,214,186.16,135.82,266.72,1.96
NJ,P558N SUPER DUTY [17-22],7H351,42,11,232,3367.02,2308.23,4527.62,1.96
MN,U553N EXPEDITION [18-24],4676,D8,9,131,253.58,195.73,383.66,1.96
OH,CX482N ESCAPE [20-26],9D289,41,5,75,246.48,215.03,421.95,1.96
AL,U625N EXPLORER [20-27],19980,39,37,1364,88.71,68.44,134.26,1.96
TX,P708 F250 - 600 [23-27],19703,63,5,122,1094.07,809.5,1589.85,1.96
NJ,U625N EXPLORER [20-27],7862187,42,11,227,82.92,66.89,130.95,1.96
PA,U502N EXPLORER [11-19],7902,42,12,146,3024.07,1930.29,3791.85,1.96
MI,CX482N ESCAPE [20-26],78235A62,61,6,181,275.75,212.47,416.87,1.96
CO,P558N SUPER DUTY [17-22],3E651,42,34,2282,114.54,80.36,157.83,1.96
PA,U625N EXPLORER [20-27],7P155,42,36,718,39.0,35.72,70.01,1.96
CA,U625N EXPLORER [20-27],19H405,42,7,91,644.48,517.65,1016.31,1.96
ID,P708 F250 - 600 [23-27],RECALEM,04,10,223,64.8,45.96,89.93,1.96
NJ,C346N FOCUS [12-18],7B546,42,10,152,1328.04,979.43,1918.85,1.96
CA,CX430N C-SUV [21-27],18125,42,28,938,294.67,223.56,436.39,1.95
TX,U625N EXPLORER [20-27],9B325,42,47,945,208.51,150.89,294.29,1.95
OH,P558N SUPER DUTY [17-22],65,42,35,624,194.41,137.15,267.25,1.95
AZ,P558N SUPER DUTY [17-22],65,28,7,952,234.61,187.75,365.46,1.95
OH,CDX707A NAUTILUS [23-26],NPF,82,5,149,70.44,47.63,92.99,1.95
TX,D544N CONTINENTAL [17-20],19G490,42,12,299,383.41,223.76,435.3,1.95
MD,P702N F150 [21-27],10C679,42,28,933,55.55,50.35,97.96,1.95
MI,P702N F150 [21-27],14B291,04,96,7269,46.9,36.38,71.11,1.95
FL,P702N F150 [21-27],1A189,42,22,328,137.59,111.0,216.32,1.95
OH,CD539N EDGE [15-24],9D289,42,31,628,303.05,264.73,515.58,1.95
AL,P702N F150 [21-27],4234,01,6,103,591.77,479.04,936.06,1.95
NC,V408E TRANSIT CONNECT [13-24],6731,82,5,115,62.73,43.44,84.89,1.95
MN,U222N EXPEDITION [02-17],19805,*,16,399,350.95,241.64,471.39,1.95
OK,P552N F-150 [15-20],6714,82,17,592,59.95,48.75,95.02,1.95
TN,P702N F150 [21-27],1654022,D4,8,119,437.19,332.34,647.39,1.95
NV,P702N F150 [21-27],18808,42,5,121,128.02,101.42,198.19,1.95
FL,P758N C-PICKUP [22-27],H4,42,39,638,429.11,257.61,502.34,1.95
TX,P552N F-150 [15-20],9F472,42,24,470,246.33,182.11,355.14,1.95
OK,P702N F150 [21-27],48H6,42,37,1103,279.61,191.86,373.49,1.95
SC,U502N EXPLORER [11-19],78551A46,33,20,516,57.57,41.32,80.59,1.95
TX,P708 F250 - 600 [23-27],13466,46,5,84,44.6,40.92,79.7,1.95
CA,P558N SUPER DUTY [17-22],12A342,42,14,191,260.11,185.73,362.51,1.95
MA,U502N EXPLORER [11-19],1A189,42,5,73,184.06,123.59,240.6,1.95
MD,U625N EXPLORER [20-27],NPF,42,7,220,92.43,60.44,118.02,1.95
FL,P702N F150 [21-27],2005,42,30,448,1552.3,1151.38,2247.5,1.95
CA,P558N SUPER DUTY [17-22],2001,42,9,233,202.26,185.78,362.33,1.95
TX,P758N C-PICKUP [22-27],3B436,42,38,678,642.94,410.66,802.78,1.95
TX,P552N F-150 [15-20],7H351,30,8,374,2961.49,2130.26,4153.43,1.95
NY,P552N F-150 [15-20],16700,42,6,81,113.15,101.69,198.64,1.95
NJ,P702N F150 [21-27],10C679,42,46,1163,59.25,51.51,100.23,1.95
CA,U502N EXPLORER [11-19],1A189,42,24,420,133.23,112.83,219.88,1.95
NE,P552N F-150 [15-20],6M280,42,6,116,332.18,225.63,440.83,1.95
MT,P702N F150 [21-27],NPF,82,5,288,101.07,69.04,134.61,1.95
NC,P702N F150 [21-27],7210,42,55,1795,408.32,299.75,585.94,1.95
IA,U502N EXPLORER [11-19],14B686,X4,24,563,157.53,119.42,233.09,1.95
GA,CD391N FUSION [13-20],54264A26,*,6,86,307.22,252.61,492.46,1.95
PA,U625N EXPLORER [20-27],7862187,42,8,109,81.1,48.0,93.44,1.95
NE,P702N F150 [21-27],14529,42,9,195,121.47,69.79,136.24,1.95
MI,CD391N FUSION [13-20],9D289,41,5,109,332.26,263.33,513.66,1.95
NH,U625N EXPLORER [20-27],3A427,42,9,188,237.48,218.11,425.15,1.95
NC,ECONOLINE [97-27],00817,30,8,256,106.73,70.76,138.04,1.95
CA,U625N EXPLORER [20-27],9D683,42,10,218,702.96,549.83,1069.68,1.95
MI,P708 F250 - 600 [23-27],14B291,04,75,2141,45.68,36.38,71.11,1.95
TX,P558N SUPER DUTY [17-22],4676,D8,28,454,227.11,162.65,316.91,1.95
GA,U611N AVIATOR [20-27],78519A70,42,6,144,497.74,325.33,634.44,1.95
MA,P702N F150 [21-27],10B689,04,10,130,69.17,59.89,116.7,1.95
FL,U625N EXPLORER [20-27],13008,42,9,117,1597.02,1364.29,2655.31,1.95
OR,U502N EXPLORER [11-19],14B686,X4,11,220,197.94,160.11,311.95,1.95
NE,P702N F150 [21-27],12A650,04,6,111,46.8,41.11,80.35,1.95
NE,P375N RANGER [19-23],14G371,04,5,58,46.8,43.85,85.21,1.94
LA,P558N SUPER DUTY [17-22],6F073,42,11,273,179.12,142.18,276.06,1.94
SC,CX430N C-SUV [21-27],8501,D8,23,610,639.32,480.06,933.37,1.94
CA,U625N EXPLORER [20-27],5G203,42,13,187,509.81,395.72,766.05,1.94
CA,P558N SUPER DUTY [17-22],2005,82,5,68,846.63,488.53,949.36,1.94
WI,P552N F-150 [15-20],3N134,D8,16,209,259.55,158.51,306.87,1.94
IN,U625N EXPLORER [20-27],4A015,D8,7,193,655.42,372.74,724.38,1.94
CA,V363N TRANSIT [14-27],9D370,42,77,1357,58.3,43.59,84.77,1.94
TN,U502N EXPLORER [11-19],W709002,*,8,302,41.93,37.9,73.55,1.94
AZ,U625N EXPLORER [20-27],7862187,42,6,123,110.09,75.07,145.99,1.94
CA,CD539N EDGE [15-24],7K340,*,5,148,57.64,40.49,78.6,1.94
MS,P702N F150 [21-27],NPF,82,5,113,101.35,59.65,116.0,1.94
VA,CDX707A NAUTILUS [23-26],14H522,04,9,507,350.97,216.91,421.75,1.94
NY,CD391N FUSION [13-20],9D289,42,11,150,320.05,249.3,482.6,1.94
AL,P552N F-150 [15-20],7H351,42,17,705,2646.95,1993.31,3876.5,1.94
TX,U611N AVIATOR [20-27],5823209,42,8,156,196.5,186.31,362.33,1.94
WI,U611N AVIATOR [20-27],1A189,42,6,191,195.69,123.38,239.71,1.94
ME,P558N SUPER DUTY [17-22],4L616,D8,8,122,192.77,164.25,318.84,1.94
TX,CX483N CORSAIR [20-26],14F642,42,11,289,47.15,43.2,83.93,1.94
PA,U502N EXPLORER [11-19],W709002,*,29,1032,44.56,36.31,70.31,1.94
MD,U625N EXPLORER [20-27],3A428,D8,15,418,273.92,224.72,436.68,1.94
AL,P702N F150 [21-27],DIAG,42,5,111,67.54,60.8,117.8,1.94
NV,CX727N MACH-E [21-26],H3,42,6,297,353.42,188.4,364.84,1.94
GA,U222N EXPEDITION [02-17],19805,*,14,368,289.73,218.21,422.69,1.94
MA,P558N SUPER DUTY [17-22],4676,D8,8,117,239.82,173.03,334.85,1.94
AZ,U554N NAVIGATOR [18-24],19G490,42,5,513,208.77,199.37,386.69,1.94
CA,C520N ESCAPE [13-19],6009,D8,107,3137,4602.74,3405.48,6601.57,1.94
FL,P558N SUPER DUTY [17-22],78218A43,42,23,324,199.17,152.6,295.86,1.94
PA,D544N CONTINENTAL [17-20],RENTAL,82,7,211,71.37,64.23,124.9,1.94
CO,P552N F-150 [15-20],6M280,42,20,527,442.49,336.25,653.81,1.94
NE,CD539N EDGE [15-24],7902,42,5,69,2104.75,1816.37,3522.21,1.94
TX,P558N SUPER DUTY [17-22],13466,42,7,80,78.97,49.3,95.7,1.94
OR,U625N EXPLORER [20-27],19G490,42,6,92,206.34,151.61,293.49,1.94
PA,P702N F150 [21-27],4676,D8,58,1073,208.64,146.34,284.3,1.94
MN,P702N F150 [21-27],7210,42,25,521,470.69,327.95,637.49,1.94
MO,U625N EXPLORER [20-27],6731,82,8,172,63.88,56.35,109.23,1.94
FL,V363N TRANSIT [14-27],1A189,42,23,400,153.71,121.16,235.64,1.94
IL,P702N F150 [21-27],9C888,42,22,505,486.53,315.18,610.4,1.94
TX,P552N F-150 [15-20],6582,D8,9,124,482.88,305.49,592.7,1.94
CA,U553N EXPEDITION [18-24],8501,42,6,99,455.45,395.57,767.38,1.94
AZ,CX482N ESCAPE [20-26],7861203,28,9,182,118.52,105.0,204.08,1.94
CA,CX727N MACH-E [21-26],18C612,04,111,6821,51.96,37.73,73.2,1.94
PA,P552N F-150 [15-20],5E212,42,63,1216,1228.3,951.35,1844.11,1.94
NJ,U502N EXPLORER [11-19],1A189,42,7,134,115.02,101.57,196.88,1.94
TX,P702N F150 [21-27],6714,42,7,172,76.02,61.95,119.87,1.94
MT,P558N SUPER DUTY [17-22],5J249,42,6,100,337.59,237.46,460.1,1.94
MI,ECONOLINE [97-27],00817,30,9,142,96.57,67.7,130.87,1.93
MN,CX430N C-SUV [21-27],14G371,04,37,1232,46.76,36.99,71.38,1.93
NY,U553N EXPEDITION [18-24],7A100,49,6,93,665.82,474.68,915.47,1.93
IL,CX430N C-SUV [21-27],14G371,04,76,2494,69.03,48.0,92.59,1.93
NE,P702N F150 [21-27],19703,42,5,65,46.8,44.14,85.21,1.93
IL,C520N ESCAPE [13-19],7902,42,8,197,3097.88,1908.8,3686.97,1.93
LA,P558N SUPER DUTY [17-22],7H351,42,6,85,3024.85,1942.74,3745.75,1.93
GA,CDX707A NAUTILUS [23-26],14H522,04,10,765,341.25,226.16,436.84,1.93
CA,P552N F-150 [15-20],19N619,82,12,321,51.48,38.65,74.55,1.93
SC,P708 F250 - 600 [23-27],17032,16,8,192,45.27,37.26,71.94,1.93
WI,U625N EXPLORER [20-27],3D102,42,16,256,707.61,503.8,971.64,1.93
MI,U611N AVIATOR [20-27],78519A70,42,9,287,508.34,346.3,670.03,1.93
HI,P558N SUPER DUTY [17-22],65,42,6,177,250.86,214.44,414.94,1.93
NE,P552N F-150 [15-20],78218A42,69,5,121,248.51,176.24,340.21,1.93
OH,U625N EXPLORER [20-27],9B325,42,17,295,197.05,166.68,321.25,1.93
PA,ECONOLINE [97-27],6006,42,5,114,6887.1,4090.21,7877.93,1.93
MI,P708 F250 - 600 [23-27],1621597,41,31,551,123.73,84.32,162.54,1.93
VA,U611N AVIATOR [20-27],14G371,04,10,753,82.22,50.87,98.31,1.93
NC,S550N MUSTANG [15-23],SERVICE,82,14,461,35.68,35.68,68.88,1.93
CO,P558N SUPER DUTY [17-22],5J249,42,14,226,374.02,276.84,533.21,1.93
AZ,U625N EXPLORER [20-27],7P238,42,7,115,428.06,262.76,506.66,1.93
MT,CX482N ESCAPE [20-26],14529,91,10,228,53.95,38.32,73.84,1.93
FL,U553N EXPEDITION [18-24],7N135,42,5,101,100.57,66.2,127.87,1.93
AZ,U625N EXPLORER [20-27],7Z490,42,5,81,509.27,498.36,960.12,1.93
MI,U540N MKX [16-23],NPF,42,6,250,73.03,51.83,99.88,1.93
AZ,P702N F150 [21-27],NPF,82,10,302,88.24,64.34,124.18,1.93
VA,C346N FOCUS [12-18],7B546,42,24,502,1185.68,906.59,1746.04,1.93
GA,U625N EXPLORER [20-27],4B425,*,5,378,525.94,379.51,734.08,1.93
WA,P702N F150 [21-27],3F791,42,14,221,348.55,236.23,455.25,1.93
MO,CD391N FUSION [13-20],2078,01,5,64,205.16,122.26,235.57,1.93
FL,U554N NAVIGATOR [18-24],19860,42,15,577,1363.71,998.33,1924.81,1.93
GA,U502N EXPLORER [11-19],78551A46,33,42,1016,51.11,37.48,72.36,1.93
AR,U625N EXPLORER [20-27],1A189,42,6,82,118.5,108.48,209.78,1.93
TX,CX482N ESCAPE [20-26],48H6,42,49,895,308.61,210.08,406.05,1.93
FL,CX482N ESCAPE [20-26],5827008,42,13,166,371.2,219.24,424.02,1.93
PA,U625N EXPLORER [20-27],3A427,D1,7,138,384.17,229.58,443.03,1.93
PA,U611N AVIATOR [20-27],78519A70,42,9,217,473.8,295.56,569.66,1.93
MT,P558N SUPER DUTY [17-22],65,42,12,215,218.03,163.98,315.98,1.93
TX,P558N SUPER DUTY [17-22],1104,42,10,138,670.95,532.71,1027.34,1.93
TX,U553N EXPEDITION [18-24],7H351,30,5,263,3470.69,1960.85,3783.31,1.93
TX,CX430N C-SUV [21-27],48H6,42,103,4963,275.77,191.52,369.2,1.93
UT,P708 F250 - 600 [23-27],RENTAL,82,6,221,256.93,199.84,385.4,1.93
CA,U625N EXPLORER [20-27],5E213,01,6,89,974.34,829.98,1604.9,1.93
FL,U540N MKX [16-23],13A613,42,6,81,338.37,250.24,483.85,1.93
FL,S650N MUSTANG [24-26],TCARE,82,8,162,213.93,160.58,309.75,1.93
MI,U625N EXPLORER [20-27],5E212,42,9,142,1065.96,928.77,1789.36,1.93
WA,P552N F-150 [15-20],6731,82,9,136,69.74,48.6,93.62,1.93
NH,P552N F-150 [15-20],78218A42,69,10,155,221.46,153.95,297.27,1.93
AZ,U553N EXPEDITION [18-24],5E212,42,14,329,920.89,747.0,1444.91,1.93
NC,P702N F150 [21-27],10B689,04,9,189,82.65,51.36,98.96,1.93
TN,P702N F150 [21-27],3F791,42,5,73,339.27,188.43,363.04,1.93
CA,P375N RANGER [19-23],9J433,42,6,84,292.43,234.97,454.41,1.93
PA,CX727N MACH-E [21-26],10B689,04,51,1275,76.81,55.21,106.29,1.93
CA,U625N EXPLORER [20-27],2C219,04,32,762,57.37,42.12,81.35,1.93
FL,P473N SUPER DUTY [11-16],6731,82,9,149,91.21,54.36,104.65,1.93
OH,C489N MKC [15-19],9D289,42,7,122,280.61,246.83,477.17,1.93
FL,P558N SUPER DUTY [17-22],17682,42,24,368,1416.91,1146.65,2216.81,1.93
MA,CD539N EDGE [15-24],9D289,42,16,241,313.76,207.33,399.79,1.93
MN,P702N F150 [21-27],1523200,82,29,739,45.2,37.13,71.38,1.92
MA,P558N SUPER DUTY [17-22],RECALEM,04,19,341,65.37,49.25,94.81,1.92
MI,CX482N ESCAPE [20-26],6731,82,24,564,59.33,46.48,89.21,1.92
AZ,P375N RANGER [19-23],14G371,04,14,301,44.71,35.68,68.52,1.92
ID,P702N F150 [21-27],RECAL,04,12,324,100.92,71.36,137.03,1.92
NH,P558N SUPER DUTY [17-22],9H307,42,10,164,557.15,495.32,950.11,1.92
AZ,U625N EXPLORER [20-27],14G371,42,9,213,368.98,324.35,623.12,1.92
MN,P702N F150 [21-27],5A212,42,12,203,849.97,592.47,1138.41,1.92
NV,P552N F-150 [15-20],3C247,42,5,76,545.19,383.59,736.36,1.92
FL,P552N F-150 [15-20],8501,D1,16,317,465.1,349.97,671.41,1.92
CA,V363N TRANSIT [14-27],14G371,04,69,1377,61.15,44.53,85.72,1.92
SC,P552N F-150 [15-20],1A189,42,7,86,151.84,102.44,196.73,1.92
OK,U625N EXPLORER [20-27],19980,39,36,1096,93.35,68.62,131.87,1.92
CA,U625N EXPLORER [20-27],6K682,42,9,125,2116.81,1319.05,2528.57,1.92
NM,P552N F-150 [15-20],1104,42,6,142,441.59,433.04,831.68,1.92
CO,P558N SUPER DUTY [17-22],17D696,42,11,203,199.34,146.59,281.08,1.92
WI,P558N SUPER DUTY [17-22],3254,42,7,152,310.53,231.25,444.56,1.92
VT,P558N SUPER DUTY [17-22],3A131,33,5,139,297.64,264.2,507.22,1.92
WI,U625N EXPLORER [20-27],19980,39,70,1724,95.14,70.31,135.04,1.92
TN,CX483N CORSAIR [20-26],9D289,42,5,108,272.03,205.27,393.91,1.92
FL,P702N F150 [21-27],10849,42,17,234,845.47,644.64,1238.21,1.92
MD,U625N EXPLORER [20-27],14529,42,17,293,93.09,65.26,125.59,1.92
CO,CX430N C-SUV [21-27],48H6,42,11,199,323.13,280.38,538.88,1.92
CA,P558N SUPER DUTY [17-22],7H351,17,14,268,2295.49,1854.68,3561.55,1.92
CA,CX482N ESCAPE [20-26],99RT4,42,82,2154,270.01,177.78,341.58,1.92
TX,P702N F150 [21-27],19893,01,6,79,165.88,146.02,280.63,1.92
AZ,P708 F250 - 600 [23-27],14G371,04,5,85,144.42,121.69,233.64,1.92
MI,P702N F150 [21-27],W702554,*,8,258,81.32,74.85,143.53,1.92
ID,P702N F150 [21-27],14G647,42,6,178,696.86,513.86,985.98,1.92
AL,CX482N ESCAPE [20-26],6K682,42,8,112,1286.22,1104.62,2119.1,1.92
TX,P702N F150 [21-27],14D212,04,7,113,137.74,81.08,155.87,1.92
MI,U611N AVIATOR [20-27],19G490,42,10,438,272.68,191.48,367.83,1.92
IN,U625N EXPLORER [20-27],14G371,04,44,1445,42.91,36.48,69.9,1.92
IL,P558N SUPER DUTY [17-22],14B321,X9,94,5110,45.71,36.61,70.46,1.92
NC,U625N EXPLORER [20-27],3A427,D8,17,437,271.63,215.79,414.1,1.92
MI,CX430N C-SUV [21-27],5E212,01,24,386,1149.06,673.59,1293.93,1.92
CA,U502N EXPLORER [11-19],8501,42,41,1472,1550.51,1114.65,2145.42,1.92
IL,P702N F150 [21-27],14G647,42,11,144,854.17,703.84,1349.63,1.92
GA,P702N F150 [21-27],17526,*,6,227,53.71,45.46,87.34,1.92
AZ,P558N SUPER DUTY [17-22],6710,D8,7,80,1595.16,1033.46,1986.98,1.92
PA,CX430N C-SUV [21-27],2001,*,7,140,131.34,93.12,178.82,1.92
OK,P702N F150 [21-27],17508,*,10,350,121.74,90.01,172.92,1.92
FL,U554N NAVIGATOR [18-24],7H351,42,12,394,3337.06,2301.33,4428.85,1.92
TX,P702N F150 [21-27],19E525,16,38,621,51.76,37.22,71.5,1.92
MI,CX482N ESCAPE [20-26],18125,42,35,884,329.37,254.19,489.31,1.92
CA,S550N MUSTANG [15-23],63264A26,42,39,872,441.77,316.72,607.37,1.92
MI,CX483N CORSAIR [20-26],14529,42,7,114,91.96,53.24,102.47,1.92
AZ,P552N F-150 [15-20],9D290,42,5,61,241.44,168.05,321.89,1.92
MN,P702N F150 [21-27],14489,42,9,147,108.4,77.14,147.99,1.92
MI,U625N EXPLORER [20-27],19980,39,99,6384,89.41,67.85,130.13,1.92
MN,P552N F-150 [15-20],1651070,01,6,87,487.73,347.09,665.32,1.92
IN,CDX707A NAUTILUS [23-26],14H522,04,8,479,348.29,221.0,424.53,1.92
SC,P702N F150 [21-27],19G490,42,5,61,296.48,233.69,449.79,1.92
MD,V408E TRANSIT CONNECT [13-24],9D475,42,10,224,261.41,187.11,360.15,1.92
OR,P702N F150 [21-27],NPF,42,8,291,62.38,57.43,109.62,1.91
PA,U502N EXPLORER [11-19],78551A46,33,66,1423,51.14,36.86,70.5,1.91
TX,U625N EXPLORER [20-27],48H6,42,90,2707,282.14,200.8,384.11,1.91
AZ,P702N F150 [21-27],4234,01,14,274,794.55,509.25,973.17,1.91
AZ,P552N F-150 [15-20],19E616,42,7,134,463.6,364.73,698.01,1.91
MI,U502N EXPLORER [11-19],1104,42,16,231,449.83,348.79,664.63,1.91
PA,P702N F150 [21-27],10D672,42,50,959,62.82,45.83,87.74,1.91
GA,CX482N ESCAPE [20-26],SERVICE,82,7,142,35.68,35.68,68.27,1.91
MD,CX727N MACH-E [21-26],14D202,B4,6,97,598.05,528.6,1011.95,1.91
CO,P708 F250 - 600 [23-27],14B291,04,29,1504,56.43,39.74,75.79,1.91
CA,CX727N MACH-E [21-26],18D890,04,52,1083,64.66,46.25,88.18,1.91
KY,P552N F-150 [15-20],6M280,42,9,110,307.35,253.74,483.85,1.91
SC,P558N SUPER DUTY [17-22],5L248,42,6,88,271.0,231.8,443.7,1.91
NM,P558N SUPER DUTY [17-22],17D696,42,12,236,157.56,128.09,244.96,1.91
NE,P552N F-150 [15-20],3C247,42,8,112,474.92,311.72,596.13,1.91
WI,U625N EXPLORER [20-27],12A650,04,46,1037,44.84,36.09,68.94,1.91
MI,P758N C-PICKUP [22-27],14290,X4,23,332,611.4,396.41,756.42,1.91
IA,CD391N FUSION [13-20],6731,82,14,233,53.31,36.52,69.7,1.91
MT,P558N SUPER DUTY [17-22],3254,D8,11,450,459.97,342.43,652.97,1.91
TN,P702N F150 [21-27],10C679,42,21,398,58.91,41.99,80.18,1.91
VA,P558N SUPER DUTY [17-22],1A189,42,15,218,128.02,105.54,202.02,1.91
MO,P702N F150 [21-27],RECAL,04,29,555,111.33,67.02,127.82,1.91
NJ,CX482N ESCAPE [20-26],9D289,42,33,646,261.09,204.45,389.94,1.91
CA,U502N EXPLORER [11-19],19N619,82,6,294,45.17,36.1,68.85,1.91
MT,P702N F150 [21-27],14G647,04,6,155,147.95,102.65,195.89,1.91
IL,P708 F250 - 600 [23-27],17032,16,21,312,56.62,39.67,75.67,1.91
CA,CX482N ESCAPE [20-26],6731,82,24,343,74.9,58.68,112.34,1.91
MO,P702N F150 [21-27],6714,82,17,590,69.09,46.13,87.92,1.91
CA,U502N EXPLORER [11-19],7902,42,31,502,3557.01,2472.06,4723.33,1.91
IL,U611N AVIATOR [20-27],14G371,42,9,399,459.27,374.06,715.6,1.91
GA,P375N RANGER [19-23],6731,82,11,171,54.08,46.17,88.21,1.91
CO,U725N BRONCO [21-26],3254,D8,14,234,365.67,260.56,498.35,1.91
PA,P702N F150 [21-27],6731,82,17,371,63.63,47.06,89.7,1.91
GA,CX482N ESCAPE [20-26],8A507,*,16,487,96.49,76.18,145.22,1.91
MD,P702N F150 [21-27],NPF,82,8,162,101.58,65.45,124.93,1.91
SD,P558N SUPER DUTY [17-22],19G490,*,7,169,125.07,69.24,132.58,1.91
FL,CX430N C-SUV [21-27],6731,82,12,211,55.38,46.4,88.49,1.91
IA,U502N EXPLORER [11-19],6714,82,5,62,63.93,46.75,89.14,1.91
MO,P558N SUPER DUTY [17-22],7000,42,6,225,5275.01,4621.87,8811.95,1.91
MN,U553N EXPEDITION [18-24],4B416,D8,7,157,294.11,240.85,461.1,1.91
NY,CX727N MACH-E [21-26],18D890,04,7,119,54.53,48.1,91.77,1.91
MI,P702N F150 [21-27],6731,82,20,461,53.53,46.64,88.95,1.91
MI,U625N EXPLORER [20-27],3A428,42,24,362,299.57,245.97,470.14,1.91
SD,U553N EXPEDITION [18-24],54432A38,42,6,125,69.41,56.7,107.73,1.9
OH,P558N SUPER DUTY [17-22],14G371,04,7,87,49.74,37.08,70.53,1.9
AZ,P552N F-150 [15-20],1A189,42,8,115,113.19,99.48,188.81,1.9
GA,CX727N MACH-E [21-26],RECAL,04,13,213,121.99,74.82,141.95,1.9
MN,U502N EXPLORER [11-19],78551A46,33,48,1052,51.02,37.44,71.1,1.9
LA,P552N F-150 [15-20],1A189,42,11,186,111.87,95.5,181.12,1.9
CA,U554N NAVIGATOR [18-24],19893,42,5,164,136.47,94.36,179.21,1.9
UT,P552N F-150 [15-20],6675,D8,11,304,480.98,411.78,782.34,1.9
NE,P558N SUPER DUTY [17-22],5005,01,5,118,752.87,697.71,1322.17,1.9
PA,P552N F-150 [15-20],6714,82,20,379,67.19,46.26,88.03,1.9
WI,P702N F150 [21-27],6731,82,12,250,61.48,48.73,92.75,1.9
UT,P702N F150 [21-27],19G490,42,8,159,287.09,176.48,335.0,1.9
AZ,U553N EXPEDITION [18-24],7Z490,42,6,159,579.45,538.25,1024.57,1.9
MN,C520N ESCAPE [13-19],6009,D8,29,1043,4335.38,3362.28,6376.74,1.9
CA,P708 F250 - 600 [23-27],8A616,42,11,151,425.84,355.84,676.26,1.9
AL,P552N F-150 [15-20],14G371,04,13,376,51.64,38.4,73.08,1.9
AZ,U625N EXPLORER [20-27],7813562,42,9,247,193.53,135.08,256.69,1.9
FL,U553N EXPEDITION [18-24],1A189,42,5,63,174.39,126.6,240.5,1.9
MN,P375N RANGER [19-23],RENTAL,82,6,98,199.84,149.88,285.48,1.9
NC,CD391N FUSION [13-20],7S004,39,22,408,69.55,55.75,105.66,1.9
NH,U502N EXPLORER [11-19],14B192,46,9,180,123.51,83.97,159.75,1.9
NC,U625N EXPLORER [20-27],NPF,42,8,125,76.29,53.68,102.13,1.9
CA,CX727N MACH-E [21-26],7861203,42,6,87,217.16,163.84,310.6,1.9
PA,P708 F250 - 600 [23-27],1621597,41,47,820,119.17,87.69,166.57,1.9
TN,P702N F150 [21-27],7210,42,31,975,424.1,304.46,577.34,1.9
MA,CX727N MACH-E [21-26],10B689,04,33,929,79.31,57.46,108.92,1.9
MI,CDX707A NAUTILUS [23-26],94RH7,42,8,164,281.08,262.32,498.91,1.9
CA,V363N TRANSIT [14-27],48H6,82,5,56,246.43,164.12,311.57,1.9
CA,P702N F150 [21-27],2200,30,6,128,331.78,188.28,357.11,1.9
IA,CX482N ESCAPE [20-26],7P238,42,5,80,277.96,219.13,415.39,1.9
NJ,P758N C-PICKUP [22-27],RECALEM,04,5,70,63.2,50.56,95.92,1.9
NC,P552N F-150 [15-20],2200,82,6,83,188.04,129.53,246.66,1.9
CO,P702N F150 [21-27],SERVICE,82,16,629,35.68,35.68,67.8,1.9
IA,P708 F250 - 600 [23-27],RECALEM,04,5,61,64.69,40.0,75.99,1.9
AZ,P708 F250 - 600 [23-27],3B676,42,6,113,166.53,165.59,315.08,1.9
MO,U625N EXPLORER [20-27],3A428,42,18,313,302.79,249.65,473.31,1.9
NC,U502N EXPLORER [11-19],14B192,46,33,1039,111.22,78.5,148.93,1.9
TX,P702N F150 [21-27],5230,33,7,91,336.48,257.21,488.26,1.9
CA,P552N F-150 [15-20],6584,D8,11,167,679.36,450.04,855.82,1.9
ID,P558N SUPER DUTY [17-22],19N550,42,5,85,327.72,293.79,556.96,1.9
GA,P758N C-PICKUP [22-27],RECALEM,04,11,170,94.7,58.25,110.4,1.9
FL,CX482N ESCAPE [20-26],9D289,42,65,1456,287.15,221.77,422.07,1.9
CO,P552N F-150 [15-20],8501,D8,9,194,463.92,275.99,523.56,1.9
NY,CX483N CORSAIR [20-26],14C708,42,6,68,226.07,196.38,373.26,1.9
MI,C520N ESCAPE [13-19],6009,D8,101,4907,3812.57,3039.97,5790.1,1.9
CA,P702N F150 [21-27],5A212,42,11,162,880.02,550.34,1046.24,1.9
ID,P552N F-150 [15-20],4676,D8,7,223,184.66,162.93,309.48,1.9
AL,P702N F150 [21-27],7210,42,25,912,415.16,296.19,561.64,1.9
FL,U554N NAVIGATOR [18-24],14B561,04,21,573,525.13,390.62,740.57,1.9
TN,U625N EXPLORER [20-27],14529,42,11,212,96.14,77.03,146.63,1.9
MT,P702N F150 [21-27],4676,D8,7,207,244.41,163.17,309.72,1.9
IA,P552N F-150 [15-20],3C247,42,12,199,447.0,279.36,530.64,1.9
OH,P375N RANGER [19-23],6731,82,5,77,64.2,53.53,101.69,1.9
ND,P552N F-150 [15-20],78218A42,69,5,67,260.05,161.39,305.88,1.9
IA,P708 F250 - 600 [23-27],65,42,7,89,290.93,264.5,501.79,1.9
MI,CX482N ESCAPE [20-26],9D289,41,5,101,253.08,216.34,410.61,1.9
UT,U625N EXPLORER [20-27],18124,42,12,318,395.63,273.97,519.75,1.9
FL,U540N MKX [16-23],1A189,42,14,298,168.98,125.7,238.95,1.9
KY,P702N F150 [21-27],SERVICE,82,5,134,35.68,35.68,67.94,1.9
FL,CDX707A NAUTILUS [23-26],9F593,42,23,790,834.03,655.96,1249.19,1.9
WI,U625N EXPLORER [20-27],2C219,04,9,132,60.24,36.29,68.94,1.9
PA,C520N ESCAPE [13-19],6009,D8,114,2975,3855.46,2644.19,4988.16,1.89
IA,CX482N ESCAPE [20-26],NPF,42,5,116,62.71,53.88,101.69,1.89
MI,CX482N ESCAPE [20-26],5L200,42,7,83,180.02,132.4,250.26,1.89
IA,P708 F250 - 600 [23-27],14B291,04,31,991,46.03,36.54,68.89,1.89
OH,P552N F-150 [15-20],6714,82,9,157,61.03,45.36,85.57,1.89
CA,CX482N ESCAPE [20-26],DIAG,42,8,123,124.75,102.2,192.86,1.89
CA,P552N F-150 [15-20],7H351,30,6,143,3678.89,2963.75,5595.9,1.89
NY,P558N SUPER DUTY [17-22],1A189,42,6,92,161.22,107.4,203.13,1.89
WA,P473N SUPER DUTY [11-16],5J225,42,42,1731,603.46,388.44,734.26,1.89
AL,P758N C-PICKUP [22-27],3B436,42,8,142,680.42,453.65,859.44,1.89
NM,P552N F-150 [15-20],6714,82,5,232,70.21,48.75,91.94,1.89
MD,U625N EXPLORER [20-27],14G371,04,34,1670,44.87,37.09,70.1,1.89
NC,CDX707A NAUTILUS [23-26],3G590,79,9,330,110.2,75.5,143.03,1.89
OK,P558N SUPER DUTY [17-22],3A131,42,5,73,598.44,444.79,840.75,1.89
PA,P558N SUPER DUTY [17-22],1A189,42,11,143,130.56,110.7,209.06,1.89
WA,U553N EXPEDITION [18-24],NPF,82,5,78,75.79,42.88,80.97,1.89
MO,U222N EXPEDITION [02-17],19805,*,14,270,276.93,199.08,377.23,1.89
CA,S550N MUSTANG [15-23],NPF,82,10,208,95.51,74.3,140.24,1.89
TN,CX430N C-SUV [21-27],8A507,*,8,184,96.51,75.47,142.9,1.89
WI,V363N TRANSIT [14-27],6714,82,9,217,65.7,46.73,88.21,1.89
OH,U625N EXPLORER [20-27],5E212,42,16,203,1189.81,897.01,1697.34,1.89
TX,P552N F-150 [15-20],9F593,42,13,167,637.28,508.5,962.4,1.89
FL,U725N BRONCO [21-26],78502G33,01,11,180,6970.05,4804.09,9063.44,1.89
VA,U625N EXPLORER [20-27],19980,39,55,1823,93.62,68.16,128.82,1.89
MI,U554N NAVIGATOR [18-24],19G490,42,10,428,274.74,216.13,408.52,1.89
FL,U553N EXPEDITION [18-24],NPF,42,7,246,125.61,87.9,166.17,1.89
NV,P702N F150 [21-27],RECAL,04,7,208,96.84,73.45,139.1,1.89
MI,P473N SUPER DUTY [11-16],5J225,42,48,792,538.4,415.17,783.32,1.89
CA,CD391N FUSION [13-20],9D289,42,72,1783,347.42,254.1,480.62,1.89
TX,U625N EXPLORER [20-27],NPF,82,6,163,71.69,67.76,128.11,1.89
MI,V408E TRANSIT CONNECT [13-24],9D475,42,5,61,310.4,229.16,432.47,1.89
KS,CX430N C-SUV [21-27],8501,D8,14,543,533.71,406.35,768.96,1.89
OK,P708 F250 - 600 [23-27],3B676,42,6,93,179.31,146.88,277.75,1.89
TX,U554N NAVIGATOR [18-24],ALBAL,D9,5,60,69.49,64.8,122.59,1.89
WI,P708 F250 - 600 [23-27],19703,42,47,1502,205.4,130.7,246.8,1.89
NY,U625N EXPLORER [20-27],5E213,42,12,174,1134.04,842.41,1592.14,1.89
GA,P552N F-150 [15-20],6675,D8,27,580,528.36,351.05,664.86,1.89
MA,P558N SUPER DUTY [17-22],3A131,33,16,390,325.47,272.21,513.59,1.89
SC,P552N F-150 [15-20],8501,42,8,140,396.86,317.08,598.3,1.89
NJ,P702N F150 [21-27],14B291,42,6,91,62.72,40.9,77.18,1.89
TX,B515A ECOSPORT INDIA [13-22],9C047,42,7,128,219.87,167.96,317.56,1.89
PA,P702N F150 [21-27],W702554,*,8,177,85.02,77.23,146.29,1.89
ND,U502N EXPLORER [11-19],78551A46,33,7,142,51.22,41.94,79.25,1.89
TN,P558N SUPER DUTY [17-22],9C888,42,24,536,461.95,332.71,630.13,1.89
MA,ECONOLINE [97-27],00817,30,6,101,106.93,77.32,146.23,1.89
MA,P558N SUPER DUTY [17-22],6A785,55,7,141,319.5,197.89,374.16,1.89
IA,P702N F150 [21-27],14B291,04,30,997,46.05,36.54,68.89,1.89
MI,P552N F-150 [15-20],5E212,42,29,448,1189.47,987.84,1867.77,1.89
AZ,P558N SUPER DUTY [17-22],9H307,42,11,206,666.25,526.79,996.88,1.89
TN,P702N F150 [21-27],19E525,16,14,206,53.16,43.1,81.55,1.89
CA,U625N EXPLORER [20-27],2200,30,5,100,291.03,166.06,313.17,1.89
IA,U553N EXPEDITION [18-24],54432A38,42,5,66,48.74,44.04,83.1,1.89
MI,U502N EXPLORER [11-19],8501,D8,13,207,1275.03,1089.56,2061.22,1.89
NY,V408E TRANSIT CONNECT [13-24],9D475,42,5,190,374.88,281.04,530.02,1.89
TN,CX482N ESCAPE [20-26],8A507,*,8,307,96.51,75.47,142.9,1.89
AL,P702N F150 [21-27],RECALEM,04,7,142,80.29,54.08,102.21,1.89
OR,P708 F250 - 600 [23-27],6731,82,7,181,122.13,91.03,172.31,1.89
FL,P702N F150 [21-27],1654022,D4,28,514,500.03,436.97,828.05,1.89
NJ,P702N F150 [21-27],19E525,16,10,170,58.84,39.53,74.82,1.89
NY,CX430N C-SUV [21-27],48H6,42,18,298,301.88,241.84,456.76,1.89
NJ,U625N EXPLORER [20-27],3D102,42,47,1170,718.82,521.91,984.36,1.89
FL,CX727N MACH-E [21-26],14G647,04,25,411,448.92,339.72,642.33,1.89
NV,U725N BRONCO [21-26],RENTAL,82,6,390,199.84,142.74,269.14,1.89
CA,S550N MUSTANG [15-23],NPF,42,10,326,117.76,86.09,162.72,1.89
IL,U554N NAVIGATOR [18-24],19G490,42,11,460,430.13,277.22,522.05,1.88
MO,U625N EXPLORER [20-27],3D102,42,15,247,692.35,559.22,1049.32,1.88
ID,P558N SUPER DUTY [17-22],3254,D8,10,219,313.91,248.85,468.29,1.88
TX,U611N AVIATOR [20-27],17528,42,5,102,67.49,57.69,108.35,1.88
MI,U625N EXPLORER [20-27],4B409,42,27,367,121.69,88.26,166.33,1.88
NJ,U502N EXPLORER [11-19],7000,42,5,55,4046.03,2504.16,4714.7,1.88
NC,CX727N MACH-E [21-26],14G647,42,7,101,768.2,647.33,1216.14,1.88
CA,P552N F-150 [15-20],18808,42,6,66,86.85,76.42,143.85,1.88
CO,P552N F-150 [15-20],SERVICE,82,10,306,35.68,35.68,67.2,1.88
UT,P375N RANGER [19-23],RENTAL,82,5,87,228.38,171.29,321.17,1.88
TX,P702N F150 [21-27],9C888,42,37,1087,348.59,271.4,509.05,1.88
IL,U625N EXPLORER [20-27],1A189,28,5,90,239.34,193.23,363.39,1.88
SD,P708 F250 - 600 [23-27],NPF,82,6,109,64.55,59.95,112.51,1.88
SC,U502N EXPLORER [11-19],14B686,X4,11,191,191.1,155.64,292.49,1.88
OK,P558N SUPER DUTY [17-22],14A068,42,11,187,324.53,215.39,404.05,1.88
OK,U625N EXPLORER [20-27],94RH7,42,6,136,239.0,138.49,261.04,1.88
IL,P702N F150 [21-27],19E525,16,15,232,66.74,44.96,84.52,1.88
NC,U625N EXPLORER [20-27],7P238,42,5,60,358.06,311.74,585.37,1.88
CA,CX727N MACH-E [21-26],10B706,42,39,930,449.8,352.72,664.46,1.88
LA,P702N F150 [21-27],1621597,41,14,252,109.1,88.04,165.81,1.88
PA,P558N SUPER DUTY [17-22],19G490,*,20,396,137.15,94.74,177.73,1.88
MI,U611N AVIATOR [20-27],TCARE,82,8,523,418.19,235.66,441.94,1.88
SC,U625N EXPLORER [20-27],48H6,42,9,166,316.43,194.3,365.38,1.88
NY,CX727N MACH-E [21-26],RECAL,04,38,749,123.98,92.95,174.43,1.88
KY,P708 F250 - 600 [23-27],1621597,41,14,656,106.58,85.84,161.29,1.88
CA,U502N EXPLORER [11-19],78201B69,01,11,223,8585.93,5538.44,10410.39,1.88
FL,P552N F-150 [15-20],18808,42,10,120,141.09,92.68,174.14,1.88
FL,P558N SUPER DUTY [17-22],FRONT,82,6,115,111.24,106.34,199.83,1.88
MD,P702N F150 [21-27],14G647,42,7,122,837.35,486.03,911.37,1.88
UT,U725N BRONCO [21-26],RENTAL,82,8,261,256.93,171.29,321.17,1.88
IA,P552N F-150 [15-20],6731,82,6,173,65.72,44.56,83.77,1.88
MI,CX483N CORSAIR [20-26],14C708,42,7,116,138.62,114.87,216.42,1.88
CO,P702N F150 [21-27],4B416,D8,9,160,227.04,190.42,358.43,1.88
CO,P702N F150 [21-27],12A650,04,21,421,55.65,40.32,75.61,1.88
FL,U502N EXPLORER [11-19],8501,42,25,578,1441.29,1151.93,2166.15,1.88
NC,CX727N MACH-E [21-26],10B689,04,26,1070,82.43,59.92,112.41,1.88
KS,P702N F150 [21-27],14G647,42,7,122,891.77,595.86,1121.38,1.88
CA,CD539N EDGE [15-24],2200,30,9,229,289.93,183.62,345.1,1.88
NC,P702N F150 [21-27],48H6,42,61,1958,291.4,197.84,372.24,1.88
OH,P702N F150 [21-27],48H6,42,84,2345,280.61,185.32,348.54,1.88
NE,U625N EXPLORER [20-27],12A650,04,7,143,38.98,35.97,67.44,1.88
TN,U625N EXPLORER [20-27],9B325,42,10,160,220.92,143.05,269.22,1.88
PA,CX482N ESCAPE [20-26],9D289,42,48,905,251.21,168.4,317.38,1.88
UT,CX430N C-SUV [21-27],RENTAL,82,7,209,249.8,171.29,321.17,1.88
OK,P552N F-150 [15-20],6731,82,10,357,57.22,49.34,92.62,1.88
MN,V363N TRANSIT [14-27],19703,42,10,190,145.3,117.26,220.25,1.88
MI,P758N C-PICKUP [22-27],99RT4,42,23,457,328.87,256.87,482.66,1.88
NE,P558N SUPER DUTY [17-22],14B321,X9,6,232,37.62,35.79,67.44,1.88
TX,U625N EXPLORER [20-27],7813562,42,17,277,188.04,135.67,255.01,1.88
NY,CX482N ESCAPE [20-26],8A507,*,10,500,94.82,83.74,157.58,1.88
MD,U625N EXPLORER [20-27],94RH7,42,9,166,222.41,187.9,354.09,1.88
UT,CX482N ESCAPE [20-26],RENTAL,82,7,122,285.48,171.29,321.17,1.88
NY,U502N EXPLORER [11-19],78551A46,33,39,753,54.91,41.44,78.05,1.88
DE,U625N EXPLORER [20-27],1A189,42,5,104,143.48,136.66,257.57,1.88
CA,V408E TRANSIT CONNECT [13-24],RENTAL,82,11,217,285.48,171.29,321.17,1.88
MT,P702N F150 [21-27],NPF,42,6,225,63.81,49.57,93.31,1.88
NV,P708 F250 - 600 [23-27],RENTAL,82,6,237,256.93,171.29,321.43,1.88
NC,CX430N C-SUV [21-27],8501,D8,48,1206,593.43,391.15,735.85,1.88
OR,V363N TRANSIT [14-27],7H351,42,5,141,3068.84,2119.6,3977.04,1.88
CA,S650N MUSTANG [24-26],NPF,82,6,90,82.43,78.86,148.54,1.88
MD,CX430N C-SUV [21-27],14G371,04,32,1193,44.53,37.41,70.1,1.87
TX,P558N SUPER DUTY [17-22],78218A42,42,16,256,196.12,153.28,286.77,1.87
OR,P558N SUPER DUTY [17-22],19G490,42,29,968,318.43,216.85,405.79,1.87
FL,P552N F-150 [15-20],11002,42,38,668,465.62,350.94,655.53,1.87
NC,CX483N CORSAIR [20-26],14G371,04,6,156,75.5,59.01,110.57,1.87
MD,CX482N ESCAPE [20-26],NPF,42,5,99,66.73,53.15,99.33,1.87
FL,P702N F150 [21-27],17508,*,6,242,109.72,84.33,158.01,1.87
FL,V408E TRANSIT CONNECT [13-24],2C204,42,19,231,182.02,132.13,247.54,1.87
MI,CD539N EDGE [15-24],9F464,01,34,678,504.24,423.5,791.36,1.87
MD,CX483N CORSAIR [20-26],DELIVERY,82,7,805,103.49,70.41,131.43,1.87
ME,P558N SUPER DUTY [17-22],12286,42,5,69,135.66,107.71,201.22,1.87
MN,U554N NAVIGATOR [18-24],6256,42,7,249,1762.52,1424.94,2662.48,1.87
MA,U625N EXPLORER [20-27],7P238,42,15,236,436.28,293.51,548.5,1.87
MA,P708 F250 - 600 [23-27],3B676,33,6,93,188.37,167.93,313.73,1.87
GA,U502N EXPLORER [11-19],5A972,*,18,755,168.09,131.5,246.55,1.87
NH,U625N EXPLORER [20-27],19980,39,13,337,95.27,70.36,131.31,1.87
MN,CX482N ESCAPE [20-26],99RT4,42,11,208,280.89,195.95,366.47,1.87
MI,CX727N MACH-E [21-26],H3,42,12,184,290.79,216.12,403.81,1.87
FL,U553N EXPEDITION [18-24],18472,42,10,162,388.85,301.89,566.02,1.87
OH,C346N FOCUS [12-18],7B546,42,37,892,1126.16,855.8,1602.7,1.87
GA,P708 F250 - 600 [23-27],14B291,04,65,2904,48.2,35.98,67.47,1.87
AZ,P702N F150 [21-27],4676,D8,11,177,207.04,170.77,320.03,1.87
FL,P558N SUPER DUTY [17-22],13008,42,5,57,1758.56,1595.77,2977.29,1.87
MD,U502N EXPLORER [11-19],1A189,42,13,158,139.39,99.41,186.37,1.87
MD,P708 F250 - 600 [23-27],RECALEM,04,6,73,62.95,42.82,80.08,1.87
MO,U625N EXPLORER [20-27],9B325,42,8,136,200.09,153.56,286.56,1.87
SC,P552N F-150 [15-20],7H351,42,21,798,2889.07,2002.75,3747.54,1.87
TX,P552N F-150 [15-20],14D212,42,5,67,139.89,123.21,230.53,1.87
CA,V363N TRANSIT [14-27],10B689,04,46,1015,88.21,61.45,115.06,1.87
MI,P552N F-150 [15-20],6675,D8,51,923,547.44,425.42,797.61,1.87
MI,CX482N ESCAPE [20-26],99RT4,42,43,1314,256.67,216.25,403.85,1.87
IL,U553N EXPEDITION [18-24],4B416,D8,5,98,306.06,284.45,530.93,1.87
IA,U625N EXPLORER [20-27],14G371,04,34,964,42.09,35.83,66.95,1.87
CA,U625N EXPLORER [20-27],14529,D4,12,284,58.22,51.17,95.9,1.87
WA,P552N F-150 [15-20],6256,42,41,2874,1488.03,1242.25,2320.35,1.87
NJ,P552N F-150 [15-20],5E212,42,42,853,1285.18,1001.06,1870.1,1.87
PA,CX430N C-SUV [21-27],NPF,82,8,133,62.91,54.58,102.19,1.87
NY,V363N TRANSIT [14-27],10B689,04,8,375,69.79,68.05,127.35,1.87
MD,V363N TRANSIT [14-27],14G371,04,16,410,47.05,37.41,70.1,1.87
TX,P375N RANGER [19-23],48H6,42,42,802,232.35,186.89,348.7,1.87
ME,P552N F-150 [15-20],78218A42,69,9,125,209.87,161.75,302.04,1.87
NJ,P558N SUPER DUTY [17-22],6500,42,6,110,5294.25,4384.07,8182.61,1.87
PA,CX430N C-SUV [21-27],48H6,*,23,692,273.84,199.42,372.9,1.87
FL,U625N EXPLORER [20-27],COURTESY,82,10,148,394.57,287.16,534.43,1.86
FL,C520N ESCAPE [13-19],3B436,42,5,60,538.38,404.21,751.28,1.86
CO,CD539N EDGE [15-24],48H6,42,13,291,306.88,260.34,484.5,1.86
KY,U625N EXPLORER [20-27],6731,82,7,204,60.34,50.45,93.95,1.86
IL,CX483N CORSAIR [20-26],18125,D8,5,124,308.05,248.75,463.51,1.86
MS,P702N F150 [21-27],7210,42,19,442,404.3,328.74,610.31,1.86
ID,U553N EXPEDITION [18-24],6256,42,10,421,1400.29,1072.38,1992.19,1.86
MI,U553N EXPEDITION [18-24],3N134,D8,22,335,228.66,151.93,282.75,1.86
FL,V363N TRANSIT [14-27],10B689,04,22,333,78.18,56.7,105.24,1.86
FL,U502N EXPLORER [11-19],8501,D8,16,254,1386.02,995.75,1853.55,1.86
MD,U625N EXPLORER [20-27],5E212,42,16,279,1003.12,772.82,1436.82,1.86
NY,U502N EXPLORER [11-19],8501,42,19,511,1408.54,1159.71,2151.63,1.86
PA,U540N MKX [16-23],14G371,04,6,113,68.88,44.66,83.18,1.86
FL,V363N TRANSIT [14-27],6006,42,13,201,7507.87,4978.54,9272.63,1.86
MN,CD539N EDGE [15-24],4B416,D8,7,115,474.95,330.69,616.04,1.86
NJ,P708 F250 - 600 [23-27],RECALEM,04,6,76,60.52,50.47,93.78,1.86
NV,U625N EXPLORER [20-27],7P238,42,5,98,428.33,321.42,598.74,1.86
IL,V408E TRANSIT CONNECT [13-24],SHUTTLE,82,7,270,539.56,359.7,668.02,1.86
ME,U625N EXPLORER [20-27],NPF,82,6,233,52.6,49.62,92.07,1.86
KS,P702N F150 [21-27],4676,D8,14,303,193.56,136.21,252.69,1.86
TX,CDX707A NAUTILUS [23-26],14F546,04,7,109,288.65,226.37,421.28,1.86
VA,P558N SUPER DUTY [17-22],6500,42,5,59,6977.18,6039.69,11210.05,1.86
TX,P558N SUPER DUTY [17-22],9C888,42,107,3990,476.09,350.31,652.66,1.86
CA,CD391N FUSION [13-20],10B687,42,21,345,744.9,567.06,1052.79,1.86
MN,P702N F150 [21-27],17508,*,18,1146,149.71,110.67,205.77,1.86
CO,U625N EXPLORER [20-27],18124,42,18,522,491.53,360.2,670.64,1.86
AL,CX430N C-SUV [21-27],4000,42,12,175,1759.53,1307.31,2431.65,1.86
GA,U625N EXPLORER [20-27],6731,82,12,256,57.26,43.89,81.7,1.86
CA,V363N TRANSIT [14-27],2V001,30,5,68,237.2,178.98,333.74,1.86
KY,U611N AVIATOR [20-27],14G371,04,9,204,71.94,58.04,108.2,1.86
MO,P552N F-150 [15-20],4676,D8,10,145,187.55,136.62,254.65,1.86
FL,P552N F-150 [15-20],6584,42,7,111,731.5,521.56,971.52,1.86
FL,CX482N ESCAPE [20-26],14F642,42,33,717,51.37,37.68,70.16,1.86
CA,P558N SUPER DUTY [17-22],65,63,17,1138,227.14,175.26,326.76,1.86
SC,P708 F250 - 600 [23-27],RECALEM,04,5,57,89.28,64.77,120.54,1.86
NY,P702N F150 [21-27],19860,42,28,736,37.28,35.87,66.88,1.86
OH,P558N SUPER DUTY [17-22],14B321,X9,22,751,37.31,35.69,66.23,1.86
NC,U611N AVIATOR [20-27],78519A70,42,6,171,498.2,359.28,667.35,1.86
MT,U553N EXPEDITION [18-24],6256,42,11,266,1582.43,1209.62,2249.55,1.86
CA,U553N EXPEDITION [18-24],19860,42,60,1698,1059.39,827.26,1540.64,1.86
FL,P702N F150 [21-27],48H6,B5,5,170,294.93,203.3,378.38,1.86
MD,U625N EXPLORER [20-27],18124,42,14,278,424.32,312.91,581.85,1.86
WI,CX482N ESCAPE [20-26],18125,D8,13,228,362.38,239.67,446.46,1.86
CA,P702N F150 [21-27],9C888,42,38,920,454.73,327.43,609.77,1.86
VA,U625N EXPLORER [20-27],78219A65,42,8,167,616.67,546.92,1019.22,1.86
TN,C520N ESCAPE [13-19],7K340,*,6,360,54.64,47.28,87.84,1.86
FL,P552N F-150 [15-20],9B325,42,8,116,205.68,167.86,312.65,1.86
NH,CX430N C-SUV [21-27],NPF,42,5,68,59.78,45.5,84.68,1.86
MI,CX482N ESCAPE [20-26],DIAG,82,8,136,96.49,77.03,143.23,1.86
LA,P558N SUPER DUTY [17-22],7000,42,7,95,5264.52,3824.85,7103.63,1.86
TX,P702N F150 [21-27],5E212,42,48,982,1394.85,1006.42,1868.02,1.86
SC,P702N F150 [21-27],48H6,42,32,1278,288.66,196.35,365.38,1.86
MA,P552N F-150 [15-20],1104,42,18,307,472.7,369.69,687.97,1.86
VA,P708 F250 - 600 [23-27],19703,42,53,2298,162.87,104.99,195.49,1.86
MN,P558N SUPER DUTY [17-22],5L248,42,6,66,357.41,286.84,534.4,1.86
MI,P702N F150 [21-27],19703,42,45,1161,45.58,37.17,69.23,1.86
NY,CX483N CORSAIR [20-26],14G371,04,13,440,83.25,51.66,96.21,1.86
CA,U625N EXPLORER [20-27],4A015,42,12,186,809.54,653.32,1211.96,1.86
IN,CX482N ESCAPE [20-26],14529,42,8,111,58.85,56.26,104.44,1.86
AZ,P702N F150 [21-27],19893,42,9,193,181.64,145.89,271.78,1.86
MI,P702N F150 [21-27],1523200,82,65,2857,42.86,35.68,66.45,1.86
UT,P558N SUPER DUTY [17-22],3E651,42,28,2144,99.28,73.25,136.33,1.86
MD,CX727N MACH-E [21-26],PATSKEY,42,11,290,266.76,164.14,305.92,1.86
AL,P552N F-150 [15-20],14G371,42,5,156,174.86,115.78,215.47,1.86
FL,CX482N ESCAPE [20-26],NPF,82,5,83,137.03,77.79,144.85,1.86
NH,P558N SUPER DUTY [17-22],3A131,42,6,185,308.9,252.64,470.19,1.86
FL,V408E TRANSIT CONNECT [13-24],94RH7,42,17,247,304.04,198.32,368.08,1.86
NE,P702N F150 [21-27],3C247,42,9,153,561.09,367.04,681.76,1.86
NJ,U625N EXPLORER [20-27],5E213,01,5,78,969.54,854.21,1586.36,1.86
VT,P708 F250 - 600 [23-27],12A647,42,7,185,85.19,71.21,132.11,1.86
AZ,CX430N C-SUV [21-27],14529,42,6,74,94.87,62.09,115.29,1.86
LA,P708 F250 - 600 [23-27],12A647,42,7,120,95.16,65.84,122.41,1.86
TX,U553N EXPEDITION [18-24],1104,42,25,400,444.19,373.19,694.77,1.86
NY,U554N NAVIGATOR [18-24],16A507,42,5,114,970.79,730.82,1360.83,1.86
FL,CX482N ESCAPE [20-26],18125,42,13,270,396.4,309.07,574.42,1.86
CA,U625N EXPLORER [20-27],78519A02,42,27,522,898.02,705.25,1311.45,1.86
TX,C489N MKC [15-19],DELIVERY,82,15,769,39.25,39.25,72.88,1.86
KS,P702N F150 [21-27],17508,*,12,405,116.81,77.02,143.58,1.86
SC,P702N F150 [21-27],12A650,04,10,152,45.11,39.4,72.8,1.85
WA,U725N BRONCO [21-26],NPF,42,8,146,87.04,71.46,131.89,1.85
AZ,P552N F-150 [15-20],6K682,42,9,210,1559.33,1221.76,2259.4,1.85
NE,P702N F150 [21-27],W702554,*,6,92,92.02,72.23,133.35,1.85
SC,P702N F150 [21-27],4676,D8,11,165,234.36,182.0,336.15,1.85
GA,CX430N C-SUV [21-27],8A507,*,13,305,109.7,78.32,145.22,1.85
AZ,C346N FOCUS [12-18],9D289,42,24,770,102.88,77.76,144.16,1.85
VT,P558N SUPER DUTY [17-22],3254,D8,7,251,257.16,222.86,412.58,1.85
MT,U625N EXPLORER [20-27],7P155,42,6,118,53.29,36.31,67.31,1.85
VA,CX727N MACH-E [21-26],14G647,04,7,111,388.11,239.7,443.55,1.85
TX,P558N SUPER DUTY [17-22],9B246,42,13,226,6511.16,4608.11,8521.81,1.85
IA,U625N EXPLORER [20-27],18124,42,15,222,390.17,254.3,469.39,1.85
TX,U554N NAVIGATOR [18-24],14A701,42,9,197,195.36,141.67,261.76,1.85
TX,P758N C-PICKUP [22-27],3B437,42,8,135,439.54,335.19,619.88,1.85
AZ,P758N C-PICKUP [22-27],7861203,28,6,113,106.53,103.72,191.64,1.85
WI,CX482N ESCAPE [20-26],1A189,42,8,135,174.17,114.2,211.63,1.85
TN,P702N F150 [21-27],17508,*,12,525,118.32,94.66,174.74,1.85
WI,CX482N ESCAPE [20-26],14F642,42,21,333,50.03,35.68,66.19,1.85
WA,P702N F150 [21-27],4234,01,15,253,609.31,526.97,973.97,1.85
NY,CX483N CORSAIR [20-26],94RH7,42,16,1355,325.73,231.77,428.78,1.85
OK,U222N EXPEDITION [02-17],19805,*,8,161,324.67,237.12,438.18,1.85
NY,P702N F150 [21-27],14A626,04,25,577,37.69,36.08,66.88,1.85
TX,CX482N ESCAPE [20-26],99RT4,42,23,378,246.83,178.72,330.63,1.85
CO,CD391N FUSION [13-20],7S004,39,5,76,85.15,63.21,117.08,1.85
IL,P702N F150 [21-27],4234,01,9,111,826.86,557.68,1033.59,1.85
MA,U625N EXPLORER [20-27],14B291,04,5,112,54.07,37.99,70.11,1.85
TX,CD539N EDGE [15-24],90T5,42,15,193,45.11,38.14,70.37,1.85
MO,CD539N EDGE [15-24],7902,42,11,221,2082.58,1526.92,2827.39,1.85
IA,CX430N C-SUV [21-27],14G371,04,24,652,43.64,36.25,66.95,1.85
WI,P558N SUPER DUTY [17-22],RECALEM,04,16,215,69.59,48.39,89.33,1.85
TX,U625N EXPLORER [20-27],12A650,04,82,2180,39.18,35.79,66.23,1.85
MI,CD391N FUSION [13-20],9D289,42,36,1092,314.48,272.12,503.02,1.85
MI,P702N F150 [21-27],7210,42,67,2771,388.67,324.54,601.57,1.85
NJ,U625N EXPLORER [20-27],3A428,D8,31,1436,317.79,251.19,464.13,1.85
TX,U625N EXPLORER [20-27],3A428,42,31,481,295.16,236.7,437.38,1.85
NC,P558N SUPER DUTY [17-22],14A068,42,18,312,338.79,224.47,415.43,1.85
MT,P702N F150 [21-27],3C247,42,7,162,500.45,403.78,748.72,1.85
CT,V363N TRANSIT [14-27],48H6,42,8,159,261.46,188.28,349.22,1.85
OR,P702N F150 [21-27],DIAG,82,5,111,98.78,69.14,127.9,1.85
FL,CX727N MACH-E [21-26],18D890,04,15,240,53.77,47.22,87.46,1.85
MN,P702N F150 [21-27],17626,42,22,402,505.49,378.87,700.96,1.85
MI,P558N SUPER DUTY [17-22],14A068,42,12,196,314.38,229.26,423.13,1.85
AL,U554N NAVIGATOR [18-24],6256,42,7,148,1292.92,1176.7,2176.82,1.85
NY,V363N TRANSIT [14-27],14G672,04,9,390,37.26,36.08,66.88,1.85
VA,P702N F150 [21-27],3N134,D8,9,234,304.99,177.4,328.82,1.85
CO,P702N F150 [21-27],94RH7,42,22,697,331.66,288.76,535.43,1.85
OH,P552N F-150 [15-20],1651070,01,5,75,390.42,253.98,469.67,1.85
NY,V363N TRANSIT [14-27],7A195,04,38,1375,38.75,36.08,66.88,1.85
FL,CX483N CORSAIR [20-26],17664,42,6,71,176.17,112.03,206.82,1.85
NY,CDX707A NAUTILUS [23-26],14H522,04,16,2164,383.85,250.78,461.41,1.84
WI,U625N EXPLORER [20-27],3A428,D8,10,158,324.7,229.54,422.57,1.84
NY,U554N NAVIGATOR [18-24],49H8,42,16,672,345.73,228.76,421.9,1.84
MN,U625N EXPLORER [20-27],7A195,42,6,90,1300.38,1193.24,2199.1,1.84
WV,P552N F-150 [15-20],6006,42,23,530,122.03,100.55,185.26,1.84
MO,CD391N FUSION [13-20],7S004,39,20,468,71.14,48.98,90.3,1.84
IL,U625N EXPLORER [20-27],14C689,42,10,140,555.84,454.97,835.05,1.84
MN,U625N EXPLORER [20-27],4676,D8,8,151,329.91,292.05,537.89,1.84
FL,U554N NAVIGATOR [18-24],19860,D8,7,220,1040.36,837.99,1545.84,1.84
TN,P702N F150 [21-27],1621597,41,18,326,120.14,102.02,188.19,1.84
MN,U625N EXPLORER [20-27],3A428,42,9,218,381.07,259.03,476.74,1.84
TX,U553N EXPEDITION [18-24],7H351,D8,5,79,2871.68,2362.11,4339.63,1.84
NM,V363N TRANSIT [14-27],6714,82,5,116,57.48,53.71,98.76,1.84
MA,U611N AVIATOR [20-27],19G490,42,5,177,274.33,160.08,294.13,1.84
CO,P558N SUPER DUTY [17-22],1A189,42,7,101,176.16,131.98,243.03,1.84
NY,P552N F-150 [15-20],78218A43,42,8,106,153.5,122.16,224.29,1.84
NC,C520N ESCAPE [13-19],RENTAL,82,7,93,249.8,174.86,321.17,1.84
PA,CX727N MACH-E [21-26],14A411,28,36,684,265.39,203.55,373.57,1.84
MO,P702N F150 [21-27],17508,42,5,148,154.68,125.53,231.57,1.84
NJ,V363N TRANSIT [14-27],7H351,42,9,171,3353.3,2204.02,4056.43,1.84
MD,P558N SUPER DUTY [17-22],19703,42,6,86,822.57,689.36,1267.53,1.84
FL,P702N F150 [21-27],COURTESY,82,8,128,356.67,288.18,531.24,1.84
CO,CX727N MACH-E [21-26],14G647,42,5,101,881.42,659.46,1213.29,1.84
IA,P702N F150 [21-27],6731,82,9,242,63.87,46.9,86.29,1.84
MN,P558N SUPER DUTY [17-22],14G371,04,7,90,48.7,41.06,75.55,1.84
MA,U553N EXPEDITION [18-24],6256,42,18,306,1488.01,1168.99,2149.07,1.84
AZ,U625N EXPLORER [20-27],78519A02,42,11,263,767.27,649.86,1194.58,1.84
NJ,P558N SUPER DUTY [17-22],3E651,42,49,1698,107.97,92.6,170.82,1.84
FL,P558N SUPER DUTY [17-22],16720,39,20,431,299.85,223.67,412.26,1.84
IL,U625N EXPLORER [20-27],18125,42,5,96,234.75,195.83,360.1,1.84
NC,CX482N ESCAPE [20-26],78235A62,61,5,292,295.26,251.23,462.84,1.84
UT,P552N F-150 [15-20],6K682,42,5,73,1162.87,1072.68,1975.1,1.84
KY,U625N EXPLORER [20-27],19980,39,35,955,80.85,68.42,125.84,1.84
ME,P702N F150 [21-27],NPF,82,10,648,64.23,47.74,87.89,1.84
MO,P552N F-150 [15-20],8501,42,8,101,369.18,314.56,578.35,1.84
KS,U625N EXPLORER [20-27],9B325,42,5,102,179.74,147.71,271.13,1.84
LA,P702N F150 [21-27],14G647,42,12,184,735.74,545.05,1001.51,1.84
LA,U625N EXPLORER [20-27],19980,39,32,890,88.94,71.33,131.28,1.84
UT,P558N SUPER DUTY [17-22],5L239,42,6,83,236.21,196.48,361.47,1.84
CA,U611N AVIATOR [20-27],3A427,42,7,154,475.17,320.63,591.34,1.84
AR,P702N F150 [21-27],6714,82,5,93,71.11,49.81,91.89,1.84
OH,P708 F250 - 600 [23-27],1621597,41,38,878,105.8,77.4,142.69,1.84
OK,P558N SUPER DUTY [17-22],19N619,82,11,377,62.73,39.46,72.76,1.84
WI,P702N F150 [21-27],7222,33,9,131,153.36,126.5,232.34,1.84
CA,U502N EXPLORER [11-19],1A189,82,8,283,124.53,91.0,167.37,1.84
MO,U553N EXPEDITION [18-24],7H351,42,5,84,3887.77,2562.38,4726.16,1.84
MI,P702N F150 [21-27],12A581,X2,5,73,177.99,143.8,264.1,1.84
NC,CX483N CORSAIR [20-26],9D289,42,7,159,280.56,186.5,342.04,1.83
TX,U553N EXPEDITION [18-24],5E212,42,124,4955,828.93,619.94,1132.08,1.83
SD,U502N EXPLORER [11-19],14B192,46,6,180,97.58,59.69,109.49,1.83
CA,CX482N ESCAPE [20-26],RAV,82,15,629,128.47,101.45,185.68,1.83
CO,U725N BRONCO [21-26],14B291,04,12,264,60.13,46.4,84.88,1.83
PA,U625N EXPLORER [20-27],78219A65,42,7,118,538.6,404.2,739.14,1.83
OH,P558N SUPER DUTY [17-22],6006,42,8,113,7126.18,6835.12,12477.88,1.83
FL,CX483N CORSAIR [20-26],7443150,42,9,118,345.19,280.48,514.11,1.83
PA,U502N EXPLORER [11-19],8501,D8,20,438,1232.82,880.91,1609.19,1.83
NY,CD539N EDGE [15-24],19703,42,21,415,660.68,452.26,829.36,1.83
NJ,V363N TRANSIT [14-27],6714,82,12,315,76.06,50.72,92.76,1.83
CA,U625N EXPLORER [20-27],6710,D8,12,204,354.1,284.79,520.19,1.83
KY,CX430N C-SUV [21-27],14G371,04,22,665,42.54,36.16,66.0,1.83
MD,P702N F150 [21-27],4234,01,5,67,853.96,516.65,947.57,1.83
VA,CD539N EDGE [15-24],6731,82,6,88,48.82,44.15,81.0,1.83
NE,P702N F150 [21-27],1621597,41,7,137,117.85,106.96,195.43,1.83
MI,U625N EXPLORER [20-27],DIAG,42,7,155,73.75,62.82,114.91,1.83
SC,P552N F-150 [15-20],14G371,04,20,421,50.96,39.8,72.8,1.83
VA,P552N F-150 [15-20],14G371,42,7,94,131.75,94.03,172.14,1.83
PA,P702N F150 [21-27],48H6,42,103,2518,284.69,203.28,372.96,1.83
TN,P758N C-PICKUP [22-27],RECALEM,04,10,133,81.25,60.68,110.91,1.83
MD,P702N F150 [21-27],14G371,42,8,118,273.03,165.23,302.18,1.83
NY,CD391N FUSION [13-20],7S004,39,11,166,72.31,50.04,91.47,1.83
MT,U725N BRONCO [21-26],17504,42,9,358,46.79,35.78,65.55,1.83
TN,P375N RANGER [19-23],14G371,04,12,172,49.0,40.34,73.94,1.83
CA,U611N AVIATOR [20-27],12A650,42,21,640,77.75,60.86,111.39,1.83
OK,P552N F-150 [15-20],6M280,42,10,229,399.92,313.84,575.61,1.83
CA,H567N MEDIUM TRUCK [16-27],12A650,04,26,696,62.96,45.12,82.35,1.83
IA,P552N F-150 [15-20],9C888,42,19,396,436.53,343.6,629.78,1.83
NV,U625N EXPLORER [20-27],19G490,42,6,217,225.03,189.09,345.93,1.83
IA,P552N F-150 [15-20],4676,D8,21,430,170.52,122.24,223.17,1.83
IN,P558N SUPER DUTY [17-22],14A068,42,6,96,259.34,215.67,395.03,1.83
CT,U625N EXPLORER [20-27],3A428,42,11,241,307.72,236.11,431.52,1.83
CA,U553N EXPEDITION [18-24],6020,D8,15,267,1902.02,1433.27,2616.15,1.83
CO,CX482N ESCAPE [20-26],48H6,42,7,111,353.7,333.02,608.75,1.83
CA,U502N EXPLORER [11-19],6020,D8,18,254,1109.28,978.45,1785.68,1.83
KY,U625N EXPLORER [20-27],14G371,04,27,779,44.09,36.16,66.0,1.83
CO,U625N EXPLORER [20-27],14G371,04,28,1235,55.46,37.14,67.91,1.83
KS,P702N F150 [21-27],10C679,42,11,253,55.77,47.04,85.94,1.83
TX,P702N F150 [21-27],4676,42,14,191,217.38,151.36,276.54,1.83
MN,U502N EXPLORER [11-19],16612,D7,5,98,1243.67,1019.45,1863.96,1.83
VA,U554N NAVIGATOR [18-24],6256,42,8,376,1439.43,1003.33,1839.89,1.83
MI,P702N F150 [21-27],10849,04,35,749,395.68,310.92,568.86,1.83
GA,P558N SUPER DUTY [17-22],19N619,82,10,228,50.95,42.57,78.03,1.83
MA,V363N TRANSIT [14-27],6714,82,18,590,56.9,43.06,79.0,1.83
NY,P702N F150 [21-27],5A212,42,16,216,729.7,539.26,988.2,1.83
OH,C520N ESCAPE [13-19],9D289,42,29,648,260.83,206.3,378.45,1.83
CA,U625N EXPLORER [20-27],6020,D8,18,543,1739.69,1323.26,2417.87,1.83
CA,P708 F250 - 600 [23-27],13466,46,7,112,49.72,39.4,71.96,1.83
CA,U554N NAVIGATOR [18-24],RAV,82,14,596,128.47,101.45,185.68,1.83
WA,P758N C-PICKUP [22-27],NPF,42,6,91,101.42,71.46,130.72,1.83
NE,P702N F150 [21-27],4676,D8,11,303,196.65,169.96,311.05,1.83
FL,U553N EXPEDITION [18-24],1104,42,13,181,562.62,398.34,727.96,1.83
TN,U611N AVIATOR [20-27],1A189,42,5,151,189.24,138.14,253.48,1.83
ID,P558N SUPER DUTY [17-22],5E145,42,8,145,451.84,393.11,720.4,1.83
FL,CX727N MACH-E [21-26],18C612,04,51,1243,46.71,35.93,65.66,1.83
SC,CX430N C-SUV [21-27],14G371,04,24,950,50.96,39.8,72.8,1.83
OH,P702N F150 [21-27],4234,01,13,186,830.84,521.66,952.92,1.83
FL,P702N F150 [21-27],19E616,42,10,197,551.94,429.13,785.38,1.83
NE,U625N EXPLORER [20-27],7B215,D8,8,155,279.89,236.21,433.32,1.83
IN,P708 F250 - 600 [23-27],6731,82,5,117,63.96,38.89,71.36,1.83
NC,CDX707A NAUTILUS [23-26],14H522,04,16,1097,340.75,265.36,486.82,1.83
WA,P558N SUPER DUTY [17-22],3254,D8,6,113,363.67,262.08,479.76,1.83
FL,P558N SUPER DUTY [17-22],1521812,42,14,201,282.07,202.93,371.23,1.83
FL,U625N EXPLORER [20-27],7P155,42,62,2263,41.47,35.97,65.6,1.82
IL,P558N SUPER DUTY [17-22],6A785,55,7,152,338.2,226.43,413.2,1.82
WI,P702N F150 [21-27],48H6,42,55,1215,294.54,198.02,360.05,1.82
TX,CX482N ESCAPE [20-26],18125,42,7,102,305.35,233.59,425.44,1.82
MO,U625N EXPLORER [20-27],7813562,01,5,57,196.72,132.18,240.17,1.82
GA,P702N F150 [21-27],1621597,41,36,800,121.49,90.69,164.65,1.82
MN,P702N F150 [21-27],3F791,42,11,150,383.29,264.59,482.68,1.82
AZ,CX430N C-SUV [21-27],8501,D8,32,2193,554.83,394.0,718.06,1.82
FL,U717N EXPEDITION [25-27],14F042,42,48,1460,42.39,36.01,65.6,1.82
ME,U625N EXPLORER [20-27],7B215,D8,5,70,259.96,211.21,385.44,1.82
KS,CX482N ESCAPE [20-26],14G371,04,8,147,47.75,41.64,75.74,1.82
NM,CX482N ESCAPE [20-26],14529,91,7,366,44.46,36.88,67.03,1.82
KY,P702N F150 [21-27],14529,42,11,147,79.41,55.11,100.52,1.82
PA,P702N F150 [21-27],14B291,04,94,2753,48.05,35.87,65.4,1.82
CA,CX727N MACH-E [21-26],7P086,42,11,146,1852.76,1427.17,2599.75,1.82
GA,U625N EXPLORER [20-27],94RH7,42,21,391,228.72,162.69,296.11,1.82
TN,P702N F150 [21-27],48H6,42,38,1215,283.41,199.76,362.93,1.82
TX,U554N NAVIGATOR [18-24],7Z490,42,8,180,537.23,456.87,833.78,1.82
AZ,U625N EXPLORER [20-27],3A428,42,8,191,284.19,240.73,439.0,1.82
SC,U553N EXPEDITION [18-24],78045G34,42,12,184,46.97,36.36,66.1,1.82
IL,P702N F150 [21-27],4676,D8,40,901,285.81,209.78,381.36,1.82
GA,U611N AVIATOR [20-27],14G371,04,18,1057,79.55,55.74,101.35,1.82
FL,CD391N FUSION [13-20],9D289,42,25,378,336.0,248.55,452.2,1.82
VA,U540N MKX [16-23],RENTAL,82,8,323,160.58,160.58,292.62,1.82
VA,P708 F250 - 600 [23-27],1621597,41,26,626,116.13,83.65,152.39,1.82
TN,P558N SUPER DUTY [17-22],6F073,42,7,89,161.33,110.65,200.84,1.82
FL,P702N F150 [21-27],4234,42,30,562,700.44,516.46,940.36,1.82
MD,P708 F250 - 600 [23-27],14B291,04,33,1548,48.9,38.49,70.1,1.82
OR,CD391N FUSION [13-20],7S004,39,6,74,76.43,52.72,95.99,1.82
CA,U502N EXPLORER [11-19],6781,D8,5,82,749.63,565.46,1031.23,1.82
WA,U625N EXPLORER [20-27],12A650,04,29,1042,47.53,35.68,64.78,1.82
SC,U625N EXPLORER [20-27],7862187,33,5,63,77.05,68.06,123.85,1.82
TN,CD539N EDGE [15-24],RENTAL,82,5,134,224.82,157.01,285.48,1.82
NJ,CX430N C-SUV [21-27],8501,D8,46,2200,597.16,470.92,855.64,1.82
PA,P558N SUPER DUTY [17-22],3304,42,8,128,437.24,340.98,620.46,1.82
TX,P558N SUPER DUTY [17-22],FRONT,82,9,154,114.16,78.47,142.7,1.82
OH,CX482N ESCAPE [20-26],18125,42,20,450,348.21,265.54,484.12,1.82
IA,P558N SUPER DUTY [17-22],RECALEM,04,13,208,60.71,47.5,86.26,1.82
MN,U611N AVIATOR [20-27],14G371,04,10,739,94.16,62.33,113.23,1.82
LA,CX482N ESCAPE [20-26],8A507,*,5,131,95.69,72.08,131.16,1.82
FL,V363N TRANSIT [14-27],6020,D8,6,168,1450.94,1162.67,2117.25,1.82
AZ,CX482N ESCAPE [20-26],18125,D8,9,181,287.66,200.36,362.82,1.81
FL,P758N C-PICKUP [22-27],14529,42,5,66,122.91,112.21,202.65,1.81
OH,U625N EXPLORER [20-27],3A428,42,32,638,278.19,213.71,386.52,1.81
NE,P558N SUPER DUTY [17-22],3E651,42,31,842,93.8,66.36,120.37,1.81
MA,P552N F-150 [15-20],11002,42,9,112,383.96,249.02,451.55,1.81
WI,U502N EXPLORER [11-19],16612,D7,10,160,1214.24,813.09,1469.77,1.81
MA,P558N SUPER DUTY [17-22],NPF,82,8,176,78.8,51.64,93.43,1.81
MN,P702N F150 [21-27],12A650,04,21,426,51.39,39.41,71.38,1.81
CO,U625N EXPLORER [20-27],3A427,D8,9,175,266.37,251.54,455.54,1.81
IN,V363N TRANSIT [14-27],48H6,42,10,169,280.36,194.53,351.15,1.81
TX,P558N SUPER DUTY [17-22],3E651,*,13,453,82.73,64.8,117.31,1.81
CA,P702N F150 [21-27],4234,42,33,497,695.55,569.8,1029.05,1.81
MN,V363N TRANSIT [14-27],48H6,42,14,265,316.7,248.57,450.59,1.81
AZ,P552N F-150 [15-20],5586,42,6,119,159.16,114.97,207.55,1.81
CO,P702N F150 [21-27],4234,42,11,189,658.0,478.39,864.25,1.81
MI,V363N TRANSIT [14-27],4676,D8,5,83,214.65,150.82,273.24,1.81
IL,U625N EXPLORER [20-27],7862187,01,5,99,78.14,72.64,131.16,1.81
NJ,U502N EXPLORER [11-19],16612,1Q,17,300,1233.05,995.07,1797.55,1.81
AZ,U611N AVIATOR [20-27],9B325,42,5,163,231.18,141.98,257.37,1.81
MA,P558N SUPER DUTY [17-22],12029,42,7,97,351.1,239.33,433.07,1.81
NC,P702N F150 [21-27],6714,82,21,551,64.57,51.16,92.37,1.81
VA,CX430N C-SUV [21-27],8501,D8,38,1681,590.99,389.19,703.99,1.81
TX,S550N MUSTANG [15-23],9G297,42,26,419,169.01,132.08,239.37,1.81
CA,CX727N MACH-E [21-26],14G490,04,14,239,55.95,37.95,68.86,1.81
TX,P552N F-150 [15-20],6C525,42,6,92,1425.51,1231.0,2227.51,1.81
IA,P558N SUPER DUTY [17-22],3E651,42,49,1309,98.63,74.85,135.83,1.81
NV,P558N SUPER DUTY [17-22],19G490,42,8,278,214.84,146.37,264.49,1.81
NC,U611N AVIATOR [20-27],14G371,04,17,1104,84.69,61.86,111.81,1.81
NH,P702N F150 [21-27],4676,D8,13,482,194.28,161.35,291.24,1.81
CA,P702N F150 [21-27],17508,42,6,79,178.9,139.97,253.22,1.81
NJ,CX727N MACH-E [21-26],PATSKEY,42,25,485,268.07,163.44,296.06,1.81
NY,P702N F150 [21-27],9C888,42,18,290,349.23,265.89,481.49,1.81
MO,P702N F150 [21-27],9C888,42,10,200,348.44,271.84,492.97,1.81
OK,P552N F-150 [15-20],14G371,42,10,174,139.17,101.4,183.34,1.81
UT,P558N SUPER DUTY [17-22],65,42,18,740,219.46,151.5,273.85,1.81
MO,P558N SUPER DUTY [17-22],9C888,42,24,416,455.44,346.04,626.49,1.81
CA,P702N F150 [21-27],2005,42,12,163,1484.9,1164.95,2104.67,1.81
OH,P702N F150 [21-27],10D672,42,43,878,59.52,47.16,85.35,1.81
AZ,V363N TRANSIT [14-27],8C607,42,14,1301,566.5,464.67,842.83,1.81
VA,CD539N EDGE [15-24],9D289,42,22,365,304.21,226.24,409.79,1.81
ND,P552N F-150 [15-20],7A100,49,5,190,82.77,64.46,116.75,1.81
IL,V363N TRANSIT [14-27],9D370,42,25,453,64.23,54.39,98.29,1.81
OH,P558N SUPER DUTY [17-22],3E651,42,115,3585,97.88,77.81,140.72,1.81
MA,CX727N MACH-E [21-26],14A411,28,29,768,262.52,208.05,376.26,1.81
IL,P558N SUPER DUTY [17-22],14A068,42,17,304,333.49,210.06,379.72,1.81
WV,CX430N C-SUV [21-27],14G371,04,11,252,38.09,35.69,64.59,1.81
NE,CX482N ESCAPE [20-26],99RT4,42,5,81,236.34,138.86,251.17,1.81
TX,CX483N CORSAIR [20-26],5450036,33,7,132,177.28,112.87,203.88,1.81
PA,P703N RANGER [24-26],26243C02,*,7,102,272.3,182.54,330.65,1.81
ME,P558N SUPER DUTY [17-22],NPF,82,8,317,59.95,50.74,92.07,1.81
FL,P702N F150 [21-27],19G317,42,20,299,482.52,382.48,693.45,1.81
NY,U625N EXPLORER [20-27],7A195,42,15,228,1299.98,924.75,1675.13,1.81
WI,P552N F-150 [15-20],6B018,*,18,499,131.16,102.07,183.95,1.8
PA,P702N F150 [21-27],1621597,41,23,371,125.18,89.23,160.88,1.8
WV,U625N EXPLORER [20-27],3A427,42,5,65,243.58,162.33,291.7,1.8
LA,P558N SUPER DUTY [17-22],14A068,42,14,283,321.87,209.0,376.05,1.8
TX,U502N EXPLORER [11-19],8501,42,12,185,1359.79,998.1,1801.47,1.8
NV,U625N EXPLORER [20-27],19980,39,10,663,84.91,61.22,109.99,1.8
IL,P702N F150 [21-27],6731,82,19,382,56.09,40.6,73.05,1.8
CA,U502N EXPLORER [11-19],8C607,82,5,100,411.68,384.78,692.4,1.8
PA,P758N C-PICKUP [22-27],NPF,82,7,101,60.77,54.98,98.99,1.8
NJ,CD539N EDGE [15-24],9D289,42,32,607,325.3,259.72,468.62,1.8
FL,U554N NAVIGATOR [18-24],1A189,42,8,157,204.78,125.7,226.85,1.8
NC,P558N SUPER DUTY [17-22],16720,39,8,327,260.23,186.15,335.37,1.8
CA,C520N ESCAPE [13-19],7000,42,12,159,5152.13,3377.07,6067.37,1.8
WA,U625N EXPLORER [20-27],1A189,42,11,138,195.35,157.93,284.96,1.8
CO,P473N SUPER DUTY [11-16],5J225,42,33,1385,588.67,460.86,828.06,1.8
CO,U502N EXPLORER [11-19],14B686,X4,20,578,200.79,160.72,288.8,1.8
CO,P558N SUPER DUTY [17-22],19G490,*,8,220,170.4,115.7,208.01,1.8
IA,P702N F150 [21-27],1523200,82,15,372,40.94,35.85,64.38,1.8
GA,CX727N MACH-E [21-26],10B689,04,26,776,82.86,57.6,103.54,1.8
CO,P702N F150 [21-27],5A212,42,9,123,793.91,704.16,1264.64,1.8
MD,C520N ESCAPE [13-19],7902,42,11,192,2524.96,1982.02,3568.94,1.8
CO,P552N F-150 [15-20],5E212,42,20,523,1256.7,988.72,1779.12,1.8
AZ,CX727N MACH-E [21-26],PATSKEY,42,10,215,249.67,165.14,297.21,1.8
NJ,P552N F-150 [15-20],1104,42,27,492,483.48,426.84,766.82,1.8
MN,U553N EXPEDITION [18-24],14G371,04,5,70,71.38,60.51,109.05,1.8
MI,U625N EXPLORER [20-27],2C219,04,42,1420,45.96,38.4,69.1,1.8
NJ,U625N EXPLORER [20-27],7B215,D8,19,446,325.8,218.16,392.36,1.8
GA,P552N F-150 [15-20],9C888,42,27,563,458.92,323.0,581.13,1.8
MD,U611N AVIATOR [20-27],19G490,42,5,112,258.31,152.6,274.43,1.8
MO,CD391N FUSION [13-20],90T5,42,7,85,49.16,40.58,73.04,1.8
FL,CX727N MACH-E [21-26],ENTRE,P3,6,130,11835.92,9437.73,17010.05,1.8
NY,U611N AVIATOR [20-27],TCARE,82,5,232,381.86,227.67,409.66,1.8
NY,CX430N C-SUV [21-27],8A507,*,10,301,100.89,88.21,159.01,1.8
AZ,C520N ESCAPE [13-19],SERVICE,82,5,220,35.68,35.68,64.2,1.8
MO,CX727N MACH-E [21-26],RENTAL,82,11,202,199.84,142.74,256.93,1.8
OH,U540N MKX [16-23],7902,42,6,118,1939.8,1851.58,3336.13,1.8
NC,P702N F150 [21-27],1523200,82,34,957,44.63,36.63,65.97,1.8
CO,P558N SUPER DUTY [17-22],7H351,42,9,153,4154.91,3064.91,5522.06,1.8
NC,CX482N ESCAPE [20-26],14F642,42,17,285,44.58,36.63,65.97,1.8
NC,P558N SUPER DUTY [17-22],9H307,42,19,278,614.88,489.56,879.81,1.8
MA,P558N SUPER DUTY [17-22],14A068,42,16,272,291.16,231.23,415.15,1.8
TX,U725N BRONCO [21-26],94RH7,42,34,556,304.54,217.41,390.92,1.8
CA,CD391N FUSION [13-20],9G444,42,7,87,202.06,182.71,328.61,1.8
PA,CX483N CORSAIR [20-26],78519A70,42,13,390,200.31,142.72,256.56,1.8
VA,U625N EXPLORER [20-27],14B291,04,7,257,53.09,44.61,80.33,1.8
IL,U725N BRONCO [21-26],12A650,04,10,120,53.35,43.14,77.82,1.8
IA,P702N F150 [21-27],17626,42,11,143,512.12,357.39,644.41,1.8
NM,P558N SUPER DUTY [17-22],19703,42,7,144,764.92,715.07,1286.57,1.8
NC,P708 F250 - 600 [23-27],3B676,42,7,105,205.57,184.25,331.12,1.8
NC,U725N BRONCO [21-26],4A376,01,7,106,466.52,305.53,549.98,1.8
TX,P552N F-150 [15-20],6675,D8,83,2610,510.74,412.2,742.9,1.8
TX,U611N AVIATOR [20-27],9B325,42,25,1078,200.4,136.17,245.7,1.8
NJ,P708 F250 - 600 [23-27],1621597,41,16,297,126.97,97.45,175.36,1.8
PA,P708 F250 - 600 [23-27],RECALEM,04,7,96,54.95,48.67,87.74,1.8
TX,U540N MKX [16-23],RECAL,04,7,166,96.35,63.7,114.66,1.8
TX,P758N C-PICKUP [22-27],14529,42,7,80,121.22,91.59,165.14,1.8
WY,U625N EXPLORER [20-27],14529,91,5,150,45.16,38.03,68.27,1.8
TX,S550N MUSTANG [15-23],6006,42,7,96,6215.7,3826.95,6907.23,1.8
TX,P558N SUPER DUTY [17-22],RECAL,04,8,93,66.3,48.27,87.07,1.8
TX,CX430N C-SUV [21-27],9D289,42,61,1250,276.04,211.59,378.31,1.79
VA,U553N EXPEDITION [18-24],6256,42,41,1230,1407.89,1043.59,1868.4,1.79
OH,U540N MKX [16-23],94RH7,42,14,571,269.26,180.12,322.69,1.79
OK,CD391N FUSION [13-20],7S004,39,6,87,49.74,44.81,80.33,1.79
AZ,CX482N ESCAPE [20-26],14G371,42,5,66,390.68,265.5,473.99,1.79
TX,P552N F-150 [15-20],13K359,42,7,126,143.48,103.83,185.86,1.79
FL,V408E TRANSIT CONNECT [13-24],9D289,42,11,140,274.12,207.47,371.2,1.79
FL,V363N TRANSIT [14-27],9D370,42,54,1388,54.93,44.19,79.23,1.79
MI,P702N F150 [21-27],2005,42,17,252,1285.12,929.88,1660.15,1.79
AZ,P558N SUPER DUTY [17-22],5L248,42,17,455,284.5,235.32,421.07,1.79
MA,U725N BRONCO [21-26],14B291,04,7,106,53.66,44.53,79.72,1.79
AL,P558N SUPER DUTY [17-22],14A068,42,15,244,315.54,224.62,402.5,1.79
CA,U625N EXPLORER [20-27],7B215,D8,21,432,463.56,339.8,609.72,1.79
KY,U502N EXPLORER [11-19],65,42,5,65,44.96,41.25,73.73,1.79
IA,U625N EXPLORER [20-27],7B215,D8,10,166,284.77,189.83,338.93,1.79
OH,CX430N C-SUV [21-27],9D289,42,20,316,273.0,236.78,423.37,1.79
CO,P708 F250 - 600 [23-27],17032,16,12,311,45.13,37.21,66.64,1.79
LA,P552N F-150 [15-20],2140,*,6,119,167.63,130.29,233.04,1.79
CA,P702N F150 [21-27],14A626,04,118,5864,44.58,35.97,64.29,1.79
CO,P552N F-150 [15-20],6582,D8,12,269,478.54,334.12,596.59,1.79
AL,B515A ECOSPORT INDIA [13-22],8592,42,6,99,402.57,275.84,493.51,1.79
PA,P558N SUPER DUTY [17-22],5J249,42,11,155,370.11,260.26,465.5,1.79
MA,U625N EXPLORER [20-27],DIAG,82,5,94,81.93,66.31,118.52,1.79
NJ,CDX707A NAUTILUS [23-26],18125,42,7,159,104.14,89.95,161.09,1.79
MN,P702N F150 [21-27],4B416,D8,9,166,364.52,287.37,513.2,1.79
CA,V363N TRANSIT [14-27],DTEST,82,6,100,117.76,99.92,178.42,1.79
CA,CX482N ESCAPE [20-26],9F479,04,89,2469,47.8,36.91,66.24,1.79
TX,CX430N C-SUV [21-27],7861203,42,16,187,158.67,121.84,218.26,1.79
NJ,CX483N CORSAIR [20-26],14F642,42,6,131,46.11,39.97,71.6,1.79
CA,P558N SUPER DUTY [17-22],8075,D8,11,221,251.35,187.45,335.81,1.79
UT,P558N SUPER DUTY [17-22],5L248,42,10,210,237.29,192.24,344.2,1.79
WV,P702N F150 [21-27],4676,D8,7,98,164.77,137.42,246.64,1.79
TX,P702N F150 [21-27],3N134,D8,12,173,279.48,194.74,347.61,1.79
NJ,U553N EXPEDITION [18-24],7H351,42,16,243,2749.98,1963.62,3508.31,1.79
LA,CDX707A NAUTILUS [23-26],DELIVERY,82,5,477,82.08,49.96,89.21,1.79
TX,ECONOLINE [97-27],65,42,6,121,178.96,139.91,251.01,1.79
NC,CD539N EDGE [15-24],48H6,42,20,368,274.42,200.1,357.44,1.79
OH,U625N EXPLORER [20-27],7862187,01,7,112,73.2,58.52,104.87,1.79
CA,CD391N FUSION [13-20],5G232,42,21,277,1593.61,1347.77,2414.04,1.79
IA,P552N F-150 [15-20],6M280,42,7,89,289.71,234.92,419.73,1.79
MO,U553N EXPEDITION [18-24],NPF,82,5,102,81.18,56.08,100.28,1.79
MI,U611N AVIATOR [20-27],54264A27,42,5,61,443.96,317.5,569.75,1.79
MA,U502N EXPLORER [11-19],16612,1Q,17,261,1426.98,1148.79,2055.26,1.79
MO,P702N F150 [21-27],48H6,42,46,1419,286.61,191.88,343.71,1.79
MN,U554N NAVIGATOR [18-24],16A507,42,5,177,914.38,839.51,1503.31,1.79
NC,P702N F150 [21-27],94RH7,42,26,583,299.27,208.35,373.94,1.79
WI,U553N EXPEDITION [18-24],3N134,D8,13,192,248.21,190.52,340.94,1.79
CT,U502N EXPLORER [11-19],14B192,46,15,466,113.49,98.24,175.72,1.79
NJ,CDX707A NAUTILUS [23-26],3G590,79,14,581,98.68,79.95,143.19,1.79
NJ,CX483N CORSAIR [20-26],RECALEM,04,5,99,50.56,39.97,71.6,1.79
TX,U611N AVIATOR [20-27],3A427,D8,5,191,369.95,325.73,581.49,1.79
PA,P708 F250 - 600 [23-27],7869,42,6,71,406.84,340.96,610.85,1.79
KS,P702N F150 [21-27],NPF,82,9,259,83.86,52.05,93.22,1.79
NC,CD539N EDGE [15-24],6731,82,5,83,76.33,50.58,90.73,1.79
NY,V363N TRANSIT [14-27],1109,42,8,119,565.59,518.35,927.02,1.79
AZ,P702N F150 [21-27],19G490,42,14,323,229.0,205.23,367.25,1.79
FL,P552N F-150 [15-20],8501,42,42,1194,454.35,363.35,650.65,1.79
AZ,P758N C-PICKUP [22-27],14G371,04,11,182,47.96,35.68,63.72,1.79
NJ,U625N EXPLORER [20-27],3A427,D8,29,1204,267.05,234.9,421.53,1.79
GA,U502N EXPLORER [11-19],W709002,*,14,427,46.13,38.53,68.89,1.79
GA,P552N F-150 [15-20],1651070,01,8,125,434.6,312.66,559.37,1.79
CA,P552N F-150 [15-20],3C247,42,9,147,471.41,357.05,638.48,1.79
CO,P552N F-150 [15-20],6731,82,6,229,70.34,44.74,80.06,1.79
MA,P558N SUPER DUTY [17-22],3B396,42,10,186,423.59,349.01,626.0,1.79
MN,U502N EXPLORER [11-19],16612,1Q,18,470,1407.46,1118.31,1997.03,1.79
MA,C520N ESCAPE [13-19],6009,D8,36,777,4203.22,3290.49,5884.89,1.79
FL,U718N NAVIGATOR [25-27],14F042,42,22,565,48.27,36.66,65.62,1.79
ME,P558N SUPER DUTY [17-22],5J249,42,12,249,281.57,232.1,416.14,1.79
FL,CX430N C-SUV [21-27],18125,42,6,111,273.48,242.94,435.36,1.79
PA,U625N EXPLORER [20-27],5E212,01,13,173,921.81,760.25,1361.44,1.79
OR,U553N EXPEDITION [18-24],7H351,42,7,143,2414.99,2058.15,3676.73,1.79
OH,U625N EXPLORER [20-27],7A100,04,5,70,124.44,116.15,208.34,1.79
WA,U540N MKX [16-23],DELIVERY,82,5,420,82.08,49.96,89.21,1.79
NJ,CX727N MACH-E [21-26],10C666,42,38,740,1640.13,1453.48,2599.8,1.79
FL,U725N BRONCO [21-26],12A650,04,24,416,46.07,36.66,65.6,1.79
WA,P558N SUPER DUTY [17-22],5L248,42,11,138,295.56,262.91,470.34,1.79
NH,P708 F250 - 600 [23-27],19703,42,18,1088,176.73,120.29,214.85,1.79
FL,P552N F-150 [15-20],7A100,04,8,160,197.77,183.85,329.73,1.79
FL,S550N MUSTANG [15-23],18808,42,6,76,169.75,108.87,194.94,1.79
MT,V363N TRANSIT [14-27],7A195,04,9,568,48.29,36.69,65.55,1.79
ND,P558N SUPER DUTY [17-22],NPF,42,5,121,55.45,48.35,86.77,1.79
CA,P552N F-150 [15-20],4676,D8,11,170,258.56,184.43,329.26,1.79
NY,U611N AVIATOR [20-27],9B325,42,13,538,252.01,180.79,323.36,1.79
PA,P558N SUPER DUTY [17-22],7H351,42,18,295,3188.23,2467.59,4412.51,1.79
NE,P702N F150 [21-27],7210,42,11,336,386.33,318.12,568.53,1.79
PA,P702N F150 [21-27],3C247,42,13,214,470.44,357.05,635.64,1.78
MN,U553N EXPEDITION [18-24],16A506,42,6,100,1069.59,820.38,1459.42,1.78
PA,CX430N C-SUV [21-27],18125,42,7,162,271.31,211.88,376.99,1.78
MI,U553N EXPEDITION [18-24],14G647,42,12,278,138.29,106.88,190.04,1.78
TX,P552N F-150 [15-20],9B325,42,6,71,207.15,158.66,283.18,1.78
VA,P375N RANGER [19-23],7A100,42,6,67,726.6,647.95,1152.16,1.78
PA,CD533N MKZ [13-20],RENTAL,82,10,466,82.08,64.23,114.19,1.78
ME,U502N EXPLORER [11-19],14B192,46,6,143,106.84,66.85,119.18,1.78
CA,P375N RANGER [19-23],2200,30,5,84,250.47,184.61,328.74,1.78
NV,P758N C-PICKUP [22-27],RENTAL,82,5,158,192.7,160.58,285.48,1.78
NY,U725N BRONCO [21-26],17504,42,26,1540,37.26,35.73,63.67,1.78
NY,CX727N MACH-E [21-26],H3,42,12,149,324.66,284.32,504.76,1.78
TX,V408E TRANSIT CONNECT [13-24],7902,42,6,88,2941.85,2302.21,4099.48,1.78
SC,CX430N C-SUV [21-27],48H6,42,13,232,288.66,200.74,358.3,1.78
MN,P702N F150 [21-27],14A626,42,8,137,168.7,139.28,247.98,1.78
TX,C520N ESCAPE [13-19],7S004,*,8,337,55.65,38.41,68.22,1.78
TN,P558N SUPER DUTY [17-22],19G490,*,6,132,121.73,103.9,185.31,1.78
NE,V363N TRANSIT [14-27],7A195,04,5,133,58.02,35.97,63.9,1.78
OH,CX482N ESCAPE [20-26],99RT4,42,19,377,232.03,177.48,316.3,1.78
NY,CX483N CORSAIR [20-26],78519A70,42,12,416,238.15,178.73,318.25,1.78
CA,U554N NAVIGATOR [18-24],19860,42,17,449,1111.49,793.17,1411.6,1.78
KY,U502N EXPLORER [11-19],14B686,X4,19,349,150.41,122.5,218.09,1.78
GA,P552N F-150 [15-20],11002,42,11,156,342.3,285.88,507.73,1.78
LA,U625N EXPLORER [20-27],7862187,42,7,98,70.21,55.57,98.73,1.78
TN,V363N TRANSIT [14-27],14G371,04,6,83,48.86,41.59,73.94,1.78
TN,P708 F250 - 600 [23-27],RECALEM,04,7,96,76.65,62.39,110.91,1.78
TN,P702N F150 [21-27],5E212,42,5,59,1287.51,1178.65,2095.99,1.78
MS,P702N F150 [21-27],RECAL,04,14,294,101.35,72.01,128.29,1.78
TX,P558N SUPER DUTY [17-22],5L239,42,13,177,232.89,166.93,297.0,1.78
FL,U611N AVIATOR [20-27],7P238,42,5,74,477.11,359.95,641.02,1.78
OR,P558N SUPER DUTY [17-22],3E651,42,34,1546,103.95,72.46,129.07,1.78
IA,U222N EXPEDITION [02-17],19805,*,13,297,353.62,268.04,477.67,1.78
MI,CX482N ESCAPE [20-26],14F642,42,23,712,44.55,36.83,65.66,1.78
NE,U625N EXPLORER [20-27],7P155,42,6,114,37.62,35.97,63.9,1.78
FL,V363N TRANSIT [14-27],7A195,04,49,1301,42.88,35.97,64.02,1.78
NE,P702N F150 [21-27],6714,82,15,570,64.62,51.7,91.94,1.78
KY,CX482N ESCAPE [20-26],8A507,*,8,187,87.95,66.12,117.89,1.78
MI,P702N F150 [21-27],7222,33,25,749,140.63,106.68,190.27,1.78
CA,P558N SUPER DUTY [17-22],RECAL,04,17,243,72.8,49.96,89.07,1.78
MD,D544N CONTINENTAL [17-20],DELIVERY,82,5,92,82.08,64.23,114.19,1.78
VT,P702N F150 [21-27],NPF,42,6,104,59.95,45.53,81.09,1.78
MI,P702N F150 [21-27],1621597,41,43,1230,115.68,91.52,162.54,1.78
IA,P552N F-150 [15-20],1104,42,14,290,454.13,369.8,658.98,1.78
CA,P702N F150 [21-27],4676,D8,30,508,281.3,190.81,340.52,1.78
NC,P552N F-150 [15-20],1104,42,29,498,496.06,351.22,626.12,1.78
MI,CD539N EDGE [15-24],48H6,42,68,3861,286.56,244.52,436.06,1.78
FL,P702N F150 [21-27],14A626,04,53,1441,43.21,35.97,64.02,1.78
NJ,U502N EXPLORER [11-19],5G232,42,19,466,773.65,640.82,1138.9,1.78
MD,U540N MKX [16-23],DELIVERY,82,8,561,82.08,64.23,114.19,1.78
PA,CX483N CORSAIR [20-26],94RH7,42,13,567,304.6,212.53,379.05,1.78
TX,U625N EXPLORER [20-27],5E213,42,5,201,786.84,578.38,1031.7,1.78
MA,CDX707A NAUTILUS [23-26],14H522,04,5,479,425.12,279.8,497.92,1.78
IN,P702N F150 [21-27],7210,42,21,442,389.31,334.18,595.12,1.78
KY,P702N F150 [21-27],48H6,42,25,586,245.04,189.83,338.02,1.78
VT,P708 F250 - 600 [23-27],19703,42,12,369,127.5,101.59,180.85,1.78
PA,P552N F-150 [15-20],8501,42,7,105,362.87,265.67,473.7,1.78
NY,P473N SUPER DUTY [11-16],5J225,42,56,1010,540.22,422.01,751.15,1.78
PA,P702N F150 [21-27],17508,*,28,1557,130.06,100.92,179.71,1.78
PA,CDX707A NAUTILUS [23-26],RENTAL,82,9,506,96.35,64.23,114.19,1.78
IL,CX483N CORSAIR [20-26],9D289,42,12,406,281.59,217.43,387.3,1.78
MI,P558N SUPER DUTY [17-22],7H351,17,5,76,1906.95,1720.62,3058.62,1.78
PA,CD391N FUSION [13-20],2078,*,9,361,187.53,137.58,243.37,1.77
CO,P558N SUPER DUTY [17-22],6700,D8,5,57,396.72,293.42,517.99,1.77
AL,CD539N EDGE [15-24],48H6,42,11,206,294.13,185.36,328.63,1.77
NJ,U502N EXPLORER [11-19],7902,42,10,147,3262.21,2618.55,4636.56,1.77
WV,P702N F150 [21-27],48H6,42,14,266,268.13,194.78,345.71,1.77
IL,CD391N FUSION [13-20],54264A26,*,7,92,535.82,373.91,661.66,1.77
CA,U611N AVIATOR [20-27],7P238,42,7,90,506.0,413.05,730.2,1.77
MO,U625N EXPLORER [20-27],3A428,D8,11,238,301.44,228.44,403.34,1.77
NY,P702N F150 [21-27],14489,42,8,97,122.59,93.56,165.52,1.77
OH,U611N AVIATOR [20-27],1A189,42,10,326,207.52,162.54,288.1,1.77
NJ,P552N F-150 [15-20],13832,42,5,55,197.15,152.56,269.34,1.77
CA,V363N TRANSIT [14-27],14G672,04,57,1787,44.75,36.4,64.29,1.77
CA,P552N F-150 [15-20],1A189,42,24,411,134.71,115.39,204.16,1.77
NM,U502N EXPLORER [11-19],14B192,46,11,457,103.17,72.97,128.83,1.77
FL,P552N F-150 [15-20],2200,82,8,160,200.23,173.4,306.07,1.77
LA,U554N NAVIGATOR [18-24],19G490,42,7,261,213.27,178.97,317.08,1.77
TX,P558N SUPER DUTY [17-22],17682,42,12,149,1190.67,927.35,1641.15,1.77
MO,CX482N ESCAPE [20-26],9D289,42,15,337,237.72,158.68,281.08,1.77
TX,P558N SUPER DUTY [17-22],12B565,42,6,69,340.61,224.32,396.88,1.77
OK,P708 F250 - 600 [23-27],RECALEM,04,10,152,73.93,51.7,91.42,1.77
MO,P552N F-150 [15-20],78218A43,69,5,57,198.17,154.37,273.18,1.77
CA,U625N EXPLORER [20-27],8310,82,5,223,233.09,174.57,309.02,1.77
MI,P375N RANGER [19-23],14G371,04,27,484,44.55,37.17,65.66,1.77
MN,P558N SUPER DUTY [17-22],65,42,12,208,199.23,177.22,313.76,1.77
CA,CX727N MACH-E [21-26],14G617,42,18,291,72.8,52.04,92.21,1.77
NY,B515A ECOSPORT INDIA [13-22],5G232,01,38,1248,969.94,764.38,1352.76,1.77
CA,P558N SUPER DUTY [17-22],9C888,42,107,3559,588.33,432.62,765.99,1.77
PA,U553N EXPEDITION [18-24],3N134,D8,13,195,236.52,201.43,355.72,1.77
CO,P702N F150 [21-27],14B291,04,26,1367,56.43,42.76,75.79,1.77
ID,P702N F150 [21-27],19E525,16,8,181,53.5,37.73,66.69,1.77
AL,CX430N C-SUV [21-27],7C108,14,8,124,1662.14,1447.81,2564.66,1.77
IL,CDX707A NAUTILUS [23-26],2005,79,17,929,52.99,40.7,71.86,1.77
ME,P558N SUPER DUTY [17-22],9H307,42,9,133,534.44,451.24,799.29,1.77
NC,P702N F150 [21-27],14B291,04,62,2191,50.88,38.26,67.89,1.77
IN,U625N EXPLORER [20-27],19980,39,57,1461,86.56,71.93,127.42,1.77
OH,P558N SUPER DUTY [17-22],5J249,42,9,121,355.69,246.52,435.34,1.77
IN,U625N EXPLORER [20-27],7B215,D8,9,144,288.39,232.51,412.61,1.77
NY,CX482N ESCAPE [20-26],99RT4,42,18,288,264.71,188.64,333.37,1.77
NJ,U611N AVIATOR [20-27],9B325,42,12,368,221.49,181.87,322.67,1.77
FL,S550N MUSTANG [15-23],19703,42,9,120,1110.99,871.43,1541.23,1.77
ID,P708 F250 - 600 [23-27],3B676,42,5,78,219.74,174.04,308.45,1.77
LA,P558N SUPER DUTY [17-22],4676,D8,6,66,231.8,210.38,372.17,1.77
TX,U625N EXPLORER [20-27],3A428,D1,6,307,241.14,159.99,282.42,1.77
IL,CD539N EDGE [15-24],1S177,D8,6,101,345.33,326.45,576.96,1.77
MD,U553N EXPEDITION [18-24],7H351,42,13,219,2774.07,2054.83,3633.81,1.77
MA,CX430N C-SUV [21-27],9D289,42,12,172,285.04,225.25,397.87,1.77
FL,P558N SUPER DUTY [17-22],19N619,82,14,329,47.63,38.15,67.51,1.77
NH,P558N SUPER DUTY [17-22],3A131,33,9,172,301.2,245.56,434.11,1.77
IL,P702N F150 [21-27],DIAG,42,8,123,83.29,56.94,100.85,1.77
CA,V363N TRANSIT [14-27],7A195,04,100,2798,44.58,36.41,64.29,1.77
GA,P558N SUPER DUTY [17-22],9601,82,12,271,67.82,47.09,83.51,1.77
VA,U625N EXPLORER [20-27],4B409,42,15,201,135.02,81.8,144.44,1.77
NC,P708 F250 - 600 [23-27],14B291,04,58,2952,51.86,38.26,67.89,1.77
FL,P473N SUPER DUTY [11-16],65,42,5,88,67.66,40.62,72.03,1.77
NV,P702N F150 [21-27],48H6,42,8,951,234.91,211.21,373.09,1.77
WA,U625N EXPLORER [20-27],3A428,D8,7,119,311.05,194.45,344.69,1.77
WI,CX482N ESCAPE [20-26],7P238,42,6,72,368.34,236.18,418.73,1.77
MD,CX482N ESCAPE [20-26],19703,42,5,66,173.39,138.89,245.36,1.77
NE,P552N F-150 [15-20],2140,*,5,99,171.1,110.67,195.93,1.77
WI,P552N F-150 [15-20],14G371,04,30,527,54.87,40.54,71.83,1.77
TX,P552N F-150 [15-20],6020,D8,17,341,1375.98,1075.0,1898.02,1.77
PA,U502N EXPLORER [11-19],6038,42,7,107,175.73,155.29,274.59,1.77
GA,U625N EXPLORER [20-27],3D102,42,7,142,1042.59,671.3,1189.75,1.77
MI,CX483N CORSAIR [20-26],14B351,42,6,106,261.97,182.65,323.48,1.77
FL,P708 F250 - 600 [23-27],8A616,42,15,220,445.6,382.74,676.29,1.77
OR,C520N ESCAPE [13-19],6009,D8,14,273,4378.72,2790.9,4945.07,1.77
SC,V363N TRANSIT [14-27],48H6,42,7,152,290.35,214.49,380.58,1.77
WI,CX482N ESCAPE [20-26],99RT4,42,20,290,258.62,184.78,327.26,1.77
GA,P702N F150 [21-27],48H6,42,68,2827,275.94,207.22,366.89,1.77
GA,V363N TRANSIT [14-27],9D370,42,22,361,49.6,40.29,71.41,1.77
OR,P552N F-150 [15-20],9C888,42,18,339,449.0,352.24,624.54,1.77
MI,U625N EXPLORER [20-27],7811782,24,5,104,59.93,48.0,84.89,1.77
MI,CX727N MACH-E [21-26],NPF,82,5,86,83.47,62.3,110.04,1.77
TX,C346N FOCUS [12-18],7Z369,42,31,492,491.35,363.09,637.48,1.76
IL,CX482N ESCAPE [20-26],99RT4,42,26,530,271.36,237.33,416.54,1.76
ME,CX482N ESCAPE [20-26],7820125,61,23,1843,274.93,202.06,356.18,1.76
PA,U611N AVIATOR [20-27],9B325,42,12,283,180.71,153.65,269.95,1.76
IN,P131N STRIPPED CHASSIS [99-26],2C026,42,5,139,548.91,421.25,740.81,1.76
MN,P552N F-150 [15-20],5E212,42,13,216,1407.85,1034.38,1819.03,1.76
OH,V363N TRANSIT [14-27],NPF,82,8,164,89.28,72.48,127.4,1.76
NE,U717N EXPEDITION [25-27],14F042,42,5,88,38.98,38.23,67.44,1.76
KS,P702N F150 [21-27],10D672,42,12,306,60.05,45.29,79.9,1.76
UT,U553N EXPEDITION [18-24],4B416,D8,5,62,260.03,196.17,346.17,1.76
OH,P558N SUPER DUTY [17-22],7H351,42,7,113,3030.82,2216.75,3898.14,1.76
NC,P558N SUPER DUTY [17-22],6020,D8,5,119,2880.23,1992.12,3505.52,1.76
AZ,P702N F150 [21-27],5E212,42,8,133,1630.65,1134.03,1993.57,1.76
AZ,U625N EXPLORER [20-27],14B291,04,5,197,55.67,49.96,87.79,1.76
MT,P702N F150 [21-27],14B291,04,11,362,63.88,50.97,89.74,1.76
ME,P708 F250 - 600 [23-27],NPF,82,8,339,74.94,53.09,93.36,1.76
TX,P702N F150 [21-27],5E212,55,8,130,1323.34,1049.92,1847.9,1.76
MA,CX430N C-SUV [21-27],8501,D8,38,1327,597.24,500.23,878.69,1.76
SC,CD539N EDGE [15-24],48H6,42,11,238,292.05,200.74,352.54,1.76
PA,U554N NAVIGATOR [18-24],14G371,04,9,161,80.27,54.97,96.64,1.76
IA,P702N F150 [21-27],14B291,42,6,91,57.53,46.3,81.53,1.76
TN,U554N NAVIGATOR [18-24],19G490,42,6,266,321.09,213.63,376.21,1.76
NY,P558N SUPER DUTY [17-22],19703,42,5,66,765.04,633.66,1117.23,1.76
VA,P558N SUPER DUTY [17-22],6K682,42,12,185,3024.8,2108.77,3719.53,1.76
TX,U611N AVIATOR [20-27],7862187,33,8,188,104.18,87.07,153.45,1.76
NC,U625N EXPLORER [20-27],12A650,04,31,838,42.34,35.97,63.24,1.76
TX,CX727N MACH-E [21-26],14A411,28,45,1120,270.19,200.23,351.41,1.76
CA,CDX707A NAUTILUS [23-26],3G590,79,21,757,126.18,88.36,155.79,1.76
NJ,P702N F150 [21-27],1621597,41,17,299,120.96,96.09,169.06,1.76
AR,P558N SUPER DUTY [17-22],RECALEM,04,14,239,54.2,46.13,81.28,1.76
NY,CX482N ESCAPE [20-26],DIAG,82,5,67,81.26,64.05,112.9,1.76
FL,U554N NAVIGATOR [18-24],7902,42,5,54,4360.54,3260.89,5734.31,1.76
OH,CX483N CORSAIR [20-26],78519A70,42,7,212,193.48,147.49,259.11,1.76
OR,C346N FOCUS [12-18],9D289,42,16,372,103.15,72.12,127.2,1.76
IA,CX482N ESCAPE [20-26],18125,42,9,144,322.8,233.64,411.69,1.76
FL,P131N STRIPPED CHASSIS [99-26],6006,42,8,132,8699.18,6436.11,11301.92,1.76
NJ,CX482N ESCAPE [20-26],7P238,42,17,275,308.92,250.06,440.67,1.76
CA,U625N EXPLORER [20-27],8575,42,5,56,414.35,271.79,479.3,1.76
OK,P558N SUPER DUTY [17-22],1A189,42,5,57,141.28,127.81,225.26,1.76
IL,P702N F150 [21-27],12A650,04,17,217,71.94,48.8,85.64,1.76
KY,P702N F150 [21-27],9C888,42,8,114,260.69,231.22,405.97,1.76
IN,P702N F150 [21-27],DIAG,82,6,116,100.55,67.09,118.4,1.76
MI,P552N F-150 [15-20],14D696,42,6,72,242.52,197.21,347.7,1.76
WI,CX727N MACH-E [21-26],10B689,04,19,359,92.92,65.94,115.83,1.76
CO,P558N SUPER DUTY [17-22],19703,42,8,103,979.35,732.01,1290.54,1.76
OH,U625N EXPLORER [20-27],4B409,42,17,230,124.01,89.78,157.69,1.76
KY,C520N ESCAPE [13-19],RENTAL,82,5,111,249.8,164.15,289.05,1.76
NC,U725N BRONCO [21-26],NPF,82,5,104,78.59,59.95,105.46,1.76
MT,P702N F150 [21-27],19860,42,8,218,43.87,37.21,65.55,1.76
TX,P758N C-PICKUP [22-27],48H6,42,22,367,292.63,230.71,406.05,1.76
UT,U625N EXPLORER [20-27],19980,39,18,596,92.17,60.81,107.08,1.76
TX,C520N ESCAPE [13-19],96R,42,19,282,78.69,64.38,113.18,1.76
TX,P552N F-150 [15-20],12A650,42,5,55,716.41,476.55,839.0,1.76
IL,CX482N ESCAPE [20-26],TCARE,82,9,238,203.03,126.87,221.77,1.75
IL,U725N BRONCO [21-26],17504,42,77,3223,49.14,35.74,62.63,1.75
NY,ECONOLINE [97-27],6006,42,5,75,8510.22,7567.44,13267.75,1.75
PA,U625N EXPLORER [20-27],9B325,42,28,438,204.95,150.01,261.91,1.75
FL,CD533N MKZ [13-20],1A189,42,7,96,164.81,113.68,198.93,1.75
MD,CD539N EDGE [15-24],9D289,42,22,304,303.98,238.48,418.51,1.75
PA,CX430N C-SUV [21-27],NPF,42,8,143,57.46,50.24,87.74,1.75
UT,P708 F250 - 600 [23-27],1621597,41,17,449,118.19,85.4,149.2,1.75
TX,P702N F150 [21-27],14A626,42,14,244,133.32,115.77,202.32,1.75
PA,P552N F-150 [15-20],1104,30,10,179,441.26,284.77,497.08,1.75
UT,P702N F150 [21-27],7210,42,15,426,412.65,267.34,468.5,1.75
KY,CD539N EDGE [15-24],6731,82,5,153,49.09,38.93,68.25,1.75
WI,P558N SUPER DUTY [17-22],19G490,*,17,414,138.36,110.67,193.65,1.75
MO,U625N EXPLORER [20-27],7B215,D8,6,97,327.6,276.81,483.2,1.75
CA,P552N F-150 [15-20],9T516,42,15,221,315.19,222.34,389.41,1.75
NH,CX482N ESCAPE [20-26],RENTAL,82,7,141,142.74,114.19,199.84,1.75
TX,P702N F150 [21-27],1521597,42,16,276,307.01,271.84,474.85,1.75
NC,CX482N ESCAPE [20-26],14G371,04,14,230,53.67,37.6,65.97,1.75
TX,U625N EXPLORER [20-27],2C219,04,45,776,50.24,37.83,66.23,1.75
MA,P702N F150 [21-27],5A212,42,10,139,674.14,534.23,935.78,1.75
PA,CX483N CORSAIR [20-26],18125,42,8,306,233.77,225.98,395.4,1.75
SC,U554N NAVIGATOR [18-24],6256,42,6,190,1362.71,1048.92,1834.51,1.75
WV,P708 F250 - 600 [23-27],1621597,41,8,120,87.2,70.57,123.36,1.75
CA,P552N F-150 [15-20],11002,42,10,166,342.97,278.75,487.91,1.75
GA,P558N SUPER DUTY [17-22],14G371,42,5,113,119.9,97.79,171.29,1.75
IL,CX483N CORSAIR [20-26],19G490,42,6,90,262.58,191.03,335.05,1.75
CA,CD539N EDGE [15-24],RECAL,04,16,210,123.26,91.82,160.55,1.75
UT,P558N SUPER DUTY [17-22],9C888,42,22,2816,459.42,359.35,628.97,1.75
NC,CX430N C-SUV [21-27],14G371,04,62,1897,46.29,37.6,65.97,1.75
TX,P702N F150 [21-27],48H6,28,11,582,290.03,190.12,333.38,1.75
TX,P558N SUPER DUTY [17-22],6A785,D8,8,105,328.85,223.04,389.84,1.75
GA,CD391N FUSION [13-20],6375,01,6,88,1804.2,1247.7,2180.03,1.75
IN,U625N EXPLORER [20-27],3A428,D8,16,305,250.42,212.8,372.56,1.75
IL,CX482N ESCAPE [20-26],7P238,42,15,237,351.02,279.48,490.02,1.75
CA,P552N F-150 [15-20],3N134,D8,20,369,313.0,211.08,368.75,1.75
IN,P708 F250 - 600 [23-27],1621597,41,20,709,104.66,81.38,142.03,1.75
TX,U554N NAVIGATOR [18-24],1104,42,10,258,460.56,331.14,579.72,1.75
NC,U554N NAVIGATOR [18-24],14G371,04,5,166,107.28,71.51,124.8,1.75
FL,CX727N MACH-E [21-26],10B706,42,7,101,506.13,420.1,734.7,1.75
TX,U554N NAVIGATOR [18-24],7845455,01,5,82,129.45,94.1,164.66,1.75
UT,P702N F150 [21-27],4B416,D8,5,91,210.37,177.1,310.48,1.75
NC,P552N F-150 [15-20],14G371,04,31,667,49.96,37.6,65.97,1.75
CA,U717N EXPEDITION [25-27],14F042,42,26,483,44.72,36.4,63.62,1.75
NC,P375N RANGER [19-23],14G371,04,21,299,46.53,37.6,65.97,1.75
IA,P702N F150 [21-27],1621597,41,13,304,128.57,101.58,177.83,1.75
TX,C346N FOCUS [12-18],7B546,42,31,526,1095.62,871.46,1521.67,1.75
ND,P702N F150 [21-27],14B291,04,11,571,47.67,37.46,65.72,1.75
MT,U625N EXPLORER [20-27],19980,39,9,193,103.14,77.15,134.76,1.75
IA,P708 F250 - 600 [23-27],3B676,42,7,84,202.53,164.98,289.32,1.75
FL,P702N F150 [21-27],12029,42,15,234,228.02,169.69,296.34,1.75
IN,P708 F250 - 600 [23-27],65,42,7,123,393.08,306.29,535.13,1.75
AZ,U540N MKX [16-23],RENTAL,82,6,837,128.47,128.47,224.82,1.75
CA,P758N C-PICKUP [22-27],H4,42,50,845,430.3,329.65,575.65,1.75
CO,CX727N MACH-E [21-26],H3,42,11,192,367.31,327.04,571.22,1.75
PA,U625N EXPLORER [20-27],14B291,04,10,197,44.66,39.6,69.29,1.75
VA,V363N TRANSIT [14-27],48H6,42,17,344,235.11,177.68,310.34,1.75
KY,P702N F150 [21-27],7210,42,22,372,362.14,283.17,496.52,1.75
FL,P702N F150 [21-27],1521597,42,7,118,340.11,288.76,506.1,1.75
GA,P558N SUPER DUTY [17-22],3E651,42,82,2516,98.54,77.64,136.16,1.75
NJ,U625N EXPLORER [20-27],19980,39,52,3055,95.16,83.52,146.32,1.75
TX,V363N TRANSIT [14-27],19805,42,29,931,272.16,189.36,331.84,1.75
WV,P558N SUPER DUTY [17-22],3E651,42,30,994,88.26,73.09,127.68,1.75
OH,B515A ECOSPORT INDIA [13-22],5E212,01,19,470,857.57,588.72,1032.76,1.75
FL,U625N EXPLORER [20-27],78519A02,42,14,216,1028.63,763.91,1339.42,1.75
OH,P702N F150 [21-27],4676,42,6,102,180.81,142.5,248.67,1.75
TX,P702N F150 [21-27],10B689,04,29,463,70.36,54.28,95.17,1.75
NC,U625N EXPLORER [20-27],14G371,04,60,2266,46.53,37.6,65.97,1.75
FL,CX727N MACH-E [21-26],COURTESY,82,5,109,495.91,329.84,576.46,1.75
VA,P558N SUPER DUTY [17-22],14A068,42,13,279,303.07,197.97,343.49,1.74
CA,CD391N FUSION [13-20],RAV,82,12,286,117.76,101.45,176.3,1.74
OR,U625N EXPLORER [20-27],14B351,42,15,382,444.01,308.7,536.77,1.74
CA,U553N EXPEDITION [18-24],14G647,42,12,145,168.4,146.43,254.74,1.74
NH,P702N F150 [21-27],12A650,04,6,101,42.68,36.26,63.23,1.74
MI,P552N F-150 [15-20],13K359,42,14,179,114.64,100.5,175.08,1.74
ID,P558N SUPER DUTY [17-22],8A616,42,6,122,375.23,335.32,583.88,1.74
NJ,U625N EXPLORER [20-27],8501,42,7,157,517.01,426.66,741.23,1.74
CA,U611N AVIATOR [20-27],RAV,82,14,558,128.0,101.45,176.3,1.74
UT,P708 F250 - 600 [23-27],3B676,42,8,89,199.0,154.98,268.9,1.74
MD,P552N F-150 [15-20],78218A42,69,9,139,222.19,168.45,293.78,1.74
FL,P552N F-150 [15-20],13K359,42,23,412,150.28,116.79,203.48,1.74
ND,P708 F250 - 600 [23-27],14B291,04,9,324,47.67,37.85,65.72,1.74
ME,P558N SUPER DUTY [17-22],19G490,42,7,114,234.34,160.56,279.26,1.74
TX,P552N F-150 [15-20],9943170,42,8,100,124.58,107.18,186.12,1.74
WA,P708 F250 - 600 [23-27],14B291,04,33,1722,58.4,37.67,65.55,1.74
WA,P702N F150 [21-27],14B291,04,37,1422,58.4,37.67,65.55,1.74
OR,P558N SUPER DUTY [17-22],3254,42,10,161,372.04,299.75,520.12,1.74
IL,ECONOLINE [97-27],12A650,04,19,868,50.71,37.17,64.53,1.74
MI,U540N MKX [16-23],1A189,42,6,146,121.86,110.93,192.51,1.74
CA,V363N TRANSIT [14-27],8501,42,12,267,573.47,468.79,815.4,1.74
VA,P702N F150 [21-27],4676,D8,14,365,225.59,158.01,275.66,1.74
MN,P702N F150 [21-27],94RH7,42,20,483,317.35,268.62,467.77,1.74
CO,U553N EXPEDITION [18-24],4B416,D8,5,66,258.96,198.04,344.07,1.74
NJ,CX430N C-SUV [21-27],9D289,42,23,350,287.51,225.44,392.16,1.74
PA,U625N EXPLORER [20-27],4B409,42,18,229,126.52,85.67,149.21,1.74
IA,CX482N ESCAPE [20-26],99RT4,42,10,159,231.66,181.44,316.02,1.74
TN,P552N F-150 [15-20],6675,D8,13,251,549.35,428.81,746.29,1.74
MA,U625N EXPLORER [20-27],NPF,42,7,123,68.06,54.79,95.38,1.74
MT,U553N EXPEDITION [18-24],78045G34,42,5,107,52.3,40.95,71.21,1.74
MO,U502N EXPLORER [11-19],78551A46,33,44,1002,53.21,38.41,66.89,1.74
MA,P558N SUPER DUTY [17-22],7H351,42,6,112,3129.15,2408.68,4199.95,1.74
SD,P702N F150 [21-27],NPF,42,5,157,59.64,53.74,93.49,1.74
CA,S550N MUSTANG [15-23],RAV,82,15,615,127.04,101.45,176.3,1.74
AR,P552N F-150 [15-20],14G371,04,7,107,45.89,39.5,68.63,1.74
CA,U502N EXPLORER [11-19],RAV,82,11,307,121.33,101.45,176.3,1.74
GA,P708 F250 - 600 [23-27],3B676,42,6,85,183.39,172.41,299.45,1.74
MN,U625N EXPLORER [20-27],3A428,D8,13,325,378.98,273.68,476.15,1.74
PA,U611N AVIATOR [20-27],5E212,01,5,124,1052.17,864.75,1505.84,1.74
TX,P558N SUPER DUTY [17-22],1521812,42,11,123,294.57,200.29,348.7,1.74
TX,U625N EXPLORER [20-27],7A195,42,6,83,1268.85,932.59,1621.0,1.74
FL,P702N F150 [21-27],19N619,82,13,241,49.59,36.73,63.77,1.74
VA,C520N ESCAPE [13-19],9D289,42,19,312,275.09,201.06,349.62,1.74
CA,P758N C-PICKUP [22-27],SERVICE,82,18,477,35.68,35.68,62.21,1.74
NY,U625N EXPLORER [20-27],TCARE,82,10,370,230.13,187.7,326.51,1.74
CA,U540N MKX [16-23],58519A02,42,10,168,724.12,596.04,1038.62,1.74
NC,P702N F150 [21-27],1621597,41,24,462,133.03,98.78,172.08,1.74
ME,P552N F-150 [15-20],5E212,42,6,131,1258.15,1011.16,1763.24,1.74
IL,U502N EXPLORER [11-19],5G232,42,13,208,755.72,684.89,1192.03,1.74
MI,CD391N FUSION [13-20],9G444,42,19,262,171.57,152.35,265.41,1.74
MA,U625N EXPLORER [20-27],7862187,33,5,76,75.74,49.52,86.19,1.74
ID,P702N F150 [21-27],4234,01,8,167,655.23,561.11,978.63,1.74
CA,U611N AVIATOR [20-27],6K682,42,5,115,2393.62,2157.61,3758.0,1.74
WI,CX483N CORSAIR [20-26],9D289,42,5,106,266.61,180.61,314.19,1.74
AR,P558N SUPER DUTY [17-22],6675,D8,6,82,1206.45,928.84,1613.31,1.74
MS,P702N F150 [21-27],3C247,42,5,99,392.78,343.52,597.72,1.74
KS,V363N TRANSIT [14-27],6714,82,6,345,61.87,55.38,96.62,1.74
MN,CX482N ESCAPE [20-26],9D289,42,10,169,348.69,256.6,445.66,1.74
NC,P708 F250 - 600 [23-27],17032,16,13,329,55.8,40.51,70.55,1.74
PA,P558N SUPER DUTY [17-22],6675,D8,30,536,1301.74,988.11,1719.8,1.74
MD,P702N F150 [21-27],7210,42,21,634,398.59,348.11,606.16,1.74
CO,P708 F250 - 600 [23-27],NPF,82,5,69,119.33,91.95,159.8,1.74
FL,P375N RANGER [19-23],5L200,42,6,97,322.49,268.23,465.84,1.74
MS,P702N F150 [21-27],48H6,42,26,700,283.32,196.61,341.76,1.74
NJ,P702N F150 [21-27],17626,42,6,78,508.76,321.42,558.48,1.74
SC,U554N NAVIGATOR [18-24],49H8,42,5,145,336.44,241.57,419.38,1.74
NJ,CX483N CORSAIR [20-26],19G490,42,5,129,233.84,172.17,299.98,1.74
MD,CX727N MACH-E [21-26],10B689,04,29,1247,74.94,62.94,108.69,1.73
MD,U625N EXPLORER [20-27],7P238,42,12,183,358.01,268.03,463.44,1.73
FL,U540N MKX [16-23],9B325,42,7,86,277.71,221.09,383.56,1.73
CA,U625N EXPLORER [20-27],3A428,D1,13,247,310.71,260.95,450.59,1.73
KY,U502N EXPLORER [11-19],78551A46,33,21,469,47.0,36.16,62.71,1.73
AL,P702N F150 [21-27],48H6,42,29,1227,280.85,204.27,352.37,1.73
MI,P702N F150 [21-27],9D333,42,6,88,327.05,278.21,480.55,1.73
MN,CX482N ESCAPE [20-26],48H6,42,10,165,324.84,279.1,482.58,1.73
PA,P473N SUPER DUTY [11-16],5J225,42,75,1403,537.21,392.06,676.65,1.73
IL,U502N EXPLORER [11-19],W709002,*,19,644,63.28,50.11,86.81,1.73
CA,CX482N ESCAPE [20-26],6K682,42,12,148,1472.53,1280.78,2213.58,1.73
NH,P702N F150 [21-27],1621597,41,7,128,130.94,97.18,168.36,1.73
GA,P558N SUPER DUTY [17-22],9N184,82,9,174,152.6,123.57,214.11,1.73
CA,CX483N CORSAIR [20-26],RECALEM,04,5,61,64.66,50.7,87.73,1.73
TN,P552N F-150 [15-20],78218A43,42,5,63,163.11,123.59,214.09,1.73
WA,P708 F250 - 600 [23-27],17032,16,10,243,41.51,36.78,63.67,1.73
NM,P558N SUPER DUTY [17-22],9N184,82,7,179,180.36,126.0,218.01,1.73
IL,P702N F150 [21-27],14B291,42,12,185,66.85,56.01,96.76,1.73
MD,P702N F150 [21-27],3C247,42,9,120,491.76,338.55,586.85,1.73
MA,U625N EXPLORER [20-27],12A650,04,31,1140,45.36,35.88,62.24,1.73
SC,CX482N ESCAPE [20-26],6731,82,6,91,73.2,63.1,109.12,1.73
MO,C520N ESCAPE [13-19],7K340,*,10,450,46.35,38.13,66.02,1.73
WI,P558N SUPER DUTY [17-22],6675,D8,14,209,1301.35,1026.69,1774.24,1.73
TX,P702N F150 [21-27],48H6,B5,6,150,264.4,195.63,338.01,1.73
MO,CX482N ESCAPE [20-26],6731,82,6,132,69.01,60.93,105.53,1.73
AL,CX727N MACH-E [21-26],10B689,04,7,222,105.29,79.23,137.12,1.73
IN,U502N EXPLORER [11-19],5A972,*,19,1076,161.97,146.69,253.7,1.73
GA,P702N F150 [21-27],4676,D8,18,298,216.81,144.8,250.66,1.73
IL,P552N F-150 [15-20],5E212,42,31,620,1233.1,1060.59,1833.3,1.73
CA,P702N F150 [21-27],6020,D8,13,301,1895.57,1595.96,2757.48,1.73
FL,P375N RANGER [19-23],6731,82,13,352,57.91,49.92,86.5,1.73
IN,CD539N EDGE [15-24],6731,82,10,155,53.28,44.57,77.0,1.73
GA,CX483N CORSAIR [20-26],14G371,04,5,109,58.79,49.74,86.16,1.73
SC,P702N F150 [21-27],5E212,42,7,95,1503.89,1141.84,1977.38,1.73
MO,C346N FOCUS [12-18],7B546,42,16,272,1120.19,858.84,1483.31,1.73
MA,P558N SUPER DUTY [17-22],9C888,42,10,238,461.36,413.52,717.06,1.73
IL,CD391N FUSION [13-20],7583,*,9,193,60.01,42.66,73.68,1.73
CA,P552N F-150 [15-20],2001,30,11,251,331.55,227.43,392.76,1.73
ND,U625N EXPLORER [20-27],19980,39,10,300,91.1,72.57,125.46,1.73
NC,CX482N ESCAPE [20-26],9D289,42,16,263,264.36,193.79,334.75,1.73
TX,P702N F150 [21-27],1523200,82,127,4984,45.53,35.86,61.95,1.73
CA,P558N SUPER DUTY [17-22],14B321,X9,145,13057,41.75,35.86,61.88,1.73
IA,CX482N ESCAPE [20-26],9D289,42,5,84,257.27,169.97,294.16,1.73
NC,CX727N MACH-E [21-26],14G647,04,7,125,482.89,355.42,613.78,1.73
GA,CD539N EDGE [15-24],7K340,*,7,135,52.85,38.03,65.77,1.73
AZ,ECONOLINE [97-27],00817,30,8,892,98.16,64.28,110.95,1.73
CA,P758N C-PICKUP [22-27],99RT4,42,70,1752,359.58,271.76,469.71,1.73
MD,C346N FOCUS [12-18],7B546,42,11,210,1160.58,1035.04,1792.26,1.73
TX,P758N C-PICKUP [22-27],6731,82,7,194,67.16,60.66,104.67,1.73
SC,P558N SUPER DUTY [17-22],9C888,42,11,287,478.58,374.94,649.46,1.73
FL,P558N SUPER DUTY [17-22],6020,D8,16,604,2238.19,1870.42,3238.56,1.73
VA,U625N EXPLORER [20-27],7862187,33,8,133,78.34,55.43,95.86,1.73
CA,P552N F-150 [15-20],6049,42,5,60,5270.04,4749.79,8225.91,1.73
OH,U553N EXPEDITION [18-24],6714,82,9,266,51.91,42.81,74.05,1.73
NY,CX727N MACH-E [21-26],18C612,04,42,1067,44.25,37.11,64.26,1.73
WV,P552N F-150 [15-20],3C247,42,6,88,265.89,250.97,433.8,1.73
MA,P558N SUPER DUTY [17-22],3254,42,6,98,336.35,244.24,421.38,1.73
OR,V363N TRANSIT [14-27],9U433,42,5,72,1319.71,1086.74,1881.68,1.73
CA,CX430N C-SUV [21-27],4000,42,13,193,2176.69,1587.88,2732.94,1.72
PA,U625N EXPLORER [20-27],7862187,01,5,97,72.5,45.88,78.78,1.72
CA,CD391N FUSION [13-20],6375,01,17,259,2031.98,1533.93,2633.55,1.72
MD,CD391N FUSION [13-20],9D289,42,10,133,282.61,213.84,366.8,1.72
VA,P702N F150 [21-27],6731,82,9,205,61.58,44.61,76.67,1.72
FL,U611N AVIATOR [20-27],54264A26,42,6,76,557.38,425.71,734.23,1.72
FL,U611N AVIATOR [20-27],3A427,D8,6,134,439.2,309.56,533.55,1.72
MO,P702N F150 [21-27],7210,42,32,795,385.01,317.46,544.6,1.72
NC,P758N C-PICKUP [22-27],14G371,04,13,159,54.24,38.26,65.97,1.72
TX,P552N F-150 [15-20],7A100,41,5,78,850.0,700.46,1204.8,1.72
VA,CX482N ESCAPE [20-26],99RT4,42,17,360,196.92,168.13,289.68,1.72
IL,P558N SUPER DUTY [17-22],9C888,42,18,410,675.98,495.25,854.06,1.72
NV,P702N F150 [21-27],7210,42,7,316,452.34,345.53,593.91,1.72
CO,U502N EXPLORER [11-19],5A972,*,7,115,200.99,152.28,262.38,1.72
WA,CX482N ESCAPE [20-26],NPF,42,8,142,91.85,63.26,109.02,1.72
CO,CX430N C-SUV [21-27],18125,D8,7,120,270.59,237.57,409.31,1.72
FL,P558N SUPER DUTY [17-22],9B246,42,21,392,7908.37,6173.64,10602.41,1.72
AZ,P708 F250 - 600 [23-27],1621597,41,26,893,122.76,92.7,159.01,1.72
NY,U554N NAVIGATOR [18-24],14B561,04,10,272,438.46,411.5,709.65,1.72
SD,P702N F150 [21-27],14G647,04,5,99,193.81,154.53,265.72,1.72
WI,V363N TRANSIT [14-27],14G371,04,9,267,58.81,40.17,68.94,1.72
GA,P552N F-150 [15-20],8501,D8,10,163,409.88,294.82,506.76,1.72
MA,P708 F250 - 600 [23-27],3B676,42,8,167,199.68,154.64,266.32,1.72
CO,U725N BRONCO [21-26],94RH7,42,6,97,331.58,292.87,503.94,1.72
AZ,U625N EXPLORER [20-27],7862187,33,7,226,81.1,72.34,124.31,1.72
NY,CDX707A NAUTILUS [23-26],2005,79,13,1175,40.25,36.08,61.92,1.72
CA,CD539N EDGE [15-24],RAV,82,12,361,121.33,102.42,176.3,1.72
PA,P558N SUPER DUTY [17-22],ADJUST,82,8,531,138.36,116.46,199.76,1.72
IN,P558N SUPER DUTY [17-22],6675,D8,10,227,1208.38,963.06,1653.69,1.72
NE,U502N EXPLORER [11-19],5A972,*,12,573,153.85,121.32,209.12,1.72
OR,U502N EXPLORER [11-19],78551A46,33,14,289,55.47,41.77,72.03,1.72
WI,CD391N FUSION [13-20],7583,*,8,145,45.16,38.84,66.82,1.72
FL,P702N F150 [21-27],4676,42,8,178,278.62,178.8,307.79,1.72
TN,CX482N ESCAPE [20-26],14G371,04,10,153,51.1,42.89,73.94,1.72
PA,C520N ESCAPE [13-19],5500,42,6,135,274.05,247.65,426.94,1.72
NY,U502N EXPLORER [11-19],16612,D7,11,218,1199.12,903.62,1550.99,1.72
NJ,U540N MKX [16-23],9D289,42,10,213,378.53,323.83,557.05,1.72
PA,P708 F250 - 600 [23-27],14B291,04,92,2788,47.42,35.84,61.82,1.72
MI,B515A ECOSPORT INDIA [13-22],8592,42,18,285,359.82,291.93,503.34,1.72
OH,P702N F150 [21-27],7210,42,48,1012,388.01,302.08,518.98,1.72
UT,P552N F-150 [15-20],9C888,42,16,6260,490.69,336.61,579.97,1.72
WI,CD539N EDGE [15-24],RECAL,04,5,56,96.99,72.68,125.25,1.72
MD,CX482N ESCAPE [20-26],9D289,42,23,433,242.54,193.4,332.86,1.72
KS,P558N SUPER DUTY [17-22],9N184,82,5,119,136.27,99.88,172.07,1.72
NE,U725N BRONCO [21-26],14B291,04,5,73,77.35,48.72,83.93,1.72
NY,U553N EXPEDITION [18-24],48H6,42,13,176,302.08,260.41,447.61,1.72
KS,V363N TRANSIT [14-27],48H6,42,5,208,319.13,274.67,472.73,1.72
ID,U625N EXPLORER [20-27],18124,42,8,315,462.19,343.0,589.58,1.72
MO,P558N SUPER DUTY [17-22],RECALEM,04,21,307,60.82,42.01,72.32,1.72
AZ,CX727N MACH-E [21-26],10B706,42,6,144,373.96,344.01,591.5,1.72
GA,P552N F-150 [15-20],2140,*,7,214,230.6,164.47,283.34,1.72
MI,B515A ECOSPORT INDIA [13-22],5G232,42,17,254,1080.5,938.22,1617.57,1.72
MA,P702N F150 [21-27],1523200,82,23,479,46.11,37.31,64.35,1.72
AZ,CD391N FUSION [13-20],RENTAL,82,11,282,285.48,228.38,392.54,1.72
CA,P702N F150 [21-27],7210,42,116,3987,440.4,359.76,618.67,1.72
AL,P702N F150 [21-27],94RH7,42,13,273,321.1,205.35,352.37,1.72
TX,CX727N MACH-E [21-26],H3,42,27,716,315.48,227.23,390.0,1.72
KS,U502N EXPLORER [11-19],5A972,*,15,521,163.47,133.3,228.71,1.72
NV,P558N SUPER DUTY [17-22],65,42,8,828,189.64,156.16,268.41,1.72
OK,CD539N EDGE [15-24],7902,42,5,77,3218.94,2228.32,3824.95,1.72
WA,P708 F250 - 600 [23-27],19703,42,33,1661,192.51,131.84,226.71,1.72
CA,P558N SUPER DUTY [17-22],RAV,82,14,675,128.0,102.42,176.3,1.72
NC,V363N TRANSIT [14-27],14G371,04,16,323,53.67,38.25,65.97,1.72
IA,U625N EXPLORER [20-27],1A189,42,8,200,184.73,134.68,232.08,1.72
AZ,V363N TRANSIT [14-27],48H6,28,7,358,227.2,196.45,338.07,1.72
AZ,P558N SUPER DUTY [17-22],6F073,42,12,262,188.47,162.94,280.03,1.72
NC,P702N F150 [21-27],5E212,42,6,77,1539.43,1102.94,1896.82,1.72
TX,P708 F250 - 600 [23-27],14H316,42,6,77,224.46,195.68,336.72,1.72
CA,CDX707A NAUTILUS [23-26],2005,79,21,1183,47.76,37.31,64.1,1.72
CO,P702N F150 [21-27],48H6,42,25,1055,326.03,276.64,475.47,1.72
KS,P552N F-150 [15-20],14G371,42,5,111,135.1,100.09,171.82,1.72
NJ,U554N NAVIGATOR [18-24],14B561,04,8,210,424.7,342.8,590.37,1.72
CT,CX727N MACH-E [21-26],PATSKEY,42,8,110,235.61,155.38,267.38,1.72
FL,V363N TRANSIT [14-27],61264A00,42,5,189,488.46,469.29,806.18,1.72
NM,U625N EXPLORER [20-27],3D102,42,5,71,757.96,642.2,1107.06,1.72
CA,U502N EXPLORER [11-19],9G444,42,5,67,260.83,191.85,329.54,1.72
IL,P702N F150 [21-27],10D672,42,44,788,102.45,72.83,125.27,1.72
TX,C489N MKC [15-19],9D289,42,11,341,247.63,206.97,355.06,1.72
TX,U502N EXPLORER [11-19],8501,D8,23,436,1176.21,1007.1,1736.99,1.72
CA,CD539N EDGE [15-24],SERVICE,82,14,322,35.68,35.68,61.42,1.72
TN,U625N EXPLORER [20-27],2C219,04,7,96,48.86,42.89,73.94,1.72
NJ,U625N EXPLORER [20-27],12A650,04,33,1265,44.53,36.01,62.08,1.72
TX,U625N EXPLORER [20-27],7N169,07,28,389,1506.01,1203.85,2064.21,1.71
VA,P702N F150 [21-27],7210,42,35,1071,410.23,298.62,510.86,1.71
AL,P702N F150 [21-27],1621597,41,17,379,126.42,102.65,175.31,1.71
CO,P552N F-150 [15-20],18808,42,7,104,91.13,72.0,123.41,1.71
WA,P552N F-150 [15-20],4676,D8,9,175,210.17,141.28,241.0,1.71
MN,P702N F150 [21-27],11A213,42,16,329,767.35,607.62,1036.26,1.71
TX,CD391N FUSION [13-20],90T5,42,25,440,51.46,43.05,73.51,1.71
NC,P558N SUPER DUTY [17-22],6K682,42,13,180,3011.79,2685.63,4594.25,1.71
VA,U502N EXPLORER [11-19],1A189,42,12,166,127.07,109.92,187.65,1.71
OH,P558N SUPER DUTY [17-22],1A189,42,7,82,132.48,106.99,182.47,1.71
TN,P702N F150 [21-27],DIAG,42,6,180,95.35,80.68,137.89,1.71
ID,P558N SUPER DUTY [17-22],3E651,42,22,1302,104.94,75.65,129.08,1.71
CO,U625N EXPLORER [20-27],19980,39,23,909,105.04,86.71,147.98,1.71
NY,U553N EXPEDITION [18-24],5E212,42,15,275,980.7,771.23,1321.7,1.71
NC,U725N BRONCO [21-26],3254,D8,9,123,355.41,248.45,426.06,1.71
OH,CD391N FUSION [13-20],6009,D8,26,431,3757.95,2649.09,4542.32,1.71
WA,P558N SUPER DUTY [17-22],6675,D8,19,436,1428.76,1083.13,1847.85,1.71
GA,CD539N EDGE [15-24],9D289,42,16,282,323.08,229.74,393.1,1.71
CA,C346N FOCUS [12-18],RAV,82,10,207,107.08,93.49,160.08,1.71
ME,P708 F250 - 600 [23-27],12A647,42,5,84,106.78,87.29,149.02,1.71
ID,P558N SUPER DUTY [17-22],RECAL,04,5,93,66.21,43.75,74.94,1.71
MI,P552N F-150 [15-20],3N134,D8,16,222,214.48,156.39,267.27,1.71
TN,U611N AVIATOR [20-27],14G371,04,8,633,83.3,67.78,115.9,1.71
CO,P552N F-150 [15-20],9C888,42,23,617,524.87,387.71,663.36,1.71
TX,U625N EXPLORER [20-27],19H405,42,6,78,659.91,615.9,1050.58,1.71
PA,P473N SUPER DUTY [11-16],14A664,*,7,172,93.87,73.2,124.88,1.71
CA,CD391N FUSION [13-20],2078,01,18,274,262.11,190.93,326.16,1.71
MO,P552N F-150 [15-20],1A189,42,6,70,119.39,105.11,180.26,1.71
FL,U625N EXPLORER [20-27],18125,D8,6,107,237.4,224.12,383.97,1.71
MN,C520N ESCAPE [13-19],7H424,D8,7,138,225.86,192.51,329.37,1.71
TX,P702N F150 [21-27],17508,*,41,2512,132.44,97.02,165.81,1.71
MS,P702N F150 [21-27],14529,42,12,224,99.34,82.38,141.14,1.71
IA,D258N TAURUS [10-19],6714,82,7,175,56.27,42.07,71.74,1.71
NJ,U625N EXPLORER [20-27],6020,D8,9,573,1605.86,1137.72,1950.41,1.71
TX,U611N AVIATOR [20-27],5E212,42,6,82,926.9,827.63,1414.42,1.71
TX,P558N SUPER DUTY [17-22],12A342,42,11,145,220.24,152.44,261.25,1.71
UT,P702N F150 [21-27],RENTAL,82,11,1134,285.48,249.8,428.22,1.71
NY,P702N F150 [21-27],1523200,82,51,1177,46.53,36.26,61.92,1.71
CO,C346N FOCUS [12-18],7B546,42,6,97,1261.87,1054.74,1806.72,1.71
TX,P558N SUPER DUTY [17-22],W702554,*,11,281,48.01,36.76,62.82,1.71
TX,P552N F-150 [15-20],6049,42,5,84,4432.26,3609.59,6180.16,1.71
FL,U611N AVIATOR [20-27],4A015,42,5,64,1199.32,1108.18,1891.8,1.71
FL,P702N F150 [21-27],13K359,42,11,151,151.44,125.21,214.58,1.71
CA,P702N F150 [21-27],18D890,04,38,661,47.32,36.41,62.09,1.71
MD,U625N EXPLORER [20-27],9B325,42,19,309,184.22,147.98,252.44,1.71
MN,P473N SUPER DUTY [11-16],5J225,42,35,672,561.35,438.04,750.73,1.71
WA,V408E TRANSIT CONNECT [13-24],9D475,42,11,180,341.54,253.02,433.02,1.71
PA,CX483N CORSAIR [20-26],7P238,42,9,234,316.43,232.9,398.1,1.71
AR,P558N SUPER DUTY [17-22],3E651,42,34,737,92.38,69.67,118.81,1.71
MD,U625N EXPLORER [20-27],3A427,D8,13,355,242.71,210.88,360.86,1.71
TX,C520N ESCAPE [13-19],7K340,*,13,450,53.66,37.06,63.44,1.71
MO,P708 F250 - 600 [23-27],1621597,41,21,564,122.78,95.14,162.86,1.71
MT,P552N F-150 [15-20],4676,D8,7,204,190.32,153.99,263.52,1.71
FL,CD539N EDGE [15-24],9F464,01,25,403,607.65,445.83,763.17,1.71
PA,U625N EXPLORER [20-27],5E213,42,8,121,967.06,627.13,1069.91,1.71
UT,P552N F-150 [15-20],7H351,42,10,419,2996.05,2249.18,3847.31,1.71
MI,U625N EXPLORER [20-27],48H6,42,28,557,287.69,255.13,436.06,1.71
CA,U553N EXPEDITION [18-24],19860,D8,16,294,1043.76,772.63,1322.02,1.71
VT,U625N EXPLORER [20-27],1A189,42,5,59,121.28,101.12,172.49,1.71
CA,U502N EXPLORER [11-19],2V001,30,6,87,226.02,172.93,295.03,1.71
NV,P552N F-150 [15-20],7A100,42,8,428,870.77,674.13,1150.65,1.71
IN,U625N EXPLORER [20-27],2C219,04,7,100,44.53,36.48,62.45,1.71
GA,U625N EXPLORER [20-27],9B325,42,20,359,210.2,150.53,257.02,1.71
KY,P552N F-150 [15-20],6006,42,22,413,123.3,106.08,181.64,1.71
NJ,C489N MKC [15-19],9D289,42,12,310,294.64,227.81,390.32,1.71
MA,P558N SUPER DUTY [17-22],6675,D8,11,272,1383.15,1160.41,1981.93,1.71
NV,U553N EXPEDITION [18-24],6256,42,9,422,1579.99,1068.34,1827.47,1.71
FL,U554N NAVIGATOR [18-24],17528,42,5,124,78.17,63.68,109.04,1.71
GA,P702N F150 [21-27],7210,42,66,2122,403.35,316.9,537.44,1.7
PA,U554N NAVIGATOR [18-24],19G490,42,11,225,215.77,188.68,320.91,1.7
SC,CDX707A NAUTILUS [23-26],14H522,04,7,581,356.23,248.52,421.3,1.7
CO,P702N F150 [21-27],19E525,16,21,407,59.74,48.43,82.13,1.7
WI,CX482N ESCAPE [20-26],19703,42,6,73,202.56,141.89,241.3,1.7
TX,U611N AVIATOR [20-27],14A701,42,11,302,199.17,157.58,268.43,1.7
WA,U625N EXPLORER [20-27],14B351,42,24,500,450.44,363.2,618.03,1.7
CA,P552N F-150 [15-20],13832,42,11,153,216.24,154.19,261.56,1.7
OR,P552N F-150 [15-20],6M280,42,5,73,367.24,311.3,530.45,1.7
OK,P702N F150 [21-27],14B291,04,37,1197,48.07,35.76,60.95,1.7
NM,U625N EXPLORER [20-27],19G490,42,5,109,235.95,151.6,257.64,1.7
TN,P558N SUPER DUTY [17-22],6A785,55,7,117,252.97,194.52,331.19,1.7
VA,CDX707A NAUTILUS [23-26],3G590,79,6,179,94.17,60.16,102.24,1.7
LA,U611N AVIATOR [20-27],14G371,04,12,841,77.62,56.97,97.02,1.7
NJ,U625N EXPLORER [20-27],19E616,42,5,146,884.25,549.81,936.09,1.7
AL,CD391N FUSION [13-20],9D289,42,7,174,292.29,220.53,374.4,1.7
FL,P552N F-150 [15-20],19703,42,8,111,1322.9,978.71,1661.94,1.7
LA,CDX707A NAUTILUS [23-26],3G590,79,7,173,83.26,56.97,97.02,1.7
IL,U540N MKX [16-23],1A189,42,5,65,207.28,144.59,245.86,1.7
WA,P552N F-150 [15-20],78218A43,69,13,240,228.06,171.27,291.89,1.7
IL,CD539N EDGE [15-24],14G371,04,13,182,68.94,48.91,83.29,1.7
WA,P702N F150 [21-27],10D672,42,35,1920,70.67,52.8,89.5,1.7
MI,B515A ECOSPORT INDIA [13-22],5E212,01,13,183,857.96,603.41,1024.96,1.7
OK,P708 F250 - 600 [23-27],14B291,04,47,1710,47.03,35.76,60.95,1.7
LA,P708 F250 - 600 [23-27],1621597,41,17,364,109.1,81.68,139.12,1.7
MN,CD539N EDGE [15-24],14G371,04,10,154,51.13,41.91,71.38,1.7
GA,V363N TRANSIT [14-27],7H351,42,7,131,2552.68,2302.25,3914.49,1.7
PA,B515A ECOSPORT INDIA [13-22],5G232,01,41,1033,957.8,764.55,1296.04,1.7
NY,P702N F150 [21-27],12A650,04,27,447,48.53,40.94,69.77,1.7
PA,U625N EXPLORER [20-27],14G371,04,96,3716,45.1,35.73,60.74,1.7
TX,P558N SUPER DUTY [17-22],2001,30,5,110,231.97,146.41,248.97,1.7
TX,P708 F250 - 600 [23-27],8A616,42,39,575,390.83,313.7,533.53,1.7
FL,P708 F250 - 600 [23-27],12A647,42,16,272,129.57,95.81,162.77,1.7
IA,U502N EXPLORER [11-19],5A972,*,31,1776,158.81,125.88,213.63,1.7
NC,CX727N MACH-E [21-26],18C612,04,15,389,47.87,35.78,60.81,1.7
TX,CX482N ESCAPE [20-26],5827008,42,11,165,246.94,185.16,314.54,1.7
ND,P552N F-150 [15-20],9C888,42,6,328,438.02,359.29,610.33,1.7
IL,U554N NAVIGATOR [18-24],3F840,42,5,67,342.16,302.79,513.63,1.7
UT,P558N SUPER DUTY [17-22],5J249,42,12,190,304.46,238.36,404.66,1.7
WA,P708 F250 - 600 [23-27],RECALEM,04,13,170,75.9,56.5,96.24,1.7
NH,P702N F150 [21-27],14B291,04,16,690,50.96,37.24,63.17,1.7
TX,P552N F-150 [15-20],9T516,42,9,116,250.84,207.22,353.15,1.7
CA,U222N EXPEDITION [02-17],INSPECT,82,5,88,160.58,111.34,189.13,1.7
CA,CX430N C-SUV [21-27],6731,82,5,56,53.5,44.67,75.87,1.7
MA,CX483N CORSAIR [20-26],1A189,42,5,125,203.25,195.57,333.21,1.7
PA,CX482N ESCAPE [20-26],99RT4,42,17,222,244.42,201.08,342.03,1.7
NM,P558N SUPER DUTY [17-22],6731,82,8,595,95.01,81.08,138.19,1.7
MN,CX727N MACH-E [21-26],14A411,28,11,261,319.89,239.67,408.14,1.7
CO,U625N EXPLORER [20-27],4A015,D8,18,542,842.6,631.67,1075.47,1.7
NY,U540N MKX [16-23],9D289,42,11,273,378.1,330.97,564.09,1.7
IL,CD539N EDGE [15-24],48H6,42,48,913,285.66,230.59,391.76,1.7
CT,P708 F250 - 600 [23-27],19703,42,19,701,164.37,123.71,209.77,1.7
MA,U625N EXPLORER [20-27],9G444,42,5,74,209.36,181.39,308.72,1.7
LA,P702N F150 [21-27],W702554,*,7,152,77.5,71.61,121.59,1.7
MN,P375N RANGER [19-23],14G371,04,7,83,59.41,41.91,71.38,1.7
CO,P552N F-150 [15-20],6020,D8,8,131,1601.53,1114.81,1894.36,1.7
TX,P708 F250 - 600 [23-27],3B676,69,6,82,214.02,190.47,323.03,1.7
KY,CX430N C-SUV [21-27],8501,D8,23,685,521.24,380.47,645.11,1.7
MI,U540N MKX [16-23],TCARE,82,13,1113,308.68,203.89,346.14,1.7
MI,CX483N CORSAIR [20-26],94RH7,42,13,1144,314.87,286.93,487.41,1.7
ND,P702N F150 [21-27],4676,42,5,104,201.98,164.12,279.73,1.7
FL,P702N F150 [21-27],FRONT,W6,11,167,133.35,103.47,175.47,1.7
AL,C520N ESCAPE [13-19],9D289,42,6,104,265.66,210.06,356.11,1.7
GA,P558N SUPER DUTY [17-22],6K682,42,10,122,2664.79,2074.81,3532.9,1.7
TX,P702N F150 [21-27],14A005,28,5,55,303.71,284.83,485.39,1.7
MI,U625N EXPLORER [20-27],6731,82,28,659,53.53,44.36,75.34,1.7
PA,P558N SUPER DUTY [17-22],3A131,33,6,124,340.7,258.92,439.46,1.7
PA,U502N EXPLORER [11-19],16612,1Q,11,182,1192.42,1054.13,1790.91,1.7
OR,P702N F150 [21-27],1523200,82,16,416,51.17,36.26,61.56,1.7
NH,P708 F250 - 600 [23-27],14B291,04,17,990,50.96,37.24,63.17,1.7
FL,P552N F-150 [15-20],6675,D1,7,94,585.15,502.0,854.87,1.7
MD,V363N TRANSIT [14-27],48H6,42,17,355,300.56,205.72,350.51,1.7
MN,C346N FOCUS [12-18],7B546,42,6,156,1332.51,1234.74,2102.85,1.7
MD,CX727N MACH-E [21-26],NPF,42,5,62,96.85,80.08,135.7,1.69
GA,P558N SUPER DUTY [17-22],9H307,42,19,276,569.42,436.4,737.51,1.69
OH,CD391N FUSION [13-20],54264A26,*,10,173,314.01,285.99,482.44,1.69
AZ,P702N F150 [21-27],19H332,42,5,71,189.77,132.29,224.07,1.69
IA,U625N EXPLORER [20-27],19980,39,31,833,90.13,71.31,120.23,1.69
IN,U625N EXPLORER [20-27],3A428,42,18,373,307.17,241.62,408.09,1.69
NH,P558N SUPER DUTY [17-22],9C888,42,8,147,437.12,351.78,594.58,1.69
OR,P708 F250 - 600 [23-27],17032,16,11,199,53.13,35.8,60.53,1.69
WA,P558N SUPER DUTY [17-22],5L239,42,8,110,276.83,230.52,389.14,1.69
CT,V363N TRANSIT [14-27],9D370,42,14,205,47.4,39.31,66.24,1.69
VA,P702N F150 [21-27],17508,*,11,756,113.79,94.82,160.03,1.69
TX,P558N SUPER DUTY [17-22],12B579,42,18,278,222.2,161.92,272.93,1.69
CA,U502N EXPLORER [11-19],6038,D8,10,162,176.7,141.13,238.75,1.69
SC,V363N TRANSIT [14-27],9D370,42,9,170,49.84,45.38,76.86,1.69
CA,P558N SUPER DUTY [17-22],5L239,42,15,205,316.43,213.97,362.66,1.69
CA,CX727N MACH-E [21-26],58219A65,04,46,1024,74.3,56.74,95.89,1.69
MO,P558N SUPER DUTY [17-22],3E651,42,71,2204,95.92,71.88,121.65,1.69
WI,CX430N C-SUV [21-27],48H6,*,19,391,285.24,210.35,355.09,1.69
UT,P702N F150 [21-27],5E212,42,6,84,1395.75,1220.05,2060.81,1.69
CA,U625N EXPLORER [20-27],3A428,01,5,62,335.59,294.86,498.41,1.69
NY,P702N F150 [21-27],19703,42,21,378,45.14,36.6,61.95,1.69
MN,P708 F250 - 600 [23-27],8A616,42,6,73,547.4,409.37,693.12,1.69
PA,U611N AVIATOR [20-27],6731,82,5,122,96.25,81.73,138.51,1.69
NC,U625N EXPLORER [20-27],3A428,42,14,330,314.13,226.39,383.55,1.69
TN,U553N EXPEDITION [18-24],5E212,42,15,240,925.84,742.77,1253.29,1.69
NH,P552N F-150 [15-20],4676,D8,9,158,180.62,146.09,247.55,1.69
NJ,U625N EXPLORER [20-27],94RH7,42,10,264,205.85,158.08,267.87,1.69
IL,CX430N C-SUV [21-27],18125,D8,6,88,294.13,270.12,455.36,1.69
OR,U625N EXPLORER [20-27],14G371,04,22,554,49.94,37.21,62.81,1.69
AL,P552N F-150 [15-20],11002,42,5,64,370.53,305.15,515.81,1.69
WI,CD391N FUSION [13-20],54264A26,*,6,82,390.9,371.61,627.63,1.69
AZ,P552N F-150 [15-20],5E212,42,18,618,1186.25,1019.05,1725.03,1.69
NY,P702N F150 [21-27],10B689,04,19,249,72.8,52.0,88.07,1.69
TX,U553N EXPEDITION [18-24],2200,42,8,149,194.62,186.26,314.53,1.69
IN,P702N F150 [21-27],14B291,04,46,1361,45.31,36.21,61.05,1.69
SC,P375N RANGER [19-23],14G371,04,10,186,52.33,43.18,72.8,1.69
AR,U502N EXPLORER [11-19],78551A46,33,12,278,48.28,38.11,64.49,1.69
ND,P702N F150 [21-27],RENTAL,82,5,514,128.47,114.19,192.7,1.69
OR,P552N F-150 [15-20],7H351,42,14,351,2609.54,1951.13,3296.39,1.69
NH,U625N EXPLORER [20-27],14G371,04,13,454,43.88,36.4,61.39,1.69
MI,P702N F150 [21-27],11A213,42,39,803,686.02,585.78,992.0,1.69
NH,CX430N C-SUV [21-27],14G371,04,14,527,43.88,36.4,61.39,1.69
CA,P558N SUPER DUTY [17-22],5H270,42,21,312,4858.38,3511.3,5950.17,1.69
OH,U611N AVIATOR [20-27],19G490,42,7,179,273.23,190.03,321.09,1.69
TX,P558N SUPER DUTY [17-22],17527,*,11,251,51.24,39.7,67.16,1.69
WY,P708 F250 - 600 [23-27],RECALEM,04,9,246,75.94,56.01,94.92,1.69
IN,P708 F250 - 600 [23-27],14B291,04,42,1353,45.31,36.21,61.05,1.69
LA,V363N TRANSIT [14-27],9D370,42,8,85,44.54,40.94,69.2,1.69
IN,C520N ESCAPE [13-19],6009,D8,39,1051,3600.03,2637.44,4458.73,1.69
MI,CDX707A NAUTILUS [23-26],9F593,42,13,494,686.1,535.05,905.24,1.69
NH,P708 F250 - 600 [23-27],12A647,42,9,161,100.17,79.21,133.58,1.69
MI,CX483N CORSAIR [20-26],14B350,42,7,111,288.16,220.21,371.88,1.69
FL,P558N SUPER DUTY [17-22],14B321,X9,73,5378,40.64,35.76,60.38,1.69
TX,U502N EXPLORER [11-19],W709002,*,26,1032,47.34,39.84,67.22,1.69
OH,CD539N EDGE [15-24],48H6,42,47,1004,281.75,203.75,345.35,1.69
NM,P552N F-150 [15-20],5E212,42,7,139,1181.74,910.83,1540.45,1.69
OK,P552N F-150 [15-20],9C888,42,17,397,484.47,361.62,611.82,1.69
WI,P702N F150 [21-27],9C888,42,15,212,395.05,286.71,485.22,1.69
MO,C520N ESCAPE [13-19],7S004,*,7,259,46.27,38.88,65.77,1.69
NJ,P708 F250 - 600 [23-27],17032,16,15,416,55.59,38.18,64.19,1.68
CO,P702N F150 [21-27],1523200,82,21,581,55.28,40.32,67.91,1.68
OH,CX727N MACH-E [21-26],10B689,04,38,912,74.81,56.14,94.27,1.68
NV,P558N SUPER DUTY [17-22],RECALEM,04,9,266,71.89,56.73,95.56,1.68
WA,CX482N ESCAPE [20-26],99RT4,42,15,273,280.94,196.09,329.89,1.68
IN,P702N F150 [21-27],9C888,42,13,169,350.38,262.78,442.55,1.68
FL,U554N NAVIGATOR [18-24],NPF,82,7,154,80.95,62.98,105.84,1.68
ID,U625N EXPLORER [20-27],14G371,42,5,86,322.69,216.09,362.2,1.68
CA,P473N SUPER DUTY [11-16],5J225,42,134,4289,595.58,455.23,763.56,1.68
NH,P702N F150 [21-27],48H6,42,13,345,286.92,203.49,340.89,1.68
MA,P558N SUPER DUTY [17-22],3A131,30,7,147,329.89,278.29,468.76,1.68
WI,P702N F150 [21-27],14A626,42,7,97,161.09,143.75,241.06,1.68
CA,P702N F150 [21-27],10C666,42,8,102,1288.21,1091.43,1834.59,1.68
TX,U222N EXPEDITION [02-17],19805,*,30,968,300.9,244.66,412.08,1.68
FL,P552N F-150 [15-20],8501,D8,23,604,465.55,374.26,628.92,1.68
IL,CX482N ESCAPE [20-26],9F479,04,38,896,56.67,41.99,70.66,1.68
NC,U625N EXPLORER [20-27],14B291,04,12,303,49.39,38.69,65.08,1.68
MI,CD539N EDGE [15-24],6009,D8,38,602,4318.68,3429.02,5744.25,1.68
MO,CD391N FUSION [13-20],2078,*,9,256,159.91,126.06,212.21,1.68
TN,P708 F250 - 600 [23-27],17032,16,5,80,60.12,40.8,68.46,1.68
MT,P558N SUPER DUTY [17-22],19G490,42,5,125,337.18,253.24,425.91,1.68
OH,C520N ESCAPE [13-19],6009,D8,91,2940,3682.62,2763.97,4633.25,1.68
CO,P702N F150 [21-27],7210,42,25,748,422.98,377.2,634.4,1.68
CA,P375N RANGER [19-23],48H6,42,44,1003,291.53,201.07,337.54,1.68
NC,U625N EXPLORER [20-27],94RH7,42,8,100,239.99,181.41,304.22,1.68
CO,CX727N MACH-E [21-26],10B689,04,19,933,97.39,70.57,118.84,1.68
CA,CD539N EDGE [15-24],6020,D8,5,74,1322.84,1069.07,1796.59,1.68
VA,U611N AVIATOR [20-27],19G490,42,5,200,284.17,187.39,314.43,1.68
CO,P552N F-150 [15-20],2200,30,6,160,221.35,156.74,263.41,1.68
FL,U725N BRONCO [21-26],17504,42,54,4510,39.19,35.88,60.38,1.68
GA,V363N TRANSIT [14-27],7000,42,6,106,4131.36,3763.67,6310.88,1.68
IN,CX482N ESCAPE [20-26],18125,42,9,128,331.82,267.66,448.8,1.68
LA,P552N F-150 [15-20],7902,42,7,149,1641.76,1333.8,2247.23,1.68
MI,CD539N EDGE [15-24],1A189,42,11,153,114.02,104.13,175.26,1.68
IL,U625N EXPLORER [20-27],6731,82,15,245,60.39,41.31,69.52,1.68
UT,P558N SUPER DUTY [17-22],7000,42,11,281,6337.41,4952.69,8334.95,1.68
PA,P708 F250 - 600 [23-27],3B676,42,13,189,186.67,151.8,254.36,1.68
VA,P558N SUPER DUTY [17-22],7H351,42,9,195,3133.46,2202.65,3689.79,1.68
TN,P558N SUPER DUTY [17-22],14G371,04,6,78,48.86,43.89,73.94,1.68
OH,P552N F-150 [15-20],4676,D8,23,363,184.47,148.42,249.02,1.68
WV,U625N EXPLORER [20-27],19980,39,20,420,82.61,69.37,116.43,1.68
KY,P552N F-150 [15-20],7H351,42,10,210,2631.11,1827.17,3071.56,1.68
OK,P558N SUPER DUTY [17-22],16720,39,10,159,264.28,188.03,315.41,1.68
MI,U625N EXPLORER [20-27],18125,42,7,115,296.33,194.48,327.22,1.68
OH,U502N EXPLORER [11-19],65,42,7,92,51.76,40.1,67.34,1.68
SC,U625N EXPLORER [20-27],3A428,42,8,129,323.78,255.21,428.18,1.68
OH,P558N SUPER DUTY [17-22],6K682,42,7,112,2927.36,2387.61,4022.4,1.68
CO,CX482N ESCAPE [20-26],14529,91,26,1637,47.72,36.38,61.08,1.68
WI,P708 F250 - 600 [23-27],17032,16,10,157,50.86,37.73,63.38,1.68
CO,CX430N C-SUV [21-27],14G371,04,29,1622,55.46,40.32,67.91,1.68
MD,P558N SUPER DUTY [17-22],78218A43,42,7,101,182.17,127.75,214.47,1.68
KY,U625N EXPLORER [20-27],3A428,D8,7,112,260.94,177.07,296.6,1.68
MT,U502N EXPLORER [11-19],14B192,46,5,62,91.82,81.43,137.12,1.68
TX,P558N SUPER DUTY [17-22],12A650,42,6,70,910.68,739.69,1246.38,1.68
IA,CD539N EDGE [15-24],48H6,42,20,466,277.13,203.88,342.44,1.68
AL,CD539N EDGE [15-24],9D289,42,11,230,320.89,245.56,412.13,1.68
NC,C520N ESCAPE [13-19],6009,D8,49,1094,3887.45,3037.72,5108.12,1.68
OH,U502N EXPLORER [11-19],W709002,*,21,683,42.74,38.19,64.2,1.68
NJ,P552N F-150 [15-20],1651070,01,11,157,433.28,287.4,484.22,1.68
LA,U553N EXPEDITION [18-24],14G647,42,6,99,126.42,90.8,152.62,1.68
MA,P552N F-150 [15-20],6675,D8,17,307,578.8,439.95,739.79,1.68
MO,CX482N ESCAPE [20-26],6K682,42,5,86,1299.96,1200.85,2012.42,1.68
WA,CX430N C-SUV [21-27],NPF,42,5,87,97.83,77.48,130.39,1.68
AL,U625N EXPLORER [20-27],48H6,42,10,178,284.5,206.08,346.67,1.68
FL,P552N F-150 [15-20],6K682,42,10,134,1781.44,1298.48,2175.36,1.68
IN,U502N EXPLORER [11-19],14B192,46,16,677,117.85,96.42,162.43,1.68
MD,U625N EXPLORER [20-27],18125,42,6,73,225.89,168.94,284.65,1.68
ID,P552N F-150 [15-20],7A100,49,8,468,84.93,59.62,99.92,1.68
TX,U611N AVIATOR [20-27],3A428,42,7,163,391.16,306.73,514.77,1.68
MN,CX482N ESCAPE [20-26],78235A62,61,9,794,321.86,275.26,463.3,1.68
NY,U540N MKX [16-23],14G371,04,6,121,88.48,67.09,112.44,1.68
KY,P552N F-150 [15-20],6714,82,5,107,48.23,41.56,69.75,1.68
AZ,U725N BRONCO [21-26],3254,D8,18,598,316.61,250.81,421.37,1.68
OK,P558N SUPER DUTY [17-22],3E651,42,58,2050,97.86,76.49,128.25,1.68
CA,V363N TRANSIT [14-27],15K601,01,9,384,185.3,152.15,255.05,1.68
IL,P558N SUPER DUTY [17-22],19G490,*,11,296,147.02,111.76,187.7,1.68
CA,CX430N C-SUV [21-27],9002,X2,7,91,1576.48,1211.81,2034.38,1.68
CA,P702N F150 [21-27],1654022,D4,31,547,551.59,397.77,670.24,1.68
GA,U625N EXPLORER [20-27],7A100,04,5,92,188.82,135.03,226.36,1.68
OR,P558N SUPER DUTY [17-22],9C888,42,26,679,482.3,353.37,592.14,1.68
NC,P552N F-150 [15-20],6675,D8,27,540,558.78,432.32,726.45,1.68
ID,P708 F250 - 600 [23-27],1621597,41,11,258,123.09,83.56,140.38,1.68
MA,P558N SUPER DUTY [17-22],14B321,X9,22,914,40.2,35.71,59.79,1.67
NY,CD539N EDGE [15-24],2078,*,5,113,155.84,107.06,178.76,1.67
MD,U625N EXPLORER [20-27],2C219,04,11,188,47.39,39.68,66.31,1.67
CA,U553N EXPEDITION [18-24],78045G34,42,24,316,50.58,38.99,65.23,1.67
WA,P552N F-150 [15-20],6M280,42,9,142,395.68,343.88,573.29,1.67
OH,U228N NAVIGATOR [03-17],RENTAL,82,5,128,102.77,102.77,171.29,1.67
SC,CX727N MACH-E [21-26],RENTAL,82,6,120,199.84,171.29,285.48,1.67
NY,P552N F-150 [15-20],11002,42,9,126,346.42,262.65,439.33,1.67
KS,U625N EXPLORER [20-27],3D102,42,6,141,677.31,649.12,1086.58,1.67
FL,U625N EXPLORER [20-27],3A428,D1,10,290,365.11,300.14,500.2,1.67
CA,U725N BRONCO [21-26],12A650,04,26,407,49.15,38.07,63.62,1.67
AL,P558N SUPER DUTY [17-22],6675,D8,10,215,1164.1,1019.24,1703.34,1.67
MD,P552N F-150 [15-20],1651070,01,7,128,439.97,289.13,481.52,1.67
MI,CX430N C-SUV [21-27],6731,82,24,461,53.37,41.74,69.59,1.67
CA,P552N F-150 [15-20],9F472,42,10,164,274.64,209.26,348.52,1.67
IN,U625N EXPLORER [20-27],7P238,42,6,91,274.75,259.98,433.95,1.67
TX,P473N SUPER DUTY [11-16],5J225,42,183,5113,486.91,399.52,666.43,1.67
PA,B515A ECOSPORT INDIA [13-22],5G232,42,30,689,966.63,827.85,1384.15,1.67
FL,CDX707A NAUTILUS [23-26],2005,79,22,2727,47.59,39.19,65.62,1.67
FL,U611N AVIATOR [20-27],15604,X9,18,474,47.59,39.19,65.62,1.67
FL,U553N EXPEDITION [18-24],19860,D1,9,235,1036.51,999.29,1666.24,1.67
TX,C520N ESCAPE [13-19],9D289,42,19,301,263.54,222.31,372.07,1.67
OH,P558N SUPER DUTY [17-22],14A068,42,16,287,287.74,213.13,356.04,1.67
CA,U625N EXPLORER [20-27],14D696,42,13,149,238.68,190.46,318.19,1.67
TX,P758N C-PICKUP [22-27],14290,X4,44,738,652.59,499.34,835.94,1.67
OH,U625N EXPLORER [20-27],7P155,04,14,180,51.76,42.39,70.71,1.67
KS,P552N F-150 [15-20],78218A42,69,8,136,204.01,160.07,267.77,1.67
MA,U725N BRONCO [21-26],12A650,04,8,161,40.92,35.71,59.79,1.67
OH,V363N TRANSIT [14-27],9D370,42,18,271,44.78,38.06,63.43,1.67
AR,P702N F150 [21-27],14529,42,12,248,102.67,71.51,119.62,1.67
NC,U553N EXPEDITION [18-24],1104,42,5,65,467.19,358.16,599.82,1.67
TX,U228N NAVIGATOR [03-17],RENTAL,82,6,385,96.35,96.35,160.58,1.67
AR,P558N SUPER DUTY [17-22],RENTAL,82,5,129,171.29,128.47,214.11,1.67
IN,P702N F150 [21-27],1621597,41,10,218,115.31,91.51,153.22,1.67
FL,CX483N CORSAIR [20-26],5450036,42,8,140,177.56,161.35,269.09,1.67
OR,P708 F250 - 600 [23-27],1621597,41,19,432,132.63,95.82,160.28,1.67
FL,P552N F-150 [15-20],6020,D8,11,291,1565.78,1260.72,2110.53,1.67
FL,U611N AVIATOR [20-27],12A650,04,21,714,48.27,39.19,65.62,1.67
AZ,P558N SUPER DUTY [17-22],7000,42,15,333,6086.87,5164.48,8616.49,1.67
NY,P702N F150 [21-27],3N134,D8,6,68,252.6,197.72,329.88,1.67
SC,S550N MUSTANG [15-23],RENTAL,82,5,76,285.48,192.7,321.17,1.67
FL,U502N EXPLORER [11-19],8501,D1,11,180,1484.81,1094.37,1823.7,1.67
FL,P552N F-150 [15-20],1104,30,6,114,579.62,452.21,756.11,1.67
WA,P552N F-150 [15-20],9C888,42,31,953,517.29,387.42,646.77,1.67
MI,CDX707A NAUTILUS [23-26],RENTAL,82,14,3124,160.58,96.35,160.58,1.67
TX,P708 F250 - 600 [23-27],17032,16,33,1050,48.03,36.21,60.58,1.67
GA,P558N SUPER DUTY [17-22],W702554,*,8,166,44.52,41.47,69.4,1.67
CO,P558N SUPER DUTY [17-22],12A342,42,12,174,249.57,208.38,347.94,1.67
CA,P552N F-150 [15-20],6675,42,8,160,603.3,516.13,860.52,1.67
OK,U611N AVIATOR [20-27],19G490,42,5,232,223.26,179.06,299.62,1.67
HI,P552N F-150 [15-20],RENTAL,82,6,138,171.29,149.88,249.8,1.67
OH,U502N EXPLORER [11-19],5A972,*,27,1906,160.2,140.61,235.15,1.67
SD,P708 F250 - 600 [23-27],19703,42,14,391,150.47,110.64,185.01,1.67
MD,C346N FOCUS [12-18],7Z369,42,16,303,500.25,411.02,685.04,1.67
IL,P558N SUPER DUTY [17-22],9N184,82,9,429,183.97,151.08,252.63,1.67
IL,V408E TRANSIT CONNECT [13-24],6731,82,5,72,46.78,41.72,69.71,1.67
MA,CDX707A NAUTILUS [23-26],3G590,79,5,170,105.14,74.61,124.48,1.67
WI,P552N F-150 [15-20],5E212,42,10,131,1058.66,789.92,1315.41,1.67
ID,P702N F150 [21-27],14G647,04,6,223,257.04,203.4,339.72,1.67
FL,P702N F150 [21-27],48H6,46,6,691,283.64,229.43,384.21,1.67
NV,CX482N ESCAPE [20-26],RENTAL,82,6,355,256.93,192.7,321.17,1.67
VA,U725N BRONCO [21-26],14B291,04,6,119,50.08,45.46,75.86,1.67
MN,U625N EXPLORER [20-27],7H424,D8,6,132,256.59,217.19,363.73,1.67
OK,P558N SUPER DUTY [17-22],65,B5,6,116,185.83,174.54,290.71,1.67
VA,V363N TRANSIT [14-27],9D370,42,19,340,50.69,44.61,74.31,1.67
MA,P702N F150 [21-27],3N134,D8,8,105,279.56,215.95,360.91,1.67
WI,P702N F150 [21-27],10C679,42,25,420,63.72,49.97,83.67,1.67
CO,CX482N ESCAPE [20-26],7P238,42,13,191,320.99,247.04,412.3,1.67
OR,V408E TRANSIT CONNECT [13-24],9D475,42,6,175,325.97,303.17,506.64,1.67
IA,P702N F150 [21-27],3N134,D8,18,288,227.05,169.79,282.96,1.67
NJ,CD539N EDGE [15-24],14G371,04,7,107,49.35,45.64,76.24,1.67
FL,U625N EXPLORER [20-27],48H6,46,5,234,276.0,229.43,384.21,1.67
CA,P558N SUPER DUTY [17-22],1651070,01,6,79,496.47,349.61,583.99,1.67
NH,P702N F150 [21-27],1523200,82,12,316,43.88,36.78,61.39,1.67
NY,P558N SUPER DUTY [17-22],17D696,42,5,63,159.35,112.69,188.17,1.67
OH,CD391N FUSION [13-20],9D289,42,23,385,275.45,246.29,410.43,1.67
FL,P552N F-150 [15-20],17664,42,8,129,160.96,147.39,246.26,1.67
CO,P708 F250 - 600 [23-27],8A616,42,12,190,421.18,363.23,607.92,1.67
FL,P558N SUPER DUTY [17-22],2005,42,10,148,740.23,561.09,937.27,1.67
IL,P552N F-150 [15-20],4676,D8,37,728,243.92,187.05,309.8,1.66
PA,P758N C-PICKUP [22-27],99RT4,42,6,70,361.08,264.88,440.63,1.66
CA,CD539N EDGE [15-24],48H6,63,9,297,297.28,197.42,327.3,1.66
OH,CX482N ESCAPE [20-26],8A507,*,21,894,103.9,91.64,152.02,1.66
FL,CDX707A NAUTILUS [23-26],18C612,04,15,355,47.36,37.68,62.38,1.66
MI,CX430N C-SUV [21-27],48H6,*,8,172,256.09,203.55,338.53,1.66
NC,P552N F-150 [15-20],1651070,01,6,87,330.11,285.75,475.32,1.66
NC,U553N EXPEDITION [18-24],5E212,42,24,487,870.94,721.16,1198.16,1.66
NC,CD391N FUSION [13-20],9D289,42,7,104,285.14,233.19,386.0,1.66
AR,P552N F-150 [15-20],5E212,42,6,86,1053.14,973.92,1618.71,1.66
SC,P558N SUPER DUTY [17-22],7000,42,5,111,7374.85,5980.49,9900.43,1.66
NY,U625N EXPLORER [20-27],48H6,42,20,515,291.25,221.0,367.38,1.66
VT,P708 F250 - 600 [23-27],1621597,41,5,70,111.79,85.8,142.44,1.66
WA,P708 F250 - 600 [23-27],3B676,42,7,94,230.83,174.7,290.16,1.66
FL,CX482N ESCAPE [20-26],9F479,04,46,965,42.34,36.4,60.48,1.66
VA,V363N TRANSIT [14-27],11002,42,9,133,250.24,189.27,314.53,1.66
TX,U554N NAVIGATOR [18-24],1651070,01,12,299,569.8,466.71,776.3,1.66
IA,P702N F150 [21-27],9C888,42,11,147,340.23,298.25,495.71,1.66
WV,P552N F-150 [15-20],1104,42,7,154,380.99,282.77,468.66,1.66
NV,P558N SUPER DUTY [17-22],9H307,42,6,92,656.69,441.57,731.28,1.66
IA,P708 F250 - 600 [23-27],1621597,41,15,333,118.35,92.15,152.62,1.66
KY,P552N F-150 [15-20],1104,42,12,174,424.63,305.46,507.53,1.66
OH,P558N SUPER DUTY [17-22],19G490,*,21,568,127.47,97.52,161.87,1.66
IA,P702N F150 [21-27],14529,42,12,181,118.64,83.11,138.2,1.66
ND,CX430N C-SUV [21-27],14G371,04,8,213,47.67,36.68,60.95,1.66
NM,P558N SUPER DUTY [17-22],7000,42,5,104,5671.55,4289.67,7113.45,1.66
PA,P375N RANGER [19-23],14G371,04,13,166,46.0,36.63,60.74,1.66
ME,CX430N C-SUV [21-27],8501,D8,12,420,516.68,388.12,645.77,1.66
CA,U502N EXPLORER [11-19],8501,D1,20,784,1485.83,1107.16,1839.84,1.66
NE,P552N F-150 [15-20],9C888,42,8,157,479.25,352.0,585.06,1.66
NH,U625N EXPLORER [20-27],12A650,04,9,203,39.82,36.78,61.13,1.66
ID,P552N F-150 [15-20],1104,42,10,354,507.74,416.4,689.32,1.66
FL,S550N MUSTANG [15-23],1104,42,6,77,369.5,285.84,474.1,1.66
IL,P702N F150 [21-27],7222,42,7,102,143.97,117.06,194.42,1.66
AL,P758N C-PICKUP [22-27],RECALEM,04,5,111,100.93,87.06,144.28,1.66
TX,V363N TRANSIT [14-27],9D370,42,39,623,45.02,38.3,63.46,1.66
LA,P702N F150 [21-27],14B291,04,31,1257,45.88,37.65,62.4,1.66
OK,P552N F-150 [15-20],1104,42,16,290,486.15,386.26,641.64,1.66
WI,P702N F150 [21-27],12A650,04,15,246,53.1,36.34,60.24,1.66
NC,P758N C-PICKUP [22-27],3B436,42,19,316,655.69,481.24,799.99,1.66
CA,P131N STRIPPED CHASSIS [99-26],4676,D8,5,65,860.23,677.26,1127.32,1.66
LA,P708 F250 - 600 [23-27],14B291,04,34,1180,45.88,37.65,62.4,1.66
AL,P552N F-150 [15-20],8501,D8,5,90,407.33,358.73,594.0,1.66
LA,P558N SUPER DUTY [17-22],5J281,42,11,169,243.9,170.58,284.0,1.66
NJ,CD391N FUSION [13-20],7S004,39,20,337,77.51,60.09,99.62,1.66
CO,P552N F-150 [15-20],4676,D8,16,363,217.01,168.4,279.63,1.66
PA,U625N EXPLORER [20-27],19G490,*,8,288,263.4,201.38,334.88,1.66
AR,CX430N C-SUV [21-27],8501,D8,15,498,572.18,415.52,689.41,1.66
NC,U502N EXPLORER [11-19],8501,D8,6,114,1233.37,954.93,1584.48,1.66
TX,P552N F-150 [15-20],19703,42,6,68,1005.57,733.85,1220.51,1.66
MO,P702N F150 [21-27],1621597,41,17,409,122.15,104.96,174.19,1.66
SC,CX482N ESCAPE [20-26],NPF,82,6,117,109.45,89.21,147.74,1.66
SC,P552N F-150 [15-20],8501,D8,5,61,478.31,343.68,570.89,1.66
OH,CD539N EDGE [15-24],RECAL,04,8,117,93.14,70.75,117.19,1.66
GA,CD391N FUSION [13-20],2078,*,7,369,179.32,136.69,227.06,1.66
VA,P708 F250 - 600 [23-27],3B676,42,6,88,184.76,163.5,271.29,1.66
AZ,P702N F150 [21-27],9C888,42,13,217,360.65,284.43,473.33,1.66
AZ,CD539N EDGE [15-24],SERVICE,82,6,212,35.68,35.68,59.21,1.66
FL,U625N EXPLORER [20-27],7443150,42,5,56,391.61,282.41,469.81,1.66
ND,U625N EXPLORER [20-27],14G371,04,9,341,47.67,36.68,60.95,1.66
AZ,U625N EXPLORER [20-27],4A015,D8,16,718,821.68,684.74,1134.98,1.66
CA,ECONOLINE [97-27],00817,30,25,700,111.3,88.77,147.32,1.66
WA,V363N TRANSIT [14-27],11002,42,11,261,285.7,214.3,354.92,1.66
OR,CX430N C-SUV [21-27],8501,42,7,174,548.15,514.28,852.57,1.66
FL,U611N AVIATOR [20-27],3K186,42,6,109,657.76,627.05,1038.28,1.66
GA,CX483N CORSAIR [20-26],78519A70,42,5,87,219.85,162.64,270.34,1.66
IL,P473N SUPER DUTY [11-16],5J225,42,51,871,588.97,444.04,735.14,1.66
CO,P702N F150 [21-27],3C247,42,25,676,526.38,415.87,691.33,1.66
GA,P558N SUPER DUTY [17-22],9C888,42,33,650,454.66,346.08,575.99,1.66
NY,U502N EXPLORER [11-19],1A189,42,6,95,160.45,107.53,179.02,1.66
KY,U625N EXPLORER [20-27],3A428,42,5,62,243.61,186.13,309.21,1.66
TN,P473N SUPER DUTY [11-16],5J225,42,40,924,530.89,430.38,715.81,1.66
AZ,P558N SUPER DUTY [17-22],17D696,42,21,531,185.05,149.93,248.48,1.66
NH,P558N SUPER DUTY [17-22],3B396,69,5,95,382.43,275.1,457.6,1.66
GA,P558N SUPER DUTY [17-22],5L248,42,19,260,224.82,183.44,304.72,1.66
TN,U625N EXPLORER [20-27],3A428,D8,7,161,319.76,277.9,461.11,1.66
OK,P702N F150 [21-27],7H351,42,7,86,2880.08,2334.73,3875.02,1.66
OR,U625N EXPLORER [20-27],1A189,42,7,136,186.02,123.15,203.73,1.65
TX,U554N NAVIGATOR [18-24],49H8,42,25,2153,312.26,232.35,384.11,1.65
FL,V363N TRANSIT [14-27],10346,42,11,221,830.8,704.61,1159.48,1.65
LA,CX430N C-SUV [21-27],4022,07,14,213,177.5,133.5,220.62,1.65
PA,P552N F-150 [15-20],8501,D8,8,139,396.02,294.19,485.16,1.65
NC,CX727N MACH-E [21-26],14A411,28,19,552,279.35,221.45,364.35,1.65
NJ,C520N ESCAPE [13-19],9D289,42,25,567,293.51,240.4,397.11,1.65
LA,P702N F150 [21-27],4234,01,5,71,670.08,520.97,859.39,1.65
NH,P558N SUPER DUTY [17-22],4676,D8,7,95,239.73,178.44,295.25,1.65
OH,V363N TRANSIT [14-27],4676,D8,8,111,189.52,151.6,250.01,1.65
NY,P552N F-150 [15-20],1104,33,7,125,484.88,334.49,552.4,1.65
OR,P702N F150 [21-27],14B291,42,6,104,68.52,58.1,96.16,1.65
WA,C346N FOCUS [12-18],7B546,42,5,65,1289.31,1028.47,1699.63,1.65
FL,CX727N MACH-E [21-26],WTYPAINT,P3,13,229,13175.26,10239.08,16905.64,1.65
OH,P552N F-150 [15-20],1104,30,7,105,475.12,395.48,652.81,1.65
CA,P552N F-150 [15-20],RAV,82,18,1414,128.0,107.08,176.3,1.65
NV,U625N EXPLORER [20-27],3D102,42,5,130,1203.08,842.49,1387.12,1.65
NJ,CX727N MACH-E [21-26],10B689,04,51,2001,82.26,65.8,108.89,1.65
SC,P558N SUPER DUTY [17-22],6675,D8,10,203,1255.48,1088.46,1797.67,1.65
VT,P558N SUPER DUTY [17-22],3254,42,6,214,236.56,165.66,273.51,1.65
AZ,P702N F150 [21-27],15022A68,34,5,91,248.85,179.57,296.24,1.65
FL,U502N EXPLORER [11-19],16612,D7,19,343,1286.76,1030.9,1703.44,1.65
PA,V363N TRANSIT [14-27],NPF,42,6,100,68.39,54.86,90.79,1.65
IA,P702N F150 [21-27],4234,01,6,99,722.37,530.69,873.33,1.65
TX,CX727N MACH-E [21-26],18D890,04,7,96,57.65,43.74,72.3,1.65
LA,U611N AVIATOR [20-27],1A189,42,7,191,136.48,110.61,182.31,1.65
UT,U725N BRONCO [21-26],4A376,01,6,80,389.34,242.8,400.86,1.65
PA,P558N SUPER DUTY [17-22],7H351,17,7,104,2153.88,1742.88,2868.57,1.65
VA,P552N F-150 [15-20],1104,42,36,845,454.84,376.73,619.85,1.65
FL,CD539N EDGE [15-24],TCARE,82,17,690,206.22,149.16,245.51,1.65
CA,C520N ESCAPE [13-19],RAV,82,10,246,121.33,107.08,176.3,1.65
NC,P552N F-150 [15-20],8501,D8,10,162,450.52,320.7,528.89,1.65
MI,P552N F-150 [15-20],1104,30,13,290,487.04,410.25,676.13,1.65
PA,CD539N EDGE [15-24],7K340,*,9,255,48.23,36.81,60.64,1.65
CT,U625N EXPLORER [20-27],3A427,42,11,277,313.76,224.62,371.43,1.65
WA,P558N SUPER DUTY [17-22],17D696,42,8,136,204.48,138.46,228.03,1.65
MI,V363N TRANSIT [14-27],12029,42,5,61,267.33,178.44,293.85,1.65
CO,U625N EXPLORER [20-27],12A650,04,20,610,43.46,36.4,60.24,1.65
IL,U625N EXPLORER [20-27],94RH7,42,12,585,240.62,196.6,324.36,1.65
SC,CX482N ESCAPE [20-26],9D289,42,7,103,284.37,210.24,346.75,1.65
SC,P702N F150 [21-27],94RH7,42,15,340,316.43,221.09,365.38,1.65
CA,B515A ECOSPORT INDIA [13-22],8592,42,5,76,467.43,354.32,584.39,1.65
FL,U554N NAVIGATOR [18-24],8213,42,9,197,367.23,286.37,473.62,1.65
OH,P702N F150 [21-27],1621597,41,28,452,110.52,91.15,150.35,1.65
MI,CX483N CORSAIR [20-26],18125,D8,7,419,239.51,209.6,346.82,1.65
KS,P552N F-150 [15-20],6675,D8,14,293,539.23,422.99,698.67,1.65
MI,U502N EXPLORER [11-19],5A972,*,23,2147,169.23,137.99,227.26,1.65
MI,CDX707A NAUTILUS [23-26],H4,42,9,339,356.39,319.97,526.83,1.65
NY,P702N F150 [21-27],4234,01,5,65,560.09,520.96,858.07,1.65
NH,P708 F250 - 600 [23-27],NPF,42,5,123,88.18,59.78,98.73,1.65
MI,P758N C-PICKUP [22-27],3B436,42,22,343,601.9,502.91,828.0,1.65
MA,P558N SUPER DUTY [17-22],16720,39,11,189,248.63,226.14,372.3,1.65
CA,CX482N ESCAPE [20-26],8A507,*,7,126,128.52,93.75,154.41,1.65
WA,P558N SUPER DUTY [17-22],3E651,42,42,2137,112.79,83.46,138.03,1.65
IL,P708 F250 - 600 [23-27],1621597,41,27,469,165.26,122.91,202.84,1.65
KY,U625N EXPLORER [20-27],3A427,D8,7,103,220.08,181.84,300.38,1.65
IL,U611N AVIATOR [20-27],4A015,D8,6,264,1496.22,1054.26,1736.86,1.65
NY,C346N FOCUS [12-18],7B546,42,7,88,1106.71,878.06,1448.53,1.65
KS,P702N F150 [21-27],19N619,82,5,139,47.29,39.22,64.81,1.65
OK,P473N SUPER DUTY [11-16],5J225,42,41,771,520.63,390.63,644.24,1.65
IL,CX430N C-SUV [21-27],8A507,*,12,215,166.01,120.24,198.1,1.65
MO,CX482N ESCAPE [20-26],14529,91,42,2651,41.67,36.69,60.65,1.65
LA,P702N F150 [21-27],48H6,42,39,1887,271.68,191.88,316.38,1.65
CA,V363N TRANSIT [14-27],6006,42,19,271,7936.35,5891.87,9697.04,1.65
GA,P702N F150 [21-27],14B291,04,65,2983,48.2,36.81,60.88,1.65
MA,P702N F150 [21-27],94RH7,42,18,260,303.27,264.75,437.63,1.65
AL,U553N EXPEDITION [18-24],14G647,42,7,122,165.46,130.63,215.97,1.65
VA,U625N EXPLORER [20-27],9B325,42,23,418,193.36,151.06,248.7,1.65
VA,U625N EXPLORER [20-27],18124,42,24,388,419.85,319.73,526.88,1.65
SC,U553N EXPEDITION [18-24],NPF,82,6,96,99.5,91.21,150.95,1.65
IA,P558N SUPER DUTY [17-22],W705297,*,7,125,41.6,35.87,59.09,1.65
UT,P558N SUPER DUTY [17-22],14A068,42,10,207,272.63,208.58,343.35,1.65
IL,P702N F150 [21-27],5A212,42,8,104,717.28,640.82,1055.08,1.65
FL,U554N NAVIGATOR [18-24],14A701,42,7,110,286.64,196.82,325.65,1.65
OH,P708 F250 - 600 [23-27],14B291,04,84,2927,45.3,35.81,58.89,1.64
VA,U502N EXPLORER [11-19],W709002,*,13,782,41.16,36.96,60.62,1.64
NV,P558N SUPER DUTY [17-22],17D696,42,8,209,175.55,151.1,247.38,1.64
CA,S550N MUSTANG [15-23],1A189,42,6,94,122.39,108.28,177.27,1.64
WV,P552N F-150 [15-20],7H351,42,7,104,2133.14,1887.76,3086.62,1.64
MS,U502N EXPLORER [11-19],78551A46,33,11,175,52.12,36.59,59.87,1.64
TN,C520N ESCAPE [13-19],6009,D8,30,633,3648.48,2986.74,4889.53,1.64
OK,P708 F250 - 600 [23-27],17032,16,6,158,56.61,38.13,62.6,1.64
NE,P473N SUPER DUTY [11-16],14A664,*,5,84,87.96,56.99,93.67,1.64
CO,CX482N ESCAPE [20-26],9F479,04,15,349,42.82,35.88,58.88,1.64
NV,P558N SUPER DUTY [17-22],19703,42,5,77,731.54,660.03,1079.54,1.64
CA,U502N EXPLORER [11-19],W709002,*,6,273,56.59,43.61,71.74,1.64
CA,S650N MUSTANG [24-26],RECALEM,04,7,92,49.9,38.78,63.68,1.64
KY,P702N F150 [21-27],14B291,04,31,764,44.79,35.98,58.98,1.64
NC,V363N TRANSIT [14-27],9D370,42,19,352,50.48,41.65,68.43,1.64
IA,C520N ESCAPE [13-19],7K340,*,13,545,52.04,38.23,62.89,1.64
NJ,CD539N EDGE [15-24],6731,82,10,208,63.4,50.75,83.03,1.64
AZ,CDX707A NAUTILUS [23-26],DELIVERY,82,5,750,49.96,49.96,82.08,1.64
CA,U502N EXPLORER [11-19],8620,82,5,76,118.15,83.42,137.04,1.64
MD,CDX707A NAUTILUS [23-26],14H522,04,7,456,339.34,227.63,373.94,1.64
CA,P702N F150 [21-27],3C247,42,14,230,571.22,433.37,712.22,1.64
WI,CDX707A NAUTILUS [23-26],DELIVERY,82,6,937,49.96,49.96,82.08,1.64
WA,U725N BRONCO [21-26],14B291,04,10,153,61.98,49.02,80.21,1.64
KY,P702N F150 [21-27],10D672,42,14,281,53.96,49.37,81.15,1.64
NJ,P552N F-150 [15-20],6020,D8,7,165,1426.02,1197.77,1970.15,1.64
AL,CDX707A NAUTILUS [23-26],3G590,79,5,131,97.41,88.24,144.28,1.64
IL,U625N EXPLORER [20-27],8501,D8,11,154,577.7,464.67,763.64,1.64
OK,P558N SUPER DUTY [17-22],6675,D8,19,441,1342.65,1051.4,1725.0,1.64
MI,CX483N CORSAIR [20-26],14B291,04,5,61,66.02,56.18,92.03,1.64
TX,U725N BRONCO [21-26],3254,42,5,70,285.69,216.49,354.84,1.64
OR,P558N SUPER DUTY [17-22],3254,D8,5,93,333.33,241.07,395.06,1.64
WY,CX430N C-SUV [21-27],8501,D8,5,101,541.31,346.37,566.85,1.64
GA,P702N F150 [21-27],1654022,D4,13,184,458.12,311.53,509.67,1.64
GA,P558N SUPER DUTY [17-22],5J281,42,6,84,239.8,180.08,294.65,1.64
UT,P702N F150 [21-27],12A650,04,10,218,50.82,42.7,70.23,1.64
AL,P552N F-150 [15-20],6675,D8,9,232,560.6,447.45,732.28,1.64
FL,C520N ESCAPE [13-19],2C190,42,18,260,185.36,133.23,218.69,1.64
NJ,U625N EXPLORER [20-27],5G203,42,6,84,329.09,281.51,460.33,1.64
VA,U502N EXPLORER [11-19],5A972,*,16,1848,150.25,135.86,223.36,1.64
FL,S550N MUSTANG [15-23],9923395,42,22,423,452.2,327.69,538.35,1.64
WI,V408E TRANSIT CONNECT [13-24],9D475,42,5,74,336.92,313.67,515.22,1.64
UT,P702N F150 [21-27],4234,42,8,274,524.42,482.83,793.36,1.64
MI,CD391N FUSION [13-20],14G371,04,17,238,47.39,40.11,65.66,1.64
AZ,P702N F150 [21-27],12A650,04,19,424,44.25,35.68,58.52,1.64
TX,B515A ECOSPORT INDIA [13-22],8592,42,19,274,366.13,277.17,455.55,1.64
KY,P702N F150 [21-27],1523200,82,10,185,42.52,35.97,58.98,1.64
IN,P708 F250 - 600 [23-27],17032,16,10,159,50.48,36.78,60.34,1.64
SC,U625N EXPLORER [20-27],12A650,04,16,381,39.4,36.67,60.27,1.64
GA,P552N F-150 [15-20],78218A43,69,8,109,204.13,158.21,259.0,1.64
CO,U553N EXPEDITION [18-24],54432A38,42,5,95,131.49,92.67,151.75,1.64
MD,P558N SUPER DUTY [17-22],7H351,42,5,81,2711.41,2440.65,4013.68,1.64
IL,U625N EXPLORER [20-27],7B215,D8,21,449,409.32,302.54,495.65,1.64
CA,U553N EXPEDITION [18-24],48H6,42,34,583,317.87,240.86,395.52,1.64
CA,S550N MUSTANG [15-23],96R,42,50,1112,251.19,198.53,326.13,1.64
TX,U725N BRONCO [21-26],2420,42,6,70,237.7,186.42,304.85,1.64
IA,P702N F150 [21-27],48H6,42,31,1106,284.2,211.36,345.7,1.64
MN,U502N EXPLORER [11-19],8501,D8,7,101,1422.3,1156.22,1891.62,1.64
NH,P552N F-150 [15-20],7H351,42,8,234,2716.91,2434.51,3994.43,1.64
CA,U554N NAVIGATOR [18-24],3C529,42,5,87,723.1,556.42,913.56,1.64
NV,U625N EXPLORER [20-27],14G371,04,9,686,54.33,37.61,61.82,1.64
OR,P558N SUPER DUTY [17-22],14A068,42,6,103,326.51,219.18,359.96,1.64
MO,U502N EXPLORER [11-19],5A972,*,32,1541,155.79,129.57,212.13,1.64
PA,P702N F150 [21-27],1523200,82,40,643,44.89,35.76,58.49,1.64
AZ,U625N EXPLORER [20-27],14G371,04,30,1452,44.71,35.68,58.52,1.64
CA,U625N EXPLORER [20-27],18125,30,6,143,277.93,236.41,388.87,1.64
MN,CX727N MACH-E [21-26],10B689,04,13,417,92.52,73.34,120.12,1.64
IL,U625N EXPLORER [20-27],19G490,*,7,168,252.1,230.23,376.86,1.64
SC,U553N EXPEDITION [18-24],14G647,42,7,78,140.13,100.65,165.31,1.64
SC,U625N EXPLORER [20-27],7P155,42,17,375,39.4,36.67,60.27,1.64
KY,P708 F250 - 600 [23-27],14B291,04,31,1577,44.38,35.98,58.98,1.64
WA,U625N EXPLORER [20-27],3A428,42,5,77,326.02,311.69,511.72,1.64
TX,CD391N FUSION [13-20],7S004,39,28,408,79.09,57.12,93.59,1.64
IL,CD539N EDGE [15-24],4000,42,6,76,1644.91,1148.37,1887.98,1.64
NC,P702N F150 [21-27],4676,D8,22,350,231.57,176.2,288.36,1.64
IL,P708 F250 - 600 [23-27],RECALEM,04,9,123,100.4,75.37,123.24,1.64
OR,P708 F250 - 600 [23-27],14B291,04,30,1295,53.05,38.28,62.81,1.64
PA,U625N EXPLORER [20-27],14D696,42,5,52,194.18,161.58,264.65,1.64
IA,CD539N EDGE [15-24],2078,*,10,163,127.49,97.87,160.5,1.64
NH,P702N F150 [21-27],14G647,42,5,74,732.26,628.97,1031.3,1.64
CT,U625N EXPLORER [20-27],94RH7,42,6,99,200.23,155.84,255.46,1.64
SC,P558N SUPER DUTY [17-22],14B321,X9,20,1005,39.73,36.67,60.27,1.64
AZ,CX430N C-SUV [21-27],14G371,04,28,1605,44.18,35.68,58.52,1.64
UT,P708 F250 - 600 [23-27],14B291,04,23,1579,49.32,37.11,60.73,1.64
TX,P702N F150 [21-27],19G317,42,9,119,358.42,288.98,475.05,1.64
GA,P702N F150 [21-27],3N134,D8,5,58,290.91,181.27,298.03,1.64
FL,U611N AVIATOR [20-27],3A428,D8,7,150,438.05,366.79,599.8,1.64
NY,U725N BRONCO [21-26],14B291,04,9,154,55.53,36.73,60.26,1.64
NY,C520N ESCAPE [13-19],7K340,*,8,670,55.93,43.76,71.83,1.64
IL,U611N AVIATOR [20-27],3K186,42,5,84,766.45,558.98,917.67,1.64
AL,P558N SUPER DUTY [17-22],6F073,01,5,72,155.81,130.26,213.19,1.64
VA,CX482N ESCAPE [20-26],8A507,*,10,289,109.59,89.26,146.81,1.64
MA,V363N TRANSIT [14-27],7A195,04,18,886,40.2,35.88,58.35,1.63
MD,U625N EXPLORER [20-27],19980,39,35,1197,91.55,69.54,113.62,1.63
OK,U502N EXPLORER [11-19],78551A46,33,23,462,52.32,40.68,66.38,1.63
GA,P702N F150 [21-27],19E525,16,14,194,52.81,39.77,64.75,1.63
MI,P702N F150 [21-27],15K859,42,6,71,234.97,160.1,261.28,1.63
CA,P558N SUPER DUTY [17-22],6A785,D8,9,136,385.18,282.28,461.12,1.63
OH,V363N TRANSIT [14-27],19805,42,10,209,267.32,216.81,352.87,1.63
PA,ECONOLINE [97-27],12A650,04,15,431,41.03,35.72,58.34,1.63
IL,P558N SUPER DUTY [17-22],6675,D8,21,329,1898.88,1396.45,2269.61,1.63
MI,U554N NAVIGATOR [18-24],7H351,42,5,116,2919.35,2304.13,3756.96,1.63
MI,V363N TRANSIT [14-27],9D370,42,16,257,46.48,42.24,68.99,1.63
CT,P558N SUPER DUTY [17-22],3E651,42,26,905,103.69,87.34,141.99,1.63
IA,CX430N C-SUV [21-27],48H6,*,7,126,274.68,206.22,335.58,1.63
SC,U553N EXPEDITION [18-24],5E212,42,19,358,867.72,725.6,1184.88,1.63
MO,P558N SUPER DUTY [17-22],14B321,X9,20,764,39.46,36.01,58.67,1.63
MT,P473N SUPER DUTY [11-16],5J225,42,22,582,538.27,436.68,710.13,1.63
WI,P702N F150 [21-27],14G490,04,5,64,47.1,38.98,63.62,1.63
TN,CX430N C-SUV [21-27],48H6,42,12,214,279.51,209.11,341.11,1.63
UT,P702N F150 [21-27],17626,42,7,125,445.4,382.02,623.22,1.63
PA,V363N TRANSIT [14-27],14G371,04,33,663,45.34,36.68,59.86,1.63
FL,P702N F150 [21-27],10E929,B4,10,158,511.53,371.56,605.06,1.63
PA,P558N SUPER DUTY [17-22],12029,42,6,76,322.26,260.24,423.22,1.63
AR,P702N F150 [21-27],NPF,42,6,385,69.48,62.06,101.35,1.63
TX,U611N AVIATOR [20-27],7P238,42,10,189,424.37,331.46,541.56,1.63
CA,S550N MUSTANG [15-23],6020,D8,8,144,1067.37,793.43,1292.94,1.63
MI,CD391N FUSION [13-20],6009,D8,33,538,3803.21,3464.02,5641.67,1.63
VA,CX430N C-SUV [21-27],8A507,*,8,160,100.05,87.07,142.35,1.63
GA,P702N F150 [21-27],1523200,82,31,1059,45.06,35.68,58.25,1.63
NH,P552N F-150 [15-20],5E212,42,5,105,1409.96,1091.11,1779.16,1.63
MA,P552N F-150 [15-20],16700,42,9,109,135.86,121.7,198.49,1.63
OH,P558N SUPER DUTY [17-22],4676,D8,5,59,208.66,151.0,246.35,1.63
FL,CX483N CORSAIR [20-26],14C708,42,8,134,181.36,157.65,256.69,1.63
WV,CX482N ESCAPE [20-26],2C150,42,7,86,73.24,58.89,95.83,1.63
MD,P702N F150 [21-27],1621597,41,10,212,116.89,91.82,149.39,1.63
NY,CX482N ESCAPE [20-26],18125,D8,8,142,284.51,216.34,352.7,1.63
LA,U625N EXPLORER [20-27],4B425,*,5,191,449.47,356.03,581.74,1.63
CA,CX430N C-SUV [21-27],5E212,01,36,647,1281.08,1033.45,1688.73,1.63
TN,P702N F150 [21-27],6714,82,11,346,67.59,52.39,85.46,1.63
MN,CX482N ESCAPE [20-26],9F479,04,10,250,45.56,37.44,60.89,1.63
HI,P702N F150 [21-27],NPF,82,5,87,93.78,83.91,136.74,1.63
PA,CD391N FUSION [13-20],90T5,42,7,85,55.3,43.01,70.31,1.63
CO,P558N SUPER DUTY [17-22],6675,D8,20,778,1488.93,1113.5,1814.88,1.63
CA,P558N SUPER DUTY [17-22],7L192,42,25,440,1703.22,1352.95,2208.25,1.63
OR,P702N F150 [21-27],6714,82,11,352,63.75,58.73,95.81,1.63
UT,P702N F150 [21-27],4676,D8,11,321,195.26,168.38,274.91,1.63
NH,P702N F150 [21-27],NPF,82,10,253,59.24,48.17,78.29,1.63
UT,U553N EXPEDITION [18-24],7H351,42,9,272,2941.94,2554.58,4160.42,1.63
WI,P702N F150 [21-27],10D672,42,23,425,70.66,58.47,95.43,1.63
NC,CD391N FUSION [13-20],6009,D8,9,124,3965.8,3095.41,5031.78,1.63
IL,U625N EXPLORER [20-27],9F598,D8,5,59,941.45,675.48,1097.88,1.63
MN,P558N SUPER DUTY [17-22],6675,D8,8,182,1346.09,1070.21,1746.87,1.63
TN,CX430N C-SUV [21-27],48H6,*,6,102,285.03,218.68,357.31,1.63
WI,U625N EXPLORER [20-27],14B291,04,7,106,57.75,40.54,66.1,1.63
NV,P552N F-150 [15-20],6582,D8,5,145,410.67,320.27,522.14,1.63
IL,P702N F150 [21-27],48H6,42,66,1714,300.54,258.15,419.53,1.63
OK,U625N EXPLORER [20-27],14G371,04,30,932,46.53,36.4,59.23,1.63
NJ,P702N F150 [21-27],1523200,82,33,680,48.0,38.22,62.22,1.63
CA,ECONOLINE [97-27],12A650,04,32,766,46.25,37.43,61.01,1.63
PA,U222N EXPEDITION [02-17],19805,*,11,265,314.35,244.88,399.17,1.63
NH,P702N F150 [21-27],19703,42,5,84,41.54,37.45,61.13,1.63
AZ,V363N TRANSIT [14-27],19805,42,12,1013,260.19,221.71,361.68,1.63
OH,P558N SUPER DUTY [17-22],RECALEM,04,28,440,57.81,47.96,78.12,1.63
MD,U625N EXPLORER [20-27],3A427,D1,5,142,339.36,256.61,417.08,1.63
PA,CD539N EDGE [15-24],RECAL,04,10,124,89.09,70.02,114.33,1.63
OH,V408E TRANSIT CONNECT [13-24],SHUTTLE,82,7,149,642.33,411.09,668.02,1.63
WI,U625N EXPLORER [20-27],18124,42,12,184,475.91,362.97,590.97,1.63
SC,CX727N MACH-E [21-26],10B689,04,10,216,86.43,65.35,106.41,1.63
SD,U502N EXPLORER [11-19],78551A46,33,9,187,46.43,36.48,59.49,1.63
PA,P558N SUPER DUTY [17-22],3304,30,6,104,510.36,374.37,610.94,1.63
NH,U625N EXPLORER [20-27],1A189,42,7,136,145.53,127.07,206.39,1.62
FL,P702N F150 [21-27],1104,42,5,75,646.45,535.3,864.58,1.62
IN,P552N F-150 [15-20],14G371,04,15,284,44.53,36.48,59.2,1.62
MA,U625N EXPLORER [20-27],94RH7,42,8,224,246.64,232.54,375.56,1.62
FL,U625N EXPLORER [20-27],7N169,07,24,360,1823.86,1471.01,2376.71,1.62
AZ,U625N EXPLORER [20-27],3A428,D8,13,465,264.03,240.33,390.12,1.62
KS,U625N EXPLORER [20-27],7B215,D8,7,184,245.09,228.32,369.5,1.62
AZ,P552N F-150 [15-20],8501,42,9,219,408.02,310.96,503.84,1.62
TN,P552N F-150 [15-20],78218A43,69,6,115,188.62,163.58,265.11,1.62
MS,P558N SUPER DUTY [17-22],RECALEM,04,6,105,64.23,50.53,81.74,1.62
NC,P702N F150 [21-27],19E525,16,17,310,59.82,45.53,73.82,1.62
AL,P473N SUPER DUTY [11-16],5J225,42,25,434,484.31,393.33,636.33,1.62
TX,U540N MKX [16-23],9D289,42,15,500,354.06,284.86,461.68,1.62
NM,P702N F150 [21-27],48H6,42,11,609,272.19,192.81,311.81,1.62
MT,P558N SUPER DUTY [17-22],17D696,42,6,98,183.78,142.41,230.12,1.62
ND,P702N F150 [21-27],DIAG,42,5,142,87.65,73.37,119.17,1.62
TX,CDX707A NAUTILUS [23-26],3G590,79,22,1273,96.32,76.32,123.33,1.62
IL,U611N AVIATOR [20-27],9B325,42,14,541,252.93,193.32,313.25,1.62
IA,CX430N C-SUV [21-27],8A507,*,9,227,108.12,84.83,137.26,1.62
OK,P552N F-150 [15-20],5E212,42,7,133,1280.09,1055.28,1710.35,1.62
IA,P702N F150 [21-27],7210,42,20,413,394.47,282.35,457.74,1.62
OR,P702N F150 [21-27],14B291,04,23,683,52.74,38.28,62.03,1.62
MD,U625N EXPLORER [20-27],7B215,D8,9,191,262.93,216.68,351.97,1.62
KS,C520N ESCAPE [13-19],6009,D8,14,343,3809.46,2637.06,4277.73,1.62
LA,P558N SUPER DUTY [17-22],3E651,42,42,1412,95.48,73.4,118.67,1.62
NV,P702N F150 [21-27],14B291,04,9,680,58.75,39.22,63.7,1.62
GA,P558N SUPER DUTY [17-22],6675,D8,26,576,1320.39,1042.07,1691.27,1.62
MI,CX482N ESCAPE [20-26],6K682,42,14,223,1821.43,1506.24,2437.04,1.62
ID,P552N F-150 [15-20],5E212,42,7,252,1207.71,1066.8,1724.84,1.62
GA,CX727N MACH-E [21-26],PATSKEY,42,7,108,275.25,186.0,300.91,1.62
NV,P702N F150 [21-27],RECALEM,04,6,177,69.34,46.37,75.3,1.62
AL,V363N TRANSIT [14-27],14G371,04,5,88,60.16,44.53,72.14,1.62
OR,CX430N C-SUV [21-27],8501,D8,17,473,615.16,419.16,679.0,1.62
VA,CD539N EDGE [15-24],48H6,42,16,269,211.35,185.2,300.48,1.62
IA,CX482N ESCAPE [20-26],8A507,*,14,487,99.86,84.83,137.26,1.62
MT,P552N F-150 [15-20],7A100,49,7,153,104.46,72.9,118.27,1.62
GA,P708 F250 - 600 [23-27],17032,16,9,214,52.63,41.09,66.75,1.62
MI,U540N MKX [16-23],7902,42,10,190,2195.0,2015.9,3263.72,1.62
FL,P552N F-150 [15-20],19860,42,12,218,1292.28,1008.5,1633.37,1.62
PA,U540N MKX [16-23],RECAL,04,8,138,77.73,54.97,89.13,1.62
FL,S550N MUSTANG [15-23],19G490,42,8,116,174.22,132.21,214.82,1.62
CA,CX430N C-SUV [21-27],8A507,*,5,118,128.52,93.75,151.85,1.62
CA,CD391N FUSION [13-20],6009,D8,71,1373,4533.17,3396.79,5514.05,1.62
OH,U625N EXPLORER [20-27],3A428,30,6,102,254.66,224.85,365.36,1.62
OR,P702N F150 [21-27],4234,01,6,99,570.37,519.78,842.7,1.62
TN,CX482N ESCAPE [20-26],6731,82,7,178,75.44,51.39,83.2,1.62
SC,CX727N MACH-E [21-26],14A411,28,6,110,291.61,209.44,338.34,1.62
VA,CX430N C-SUV [21-27],9D289,42,19,308,281.42,219.8,356.36,1.62
NC,U554N NAVIGATOR [18-24],6256,42,9,391,1585.95,1123.68,1819.17,1.62
NY,U611N AVIATOR [20-27],78519A70,42,9,195,543.85,371.02,600.4,1.62
MA,P702N F150 [21-27],5E212,42,13,174,1482.65,1110.39,1802.32,1.62
MN,P702N F150 [21-27],19703,42,5,87,59.41,41.91,67.77,1.62
IL,P758N C-PICKUP [22-27],99RT4,42,9,124,342.76,310.73,501.91,1.62
MO,P558N SUPER DUTY [17-22],19G490,*,13,311,120.72,94.74,153.37,1.62
FL,P552N F-150 [15-20],19E616,42,21,355,563.32,465.92,754.42,1.62
TX,CD539N EDGE [15-24],14G371,04,15,218,47.02,37.44,60.52,1.62
NY,P702N F150 [21-27],14A626,42,6,78,182.99,142.74,231.05,1.62
CA,CD539N EDGE [15-24],6731,82,7,84,69.64,55.01,89.39,1.62
KS,U222N EXPEDITION [02-17],19805,*,11,229,295.79,221.72,360.04,1.62
CT,U625N EXPLORER [20-27],19980,39,20,513,93.47,77.35,125.67,1.62
MA,C520N ESCAPE [13-19],9D289,42,17,288,285.44,253.1,409.76,1.62
FL,S550N MUSTANG [15-23],6051,42,6,102,2064.53,1740.43,2816.2,1.62
TX,U611N AVIATOR [20-27],17682,42,8,136,1279.01,1078.39,1743.79,1.62
GA,CX727N MACH-E [21-26],H3,42,8,143,345.25,246.27,398.05,1.62
TN,P558N SUPER DUTY [17-22],9H307,42,9,129,549.04,436.52,705.71,1.62
CA,V363N TRANSIT [14-27],12029,42,5,55,333.86,280.18,453.76,1.62
WI,U222N EXPEDITION [02-17],19805,*,17,336,315.01,241.6,391.63,1.62
IN,CX430N C-SUV [21-27],14G371,04,45,1212,42.72,36.48,59.2,1.62
MO,CD539N EDGE [15-24],9D289,42,11,231,319.13,240.84,389.14,1.62
GA,P702N F150 [21-27],2005,42,6,77,1456.7,1077.34,1749.14,1.62
NY,P702N F150 [21-27],17508,*,11,718,127.07,103.57,167.54,1.62
NC,U553N EXPEDITION [18-24],48H6,42,8,116,292.16,200.1,324.06,1.62
MD,P558N SUPER DUTY [17-22],7000,42,10,263,5367.18,3867.63,6280.85,1.62
GA,U553N EXPEDITION [18-24],14G647,42,7,114,130.21,92.37,149.58,1.62
AR,P552N F-150 [15-20],1104,42,7,102,443.35,376.33,611.23,1.62
PA,P552N F-150 [15-20],6675,D8,46,840,546.22,409.34,661.36,1.62
FL,P552N F-150 [15-20],12029,42,15,208,265.54,208.99,339.31,1.62
NH,P708 F250 - 600 [23-27],1621597,41,13,330,122.91,103.67,167.55,1.62
MI,U611N AVIATOR [20-27],3K185,42,5,102,781.24,649.87,1050.63,1.62
MD,V363N TRANSIT [14-27],7H351,42,5,56,3192.79,2477.65,4013.88,1.62
PA,U725N BRONCO [21-26],19G490,*,9,229,184.54,130.96,211.52,1.62
CA,P702N F150 [21-27],H3,42,40,676,284.54,229.99,372.83,1.62
MI,P703N RANGER [24-26],26243C02,*,7,108,234.52,161.23,261.06,1.62
CO,P702N F150 [21-27],10D672,42,26,1209,74.92,60.49,97.94,1.62
FL,V363N TRANSIT [14-27],9H307,42,7,113,686.59,514.57,833.75,1.62
NY,P552N F-150 [15-20],8501,42,6,84,496.61,358.29,580.22,1.62
NV,P552N F-150 [15-20],6256,42,10,2037,1271.78,1031.0,1671.87,1.62
OH,P702N F150 [21-27],5A212,42,8,101,761.53,615.99,1000.66,1.62
TX,U625N EXPLORER [20-27],78519A02,42,15,217,792.49,652.19,1052.51,1.61
MA,P558N SUPER DUTY [17-22],19703,42,7,103,880.83,616.49,995.5,1.61
CT,CX727N MACH-E [21-26],14A411,28,17,345,245.77,195.07,313.49,1.61
CA,V363N TRANSIT [14-27],9F593,42,6,130,1034.92,902.8,1449.7,1.61
OH,CX430N C-SUV [21-27],48H6,*,16,399,272.83,206.81,333.86,1.61
TX,U222N EXPEDITION [02-17],2140,*,7,223,199.91,178.82,288.11,1.61
CA,P758N C-PICKUP [22-27],6020,D8,7,95,1659.99,1353.31,2182.44,1.61
IL,C520N ESCAPE [13-19],6009,D8,72,2523,4811.2,3583.61,5769.54,1.61
TX,P702N F150 [21-27],13008,42,49,1089,1501.03,1195.45,1929.13,1.61
NH,P552N F-150 [15-20],6006,42,14,313,143.65,116.5,187.17,1.61
OK,P702N F150 [21-27],1523200,82,22,529,43.68,36.4,58.52,1.61
SC,P473N SUPER DUTY [11-16],5J225,42,28,511,543.64,433.86,698.86,1.61
PA,U625N EXPLORER [20-27],7A195,42,15,215,1271.44,1046.37,1684.64,1.61
TN,CX430N C-SUV [21-27],7C108,14,7,132,1828.85,1397.3,2253.66,1.61
ID,P552N F-150 [15-20],6256,42,17,2049,1332.39,968.73,1558.99,1.61
AL,U717N EXPEDITION [25-27],14F042,42,6,137,42.01,36.53,58.92,1.61
IA,CX482N ESCAPE [20-26],6731,82,10,269,62.06,42.71,68.69,1.61
CA,P702N F150 [21-27],RAV,82,23,2595,132.03,115.62,185.68,1.61
IN,U625N EXPLORER [20-27],14B291,04,6,104,49.47,37.75,60.91,1.61
PA,P558N SUPER DUTY [17-22],6K682,42,9,121,2917.91,2107.29,3390.25,1.61
MT,P552N F-150 [15-20],7H351,42,7,214,2488.4,2158.47,3466.08,1.61
TX,S650N MUSTANG [24-26],48H6,42,17,236,316.93,227.05,364.42,1.61
FL,P702N F150 [21-27],17626,42,7,108,583.55,425.07,683.75,1.61
TX,CX482N ESCAPE [20-26],78235A62,61,5,149,295.43,236.75,380.26,1.61
CA,U725N BRONCO [21-26],RAV,82,14,395,139.31,115.62,185.68,1.61
KY,P702N F150 [21-27],4676,D8,9,134,154.09,136.99,220.15,1.61
MD,CD533N MKZ [13-20],DELIVERY,82,5,208,71.37,64.23,103.49,1.61
CA,U625N EXPLORER [20-27],48H6,42,85,2348,316.05,242.77,391.64,1.61
FL,U540N MKX [16-23],58519A02,42,12,233,742.98,661.31,1065.84,1.61
CT,U502N EXPLORER [11-19],78551A46,33,15,267,49.76,42.59,68.72,1.61
WI,CD539N EDGE [15-24],14G371,04,10,129,54.81,41.72,67.01,1.61
NE,P702N F150 [21-27],10C679,42,8,220,56.1,49.75,80.35,1.61
FL,P552N F-150 [15-20],4676,D8,10,151,249.94,205.91,330.61,1.61
MN,P558N SUPER DUTY [17-22],4676,D8,8,124,252.24,187.14,301.02,1.61
OH,P558N SUPER DUTY [17-22],16720,39,8,212,242.25,211.38,340.99,1.61
MA,P558N SUPER DUTY [17-22],14A664,42,8,97,185.89,146.54,235.88,1.61
TX,P702N F150 [21-27],19C734,42,5,101,719.7,670.96,1080.04,1.61
IL,P702N F150 [21-27],14A626,04,31,554,52.99,40.15,64.53,1.61
MA,P702N F150 [21-27],12A650,04,9,132,50.01,39.95,64.35,1.61
AL,V363N TRANSIT [14-27],9D370,42,5,59,45.05,38.05,61.41,1.61
GA,U554N NAVIGATOR [18-24],19G490,42,10,280,258.72,199.91,321.27,1.61
TX,H567N MEDIUM TRUCK [16-27],7000,42,5,149,5344.74,4115.69,6608.51,1.61
NY,P558N SUPER DUTY [17-22],4L616,D8,10,122,210.48,177.35,285.81,1.61
VA,U625N EXPLORER [20-27],7P238,42,16,288,416.52,332.47,536.1,1.61
CA,CX430N C-SUV [21-27],RAV,82,18,665,133.12,115.62,185.68,1.61
CA,P758N C-PICKUP [22-27],RAV,82,13,299,135.38,115.62,185.68,1.61
MI,P702N F150 [21-27],3N134,D8,14,262,250.47,232.03,374.09,1.61
PA,P558N SUPER DUTY [17-22],9H307,42,19,277,571.74,436.11,703.94,1.61
WA,C520N ESCAPE [13-19],RENTAL,82,8,129,285.48,199.84,321.17,1.61
CT,CX727N MACH-E [21-26],10B689,04,19,442,76.44,61.01,98.17,1.61
OH,U553N EXPEDITION [18-24],3N134,D8,5,92,223.62,192.77,310.72,1.61
KY,U553N EXPEDITION [18-24],6714,82,5,203,48.64,40.7,65.5,1.61
AZ,CX482N ESCAPE [20-26],5827009,42,6,91,264.55,232.62,374.26,1.61
MT,P552N F-150 [15-20],1104,42,6,150,525.84,373.25,599.91,1.61
AL,P558N SUPER DUTY [17-22],14B321,X9,17,1146,42.18,36.53,58.9,1.61
MI,CX482N ESCAPE [20-26],48H6,42,49,2107,312.92,272.21,438.18,1.61
GA,P758N C-PICKUP [22-27],3B436,42,22,355,630.93,475.02,765.79,1.61
OH,C489N MKC [15-19],DELIVERY,82,9,482,71.37,64.23,103.49,1.61
CO,P552N F-150 [15-20],4B416,D8,12,201,250.04,185.11,297.26,1.61
MD,CX727N MACH-E [21-26],10C666,42,18,623,1454.58,1189.94,1921.22,1.61
IN,P758N C-PICKUP [22-27],RECALEM,04,6,76,79.21,70.78,114.18,1.61
MN,C520N ESCAPE [13-19],7902,42,5,71,3255.96,3195.58,5149.52,1.61
MD,CX482N ESCAPE [20-26],14F642,42,18,334,44.53,38.53,62.11,1.61
CA,B515A ECOSPORT INDIA [13-22],6006,42,16,222,4709.67,3276.65,5270.3,1.61
ID,U502N EXPLORER [11-19],14B686,X4,8,227,176.41,132.02,212.03,1.61
KY,U502N EXPLORER [11-19],5A972,*,10,531,147.19,127.72,205.01,1.61
FL,P702N F150 [21-27],19850,42,12,201,1296.82,946.78,1523.56,1.61
CO,U725N BRONCO [21-26],4A376,01,10,169,509.54,342.49,552.55,1.61
NJ,CX483N CORSAIR [20-26],18125,D8,5,106,258.09,216.07,347.66,1.61
MN,CX482N ESCAPE [20-26],14F642,42,9,118,52.84,37.68,60.51,1.61
WI,CD539N EDGE [15-24],7K340,*,8,251,52.16,42.27,68.01,1.61
TX,P708 F250 - 600 [23-27],9H307,42,6,134,616.42,595.4,959.33,1.61
GA,U625N EXPLORER [20-27],48H6,42,20,330,297.01,207.22,333.71,1.61
NY,U611N AVIATOR [20-27],12A650,04,10,243,42.77,37.52,60.42,1.61
WI,U502N EXPLORER [11-19],16612,1Q,20,410,1318.18,1016.97,1634.25,1.61
TN,U611N AVIATOR [20-27],9B325,42,5,154,199.05,174.69,281.55,1.61
PA,CD539N EDGE [15-24],6731,82,5,80,61.21,56.48,90.78,1.61
MO,C346N FOCUS [12-18],7Z369,42,9,127,599.69,420.43,677.83,1.61
NM,P558N SUPER DUTY [17-22],14A068,42,8,167,278.14,224.84,362.55,1.61
UT,CX430N C-SUV [21-27],14G371,04,18,644,46.25,36.46,58.81,1.61
IL,CD391N FUSION [13-20],2078,*,8,369,221.4,176.58,283.56,1.61
FL,P558N SUPER DUTY [17-22],1104,42,7,97,982.82,690.89,1111.4,1.61
PA,CX482N ESCAPE [20-26],14F642,42,25,495,44.19,36.66,58.49,1.6
IN,V363N TRANSIT [14-27],14G371,04,14,236,44.53,37.75,60.52,1.6
CA,CDX707A NAUTILUS [23-26],18B008,04,18,550,47.76,36.52,58.42,1.6
TX,U553N EXPEDITION [18-24],19860,D1,13,240,866.01,720.59,1154.55,1.6
IN,CD539N EDGE [15-24],48H6,42,24,422,265.51,224.59,360.0,1.6
MD,P702N F150 [21-27],4676,D8,12,193,208.59,169.79,270.84,1.6
MD,V363N TRANSIT [14-27],9D370,42,15,310,52.41,43.81,70.29,1.6
TX,CD539N EDGE [15-24],6009,D8,27,392,3681.24,3319.85,5295.37,1.6
AZ,P702N F150 [21-27],10849,42,6,98,594.33,419.51,671.49,1.6
CO,P552N F-150 [15-20],9D290,42,6,96,262.81,197.07,316.0,1.6
NV,P702N F150 [21-27],19E525,16,6,157,61.03,43.06,68.99,1.6
ND,U553N EXPEDITION [18-24],4B416,D8,6,122,224.14,178.02,285.04,1.6
TN,P558N SUPER DUTY [17-22],4676,D8,5,54,232.59,173.76,278.84,1.6
TX,CDX707A NAUTILUS [23-26],18125,42,18,656,110.33,86.66,138.74,1.6
FL,CX430N C-SUV [21-27],7813086,39,6,104,152.76,148.51,237.63,1.6
NC,CX727N MACH-E [21-26],RECAL,04,11,207,128.97,96.76,154.97,1.6
VA,CX482N ESCAPE [20-26],18125,42,6,143,333.65,268.62,429.51,1.6
FL,P558N SUPER DUTY [17-22],13832,42,10,154,141.28,125.56,201.09,1.6
CA,C520N ESCAPE [13-19],6731,82,5,126,61.44,53.61,85.89,1.6
NV,P558N SUPER DUTY [17-22],RENTAL,82,5,208,256.93,214.11,342.58,1.6
MA,P702N F150 [21-27],6714,82,5,106,62.67,46.63,74.6,1.6
IN,U625N EXPLORER [20-27],3D102,42,12,204,677.64,577.28,924.77,1.6
SC,C520N ESCAPE [13-19],6009,D8,18,447,3777.09,3326.49,5331.35,1.6
WY,P558N SUPER DUTY [17-22],3254,D8,9,270,328.9,247.03,395.35,1.6
OR,CX727N MACH-E [21-26],10B689,04,15,664,86.38,68.64,109.91,1.6
OK,P702N F150 [21-27],10D672,42,18,354,66.0,50.27,80.51,1.6
NY,CD539N EDGE [15-24],9F464,01,13,179,544.05,461.23,736.47,1.6
GA,CDX707A NAUTILUS [23-26],RENTAL,82,5,278,192.7,160.58,256.93,1.6
MS,P558N SUPER DUTY [17-22],14A068,42,5,97,277.76,209.19,334.95,1.6
ID,CX727N MACH-E [21-26],10B689,04,5,102,87.43,59.95,95.92,1.6
FL,P702N F150 [21-27],14529,28,11,201,139.31,108.11,172.72,1.6
WA,P708 F250 - 600 [23-27],1621597,41,20,514,143.13,105.91,169.9,1.6
IA,U502N EXPLORER [11-19],78551A46,33,26,628,49.37,39.99,63.95,1.6
MD,CX482N ESCAPE [20-26],7P238,42,7,89,252.64,214.75,344.11,1.6
FL,V363N TRANSIT [14-27],14529,42,6,245,248.29,166.82,267.05,1.6
VA,P702N F150 [21-27],94RH7,42,28,689,229.71,208.08,333.06,1.6
CO,U540N MKX [16-23],94RH7,42,5,288,319.52,220.33,352.38,1.6
TX,U625N EXPLORER [20-27],6731,82,9,186,59.12,49.92,80.08,1.6
AL,P558N SUPER DUTY [17-22],5L248,42,12,196,250.17,187.0,299.18,1.6
VT,CX430N C-SUV [21-27],8501,D8,8,255,512.24,404.25,646.0,1.6
CA,U718N NAVIGATOR [25-27],14F042,42,11,232,49.15,41.05,65.8,1.6
TX,P758N C-PICKUP [22-27],14G371,04,26,384,49.19,37.83,60.52,1.6
CA,CX483N CORSAIR [20-26],9D289,42,8,136,266.04,211.55,339.09,1.6
NY,CDX707A NAUTILUS [23-26],94RH7,42,5,105,328.2,261.91,419.45,1.6
TX,P758N C-PICKUP [22-27],H4,42,23,342,367.35,291.42,466.57,1.6
IL,U502N EXPLORER [11-19],14D696,42,6,77,367.41,276.49,441.72,1.6
TX,CX482N ESCAPE [20-26],8A507,*,19,519,115.81,85.0,135.75,1.6
NY,CX483N CORSAIR [20-26],7P238,42,14,384,277.62,246.57,394.32,1.6
WI,C346N FOCUS [12-18],7B546,42,10,129,1138.75,956.37,1529.66,1.6
ME,P708 F250 - 600 [23-27],1621597,41,15,243,110.17,81.3,130.05,1.6
NJ,P558N SUPER DUTY [17-22],6675,D8,10,364,1409.24,1220.85,1957.97,1.6
GA,CX482N ESCAPE [20-26],14F642,42,10,169,45.27,36.4,58.25,1.6
ND,P558N SUPER DUTY [17-22],3E651,42,13,543,103.06,83.88,134.48,1.6
CA,CX483N CORSAIR [20-26],54519A02,42,8,156,792.34,651.67,1041.8,1.6
MA,P702N F150 [21-27],14A626,04,18,389,40.55,36.4,58.35,1.6
AZ,P558N SUPER DUTY [17-22],8A616,42,7,110,477.29,368.76,591.64,1.6
CT,CX430N C-SUV [21-27],NPF,82,6,144,67.49,67.23,107.58,1.6
NC,P702N F150 [21-27],19G490,42,12,172,275.49,234.31,375.28,1.6
SC,CDX707A NAUTILUS [23-26],9F593,42,5,97,746.82,558.77,892.25,1.6
MA,U725N BRONCO [21-26],NPF,82,6,93,89.83,73.75,118.21,1.6
WA,CX483N CORSAIR [20-26],DELIVERY,82,5,627,82.08,71.37,114.19,1.6
TX,P702N F150 [21-27],48H6,46,7,872,268.79,198.37,318.32,1.6
AR,U625N EXPLORER [20-27],19980,39,21,534,87.21,68.57,109.4,1.6
NM,P552N F-150 [15-20],6M280,42,7,160,392.72,308.2,491.68,1.6
NH,P558N SUPER DUTY [17-22],3E651,42,22,902,104.33,80.33,128.27,1.6
AR,P702N F150 [21-27],48H6,42,26,826,265.59,192.72,307.68,1.6
WA,U553N EXPEDITION [18-24],6256,42,25,525,1539.54,1090.92,1744.53,1.6
CO,P708 F250 - 600 [23-27],RECALEM,04,15,304,86.76,70.96,113.69,1.6
CA,U553N EXPEDITION [18-24],94RH7,42,6,89,289.63,244.28,391.64,1.6
ID,P558N SUPER DUTY [17-22],7000,42,6,129,5848.89,5290.44,8480.03,1.6
TN,P702N F150 [21-27],4676,42,6,82,216.12,176.92,282.57,1.6
ID,P702N F150 [21-27],10D672,42,7,228,66.21,51.39,82.22,1.6
VA,P552N F-150 [15-20],TCARE,82,6,94,191.92,141.96,226.82,1.6
UT,U625N EXPLORER [20-27],48H6,42,7,143,287.21,200.92,321.51,1.6
ND,P708 F250 - 600 [23-27],19703,42,8,297,166.68,143.95,230.04,1.6
IL,CX727N MACH-E [21-26],10B689,04,45,1654,122.53,100.8,161.44,1.6
KY,P558N SUPER DUTY [17-22],3E651,42,40,1109,87.93,72.88,116.84,1.6
IL,P552N F-150 [15-20],16308,*,6,73,544.63,433.65,693.75,1.6
VA,V408E TRANSIT CONNECT [13-24],9D475,42,10,168,279.63,261.3,417.96,1.6
KS,CX482N ESCAPE [20-26],1A189,42,5,75,133.13,118.42,189.54,1.6
FL,P708 F250 - 600 [23-27],14529,42,9,152,144.12,113.39,180.19,1.59
TX,U553N EXPEDITION [18-24],78045G34,42,65,1330,46.34,36.23,57.42,1.59
CA,P702N F150 [21-27],9H307,42,9,164,520.14,426.26,678.24,1.59
CA,P708 F250 - 600 [23-27],2001,30,10,153,338.76,256.24,407.47,1.59
MI,U553N EXPEDITION [18-24],54432A38,42,5,68,126.06,94.28,150.29,1.59
TX,P131N STRIPPED CHASSIS [99-26],6006,42,6,109,7918.56,5934.3,9440.65,1.59
NV,P702N F150 [21-27],14G647,42,7,151,833.6,726.1,1156.19,1.59
OH,CX727N MACH-E [21-26],14A411,28,25,536,248.22,209.94,332.94,1.59
OR,P473N SUPER DUTY [11-16],5J225,42,37,1429,541.93,414.23,658.7,1.59
OR,V363N TRANSIT [14-27],9D370,42,11,231,48.17,42.04,66.89,1.59
UT,P708 F250 - 600 [23-27],8A616,42,12,232,382.67,309.41,492.04,1.59
ND,P708 F250 - 600 [23-27],4676,D8,5,115,365.97,295.58,470.59,1.59
AZ,U725N BRONCO [21-26],9H307,42,5,68,539.0,366.81,582.44,1.59
MO,P758N C-PICKUP [22-27],H4,42,6,64,350.59,274.49,436.88,1.59
OH,P552N F-150 [15-20],19G490,*,6,74,90.53,76.67,121.69,1.59
IN,P558N SUPER DUTY [17-22],RECALEM,04,14,227,57.46,47.56,75.42,1.59
WA,P758N C-PICKUP [22-27],RECALEM,04,11,165,93.58,68.43,109.14,1.59
OH,U625N EXPLORER [20-27],3A428,D8,26,583,276.79,209.16,333.32,1.59
AZ,U553N EXPEDITION [18-24],7H351,42,15,468,2572.23,2080.18,3310.86,1.59
OK,P708 F250 - 600 [23-27],1621597,41,22,452,117.72,95.55,151.53,1.59
NV,U725N BRONCO [21-26],94RH7,42,5,170,306.41,234.91,373.09,1.59
IA,U611N AVIATOR [20-27],14G371,04,7,197,72.5,59.03,93.99,1.59
IL,V363N TRANSIT [14-27],7H351,42,7,130,4077.58,3016.02,4790.7,1.59
PA,P552N F-150 [15-20],4676,D8,22,362,178.05,147.49,235.11,1.59
OH,P708 F250 - 600 [23-27],3B676,42,7,111,183.65,158.54,251.45,1.59
MT,P558N SUPER DUTY [17-22],6K682,42,6,92,3193.27,2417.14,3834.62,1.59
AK,P558N SUPER DUTY [17-22],14407,49,5,124,1309.7,1079.06,1712.93,1.59
IL,C520N ESCAPE [13-19],7K340,*,11,1254,87.29,60.09,95.39,1.59
TX,S550N MUSTANG [15-23],7H351,42,6,115,2240.13,1847.25,2933.27,1.59
CO,U625N EXPLORER [20-27],7B215,D8,8,125,353.3,265.67,423.05,1.59
SC,U625N EXPLORER [20-27],14B291,04,7,164,49.44,37.43,59.52,1.59
WI,P702N F150 [21-27],5A212,42,9,121,745.6,623.0,991.79,1.59
IL,CX430N C-SUV [21-27],18125,42,5,97,286.9,276.75,440.95,1.59
VA,V408E TRANSIT CONNECT [13-24],SHUTTLE,82,6,167,649.47,436.78,693.72,1.59
PA,V363N TRANSIT [14-27],9D370,42,23,350,46.04,41.04,65.44,1.59
MT,U625N EXPLORER [20-27],12A650,04,7,117,53.29,42.44,67.31,1.59
WV,P552N F-150 [15-20],6M280,42,8,127,307.93,233.77,371.46,1.59
MI,P552N F-150 [15-20],1521813,42,5,59,254.02,177.6,282.04,1.59
MA,P702N F150 [21-27],19E525,16,7,125,56.02,49.35,78.54,1.59
NY,U502N EXPLORER [11-19],13832,42,5,57,228.95,181.22,288.5,1.59
TX,U554N NAVIGATOR [18-24],14B561,04,18,911,394.55,324.69,515.61,1.59
MI,U554N NAVIGATOR [18-24],13A565,42,5,75,783.16,646.87,1030.68,1.59
TX,P702N F150 [21-27],11A213,42,22,330,721.19,582.94,927.19,1.59
TX,P702N F150 [21-27],10C666,42,15,185,1037.08,857.03,1366.12,1.59
FL,P702N F150 [21-27],7222,33,6,86,193.61,167.95,266.37,1.59
OK,P552N F-150 [15-20],4676,D8,6,116,208.38,163.04,258.87,1.59
ID,P702N F150 [21-27],4676,D8,11,297,206.04,157.33,250.22,1.59
CO,CX727N MACH-E [21-26],RECAL,04,12,240,138.12,104.91,167.01,1.59
GA,V363N TRANSIT [14-27],14G371,04,14,257,49.74,37.11,59.17,1.59
TX,U611N AVIATOR [20-27],5E212,01,5,111,962.12,915.5,1458.94,1.59
MA,CX482N ESCAPE [20-26],9D289,42,18,316,261.21,231.56,367.66,1.59
TX,U554N NAVIGATOR [18-24],9F472,42,5,126,310.58,208.72,332.28,1.59
KS,U502N EXPLORER [11-19],W709002,*,11,196,41.46,37.57,59.74,1.59
TX,P558N SUPER DUTY [17-22],9N184,42,5,113,108.45,97.25,154.94,1.59
TN,U725N BRONCO [21-26],14B291,04,11,190,55.15,46.47,73.94,1.59
TX,U540N MKX [16-23],9B325,42,5,95,226.76,166.26,264.4,1.59
TX,V363N TRANSIT [14-27],14G371,04,25,443,49.19,39.9,63.45,1.59
OK,C520N ESCAPE [13-19],6009,D8,14,341,3859.74,2907.48,4623.83,1.59
VT,CX482N ESCAPE [20-26],7820125,61,13,865,247.35,221.07,351.15,1.59
NE,U625N EXPLORER [20-27],19980,39,18,476,89.92,82.84,131.46,1.59
IL,P558N SUPER DUTY [17-22],9601,82,8,293,66.41,56.29,89.4,1.59
OH,P558N SUPER DUTY [17-22],3E651,*,10,177,88.09,72.87,115.83,1.59
CA,U625N EXPLORER [20-27],3A427,01,5,61,335.01,237.78,377.39,1.59
MD,P552N F-150 [15-20],3C247,42,5,76,372.51,332.66,529.93,1.59
MT,P702N F150 [21-27],19E525,16,5,85,71.79,53.63,85.02,1.59
PA,U625N EXPLORER [20-27],18125,42,11,168,188.17,157.14,249.72,1.59
MA,P702N F150 [21-27],DIAG,82,6,92,87.52,65.37,103.81,1.59
MI,CX482N ESCAPE [20-26],5E212,42,35,605,1370.44,1146.57,1826.74,1.59
AZ,P552N F-150 [15-20],11002,42,5,93,364.21,259.79,412.86,1.59
TX,U554N NAVIGATOR [18-24],17528,42,5,105,81.98,69.73,110.59,1.59
ID,P558N SUPER DUTY [17-22],5L248,42,6,153,320.24,287.84,458.2,1.59
AZ,P558N SUPER DUTY [17-22],6006,42,6,94,7262.77,6840.39,10882.07,1.59
MA,U625N EXPLORER [20-27],9B325,42,14,230,208.87,174.84,277.77,1.59
ND,U553N EXPEDITION [18-24],4676,D8,5,121,273.5,216.64,345.54,1.59
ME,B515A ECOSPORT INDIA [13-22],5G232,01,6,134,964.78,872.42,1390.92,1.59
NE,P552N F-150 [15-20],1104,42,13,276,449.44,357.16,567.15,1.59
FL,CDX707A NAUTILUS [23-26],18B008,04,20,911,45.94,39.19,62.38,1.59
MI,U553N EXPEDITION [18-24],78045G34,42,33,739,45.11,41.42,65.94,1.59
CA,U502N EXPLORER [11-19],2001,30,10,273,294.42,205.6,327.05,1.59
CO,P702N F150 [21-27],15K859,42,5,58,324.26,241.74,384.95,1.59
OH,V363N TRANSIT [14-27],11002,42,6,132,273.7,261.34,414.37,1.59
CT,CX430N C-SUV [21-27],8501,D8,21,603,566.44,444.06,708.13,1.59
CA,CX430N C-SUV [21-27],18125,30,5,194,290.38,268.25,425.7,1.59
UT,U553N EXPEDITION [18-24],48H6,42,5,86,262.36,191.19,304.16,1.59
UT,P708 F250 - 600 [23-27],17032,16,6,105,47.74,36.56,58.2,1.59
CA,P702N F150 [21-27],94RH7,42,91,2901,329.75,264.03,419.5,1.59
WI,P473N SUPER DUTY [11-16],5J225,42,46,700,548.26,433.53,689.81,1.59
MS,U611N AVIATOR [20-27],14G371,04,8,139,70.11,60.77,96.35,1.59
MN,P758N C-PICKUP [22-27],99RT4,42,6,76,356.61,301.2,479.54,1.59
NY,P552N F-150 [15-20],1651070,01,13,177,498.8,389.36,620.85,1.59
TX,P702N F150 [21-27],48H6,63,13,652,278.47,211.22,335.64,1.59
KS,U502N EXPLORER [11-19],14B686,X4,15,451,164.55,137.14,216.36,1.58
MS,P473N SUPER DUTY [11-16],5J225,42,14,239,536.44,425.07,673.24,1.58
WA,V363N TRANSIT [14-27],7H351,42,5,87,2569.87,2077.31,3281.53,1.58
HI,P708 F250 - 600 [23-27],19703,42,7,292,210.18,145.33,229.9,1.58
NV,U725N BRONCO [21-26],14B291,04,5,172,63.7,60.24,95.09,1.58
FL,P375N RANGER [19-23],18478,42,6,82,912.89,805.23,1273.04,1.58
FL,CD539N EDGE [15-24],3B436,42,10,164,642.03,456.03,721.87,1.58
OH,P558N SUPER DUTY [17-22],9H307,42,15,246,575.53,464.8,732.41,1.58
HI,P708 F250 - 600 [23-27],14B291,04,7,240,60.05,41.52,65.69,1.58
VA,CX430N C-SUV [21-27],13466,42,5,87,80.56,56.68,89.65,1.58
AZ,P473N SUPER DUTY [11-16],5J225,42,30,1120,572.82,465.97,735.55,1.58
TX,P473N SUPER DUTY [11-16],14A664,*,11,314,85.88,72.48,114.24,1.58
TX,U725N BRONCO [21-26],48H6,42,18,297,307.39,227.05,358.81,1.58
TX,P552N F-150 [15-20],19G490,*,11,280,94.0,77.27,121.99,1.58
UT,P702N F150 [21-27],1523200,82,15,330,44.12,37.26,58.81,1.58
CA,P702N F150 [21-27],14G650,04,17,248,51.1,40.47,64.03,1.58
FL,P702N F150 [21-27],9G488,42,11,143,385.23,298.41,472.63,1.58
LA,P558N SUPER DUTY [17-22],19G490,*,6,217,138.72,102.07,161.06,1.58
WA,CX430N C-SUV [21-27],14G371,04,37,1347,52.76,41.11,64.78,1.58
IN,U222N EXPEDITION [02-17],19805,*,8,141,312.12,219.48,347.11,1.58
IL,V363N TRANSIT [14-27],7A195,04,52,1386,52.67,40.9,64.53,1.58
TX,U540N MKX [16-23],7443150,42,11,287,278.78,226.57,357.84,1.58
OH,U222N EXPEDITION [02-17],19805,*,12,249,313.76,241.53,380.62,1.58
MS,CX430N C-SUV [21-27],48H6,42,7,104,287.28,207.62,328.65,1.58
NM,CX482N ESCAPE [20-26],7820125,61,17,1429,312.85,259.02,407.97,1.58
KY,V363N TRANSIT [14-27],6714,82,5,91,57.89,47.01,74.4,1.58
WA,P558N SUPER DUTY [17-22],RECALEM,04,30,611,72.05,56.5,89.5,1.58
UT,P552N F-150 [15-20],6020,D8,6,195,1402.68,1097.02,1730.93,1.58
FL,P552N F-150 [15-20],4209,42,8,112,1316.76,1116.24,1764.49,1.58
OR,P558N SUPER DUTY [17-22],NPF,82,8,167,68.64,59.42,93.63,1.58
IL,B515A ECOSPORT INDIA [13-22],9C047,42,5,97,297.71,200.02,315.81,1.58
HI,P702N F150 [21-27],14B291,04,7,199,60.05,41.52,65.69,1.58
GA,U625N EXPLORER [20-27],14B291,04,7,249,53.7,43.11,67.99,1.58
FL,P552N F-150 [15-20],13832,42,14,201,209.65,170.75,270.61,1.58
IL,CX727N MACH-E [21-26],14G647,42,8,134,712.99,518.15,818.81,1.58
LA,P702N F150 [21-27],RECAL,04,26,616,102.67,78.5,124.15,1.58
MI,U725N BRONCO [21-26],NPF,42,8,117,61.83,46.81,73.74,1.58
CO,CX727N MACH-E [21-26],18C612,04,15,421,49.82,40.32,63.52,1.58
CA,P473N SUPER DUTY [11-16],12A650,X9,12,154,351.36,290.16,459.08,1.58
MN,P702N F150 [21-27],10B689,04,6,76,79.31,65.03,102.96,1.58
KY,P702N F150 [21-27],1621597,41,9,146,111.04,102.27,161.29,1.58
NH,P702N F150 [21-27],NPF,42,9,351,61.66,53.17,84.02,1.58
CO,P702N F150 [21-27],2005,42,11,137,1454.86,1094.91,1724.74,1.58
GA,CX430N C-SUV [21-27],8501,D8,34,1127,591.31,447.64,707.1,1.58
MA,CX727N MACH-E [21-26],RECAL,04,19,285,118.76,102.44,161.44,1.58
VA,P558N SUPER DUTY [17-22],19G490,*,7,306,152.7,103.04,162.76,1.58
CA,U611N AVIATOR [20-27],3A428,42,6,172,456.32,362.5,573.55,1.58
AZ,P702N F150 [21-27],17508,*,5,187,128.78,94.01,148.74,1.58
TX,P702N F150 [21-27],9B325,42,8,95,152.82,118.39,187.14,1.58
AL,P558N SUPER DUTY [17-22],19G490,*,8,166,111.83,101.17,159.88,1.58
OH,U725N BRONCO [21-26],NPF,42,5,64,68.62,57.81,91.15,1.58
NE,P702N F150 [21-27],RECAL,04,12,372,102.78,73.89,117.05,1.58
TX,CX727N MACH-E [21-26],10C666,42,33,646,1482.53,1247.95,1969.46,1.58
WI,C520N ESCAPE [13-19],7K340,*,11,590,63.5,53.34,84.03,1.58
NM,P558N SUPER DUTY [17-22],9H307,42,9,208,531.42,449.84,712.66,1.58
VA,P552N F-150 [15-20],6731,82,6,76,56.97,45.04,71.36,1.58
AL,P702N F150 [21-27],17508,*,7,285,118.76,98.85,156.37,1.58
AL,P702N F150 [21-27],9C888,42,5,104,354.45,327.82,516.83,1.58
NH,P552N F-150 [15-20],1104,42,6,125,436.23,349.43,552.66,1.58
IL,U611N AVIATOR [20-27],3K186,33,5,177,617.41,518.07,820.05,1.58
UT,P702N F150 [21-27],10D672,42,17,834,64.45,55.89,88.21,1.58
TX,U625N EXPLORER [20-27],7813562,33,5,57,202.9,154.33,244.26,1.58
MA,C346N FOCUS [12-18],7B546,42,10,135,1216.23,975.69,1539.13,1.58
MO,P708 F250 - 600 [23-27],3B676,42,6,87,217.45,179.62,283.36,1.58
UT,P552N F-150 [15-20],5E212,42,9,249,1114.8,911.06,1437.08,1.58
AL,P558N SUPER DUTY [17-22],5J281,42,5,63,247.35,214.06,338.29,1.58
IA,P558N SUPER DUTY [17-22],9H307,42,6,81,540.71,378.1,597.95,1.58
AZ,U625N EXPLORER [20-27],18125,D8,16,604,199.86,157.96,249.98,1.58
MO,P758N C-PICKUP [22-27],3B436,42,8,127,570.3,478.29,754.88,1.58
CO,P552N F-150 [15-20],6675,D8,21,870,619.77,500.8,791.38,1.58
FL,P702N F150 [21-27],11A213,42,25,343,797.65,692.29,1094.09,1.58
MO,CX482N ESCAPE [20-26],8A507,*,15,391,106.51,81.63,129.34,1.58
VA,P702N F150 [21-27],48H6,42,45,1431,222.82,206.34,325.69,1.58
OK,P558N SUPER DUTY [17-22],9N184,82,9,324,148.9,111.63,175.87,1.58
CA,U554N NAVIGATOR [18-24],49H8,42,24,1421,368.65,289.85,459.11,1.58
MI,U611N AVIATOR [20-27],3K186,42,6,109,641.07,620.94,983.68,1.58
IN,CX727N MACH-E [21-26],10B689,04,14,327,74.94,63.84,99.91,1.57
NJ,P702N F150 [21-27],4676,D8,21,371,225.89,193.3,303.12,1.57
NC,U553N EXPEDITION [18-24],6714,82,5,119,68.53,47.76,74.95,1.57
NJ,U625N EXPLORER [20-27],2C219,04,18,335,48.44,39.87,62.52,1.57
OK,V363N TRANSIT [14-27],6714,82,7,186,58.07,46.7,73.35,1.57
VA,P558N SUPER DUTY [17-22],3A131,42,7,128,319.4,282.7,443.35,1.57
NV,U553N EXPEDITION [18-24],5E212,42,5,128,1016.06,731.95,1152.42,1.57
AZ,P702N F150 [21-27],94RH7,42,22,1084,281.44,220.35,346.57,1.57
ID,P708 F250 - 600 [23-27],19703,42,17,1053,162.69,133.89,209.83,1.57
ND,P702N F150 [21-27],1523200,82,8,367,43.66,38.93,60.95,1.57
MO,CX430N C-SUV [21-27],48H6,*,9,141,252.98,202.89,319.13,1.57
SD,U222N EXPEDITION [02-17],19805,*,11,278,295.55,236.18,371.82,1.57
GA,P702N F150 [21-27],17508,*,15,1240,121.3,100.02,156.79,1.57
MO,CX430N C-SUV [21-27],8A507,*,11,190,109.97,82.28,129.34,1.57
TX,U611N AVIATOR [20-27],7825766,33,7,140,533.74,431.79,677.32,1.57
DE,P552N F-150 [15-20],6256,42,9,265,1372.83,1048.72,1649.33,1.57
OR,U625N EXPLORER [20-27],19980,39,19,417,94.09,72.35,113.92,1.57
MD,U502N EXPLORER [11-19],7902,42,11,140,2689.46,2333.4,3662.15,1.57
AZ,P552N F-150 [15-20],9C888,42,23,647,471.05,396.6,622.28,1.57
UT,P702N F150 [21-27],9C888,42,13,1144,366.26,266.18,418.63,1.57
FL,C346N FOCUS [12-18],7Z369,42,14,223,589.17,514.19,808.77,1.57
CT,U625N EXPLORER [20-27],14G371,04,22,638,43.68,35.73,56.1,1.57
NJ,V408E TRANSIT CONNECT [13-24],7000,42,7,153,4876.26,3419.62,5358.46,1.57
AR,P702N F150 [21-27],1621597,41,12,309,115.93,91.52,143.34,1.57
WI,U554N NAVIGATOR [18-24],6256,42,7,161,1687.23,1289.53,2020.56,1.57
TN,P702N F150 [21-27],4234,42,7,91,631.53,474.45,744.54,1.57
OH,CX483N CORSAIR [20-26],14B351,42,6,93,197.74,179.36,280.83,1.57
NY,U625N EXPLORER [20-27],3A428,01,5,128,317.5,262.91,413.0,1.57
VA,P473N SUPER DUTY [11-16],5J225,42,48,1102,542.9,422.0,662.04,1.57
KY,P558N SUPER DUTY [17-22],9C888,42,10,155,386.47,336.18,529.37,1.57
MI,U625N EXPLORER [20-27],7N169,07,29,441,1620.57,1331.91,2088.76,1.57
IN,U611N AVIATOR [20-27],14G371,04,11,598,83.92,67.01,104.94,1.57
CT,CX430N C-SUV [21-27],14G371,04,24,544,44.25,35.73,56.1,1.57
NJ,P552N F-150 [15-20],14G371,04,20,332,50.56,39.75,62.22,1.57
MD,C520N ESCAPE [13-19],9D289,42,13,191,274.24,227.81,357.38,1.57
AL,CX430N C-SUV [21-27],48H6,42,12,216,302.91,211.68,331.63,1.57
AZ,P552N F-150 [15-20],78218A42,69,9,174,244.45,199.84,314.4,1.57
ME,P702N F150 [21-27],48H6,42,13,277,216.72,204.36,320.17,1.57
TX,CD533N MKZ [13-20],9D289,42,5,116,363.22,301.3,471.69,1.57
IL,C520N ESCAPE [13-19],7S004,*,7,688,87.54,60.09,94.18,1.57
MD,U502N EXPLORER [11-19],78551A46,33,26,747,52.82,46.36,72.84,1.57
KY,P552N F-150 [15-20],9C888,42,10,203,441.52,326.08,511.09,1.57
MO,C520N ESCAPE [13-19],6009,D8,36,901,3919.02,2842.02,4470.16,1.57
OH,U554N NAVIGATOR [18-24],NPF,82,5,142,97.67,81.36,127.4,1.57
FL,P558N SUPER DUTY [17-22],8A616,42,11,190,542.39,409.34,644.37,1.57
IL,CX482N ESCAPE [20-26],9D289,42,34,995,287.66,235.03,368.27,1.57
NY,U540N MKX [16-23],94RH7,42,16,579,300.85,222.92,349.03,1.57
SD,P708 F250 - 600 [23-27],1621597,41,8,130,102.82,88.29,138.24,1.57
MI,U625N EXPLORER [20-27],3A428,D8,15,247,303.51,252.47,397.52,1.57
KS,P702N F150 [21-27],11A213,42,6,90,684.55,630.35,991.85,1.57
NJ,U553N EXPEDITION [18-24],3N134,D8,9,123,274.47,223.27,350.63,1.57
ID,P708 F250 - 600 [23-27],14B291,04,18,1029,46.94,38.25,59.95,1.57
FL,V363N TRANSIT [14-27],8501,D8,5,282,544.12,426.2,670.87,1.57
WA,P558N SUPER DUTY [17-22],14A068,42,9,137,347.91,267.09,420.44,1.57
IA,U625N EXPLORER [20-27],6731,82,7,93,65.94,44.6,70.22,1.57
MD,U625N EXPLORER [20-27],48H6,42,8,124,287.93,249.8,392.04,1.57
SC,ECONOLINE [97-27],00817,30,5,62,113.41,95.87,150.55,1.57
ID,P702N F150 [21-27],14B291,04,14,541,50.84,38.25,59.95,1.57
MD,U625N EXPLORER [20-27],7862187,42,5,60,71.13,52.04,81.6,1.57
IN,P558N SUPER DUTY [17-22],3E651,42,69,2032,96.11,80.75,127.1,1.57
MI,CX482N ESCAPE [20-26],7A100,42,6,83,1011.63,833.22,1305.84,1.57
MO,U540N MKX [16-23],94RH7,42,6,193,247.43,191.27,299.75,1.57
MN,V363N TRANSIT [14-27],4676,D8,10,176,271.38,238.4,374.86,1.57
TX,P558N SUPER DUTY [17-22],11002,42,7,76,526.26,467.21,731.41,1.57
CO,CX482N ESCAPE [20-26],18125,42,6,107,365.63,256.73,403.76,1.57
IN,P702N F150 [21-27],1523200,82,19,370,42.12,37.75,59.2,1.57
PA,P702N F150 [21-27],94RH7,42,42,710,297.97,246.34,387.96,1.57
TX,U222N EXPEDITION [02-17],9F472,42,8,113,244.73,181.04,284.74,1.57
UT,CD539N EDGE [15-24],48H6,42,6,102,210.66,179.35,281.99,1.57
MI,P758N C-PICKUP [22-27],H4,42,16,263,357.75,325.8,512.3,1.57
NJ,C520N ESCAPE [13-19],7902,42,9,187,2879.38,2456.98,3848.33,1.57
VA,P702N F150 [21-27],14B291,04,43,1616,48.93,36.76,57.8,1.57
NJ,U625N EXPLORER [20-27],14G371,04,50,3945,48.02,39.75,62.22,1.57
NJ,CX430N C-SUV [21-27],14G371,04,50,2165,48.02,39.75,62.22,1.57
MA,V363N TRANSIT [14-27],4676,D8,8,132,219.5,199.9,314.65,1.57
IN,P758N C-PICKUP [22-27],14G371,04,8,91,42.22,37.75,59.2,1.57
IA,P702N F150 [21-27],17527,*,5,87,61.9,47.18,73.98,1.57
NJ,P552N F-150 [15-20],1A189,42,5,68,148.05,110.49,173.34,1.57
CT,P552N F-150 [15-20],1104,42,6,94,452.53,440.8,693.82,1.57
MD,CX727N MACH-E [21-26],H3,42,12,249,307.73,237.85,370.12,1.56
AZ,P702N F150 [21-27],14B291,04,30,1549,49.35,38.34,59.86,1.56
VA,U553N EXPEDITION [18-24],14G647,42,12,164,122.54,98.26,153.6,1.56
WI,U625N EXPLORER [20-27],3A428,42,11,180,339.74,276.29,430.95,1.56
CA,U553N EXPEDITION [18-24],18472,42,8,111,361.19,283.74,441.94,1.56
MI,P558N SUPER DUTY [17-22],3B396,42,14,198,395.27,354.72,552.38,1.56
AZ,P708 F250 - 600 [23-27],14B291,04,31,2017,49.35,38.34,59.86,1.56
IN,V363N TRANSIT [14-27],6714,82,12,284,59.23,49.26,76.85,1.56
LA,CD539N EDGE [15-24],48H6,42,9,141,263.08,189.05,295.6,1.56
KS,U625N EXPLORER [20-27],3A428,D8,9,246,283.9,261.6,408.41,1.56
NY,CD391N FUSION [13-20],2078,01,5,62,209.51,179.17,279.36,1.56
GA,P702N F150 [21-27],DIAG,42,7,180,93.32,81.35,126.79,1.56
IN,CX482N ESCAPE [20-26],9D289,42,15,335,235.23,195.95,306.11,1.56
NH,U502N EXPLORER [11-19],78551A46,33,6,172,56.23,51.09,79.84,1.56
CA,V363N TRANSIT [14-27],RAV,82,7,116,133.12,118.8,185.68,1.56
NJ,P702N F150 [21-27],14B291,04,42,1540,51.63,40.9,63.73,1.56
PA,P558N SUPER DUTY [17-22],3254,42,5,61,288.3,237.42,370.37,1.56
AR,U625N EXPLORER [20-27],14529,42,5,61,85.39,62.53,97.75,1.56
TX,CX482N ESCAPE [20-26],7861203,28,12,149,112.3,101.6,158.67,1.56
MT,C520N ESCAPE [13-19],6009,D8,6,114,4018.47,3537.03,5521.49,1.56
IL,U502N EXPLORER [11-19],19E616,42,7,97,351.29,304.71,474.52,1.56
NJ,U625N EXPLORER [20-27],14D696,42,5,63,212.86,185.9,290.3,1.56
PA,CX482N ESCAPE [20-26],78235A62,61,6,216,268.67,200.22,313.11,1.56
MA,U625N EXPLORER [20-27],4B409,42,12,168,133.85,95.64,149.03,1.56
UT,U625N EXPLORER [20-27],7000,42,8,130,3776.89,2960.24,4620.39,1.56
OK,P702N F150 [21-27],12A650,04,10,165,43.11,37.53,58.52,1.56
NJ,P708 F250 - 600 [23-27],14B291,04,36,1272,51.63,40.9,63.73,1.56
MD,P708 F250 - 600 [23-27],17032,16,11,193,54.36,37.73,58.83,1.56
AL,U625N EXPLORER [20-27],12A650,04,12,373,42.01,37.87,58.92,1.56
GA,P558N SUPER DUTY [17-22],SERVICE,82,13,379,78.51,78.51,122.35,1.56
MO,P702N F150 [21-27],94RH7,42,21,420,292.82,220.8,343.71,1.56
MI,CX483N CORSAIR [20-26],RECALEM,04,9,254,46.03,40.39,62.81,1.56
IL,CX483N CORSAIR [20-26],14F642,42,7,138,68.09,62.98,98.54,1.56
OH,P558N SUPER DUTY [17-22],3A131,33,10,212,274.63,254.98,398.58,1.56
VA,P702N F150 [21-27],4234,01,8,120,749.38,592.91,927.6,1.56
TX,P702N F150 [21-27],99425A34,33,6,79,688.19,590.34,923.61,1.56
CA,P702N F150 [21-27],48H6,28,5,127,310.12,221.76,345.02,1.56
FL,P702N F150 [21-27],78045G34,42,12,168,52.44,49.76,77.87,1.56
CA,P558N SUPER DUTY [17-22],17527,*,5,81,60.91,45.85,71.38,1.56
VT,U625N EXPLORER [20-27],14G371,04,5,117,43.32,40.55,63.25,1.56
VA,P702N F150 [21-27],19E525,16,13,203,53.53,41.81,65.15,1.56
HI,CX482N ESCAPE [20-26],7820125,61,6,532,387.96,286.49,447.44,1.56
AZ,P708 F250 - 600 [23-27],17032,16,10,237,53.25,39.55,61.59,1.56
FL,U553N EXPEDITION [18-24],13008,42,9,134,1686.47,1378.15,2151.89,1.56
MT,P708 F250 - 600 [23-27],8A616,42,6,84,382.21,332.33,519.89,1.56
CT,P708 F250 - 600 [23-27],14B291,04,18,459,47.3,39.59,61.84,1.56
IL,CDX707A NAUTILUS [23-26],3G590,79,12,509,141.48,125.96,197.09,1.56
TX,P552N F-150 [15-20],2140,*,6,278,177.52,163.87,255.21,1.56
CA,P552N F-150 [15-20],4B416,D8,8,140,277.11,254.26,395.98,1.56
NC,S550N MUSTANG [15-23],63264A26,42,6,72,364.29,293.31,457.15,1.56
MI,U611N AVIATOR [20-27],1104,42,5,87,533.87,405.69,634.34,1.56
MS,P558N SUPER DUTY [17-22],3E651,42,29,1051,96.82,77.99,121.74,1.56
CO,P375N RANGER [19-23],14G371,04,16,305,55.98,43.39,67.91,1.56
WA,P702N F150 [21-27],10B689,04,18,281,81.85,62.32,97.16,1.56
UT,P702N F150 [21-27],94RH7,42,14,575,302.88,214.73,333.95,1.56
WY,U502N EXPLORER [11-19],78551A46,33,6,127,50.2,41.17,64.21,1.56
TX,CX430N C-SUV [21-27],7861203,28,20,288,116.28,101.6,158.36,1.56
NC,P708 F250 - 600 [23-27],RECALEM,04,10,181,69.8,63.5,98.96,1.56
CA,CD391N FUSION [13-20],6020,D8,7,87,984.11,737.47,1150.88,1.56
TX,P558N SUPER DUTY [17-22],17683,42,27,376,1163.15,925.27,1447.24,1.56
CO,P558N SUPER DUTY [17-22],9C888,42,26,689,556.86,440.16,687.6,1.56
CO,U625N EXPLORER [20-27],3A428,42,7,101,352.56,284.8,443.57,1.56
FL,P552N F-150 [15-20],6710,D8,6,75,529.43,471.11,737.08,1.56
AZ,P702N F150 [21-27],1523200,82,25,960,44.25,35.68,55.67,1.56
TX,P703N RANGER [24-26],26243C02,*,10,301,259.92,196.48,306.14,1.56
OR,CX727N MACH-E [21-26],RECAL,04,7,157,125.88,95.51,149.04,1.56
OH,P558N SUPER DUTY [17-22],9C888,42,24,327,451.06,340.38,530.64,1.56
ME,P702N F150 [21-27],10C679,42,8,258,55.09,49.75,77.51,1.56
FL,P552N F-150 [15-20],16502C22,42,13,197,2655.06,2083.3,3250.64,1.56
MA,P558N SUPER DUTY [17-22],5J249,42,6,97,370.61,293.8,459.01,1.56
GA,U625N EXPLORER [20-27],19G490,*,5,290,266.67,185.04,289.34,1.56
IN,U553N EXPEDITION [18-24],7H351,42,8,160,2310.91,2154.26,3368.39,1.56
MN,U554N NAVIGATOR [18-24],4B416,D8,5,107,319.09,241.71,376.04,1.56
UT,U625N EXPLORER [20-27],12A650,04,10,225,42.42,37.74,58.81,1.56
AL,U625N EXPLORER [20-27],7P155,42,11,380,43.74,37.87,58.92,1.56
MN,CD539N EDGE [15-24],9F464,01,5,74,567.44,479.75,750.7,1.56
IL,P702N F150 [21-27],1523200,82,34,540,69.54,53.54,83.29,1.56
FL,U611N AVIATOR [20-27],54219A64,42,14,209,600.85,466.7,727.97,1.56
NJ,CD539N EDGE [15-24],9F464,01,13,217,550.65,496.06,773.27,1.56
NY,P708 F250 - 600 [23-27],17032,16,10,158,52.18,38.58,60.24,1.56
CA,S550N MUSTANG [15-23],96R,63,6,121,230.18,162.32,252.42,1.56
UT,U625N EXPLORER [20-27],3A428,42,6,83,291.59,232.52,362.2,1.56
SC,U502N EXPLORER [11-19],5A972,*,10,320,177.05,139.49,217.99,1.56
NC,CX430N C-SUV [21-27],4000,42,8,135,2132.04,1643.72,2565.37,1.56
MO,P702N F150 [21-27],1523200,82,24,713,46.38,36.68,57.13,1.56
NJ,CX727N MACH-E [21-26],14A411,28,46,1275,289.58,226.9,354.23,1.56
PA,U625N EXPLORER [20-27],3A428,D1,8,148,293.18,246.12,384.51,1.56
NJ,V363N TRANSIT [14-27],10B689,04,7,91,78.32,57.5,89.68,1.56
FL,P558N SUPER DUTY [17-22],2V001,30,8,126,203.6,172.48,268.55,1.56
AZ,P702N F150 [21-27],1621597,41,19,479,122.98,102.72,159.01,1.55
NJ,P552N F-150 [15-20],4676,D8,12,213,220.94,182.93,284.44,1.55
OR,P558N SUPER DUTY [17-22],6675,D8,17,399,1397.68,1107.88,1714.22,1.55
MI,P552N F-150 [15-20],7222,33,29,909,110.55,83.02,128.39,1.55
TX,U502N EXPLORER [11-19],5A972,*,32,1203,189.07,157.93,245.53,1.55
VA,P758N C-PICKUP [22-27],RECALEM,04,19,340,92.11,63.41,98.31,1.55
LA,P702N F150 [21-27],19E525,16,12,170,49.57,36.78,56.89,1.55
MO,P552N F-150 [15-20],2140,*,6,93,198.1,168.97,262.57,1.55
WI,P702N F150 [21-27],14B291,42,15,249,61.45,52.55,81.42,1.55
NJ,U553N EXPEDITION [18-24],6020,D8,5,83,1670.22,1350.73,2089.93,1.55
WA,U625N EXPLORER [20-27],7B215,D8,8,148,361.62,266.76,413.31,1.55
MN,P702N F150 [21-27],19E525,16,22,451,56.92,48.7,75.26,1.55
NJ,V363N TRANSIT [14-27],9D370,42,31,617,50.38,45.83,70.85,1.55
WA,V363N TRANSIT [14-27],9D370,42,20,337,53.91,48.75,75.47,1.55
CT,P702N F150 [21-27],10D672,42,18,412,62.95,50.98,78.84,1.55
OH,P702N F150 [21-27],3N134,D8,7,90,248.03,203.18,314.02,1.55
NY,CDX707A NAUTILUS [23-26],9F593,42,11,323,776.83,692.39,1074.4,1.55
AZ,P702N F150 [21-27],17626,42,8,126,501.02,466.61,722.36,1.55
IL,CX727N MACH-E [21-26],RECAL,04,14,270,124.89,98.65,153.25,1.55
GA,P375N RANGER [19-23],14G371,04,17,230,48.87,35.68,55.2,1.55
FL,P702N F150 [21-27],48H6,28,8,367,316.37,264.62,410.91,1.55
ME,P708 F250 - 600 [23-27],19703,42,18,576,140.11,116.83,180.73,1.55
UT,P552N F-150 [15-20],1104,42,12,399,425.37,369.63,572.27,1.55
MA,CX727N MACH-E [21-26],18C612,04,25,464,41.11,37.85,58.57,1.55
MI,P702N F150 [21-27],1654022,D4,14,195,443.99,401.46,622.94,1.55
NH,P552N F-150 [15-20],3N134,D8,5,73,233.87,188.54,292.19,1.55
MA,U625N EXPLORER [20-27],7A195,42,9,170,1259.82,974.52,1509.13,1.55
CA,CX483N CORSAIR [20-26],18125,D8,5,95,311.52,235.98,366.42,1.55
SD,P702N F150 [21-27],4676,D8,10,369,162.24,132.36,204.54,1.55
TX,U611N AVIATOR [20-27],49H8,42,10,321,329.1,251.1,390.26,1.55
NJ,U625N EXPLORER [20-27],3A428,01,5,102,302.84,286.86,444.87,1.55
WI,P702N F150 [21-27],W702554,*,7,104,87.24,73.54,114.17,1.55
MI,CX482N ESCAPE [20-26],H4,42,23,398,321.36,283.92,441.19,1.55
NC,P702N F150 [21-27],18808,42,6,81,115.79,95.64,148.13,1.55
GA,P552N F-150 [15-20],14G371,04,38,824,46.25,35.68,55.2,1.55
TX,CX430N C-SUV [21-27],48H6,*,8,173,287.8,211.01,327.59,1.55
MA,ECONOLINE [97-27],6006,42,5,152,8510.71,5979.37,9269.46,1.55
CA,CD539N EDGE [15-24],3B436,42,7,99,576.63,442.64,686.19,1.55
MI,CX483N CORSAIR [20-26],5450036,42,5,122,119.47,103.76,161.2,1.55
NH,U625N EXPLORER [20-27],3D102,42,6,101,674.66,647.95,1001.6,1.55
IN,C346N FOCUS [12-18],7B546,42,8,135,1247.05,1020.01,1580.99,1.55
NM,P558N SUPER DUTY [17-22],9C888,42,11,232,452.27,346.41,536.87,1.55
NC,CX482N ESCAPE [20-26],6K682,42,7,106,1853.33,1313.77,2035.67,1.55
FL,U611N AVIATOR [20-27],5823208,42,8,128,263.33,234.83,363.39,1.55
PA,P558N SUPER DUTY [17-22],17526,*,6,195,56.52,46.12,71.41,1.55
CA,CX482N ESCAPE [20-26],7861203,42,7,90,194.08,160.79,249.54,1.55
AR,P708 F250 - 600 [23-27],1621597,41,13,268,114.45,92.68,143.34,1.55
PA,U625N EXPLORER [20-27],12A650,04,45,909,40.39,35.72,55.4,1.55
TX,P375N RANGER [19-23],7H351,42,17,218,2752.29,2171.66,3375.73,1.55
NJ,CD539N EDGE [15-24],TCARE,82,6,130,211.25,182.71,282.95,1.55
CO,U625N EXPLORER [20-27],3A428,D8,10,206,308.56,258.05,399.58,1.55
OR,P702N F150 [21-27],RECALEM,04,8,151,63.97,47.1,73.0,1.55
FL,P702N F150 [21-27],5W30,82,6,135,51.79,40.27,62.53,1.55
IN,P702N F150 [21-27],6731,82,7,224,56.82,55.32,85.65,1.55
WI,CX727N MACH-E [21-26],18C612,04,5,87,40.45,35.98,55.67,1.55
SC,P558N SUPER DUTY [17-22],9H307,42,5,86,645.96,572.29,889.32,1.55
NC,C346N FOCUS [12-18],7B546,42,18,262,1161.35,986.45,1524.23,1.55
ND,U553N EXPEDITION [18-24],14G647,42,5,61,131.09,116.72,180.74,1.55
NE,P702N F150 [21-27],10D672,42,7,218,67.49,46.31,71.94,1.55
VA,P702N F150 [21-27],4234,42,7,112,600.27,531.07,823.22,1.55
MI,P558N SUPER DUTY [17-22],6675,D8,14,298,1239.92,1094.89,1696.81,1.55
OH,B515A ECOSPORT INDIA [13-22],5G232,42,11,230,1082.52,913.26,1419.24,1.55
CA,D471N FLEX [09-19],8501,D8,5,84,1552.58,1139.71,1768.51,1.55
TN,U625N EXPLORER [20-27],12A650,04,21,862,41.25,35.86,55.45,1.55
ID,P702N F150 [21-27],17626,42,5,108,533.11,410.46,637.91,1.55
OH,U611N AVIATOR [20-27],78519A70,42,5,136,508.71,372.48,575.93,1.55
MO,CX482N ESCAPE [20-26],48H6,42,14,245,298.75,231.54,358.55,1.55
MO,CD539N EDGE [15-24],2078,*,5,72,134.89,114.45,177.43,1.55
KY,P552N F-150 [15-20],5E212,42,6,73,1031.14,788.35,1225.67,1.55
TX,S550N MUSTANG [15-23],63264A26,42,26,478,378.72,319.55,496.09,1.55
WA,CX727N MACH-E [21-26],10B689,04,28,1371,92.32,72.71,112.41,1.55
TN,P558N SUPER DUTY [17-22],14B321,X9,22,902,39.7,35.86,55.45,1.55
MD,CX430N C-SUV [21-27],9D289,42,17,257,265.55,225.07,348.16,1.55
IL,U625N EXPLORER [20-27],3A428,D8,29,648,349.51,285.81,442.64,1.55
MA,B515A ECOSPORT INDIA [13-22],5G232,01,9,128,1015.51,858.05,1332.19,1.55
OK,P758N C-PICKUP [22-27],99RT4,42,6,82,313.93,260.74,402.89,1.55
CA,CX727N MACH-E [21-26],19980,42,20,344,111.45,93.18,144.88,1.55
GA,U625N EXPLORER [20-27],2C219,04,10,200,44.57,35.68,55.2,1.55
CT,P702N F150 [21-27],14B291,04,19,394,49.86,39.81,61.84,1.55
PA,P558N SUPER DUTY [17-22],4676,D8,7,90,202.93,185.36,287.95,1.55
KY,C520N ESCAPE [13-19],6009,D8,22,557,3454.24,2716.26,4218.25,1.55
CO,CX727N MACH-E [21-26],14A411,28,18,663,314.9,249.99,387.56,1.55
TX,CX482N ESCAPE [20-26],9F479,04,21,367,40.11,35.97,55.67,1.55
MI,U625N EXPLORER [20-27],6006,42,7,100,6970.99,5681.19,8825.31,1.55
FL,B515A ECOSPORT INDIA [13-22],RENTAL,*,11,221,749.38,620.7,963.5,1.55
TX,V408E TRANSIT CONNECT [13-24],94RH7,42,5,63,281.97,204.11,315.65,1.55
CA,U502N EXPLORER [11-19],5A972,*,11,503,224.09,165.83,255.07,1.54
NC,U625N EXPLORER [20-27],2C219,04,17,343,50.47,41.04,63.24,1.54
GA,P702N F150 [21-27],7A100,04,7,125,154.19,107.01,164.69,1.54
MS,CX430N C-SUV [21-27],4000,42,8,102,1733.38,1478.04,2277.89,1.54
NJ,P702N F150 [21-27],12A650,04,18,303,48.44,40.47,62.22,1.54
CT,CX727N MACH-E [21-26],10C666,42,11,185,1560.01,1247.85,1927.15,1.54
CA,B515A ECOSPORT INDIA [13-22],RAV,82,12,238,131.32,114.23,176.3,1.54
TX,V408E TRANSIT CONNECT [13-24],6731,82,9,127,55.63,44.91,68.99,1.54
CO,P702N F150 [21-27],10B689,04,12,196,83.98,66.92,102.77,1.54
PA,U625N EXPLORER [20-27],94RH7,42,7,79,208.77,196.09,301.27,1.54
NE,P558N SUPER DUTY [17-22],RECALEM,04,8,121,68.13,57.2,88.03,1.54
GA,V363N TRANSIT [14-27],RENTAL,82,5,59,289.05,249.8,385.4,1.54
IN,CX727N MACH-E [21-26],14A411,28,11,204,262.62,215.64,333.09,1.54
NJ,U502N EXPLORER [11-19],14D696,42,5,67,346.93,253.04,389.24,1.54
OH,U625N EXPLORER [20-27],18125,42,6,77,223.04,197.09,303.86,1.54
KS,P552N F-150 [15-20],6731,82,8,213,57.78,46.92,72.33,1.54
IN,P702N F150 [21-27],4676,42,7,99,213.43,181.04,278.19,1.54
PA,U625N EXPLORER [20-27],2C219,04,16,241,43.9,35.93,55.3,1.54
TX,P708 F250 - 600 [23-27],13480,42,5,62,129.39,115.41,177.27,1.54
PA,P375N RANGER [19-23],7H351,42,6,84,2531.77,2258.8,3479.08,1.54
NH,CX727N MACH-E [21-26],14A411,28,8,135,271.28,210.34,324.61,1.54
NE,U222N EXPEDITION [02-17],19805,*,11,307,297.21,236.88,363.76,1.54
FL,P558N SUPER DUTY [17-22],7L192,42,16,303,1758.24,1337.55,2053.78,1.54
NJ,CDX707A NAUTILUS [23-26],9F593,42,8,233,741.58,613.53,946.16,1.54
WY,P558N SUPER DUTY [17-22],RECALEM,04,9,254,59.56,52.98,81.36,1.54
OK,P558N SUPER DUTY [17-22],7H351,42,5,74,3320.83,2566.74,3953.61,1.54
IL,U553N EXPEDITION [18-24],14G371,42,6,129,278.91,263.36,405.46,1.54
GA,S550N MUSTANG [15-23],96R,42,14,171,201.85,173.03,267.02,1.54
GA,P558N SUPER DUTY [17-22],14G371,04,6,97,48.87,44.57,68.52,1.54
MD,P702N F150 [21-27],5A212,42,6,71,628.65,529.95,814.82,1.54
UT,P552N F-150 [15-20],4676,D8,7,137,174.63,158.76,244.66,1.54
AZ,CX482N ESCAPE [20-26],7861203,42,11,206,165.89,130.46,201.41,1.54
NC,P558N SUPER DUTY [17-22],14B321,X9,37,1871,39.9,35.88,55.19,1.54
OH,CD539N EDGE [15-24],9F464,01,12,164,503.84,403.33,621.73,1.54
WI,U553N EXPEDITION [18-24],6256,42,29,483,1462.54,1251.61,1931.69,1.54
MS,U625N EXPLORER [20-27],19980,39,18,396,88.63,69.57,107.0,1.54
CA,ECONOLINE [97-27],14F642,42,14,318,43.65,36.27,55.7,1.54
IL,CD391N FUSION [13-20],9D289,42,19,523,330.01,253.15,390.94,1.54
CO,P702N F150 [21-27],3N134,D8,15,269,327.4,269.35,413.67,1.54
NV,P552N F-150 [15-20],6K682,42,5,97,1447.4,1334.21,2056.23,1.54
KS,P552N F-150 [15-20],3N134,D8,5,96,235.92,166.93,256.35,1.54
MA,P473N SUPER DUTY [11-16],5J225,42,33,866,551.2,415.07,640.4,1.54
CA,U553N EXPEDITION [18-24],RAV,82,14,841,128.0,114.23,176.3,1.54
TN,U725N BRONCO [21-26],3254,D8,6,90,368.49,300.0,462.58,1.54
OH,B515A ECOSPORT INDIA [13-22],5G232,01,17,359,1063.88,890.43,1371.09,1.54
NJ,U554N NAVIGATOR [18-24],6256,42,13,376,1521.62,1199.68,1842.83,1.54
NC,CD539N EDGE [15-24],9D289,42,19,280,339.51,273.77,421.53,1.54
NH,P558N SUPER DUTY [17-22],7000,42,5,75,5815.98,5061.22,7810.96,1.54
CA,U625N EXPLORER [20-27],RAV,82,20,1796,131.32,114.23,176.3,1.54
MO,CD539N EDGE [15-24],48H6,42,21,506,271.38,208.85,321.36,1.54
AL,C520N ESCAPE [13-19],6009,D8,13,494,3587.53,2953.5,4535.85,1.54
CA,V408E TRANSIT CONNECT [13-24],9D289,42,12,177,277.81,233.57,359.21,1.54
NM,P702N F150 [21-27],3C247,42,5,168,401.86,367.08,564.4,1.54
AZ,P758N C-PICKUP [22-27],7861203,42,5,73,159.9,132.11,204.08,1.54
NY,V363N TRANSIT [14-27],6714,82,8,166,67.44,55.91,86.37,1.54
TX,U540N MKX [16-23],4000,42,7,146,1321.64,1047.02,1616.02,1.54
NE,U625N EXPLORER [20-27],14G371,42,7,107,294.15,233.69,359.98,1.54
CO,P702N F150 [21-27],1621597,41,14,283,147.23,108.99,167.52,1.54
VA,U554N NAVIGATOR [18-24],19G490,42,6,282,303.0,274.85,423.5,1.54
PA,CD539N EDGE [15-24],NPF,82,5,92,56.14,46.41,71.57,1.54
TX,P552N F-150 [15-20],2V200,82,7,252,191.78,153.87,236.36,1.54
DE,CD391N FUSION [13-20],7S004,39,5,59,53.0,51.43,79.13,1.54
MD,CX482N ESCAPE [20-26],18125,D8,7,171,343.13,290.09,447.73,1.54
OK,P552N F-150 [15-20],14G371,04,14,301,47.76,38.37,59.23,1.54
KS,U625N EXPLORER [20-27],3A427,D8,7,163,256.84,211.11,324.82,1.54
CA,CX727N MACH-E [21-26],RAV,82,16,1148,130.24,114.23,176.3,1.54
ND,P702N F150 [21-27],3N134,D8,6,170,252.46,218.75,336.11,1.54
OH,V408E TRANSIT CONNECT [13-24],9D475,42,5,52,274.9,237.88,365.68,1.54
ID,P558N SUPER DUTY [17-22],9C888,42,13,695,465.86,362.02,558.47,1.54
TX,C520N ESCAPE [13-19],6009,D8,92,2586,3747.01,3091.98,4773.48,1.54
FL,ECONOLINE [97-27],00817,30,15,348,124.38,93.61,144.42,1.54
CO,P558N SUPER DUTY [17-22],2001,30,5,133,238.85,164.58,253.18,1.54
NJ,CX430N C-SUV [21-27],13466,46,6,82,40.32,38.32,59.02,1.54
MD,U554N NAVIGATOR [18-24],19G490,42,6,120,217.24,198.49,305.09,1.54
NE,P558N SUPER DUTY [17-22],19G490,*,5,88,119.9,89.83,138.13,1.54
MO,CX482N ESCAPE [20-26],18125,D8,6,78,281.06,254.54,391.41,1.54
OR,P702N F150 [21-27],10D672,42,22,1094,68.52,54.38,82.97,1.53
FL,U502N EXPLORER [11-19],19850,42,6,72,1299.09,1050.41,1605.33,1.53
TX,CX727N MACH-E [21-26],18C612,04,28,630,43.39,36.24,55.38,1.53
MN,U717N EXPEDITION [25-27],14F042,42,9,127,48.31,35.98,55.09,1.53
PA,U502N EXPLORER [11-19],8501,42,14,270,1263.59,1021.22,1565.19,1.53
IL,U502N EXPLORER [11-19],8501,D8,18,533,1602.73,1406.5,2154.24,1.53
TX,CD539N EDGE [15-24],48H6,63,5,73,246.74,206.37,315.6,1.53
MI,CX430N C-SUV [21-27],18125,42,7,138,334.93,226.32,346.06,1.53
TN,CX727N MACH-E [21-26],14A411,28,6,118,302.89,249.89,383.41,1.53
MT,P558N SUPER DUTY [17-22],6675,D8,7,195,1429.19,1164.11,1779.71,1.53
FL,U611N AVIATOR [20-27],3D102,42,7,106,1718.05,1405.03,2149.59,1.53
IL,P708 F250 - 600 [23-27],7000,42,5,111,4906.75,4508.7,6915.91,1.53
PA,C489N MKC [15-19],7902,42,6,96,3103.57,2348.47,3599.15,1.53
KY,P558N SUPER DUTY [17-22],RECALEM,04,10,128,52.89,46.2,70.53,1.53
AR,P708 F250 - 600 [23-27],RENTAL,82,6,139,160.58,128.47,196.27,1.53
CA,U625N EXPLORER [20-27],7N169,07,9,137,1986.43,1694.07,2599.87,1.53
CT,U625N EXPLORER [20-27],7P238,42,6,82,374.85,315.23,482.83,1.53
KS,U553N EXPEDITION [18-24],7A100,42,5,96,644.99,523.16,798.22,1.53
TX,U502N EXPLORER [11-19],9F472,42,5,94,209.93,169.55,259.91,1.53
MD,C520N ESCAPE [13-19],6009,D8,29,724,3854.17,3108.9,4757.64,1.53
FL,P708 F250 - 600 [23-27],13466,42,12,215,56.95,53.63,82.11,1.53
MS,P708 F250 - 600 [23-27],1621597,41,8,212,116.83,93.47,143.31,1.53
VA,CD391N FUSION [13-20],9D289,42,9,122,300.44,228.21,350.23,1.53
GA,CX727N MACH-E [21-26],14A411,28,21,557,280.28,206.14,316.3,1.53
FL,CX727N MACH-E [21-26],14G672,42,13,191,50.24,42.54,65.09,1.53
NH,P702N F150 [21-27],3N134,D8,5,119,255.11,229.6,352.04,1.53
VA,CX482N ESCAPE [20-26],7P238,42,12,204,271.96,233.72,358.48,1.53
TX,D544N CONTINENTAL [17-20],54632A22,42,6,98,324.06,236.08,361.4,1.53
IN,P558N SUPER DUTY [17-22],9C888,42,11,166,433.85,361.1,552.76,1.53
IN,V363N TRANSIT [14-27],9D370,42,10,146,44.5,41.82,64.07,1.53
PA,CDX707A NAUTILUS [23-26],3G590,79,13,440,87.76,71.64,109.95,1.53
IN,P552N F-150 [15-20],1104,42,24,466,440.91,377.93,579.22,1.53
FL,P702N F150 [21-27],9H307,42,5,72,577.9,427.93,654.05,1.53
TN,U625N EXPLORER [20-27],3D102,42,7,98,619.16,518.85,793.07,1.53
UT,P702N F150 [21-27],48H6,42,19,796,279.51,207.65,318.42,1.53
NC,CD539N EDGE [15-24],9F464,01,8,114,559.43,444.96,682.35,1.53
MI,CX482N ESCAPE [20-26],6020,D8,10,141,1021.56,932.05,1430.53,1.53
ND,P708 F250 - 600 [23-27],65,42,6,116,326.08,246.68,377.21,1.53
IL,CX483N CORSAIR [20-26],94RH7,42,8,242,326.92,289.43,443.08,1.53
FL,P702N F150 [21-27],13C788,42,5,76,511.52,427.83,654.88,1.53
TX,CDX707A NAUTILUS [23-26],H4,42,11,356,348.89,255.91,391.66,1.53
KY,P473N SUPER DUTY [11-16],5J225,42,25,425,487.36,403.15,618.09,1.53
ME,P702N F150 [21-27],17626,42,7,106,487.69,421.0,644.51,1.53
OR,P702N F150 [21-27],12A650,04,6,169,51.24,36.13,55.31,1.53
NJ,CX482N ESCAPE [20-26],14F642,42,18,324,47.45,40.69,62.08,1.53
CA,ECONOLINE [97-27],6006,42,9,181,9143.99,7858.97,12057.13,1.53
CA,CX483N CORSAIR [20-26],94RH7,42,20,558,345.97,272.11,416.03,1.53
MA,V363N TRANSIT [14-27],9D370,42,26,497,50.45,43.35,66.21,1.53
MN,CX727N MACH-E [21-26],10C666,42,10,169,2190.72,1598.25,2448.08,1.53
MT,P558N SUPER DUTY [17-22],14B321,X9,14,759,40.47,35.85,54.81,1.53
WI,P552N F-150 [15-20],4676,42,5,172,157.58,144.82,221.0,1.53
CA,CD539N EDGE [15-24],7443150,42,7,91,302.33,231.58,354.18,1.53
FL,P552N F-150 [15-20],6C525,42,7,116,1766.43,1613.43,2469.56,1.53
NY,CD539N EDGE [15-24],13A613,42,6,106,310.34,236.21,361.1,1.53
SC,U611N AVIATOR [20-27],9B325,42,5,88,222.16,166.86,255.68,1.53
CO,P552N F-150 [15-20],12029,42,5,78,233.76,187.96,286.85,1.53
MA,U625N EXPLORER [20-27],11A213,42,7,219,950.47,802.48,1229.18,1.53
VA,P375N RANGER [19-23],18478,42,5,58,723.15,546.61,834.08,1.53
IN,U502N EXPLORER [11-19],16612,1Q,9,196,1154.37,866.26,1323.56,1.53
SC,P552N F-150 [15-20],1104,42,12,173,462.36,371.59,568.35,1.53
OK,CX482N ESCAPE [20-26],8A507,*,5,81,96.98,70.3,107.5,1.53
MS,P552N F-150 [15-20],7H351,42,7,136,2527.23,2053.75,3144.18,1.53
MA,P558N SUPER DUTY [17-22],3E651,42,44,2384,107.59,89.26,136.27,1.53
FL,P702N F150 [21-27],8475,42,6,65,694.32,656.73,1007.82,1.53
CA,CX482N ESCAPE [20-26],H4,42,14,184,374.81,351.01,535.4,1.53
TN,P708 F250 - 600 [23-27],65,42,6,107,305.83,254.01,389.47,1.53
OK,P558N SUPER DUTY [17-22],19G490,*,5,116,121.09,98.33,150.33,1.53
ND,P702N F150 [21-27],RECAL,04,7,204,113.17,99.81,152.37,1.53
WI,CX727N MACH-E [21-26],14A411,28,10,203,286.14,239.85,366.98,1.53
OH,P375N RANGER [19-23],14G371,04,23,328,44.31,36.98,56.57,1.53
CA,P558N SUPER DUTY [17-22],2V001,42,6,130,166.59,160.78,245.58,1.53
NH,C520N ESCAPE [13-19],6009,D8,11,256,4062.87,3106.9,4747.95,1.53
VA,P558N SUPER DUTY [17-22],6675,D8,16,376,1261.75,1042.18,1589.4,1.53
WI,P702N F150 [21-27],1621597,41,22,350,139.84,108.08,165.19,1.53
NC,U611N AVIATOR [20-27],94RH7,42,6,94,308.78,240.1,366.25,1.53
NJ,P702N F150 [21-27],10D672,42,45,1396,68.4,56.4,86.39,1.53
CA,CDX707A NAUTILUS [23-26],9F593,42,18,453,849.5,670.73,1023.75,1.53
LA,U553N EXPEDITION [18-24],7000,42,5,59,4099.29,3309.89,5070.45,1.53
AZ,U553N EXPEDITION [18-24],SERVICE,82,5,213,35.68,35.68,54.64,1.53
CO,P558N SUPER DUTY [17-22],9N184,82,8,136,150.83,128.34,196.56,1.53
OR,U625N EXPLORER [20-27],7P155,42,8,135,40.02,37.02,56.79,1.53
MI,P758N C-PICKUP [22-27],NPF,42,6,89,65.43,50.88,77.2,1.52
VA,P708 F250 - 600 [23-27],14B291,04,45,1911,47.1,36.76,55.85,1.52
GA,C520N ESCAPE [13-19],9D289,42,7,104,261.02,222.95,339.02,1.52
TX,P702N F150 [21-27],16720,39,23,371,366.81,308.09,466.78,1.52
VA,P558N SUPER DUTY [17-22],78218A43,42,5,76,175.03,137.32,208.36,1.52
CA,P708 F250 - 600 [23-27],RAV,82,10,262,131.32,122.25,185.68,1.52
CA,CDX707A NAUTILUS [23-26],18C612,04,6,93,41.37,36.52,55.69,1.52
MI,CX430N C-SUV [21-27],5E212,42,17,236,1309.21,1107.52,1681.53,1.52
FL,P702N F150 [21-27],14G650,04,5,97,51.45,41.97,63.95,1.52
GA,P473N SUPER DUTY [11-16],5J225,42,46,861,532.31,435.53,663.41,1.52
AZ,P558N SUPER DUTY [17-22],6K682,42,12,197,3066.72,2496.57,3798.68,1.52
MI,CX482N ESCAPE [20-26],8A507,*,15,1943,107.9,81.4,123.46,1.52
NC,U553N EXPEDITION [18-24],3N134,D8,6,78,248.74,210.93,320.27,1.52
IL,P552N F-150 [15-20],11002,42,9,120,426.67,321.23,487.21,1.52
MI,U540N MKX [16-23],4000,42,8,200,1352.27,1095.99,1664.33,1.52
TX,P702N F150 [21-27],5A212,42,6,72,667.37,535.13,813.53,1.52
VA,CX430N C-SUV [21-27],48H6,42,12,264,228.28,205.08,312.15,1.52
TX,P702N F150 [21-27],14A626,04,42,1259,38.95,35.79,54.23,1.52
WI,P702N F150 [21-27],19E525,16,16,279,61.06,47.35,71.87,1.52
AL,P375N RANGER [19-23],14G371,04,6,145,53.67,47.5,72.14,1.52
OH,P758N C-PICKUP [22-27],3B436,42,17,227,596.56,498.09,756.16,1.52
AZ,P702N F150 [21-27],1521597,42,8,146,346.88,257.21,390.75,1.52
WV,U502N EXPLORER [11-19],78551A46,33,12,224,43.89,38.2,58.1,1.52
VA,U502N EXPLORER [11-19],7902,42,6,120,2806.76,2491.05,3781.52,1.52
FL,CX482N ESCAPE [20-26],7861203,42,12,154,194.45,166.12,253.01,1.52
OR,P702N F150 [21-27],19E525,16,5,119,57.32,41.25,62.66,1.52
GA,U625N EXPLORER [20-27],7N169,07,11,166,1579.28,1233.69,1877.14,1.52
IL,CDX707A NAUTILUS [23-26],18B008,04,11,429,55.44,47.23,71.86,1.52
NH,CX430N C-SUV [21-27],8A507,*,5,161,104.9,84.75,128.54,1.52
OH,P702N F150 [21-27],19860,42,10,372,37.04,35.78,54.23,1.52
TX,U611N AVIATOR [20-27],94RH7,42,18,728,281.83,217.39,329.43,1.52
OH,CX482N ESCAPE [20-26],18125,D8,13,677,355.32,274.85,418.66,1.52
MN,U625N EXPLORER [20-27],4B409,42,8,129,144.81,121.99,185.11,1.52
FL,U540N MKX [16-23],TCARE,82,9,277,225.53,190.97,291.15,1.52
CA,U554N NAVIGATOR [18-24],6020,D8,5,78,2226.83,1896.32,2888.91,1.52
WA,CD391N FUSION [13-20],7S004,39,12,191,94.04,66.39,100.7,1.52
CO,U502N EXPLORER [11-19],65,42,7,102,78.86,53.18,80.78,1.52
OH,V363N TRANSIT [14-27],7A195,04,10,369,36.85,35.69,54.23,1.52
AZ,P552N F-150 [15-20],6675,D8,21,791,550.24,414.49,631.51,1.52
TN,V363N TRANSIT [14-27],7A195,04,11,211,40.46,36.53,55.45,1.52
FL,U625N EXPLORER [20-27],7869,42,7,72,366.66,338.79,514.91,1.52
CA,P375N RANGER [19-23],RAV,82,11,251,128.47,115.62,176.3,1.52
UT,P702N F150 [21-27],10B689,04,10,150,68.52,55.92,84.84,1.52
AL,P758N C-PICKUP [22-27],14G371,04,5,108,68.91,47.5,72.14,1.52
ID,P558N SUPER DUTY [17-22],5L239,42,6,120,312.79,259.18,392.98,1.52
MA,P558N SUPER DUTY [17-22],14G371,04,5,55,54.5,42.28,64.35,1.52
TX,CD391N FUSION [13-20],2078,*,7,196,176.7,151.91,230.73,1.52
TN,U725N BRONCO [21-26],17504,42,12,1130,40.34,36.53,55.45,1.52
MI,U625N EXPLORER [20-27],78519A70,42,10,130,276.87,261.26,397.31,1.52
TX,P558N SUPER DUTY [17-22],14B321,X9,105,6818,38.41,35.79,54.23,1.52
NJ,U502N EXPLORER [11-19],78551A46,33,28,631,55.2,47.83,72.8,1.52
NE,P473N SUPER DUTY [11-16],5J225,42,22,375,507.5,407.27,618.46,1.52
TX,U717N EXPEDITION [25-27],14F042,42,58,1269,39.41,35.79,54.23,1.52
MD,P702N F150 [21-27],94RH7,42,13,289,296.89,258.08,392.04,1.52
TN,P702N F150 [21-27],14A626,04,10,207,40.46,36.53,55.45,1.52
GA,P558N SUPER DUTY [17-22],7H351,42,6,112,2942.13,2391.04,3628.24,1.52
DE,U625N EXPLORER [20-27],19980,39,8,201,95.85,87.76,133.02,1.52
VA,CX482N ESCAPE [20-26],4000,42,6,78,1805.74,1581.87,2406.74,1.52
SC,P702N F150 [21-27],10D672,42,16,434,69.8,56.02,85.0,1.52
MA,U625N EXPLORER [20-27],3A428,D8,17,432,297.45,227.93,347.17,1.52
PA,CX482N ESCAPE [20-26],2001,*,6,85,128.62,109.4,166.68,1.52
PA,CX482N ESCAPE [20-26],RECALEM,04,8,90,45.34,37.31,56.6,1.52
CO,P552N F-150 [15-20],6K682,42,6,70,1552.35,1446.7,2202.02,1.52
MS,P702N F150 [21-27],14B291,04,22,669,45.62,37.93,57.5,1.52
SD,CX482N ESCAPE [20-26],8A507,*,7,191,109.02,79.79,121.02,1.52
AZ,P558N SUPER DUTY [17-22],6F073,01,10,182,162.94,123.73,188.47,1.52
TX,P473N SUPER DUTY [11-16],6K682,42,15,218,1621.14,1368.88,2087.2,1.52
FL,V363N TRANSIT [14-27],8501,42,9,143,544.89,444.06,673.33,1.52
GA,P552N F-150 [15-20],6675,42,7,80,529.15,428.65,651.01,1.52
IN,P552N F-150 [15-20],4676,D8,9,188,190.45,155.04,234.93,1.52
TN,ECONOLINE [97-27],12A650,04,5,212,40.46,36.53,55.45,1.52
OR,P702N F150 [21-27],7210,42,12,367,385.35,295.29,449.9,1.52
AZ,U625N EXPLORER [20-27],9B325,42,9,157,227.55,213.13,324.58,1.52
TX,P708 F250 - 600 [23-27],65,B5,5,92,226.09,196.48,299.34,1.52
CO,V363N TRANSIT [14-27],9D370,42,10,184,55.5,46.61,70.91,1.52
NJ,CX727N MACH-E [21-26],18C612,04,44,1316,42.03,37.6,57.1,1.52
MI,CX483N CORSAIR [20-26],18125,42,7,212,250.6,220.4,335.53,1.52
ND,U553N EXPEDITION [18-24],54432A38,42,6,107,65.96,57.36,87.43,1.52
MI,P552N F-150 [15-20],6K682,42,7,76,1590.47,1306.62,1990.35,1.52
NC,P558N SUPER DUTY [17-22],7H351,42,7,148,3879.24,3576.09,5424.28,1.52
KS,U625N EXPLORER [20-27],3A428,42,5,145,306.5,230.05,348.66,1.52
IL,U502N EXPLORER [11-19],16612,D7,12,279,1240.42,914.19,1376.01,1.51
AL,U553N EXPEDITION [18-24],5E212,42,11,196,792.18,694.0,1047.17,1.51
VA,P758N C-PICKUP [22-27],99RT4,42,9,156,262.55,226.41,341.73,1.51
FL,P702N F150 [21-27],14A626,33,6,84,173.49,148.44,224.51,1.51
KS,P552N F-150 [15-20],1104,42,8,175,455.97,352.61,533.11,1.51
AZ,P702N F150 [21-27],1521597,34,5,96,315.61,253.36,382.36,1.51
OK,P558N SUPER DUTY [17-22],17D696,42,5,54,144.07,131.41,197.87,1.51
HI,P702N F150 [21-27],10D672,42,7,494,71.92,62.28,93.78,1.51
OH,U625N EXPLORER [20-27],2C219,04,23,365,43.51,37.41,56.57,1.51
CO,P558N SUPER DUTY [17-22],5L248,42,11,153,300.8,248.19,374.66,1.51
NJ,U625N EXPLORER [20-27],3A428,30,5,198,387.07,325.43,491.99,1.51
IL,U540N MKX [16-23],9D289,42,8,186,384.1,349.62,526.9,1.51
TX,CX483N CORSAIR [20-26],94RH7,42,17,1142,302.57,227.02,342.1,1.51
WA,P702N F150 [21-27],1523200,82,26,779,53.03,42.94,64.78,1.51
NY,P558N SUPER DUTY [17-22],5E145,42,7,94,382.79,348.1,526.79,1.51
CA,P375N RANGER [19-23],18478,42,11,148,858.91,709.4,1071.82,1.51
OK,P552N F-150 [15-20],7H351,42,17,510,3121.27,2405.02,3627.12,1.51
VA,V363N TRANSIT [14-27],19805,42,7,165,238.08,186.53,280.78,1.51
IL,ECONOLINE [97-27],6731,82,5,93,53.1,40.16,60.82,1.51
CA,P558N SUPER DUTY [17-22],7000,30,5,86,6913.0,5596.81,8453.27,1.51
NJ,P558N SUPER DUTY [17-22],4676,D8,5,69,298.2,198.94,299.92,1.51
NV,CX430N C-SUV [21-27],7813086,39,5,86,121.84,114.26,172.21,1.51
GA,CX482N ESCAPE [20-26],9D289,42,16,293,264.13,205.72,310.31,1.51
MI,P702N F150 [21-27],7222,01,9,264,140.63,108.64,163.79,1.51
MN,CX430N C-SUV [21-27],48H6,*,6,91,297.1,206.92,313.27,1.51
NJ,P552N F-150 [15-20],8501,D8,8,156,441.39,370.04,557.8,1.51
NC,U502N EXPLORER [11-19],8501,42,6,88,1360.31,1008.41,1521.62,1.51
HI,CX430N C-SUV [21-27],14G371,04,7,221,50.19,41.52,62.52,1.51
NV,CX430N C-SUV [21-27],48H6,42,5,623,258.75,221.35,333.85,1.51
AL,S550N MUSTANG [15-23],63264A26,42,5,76,351.98,334.45,503.99,1.51
ID,P473N SUPER DUTY [11-16],5J225,42,18,885,538.49,411.61,621.66,1.51
IA,CX482N ESCAPE [20-26],14G371,42,7,125,256.47,213.75,322.88,1.51
VA,U553N EXPEDITION [18-24],48H6,42,10,172,215.79,210.46,318.67,1.51
NJ,U540N MKX [16-23],94RH7,42,11,477,228.85,182.07,274.51,1.51
CA,CX482N ESCAPE [20-26],18125,D1,5,108,394.98,306.13,463.58,1.51
NY,U725N BRONCO [21-26],94RH7,42,6,77,332.36,311.74,469.9,1.51
OH,P552N F-150 [15-20],6675,D8,37,694,539.34,439.15,664.98,1.51
PA,CX483N CORSAIR [20-26],18125,D8,7,231,241.0,193.34,292.75,1.51
AL,CD539N EDGE [15-24],6009,D8,8,109,3458.78,3239.18,4885.16,1.51
UT,P758N C-PICKUP [22-27],RECALEM,04,5,71,82.12,62.09,93.64,1.51
IL,U554N NAVIGATOR [18-24],49H8,42,11,409,332.78,297.95,450.25,1.51
SD,P552N F-150 [15-20],6B018,*,7,180,122.56,89.68,135.86,1.51
TX,P708 F250 - 600 [23-27],9601,82,5,109,70.04,50.1,75.55,1.51
OK,P702N F150 [21-27],4676,D8,11,287,215.55,196.18,296.44,1.51
IA,U502N EXPLORER [11-19],W709002,*,16,516,42.99,37.11,56.1,1.51
LA,U553N EXPEDITION [18-24],19860,42,9,229,963.89,726.94,1095.86,1.51
TN,U717N EXPEDITION [25-27],14F042,42,11,306,39.8,36.65,55.45,1.51
UT,P708 F250 - 600 [23-27],RECALEM,04,13,236,74.51,61.32,92.38,1.51
NJ,P702N F150 [21-27],DIAG,42,5,73,90.78,72.03,108.73,1.51
PA,CD539N EDGE [15-24],9D289,42,25,436,318.45,236.16,357.13,1.51
TX,P552N F-150 [15-20],78218A43,42,13,256,163.99,128.92,194.74,1.51
NJ,V363N TRANSIT [14-27],6020,D8,7,301,1613.68,1142.68,1723.79,1.51
TX,P552N F-150 [15-20],14A626,42,5,101,151.93,141.36,213.8,1.51
AZ,CDX707A NAUTILUS [23-26],3G590,79,5,208,99.35,71.37,107.73,1.51
ME,P552N F-150 [15-20],6006,42,18,443,134.14,105.88,160.08,1.51
NV,P702N F150 [21-27],4676,D8,6,108,262.89,190.3,286.44,1.51
MI,U553N EXPEDITION [18-24],48H6,42,12,213,325.29,267.54,403.63,1.51
CO,P702N F150 [21-27],17626,42,9,127,546.54,404.7,611.56,1.51
CA,U611N AVIATOR [20-27],3A428,D8,7,133,510.85,395.23,598.44,1.51
TX,P708 F250 - 600 [23-27],12A342,42,10,126,208.98,162.88,246.11,1.51
CA,P758N C-PICKUP [22-27],48H6,42,7,94,347.12,296.51,448.68,1.51
TX,CX430N C-SUV [21-27],4C210,42,9,142,752.35,564.39,852.36,1.51
MI,P552N F-150 [15-20],7222,01,10,282,108.83,88.44,133.34,1.51
GA,U725N BRONCO [21-26],19G490,*,6,150,153.64,127.74,192.88,1.51
OR,P558N SUPER DUTY [17-22],17D696,42,5,76,181.15,143.18,215.99,1.51
FL,U502N EXPLORER [11-19],9H307,42,6,71,722.06,577.06,868.63,1.51
MD,P558N SUPER DUTY [17-22],6F073,42,6,82,180.42,146.69,221.55,1.51
TX,P558N SUPER DUTY [17-22],2005,42,5,57,605.15,486.12,733.96,1.51
IL,CX727N MACH-E [21-26],PATSKEY,42,9,165,263.08,177.7,267.74,1.51
MI,P702N F150 [21-27],10B689,04,5,132,68.94,49.12,74.19,1.51
WA,U625N EXPLORER [20-27],14G371,04,38,1145,52.76,42.94,64.78,1.51
NV,P552N F-150 [15-20],6M280,42,6,285,483.37,427.71,645.14,1.51
AZ,P758N C-PICKUP [22-27],3B436,42,11,224,626.58,513.44,776.56,1.51
CA,U554N NAVIGATOR [18-24],14G647,42,7,123,166.85,127.18,191.43,1.51
NJ,U553N EXPEDITION [18-24],5E212,42,12,173,994.8,821.45,1244.06,1.51
NC,P552N F-150 [15-20],4676,D8,5,60,222.62,173.63,262.7,1.51
VA,ECONOLINE [97-27],00817,30,9,157,99.28,75.55,113.72,1.51
MN,U502N EXPLORER [11-19],65,42,5,95,67.42,49.27,74.26,1.51
NV,U502N EXPLORER [11-19],7902,42,5,98,3183.88,2750.13,4140.62,1.51
MD,U553N EXPEDITION [18-24],6256,42,24,628,1390.43,1201.51,1806.79,1.5
NJ,CD533N MKZ [13-20],RENTAL,82,8,564,160.58,128.47,192.7,1.5
PA,P758N C-PICKUP [22-27],RECALEM,04,5,54,73.53,56.38,84.42,1.5
DE,P552N F-150 [15-20],6006,42,8,151,163.77,129.86,194.88,1.5
MI,U502N EXPLORER [11-19],8501,42,7,91,1192.35,1034.64,1555.66,1.5
MA,P558N SUPER DUTY [17-22],6K682,42,5,68,3067.17,2508.91,3765.94,1.5
NJ,CD539N EDGE [15-24],RECAL,04,11,141,97.09,85.75,128.47,1.5
AZ,U502N EXPLORER [11-19],RENTAL,82,6,120,199.84,149.88,224.82,1.5
NC,U502N EXPLORER [11-19],W709002,*,8,218,43.26,37.89,56.73,1.5
TN,U625N EXPLORER [20-27],94RH7,42,6,89,237.21,204.58,307.78,1.5
NV,P708 F250 - 600 [23-27],17032,16,5,161,50.34,35.71,53.72,1.5
OR,U625N EXPLORER [20-27],3D102,42,6,79,782.68,716.11,1075.51,1.5
NC,U611N AVIATOR [20-27],12A650,42,7,150,63.52,53.68,80.46,1.5
TN,P552N F-150 [15-20],4676,D8,7,79,220.31,170.81,255.58,1.5
LA,P702N F150 [21-27],17508,42,5,63,144.85,133.86,200.59,1.5
NM,U502N EXPLORER [11-19],78551A46,33,9,172,51.36,45.06,67.79,1.5
CA,H567N MEDIUM TRUCK [16-27],7000,42,6,109,5962.58,5301.53,7959.68,1.5
CO,P702N F150 [21-27],17508,*,6,188,156.16,139.8,210.21,1.5
UT,U625N EXPLORER [20-27],RENTAL,82,9,381,224.82,192.7,289.05,1.5
FL,CX430N C-SUV [21-27],7861203,42,7,88,183.1,146.74,220.06,1.5
IL,CD539N EDGE [15-24],7K340,*,9,407,73.38,49.35,74.03,1.5
NY,CD391N FUSION [13-20],2078,*,5,189,194.62,152.39,228.71,1.5
MT,P552N F-150 [15-20],6675,D8,6,164,587.71,498.85,745.84,1.5
AZ,C520N ESCAPE [13-19],RENTAL,82,12,334,285.48,192.7,289.05,1.5
PA,P702N F150 [21-27],3N134,D8,15,243,245.43,219.7,328.71,1.5
NC,U625N EXPLORER [20-27],3A428,D8,16,526,292.62,235.48,352.64,1.5
NJ,U502N EXPLORER [11-19],16612,D7,12,322,1273.01,1045.29,1569.38,1.5
MA,CX727N MACH-E [21-26],10C666,42,20,353,1658.87,1343.35,2020.43,1.5
MD,U625N EXPLORER [20-27],7862187,33,8,102,62.96,54.99,82.47,1.5
CA,U611N AVIATOR [20-27],3D102,42,6,250,1780.75,1596.48,2397.95,1.5
NC,CX430N C-SUV [21-27],SERVICE,82,18,2530,35.68,35.68,53.53,1.5
IL,P552N F-150 [15-20],4676,42,5,81,259.18,210.96,316.08,1.5
CA,U502N EXPLORER [11-19],5421813,82,5,87,431.14,337.12,507.33,1.5
GA,P702N F150 [21-27],5E212,42,10,136,1457.69,1128.52,1687.53,1.5
OR,P558N SUPER DUTY [17-22],7000,42,8,140,6069.2,4654.24,6998.48,1.5
AR,P708 F250 - 600 [23-27],14B291,04,26,784,44.87,35.7,53.68,1.5
MI,CX482N ESCAPE [20-26],SHUTTLE,82,12,304,642.33,462.48,693.72,1.5
TX,P702N F150 [21-27],19E616,42,5,93,603.46,428.93,643.61,1.5
OH,CDX707A NAUTILUS [23-26],2005,79,5,596,36.85,36.08,54.23,1.5
NV,U553N EXPEDITION [18-24],7H351,42,5,244,3330.07,2633.63,3955.64,1.5
TX,U540N MKX [16-23],58519A02,42,9,157,650.86,572.38,858.16,1.5
MO,P702N F150 [21-27],17508,*,15,693,119.69,100.31,150.1,1.5
SC,P558N SUPER DUTY [17-22],14A068,42,10,168,306.81,275.02,412.16,1.5
MD,P552N F-150 [15-20],7H351,42,22,497,2875.5,2362.97,3549.23,1.5
OH,P702N F150 [21-27],1523200,82,42,972,40.63,35.97,53.87,1.5
TX,U611N AVIATOR [20-27],54264A26,42,8,125,440.02,358.07,537.21,1.5
SC,U625N EXPLORER [20-27],3A427,42,6,102,288.28,258.57,387.47,1.5
WA,C346N FOCUS [12-18],9D289,42,27,688,117.0,90.82,135.97,1.5
WA,U553N EXPEDITION [18-24],7H351,42,7,95,2926.31,2539.79,3812.77,1.5
NY,P702N F150 [21-27],7222,33,9,189,125.49,107.58,161.44,1.5
TX,P702N F150 [21-27],17526,*,9,384,52.53,41.79,62.82,1.5
WI,V363N TRANSIT [14-27],4676,D8,5,82,246.58,202.45,303.39,1.5
GA,P758N C-PICKUP [22-27],99RT4,42,11,142,312.44,265.22,396.57,1.5
LA,P702N F150 [21-27],17508,*,7,434,131.14,102.33,153.23,1.5
AZ,CX483N CORSAIR [20-26],RENTAL,82,6,742,160.58,128.47,192.7,1.5
OH,P702N F150 [21-27],19G490,42,5,71,303.09,235.1,351.6,1.5
NE,P702N F150 [21-27],48H6,42,17,580,282.03,206.79,310.79,1.5
IA,CD539N EDGE [15-24],7K340,*,10,322,43.84,36.16,54.2,1.5
AZ,CX727N MACH-E [21-26],H3,42,11,514,292.2,232.59,349.07,1.5
GA,P558N SUPER DUTY [17-22],19G490,*,14,668,122.38,105.3,157.57,1.5
CA,CX483N CORSAIR [20-26],RAV,82,10,160,131.32,117.76,176.3,1.5
VA,U625N EXPLORER [20-27],SERVICE,82,8,223,35.68,35.68,53.65,1.5
TX,U725N BRONCO [21-26],19G490,*,9,288,164.95,130.2,195.74,1.5
MS,P558N SUPER DUTY [17-22],6675,D8,6,133,1157.37,1022.99,1531.78,1.5
AL,U502N EXPLORER [11-19],5A972,*,7,265,173.04,153.12,230.03,1.5
ME,P702N F150 [21-27],94RH7,42,5,75,267.2,214.15,320.17,1.5
OH,P558N SUPER DUTY [17-22],8A616,42,5,65,377.37,327.62,490.14,1.5
WA,P758N C-PICKUP [22-27],14G371,04,15,212,57.31,43.21,64.78,1.5
PA,CD539N EDGE [15-24],9F464,01,13,156,489.74,414.54,623.65,1.5
TX,P552N F-150 [15-20],4209,42,7,94,1240.18,1078.24,1618.46,1.5
TN,C346N FOCUS [12-18],7B546,42,5,73,1168.33,934.23,1397.65,1.5
LA,U625N EXPLORER [20-27],12A650,04,6,117,38.7,35.76,53.71,1.5
TN,CX482N ESCAPE [20-26],99RT4,42,5,57,278.13,205.45,308.18,1.5
SD,P702N F150 [21-27],NPF,82,6,344,65.2,53.74,79.93,1.49
PA,C520N ESCAPE [13-19],8501,42,5,72,953.0,707.21,1055.87,1.49
NM,CX430N C-SUV [21-27],8501,D8,9,687,559.98,438.0,652.89,1.49
PA,CX482N ESCAPE [20-26],48H6,42,28,433,299.67,259.12,386.35,1.49
CT,P708 F250 - 600 [23-27],1621597,41,6,97,125.85,101.66,151.81,1.49
OH,P702N F150 [21-27],9C888,42,15,208,348.51,288.74,430.23,1.49
LA,U625N EXPLORER [20-27],94RH7,42,5,179,216.48,166.35,248.23,1.49
MN,CX430N C-SUV [21-27],8A507,*,10,140,108.41,92.43,137.33,1.49
WA,P552N F-150 [15-20],14G371,04,18,349,56.75,43.21,64.23,1.49
AL,P702N F150 [21-27],19G490,42,5,76,434.89,314.41,469.21,1.49
OR,CX430N C-SUV [21-27],14G371,04,23,714,49.36,37.21,55.31,1.49
NV,P552N F-150 [15-20],9C888,42,7,277,509.16,430.42,639.31,1.49
NY,CD533N MKZ [13-20],94RH7,42,9,168,248.95,219.16,326.33,1.49
IA,P702N F150 [21-27],17508,*,20,760,120.44,96.7,143.78,1.49
PA,U554N NAVIGATOR [18-24],6256,42,13,348,1390.42,1104.53,1647.83,1.49
NC,P558N SUPER DUTY [17-22],9N184,82,7,110,166.21,132.78,198.12,1.49
VA,CX727N MACH-E [21-26],10B689,04,30,1331,79.33,60.12,89.43,1.49
CA,U502N EXPLORER [11-19],1104,42,6,140,593.7,465.96,696.13,1.49
WA,CX482N ESCAPE [20-26],14529,91,36,1429,48.19,37.1,55.14,1.49
KY,P552N F-150 [15-20],6675,D8,9,134,445.08,393.96,585.83,1.49
MT,P702N F150 [21-27],48H6,42,12,196,292.15,232.79,346.48,1.49
CO,U625N EXPLORER [20-27],4B409,42,11,162,156.91,117.21,174.77,1.49
ID,P702N F150 [21-27],7210,42,8,244,428.42,371.96,555.82,1.49
SC,U725N BRONCO [21-26],17504,42,12,652,39.73,36.67,54.6,1.49
FL,S550N MUSTANG [15-23],9H307,42,5,65,596.45,542.79,810.52,1.49
NY,V408E TRANSIT CONNECT [13-24],7902,42,5,65,3432.39,2752.04,4108.4,1.49
AL,U553N EXPEDITION [18-24],78045G34,42,7,221,46.88,36.13,54.01,1.49
VA,P758N C-PICKUP [22-27],3B436,42,18,321,619.56,469.36,698.73,1.49
CA,P558N SUPER DUTY [17-22],15604,04,17,309,41.32,36.03,53.52,1.49
MS,P552N F-150 [15-20],1104,42,6,91,449.14,360.98,539.6,1.49
FL,P708 F250 - 600 [23-27],3B396,42,13,200,438.0,362.69,540.68,1.49
WV,C520N ESCAPE [13-19],7K340,*,6,208,47.25,36.01,53.6,1.49
PA,U502N EXPLORER [11-19],8501,D1,6,125,1230.53,1057.9,1572.14,1.49
PA,C520N ESCAPE [13-19],9D289,42,29,654,265.92,220.29,327.6,1.49
IL,CD539N EDGE [15-24],9D289,42,24,568,347.88,299.23,446.78,1.49
TX,S550N MUSTANG [15-23],14G371,04,11,140,47.59,40.54,60.52,1.49
NC,U553N EXPEDITION [18-24],78045G34,42,15,264,48.82,40.32,60.24,1.49
CA,P702N F150 [21-27],3N134,D8,13,256,386.69,299.39,445.19,1.49
CA,P558N SUPER DUTY [17-22],5E145,42,7,79,535.05,389.52,581.87,1.49
NY,CX482N ESCAPE [20-26],9F479,04,20,317,40.83,36.06,53.67,1.49
NY,P702N F150 [21-27],6714,82,5,59,63.6,58.37,86.99,1.49
UT,P702N F150 [21-27],3N134,D8,8,152,251.92,218.53,324.89,1.49
WA,P702N F150 [21-27],3N134,D8,11,181,301.92,221.06,329.53,1.49
PA,P558N SUPER DUTY [17-22],3A131,30,5,103,357.29,304.74,454.84,1.49
FL,U611N AVIATOR [20-27],7820555,42,5,78,446.22,405.68,603.47,1.49
VA,CX482N ESCAPE [20-26],9D289,42,23,471,250.06,205.14,305.39,1.49
IN,U625N EXPLORER [20-27],6731,82,13,261,54.34,45.92,68.41,1.49
NJ,P702N F150 [21-27],5A212,42,7,85,667.35,611.88,912.37,1.49
VA,CX430N C-SUV [21-27],14G371,04,44,1948,45.86,35.73,53.09,1.49
CA,U625N EXPLORER [20-27],17528,30,12,184,85.06,69.76,104.13,1.49
WI,P558N SUPER DUTY [17-22],14B321,X9,53,1530,42.58,36.09,53.87,1.49
UT,P702N F150 [21-27],5A212,42,8,158,701.71,532.56,792.76,1.49
TX,P758N C-PICKUP [22-27],99RT4,42,26,461,317.35,262.58,391.68,1.49
MA,CX483N CORSAIR [20-26],9D289,42,6,207,265.05,221.55,330.04,1.49
NC,P558N SUPER DUTY [17-22],5J281,42,5,68,311.1,222.08,329.98,1.49
CO,P558N SUPER DUTY [17-22],5L239,42,7,80,264.05,227.24,339.16,1.49
IL,P552N F-150 [15-20],4B416,D8,6,99,301.95,239.38,355.78,1.49
TX,U554N NAVIGATOR [18-24],TCARE,82,8,844,237.66,222.02,329.85,1.49
SC,V363N TRANSIT [14-27],14G371,04,6,94,53.53,48.89,72.8,1.49
UT,P558N SUPER DUTY [17-22],7A100,42,5,85,825.75,686.78,1020.08,1.49
WI,V363N TRANSIT [14-27],7A195,04,42,1279,43.31,36.09,53.87,1.49
KS,P708 F250 - 600 [23-27],14B291,04,21,699,45.53,36.38,54.15,1.49
NJ,CDX707A NAUTILUS [23-26],18B008,04,9,218,40.33,36.01,53.7,1.49
MO,P702N F150 [21-27],RECALEM,04,8,99,73.52,56.2,83.65,1.49
CA,V363N TRANSIT [14-27],18A484,42,10,256,1513.37,1163.94,1737.7,1.49
NY,CX483N CORSAIR [20-26],4000,42,5,85,2288.94,2098.81,3137.6,1.49
KS,P473N SUPER DUTY [11-16],14A664,*,5,80,71.35,53.81,80.11,1.49
NV,CX727N MACH-E [21-26],14A411,28,6,353,294.3,223.3,333.71,1.49
NJ,CDX707A NAUTILUS [23-26],2005,79,9,587,40.33,36.01,53.7,1.49
WA,P558N SUPER DUTY [17-22],9C888,42,37,1292,536.14,417.91,623.43,1.49
AZ,P702N F150 [21-27],19E525,16,15,255,54.15,44.15,65.69,1.49
MS,P558N SUPER DUTY [17-22],9A543,42,5,161,7996.87,5637.07,8384.16,1.49
IA,P702N F150 [21-27],W702554,*,5,92,88.62,77.32,115.03,1.49
OH,U554N NAVIGATOR [18-24],6256,42,10,267,1489.31,1142.56,1708.07,1.49
AR,P702N F150 [21-27],14G647,42,5,88,764.92,618.78,919.66,1.49
CA,P758N C-PICKUP [22-27],14290,X4,90,2211,741.35,596.53,886.5,1.49
CA,P131N STRIPPED CHASSIS [99-26],14F642,42,9,151,45.32,36.68,54.6,1.49
IL,U625N EXPLORER [20-27],7H424,D8,9,121,274.51,238.9,355.64,1.49
FL,V363N TRANSIT [14-27],8C607,42,25,1313,631.27,505.82,751.2,1.49
NM,U625N EXPLORER [20-27],18124,42,9,303,383.27,299.98,445.56,1.49
OH,U725N BRONCO [21-26],17504,42,13,521,37.04,35.71,53.36,1.49
LA,U502N EXPLORER [11-19],14B686,X4,6,76,152.4,140.4,209.36,1.49
VA,P702N F150 [21-27],10D672,42,36,1188,67.09,51.53,76.65,1.49
ND,P558N SUPER DUTY [17-22],9C888,42,6,127,490.61,426.11,634.2,1.49
AZ,P708 F250 - 600 [23-27],RECALEM,04,16,310,67.05,56.1,83.5,1.49
SC,CX430N C-SUV [21-27],7C108,14,7,120,1705.76,1592.48,2369.53,1.49
FL,CD533N MKZ [13-20],9D289,42,10,162,412.66,340.56,509.07,1.49
DE,U553N EXPEDITION [18-24],6256,42,6,84,1384.83,1116.83,1668.53,1.49
TX,U553N EXPEDITION [18-24],8501,42,11,210,430.1,360.52,535.35,1.48
GA,U553N EXPEDITION [18-24],78045G34,42,14,206,45.33,36.37,53.68,1.48
FL,S550N MUSTANG [15-23],TCARE,82,16,760,229.21,177.0,262.61,1.48
MI,P552N F-150 [15-20],19G490,*,9,473,94.69,85.28,126.01,1.48
NV,CX727N MACH-E [21-26],14G647,04,5,78,451.77,347.14,513.86,1.48
NV,U625N EXPLORER [20-27],1A189,42,6,488,213.52,191.53,283.04,1.48
PA,P552N F-150 [15-20],78218A43,42,5,58,149.48,126.72,187.87,1.48
OH,P552N F-150 [15-20],11002,42,5,64,308.96,288.39,425.45,1.48
CA,P702N F150 [21-27],78045G34,42,79,1554,53.7,44.09,65.23,1.48
MS,U502N EXPLORER [11-19],14B192,46,9,174,118.39,92.99,137.85,1.48
IL,U553N EXPEDITION [18-24],78045G34,42,14,218,55.48,41.53,61.34,1.48
OH,CDX707A NAUTILUS [23-26],9F593,42,8,184,704.77,557.62,824.38,1.48
OR,U625N EXPLORER [20-27],12A650,04,11,298,44.18,37.02,54.81,1.48
LA,CX430N C-SUV [21-27],48H6,42,17,373,267.23,203.8,301.21,1.48
MI,U725N BRONCO [21-26],3254,D8,14,180,287.21,248.11,366.75,1.48
AL,CX430N C-SUV [21-27],9D289,42,10,159,292.29,261.91,388.05,1.48
OH,P473N SUPER DUTY [11-16],5J225,42,67,1250,526.32,417.89,616.44,1.48
GA,U554N NAVIGATOR [18-24],14G371,42,5,97,113.18,87.06,128.47,1.48
GA,C520N ESCAPE [13-19],6009,D8,36,870,3748.58,3114.64,4618.92,1.48
TX,CD539N EDGE [15-24],9F464,01,29,415,493.18,428.11,635.26,1.48
NC,U540N MKX [16-23],9D289,42,5,70,445.47,356.87,527.61,1.48
CA,H567N MEDIUM TRUCK [16-27],14F642,42,10,241,60.43,50.76,75.08,1.48
AL,CX482N ESCAPE [20-26],9D289,42,11,232,278.47,239.2,352.84,1.48
LA,CD539N EDGE [15-24],7K340,*,7,153,42.78,39.48,58.59,1.48
CO,P552N F-150 [15-20],14G371,04,19,504,55.67,45.98,67.91,1.48
MI,CX430N C-SUV [21-27],NPF,42,11,185,57.1,49.39,72.94,1.48
AZ,U553N EXPEDITION [18-24],19860,42,5,93,904.09,714.42,1058.1,1.48
ID,P702N F150 [21-27],94RH7,42,8,240,311.04,269.25,399.66,1.48
ID,P552N F-150 [15-20],14G371,04,5,191,50.84,40.51,59.95,1.48
WI,CX482N ESCAPE [20-26],8A507,*,19,600,113.69,96.55,143.36,1.48
VA,C520N ESCAPE [13-19],6009,D8,43,1032,3776.08,2928.03,4336.48,1.48
NY,U554N NAVIGATOR [18-24],14G371,42,7,149,136.11,117.5,173.46,1.48
OR,P558N SUPER DUTY [17-22],65,42,13,283,231.0,176.72,262.31,1.48
MI,P702N F150 [21-27],17508,*,14,607,118.01,104.31,154.87,1.48
AZ,P552N F-150 [15-20],1104,42,14,322,514.09,409.63,606.07,1.48
TX,P558N SUPER DUTY [17-22],14A626,42,6,82,136.4,116.28,171.97,1.48
GA,P558N SUPER DUTY [17-22],19703,42,6,75,725.69,613.64,906.48,1.48
NJ,U625N EXPLORER [20-27],7A195,42,16,266,1359.51,1178.42,1741.98,1.48
SC,CX482N ESCAPE [20-26],48H6,42,7,90,329.56,257.25,380.58,1.48
GA,CX727N MACH-E [21-26],10C666,42,16,292,1541.51,1243.79,1841.15,1.48
PA,V408E TRANSIT CONNECT [13-24],9D475,42,7,104,321.03,268.58,398.14,1.48
OR,U625N EXPLORER [20-27],14529,91,23,677,44.58,36.3,53.86,1.48
ID,P702N F150 [21-27],9C888,42,8,190,354.89,305.28,451.64,1.48
IA,P702N F150 [21-27],7222,42,6,136,124.11,103.97,153.45,1.48
CT,P702N F150 [21-27],1523200,82,7,116,44.47,36.18,53.57,1.48
NY,P758N C-PICKUP [22-27],3B436,42,5,83,657.82,515.05,764.59,1.48
PA,P702N F150 [21-27],7210,42,52,893,401.53,337.95,499.96,1.48
NM,P702N F150 [21-27],14B291,04,17,648,48.0,38.25,56.65,1.48
MI,CX727N MACH-E [21-26],RECAL,04,27,491,111.67,87.79,129.89,1.48
GA,P558N SUPER DUTY [17-22],2001,82,5,127,333.81,249.07,368.08,1.48
LA,P552N F-150 [15-20],6675,D8,11,206,521.61,392.23,580.05,1.48
OH,U540N MKX [16-23],14G371,04,7,173,77.84,63.26,93.91,1.48
NV,P702N F150 [21-27],94RH7,42,6,520,316.28,251.31,373.09,1.48
CO,U625N EXPLORER [20-27],2C219,04,8,135,55.28,46.4,68.52,1.48
NM,P708 F250 - 600 [23-27],14B291,04,16,876,46.89,38.25,56.65,1.48
NY,U502N EXPLORER [11-19],3078,42,5,88,523.45,499.95,738.5,1.48
OR,P558N SUPER DUTY [17-22],78218A43,42,7,95,157.6,139.64,205.97,1.48
NJ,U625N EXPLORER [20-27],4B409,42,30,487,125.01,103.33,152.75,1.48
VA,U625N EXPLORER [20-27],12A650,04,19,710,38.54,35.81,53.09,1.48
PA,CX727N MACH-E [21-26],RECAL,04,16,239,118.07,95.64,141.95,1.48
IA,P558N SUPER DUTY [17-22],19G490,*,11,292,128.25,107.33,158.42,1.48
CA,P758N C-PICKUP [22-27],3B436,30,9,199,682.25,529.66,782.24,1.48
OK,P702N F150 [21-27],7210,42,30,846,416.47,344.02,507.49,1.48
TX,CX482N ESCAPE [20-26],5827009,42,8,121,258.99,219.24,324.43,1.48
AZ,CX482N ESCAPE [20-26],6K682,42,6,109,1207.59,1093.28,1612.6,1.48
NJ,U611N AVIATOR [20-27],12A650,42,9,139,63.28,57.81,85.64,1.48
MD,P552N F-150 [15-20],4676,D8,6,77,202.21,187.36,276.94,1.48
GA,U554N NAVIGATOR [18-24],49H8,42,9,374,336.67,265.96,393.81,1.48
MN,P702N F150 [21-27],7222,33,8,144,117.49,112.45,166.87,1.48
AL,U222N EXPEDITION [02-17],19805,*,5,104,306.71,237.4,350.46,1.48
SC,C520N ESCAPE [13-19],7902,42,5,72,2084.41,1531.15,2262.46,1.48
MO,CD391N FUSION [13-20],54264A26,*,6,67,321.63,273.26,405.52,1.48
OH,P552N F-150 [15-20],13K359,42,9,126,108.45,96.16,142.06,1.48
NC,CX483N CORSAIR [20-26],78519A70,42,6,142,241.42,211.71,313.21,1.48
ID,C346N FOCUS [12-18],9D289,42,7,185,104.39,82.6,121.1,1.47
MA,P702N F150 [21-27],48H6,42,30,741,302.95,253.48,371.56,1.47
NJ,P552N F-150 [15-20],16700,42,10,156,152.85,120.02,176.31,1.47
TX,P552N F-150 [15-20],4220,42,6,83,1090.01,858.77,1261.49,1.47
CA,U725N BRONCO [21-26],2420,42,11,127,290.12,245.93,362.38,1.47
OH,U502N EXPLORER [11-19],16612,1Q,22,314,1173.47,978.46,1434.86,1.47
TX,B515A ECOSPORT INDIA [13-22],RECALEM,04,10,122,44.81,36.72,54.1,1.47
NJ,U725N BRONCO [21-26],12A650,04,6,103,41.75,36.03,52.95,1.47
MI,U554N NAVIGATOR [18-24],3N134,D8,5,124,207.91,201.95,296.77,1.47
TX,P552N F-150 [15-20],2V200,30,7,106,188.53,157.98,231.45,1.47
MO,P758N C-PICKUP [22-27],99RT4,42,6,149,294.69,243.97,358.37,1.47
NJ,P702N F150 [21-27],10B689,04,18,282,74.01,64.01,93.78,1.47
TX,V363N TRANSIT [14-27],7A195,04,24,412,39.4,36.89,54.23,1.47
TN,U540N MKX [16-23],4000,42,5,54,1560.01,1155.95,1694.01,1.47
MD,P558N SUPER DUTY [17-22],16720,39,9,145,274.02,222.89,326.63,1.47
IA,CDX707A NAUTILUS [23-26],14H522,04,8,212,251.44,221.37,326.2,1.47
GA,CD391N FUSION [13-20],7583,*,5,111,40.16,36.31,53.41,1.47
CA,U502N EXPLORER [11-19],19703,82,5,101,950.61,668.59,980.9,1.47
CO,C346N FOCUS [12-18],9D289,42,16,329,115.95,102.2,150.31,1.47
IL,P702N F150 [21-27],17508,*,20,846,157.04,135.11,198.06,1.47
FL,ECONOLINE [97-27],12A650,04,22,451,42.88,35.88,52.62,1.47
PA,U625N EXPLORER [20-27],8501,D8,5,99,452.1,357.3,526.97,1.47
AZ,U553N EXPEDITION [18-24],6256,42,27,1168,1431.97,1176.72,1728.25,1.47
TX,U502N EXPLORER [11-19],9H307,42,9,103,626.34,535.01,787.89,1.47
KS,U625N EXPLORER [20-27],NPF,82,5,98,69.55,52.05,76.38,1.47
MD,V363N TRANSIT [14-27],7A195,04,10,200,36.68,35.72,52.58,1.47
OH,B515A ECOSPORT INDIA [13-22],RENTAL,*,9,261,856.44,770.8,1129.95,1.47
IA,P702N F150 [21-27],7222,33,7,117,144.34,101.57,149.81,1.47
OH,P552N F-150 [15-20],14G371,04,39,695,44.01,36.63,53.87,1.47
CA,U553N EXPEDITION [18-24],18472,D8,7,96,381.12,328.29,481.62,1.47
IL,CD539N EDGE [15-24],9F464,01,19,236,681.26,539.93,795.1,1.47
IN,P702N F150 [21-27],94RH7,42,15,241,296.24,258.84,380.4,1.47
CA,P702N F150 [21-27],10E929,B4,7,106,561.25,499.8,735.42,1.47
MD,P702N F150 [21-27],14A626,04,12,280,37.4,35.72,52.58,1.47
TX,U553N EXPEDITION [18-24],7N135,42,11,162,80.25,65.12,95.43,1.47
IL,U611N AVIATOR [20-27],3K185,33,5,172,736.67,637.18,937.57,1.47
NM,U625N EXPLORER [20-27],14G371,04,10,474,41.67,37.17,54.71,1.47
TN,CX430N C-SUV [21-27],9D289,42,9,135,301.2,244.78,360.08,1.47
WY,P702N F150 [21-27],6731,82,5,100,58.52,48.6,71.48,1.47
OK,P558N SUPER DUTY [17-22],9C888,42,17,407,483.55,395.74,583.49,1.47
MI,V363N TRANSIT [14-27],11002,42,5,74,303.26,263.56,388.54,1.47
PA,P558N SUPER DUTY [17-22],19N619,82,11,417,57.15,46.35,67.95,1.47
NJ,P558N SUPER DUTY [17-22],6K682,42,6,178,3109.77,2974.07,4366.66,1.47
PA,P702N F150 [21-27],4234,42,5,58,586.13,499.5,732.82,1.47
MN,P702N F150 [21-27],14A626,04,10,243,44.56,36.53,53.54,1.47
UT,P552N F-150 [15-20],3N134,D8,5,74,234.82,204.8,301.85,1.47
NY,P558N SUPER DUTY [17-22],7H351,17,5,71,2211.44,1763.72,2588.13,1.47
ME,C346N FOCUS [12-18],9D289,42,8,154,93.49,74.67,109.54,1.47
OK,P552N F-150 [15-20],6675,D8,14,321,556.96,462.53,680.54,1.47
GA,U625N EXPLORER [20-27],4A015,D8,5,88,917.0,813.7,1195.09,1.47
MA,U625N EXPLORER [20-27],8501,D8,5,92,493.61,478.53,703.04,1.47
CA,P702N F150 [21-27],19893,42,5,116,197.79,168.54,248.48,1.47
VA,P375N RANGER [19-23],14G371,04,16,229,47.08,35.73,52.59,1.47
CA,V363N TRANSIT [14-27],14G672,42,18,328,44.11,36.4,53.53,1.47
LA,P558N SUPER DUTY [17-22],9C888,42,12,166,428.75,371.39,545.97,1.47
WI,P702N F150 [21-27],14A626,04,12,209,43.31,36.02,52.89,1.47
NJ,CX482N ESCAPE [20-26],18125,42,7,127,301.16,242.81,358.12,1.47
AR,U553N EXPEDITION [18-24],6256,42,25,632,1214.17,981.17,1438.51,1.47
OH,U625N EXPLORER [20-27],14B291,04,12,185,49.1,39.31,57.92,1.47
TN,U625N EXPLORER [20-27],6731,82,8,184,70.27,57.77,84.83,1.47
OR,U625N EXPLORER [20-27],NPF,82,6,102,68.75,57.62,84.77,1.47
WA,CX727N MACH-E [21-26],NPF,82,6,224,90.95,83.56,123.17,1.47
GA,CX430N C-SUV [21-27],4022,07,7,86,190.91,153.54,226.37,1.47
MO,P702N F150 [21-27],4234,42,6,73,538.7,453.34,668.45,1.47
TX,U611N AVIATOR [20-27],12A650,42,17,436,66.55,54.37,80.08,1.47
IA,P552N F-150 [15-20],7222,33,5,114,116.31,96.95,142.12,1.47
NJ,V363N TRANSIT [14-27],8501,D8,6,90,528.49,468.94,689.63,1.47
SD,P558N SUPER DUTY [17-22],3E651,42,18,517,91.47,75.65,111.32,1.47
WI,U625N EXPLORER [20-27],7P155,42,39,750,43.31,36.09,52.89,1.47
GA,U553N EXPEDITION [18-24],5E212,42,40,828,841.32,712.61,1050.53,1.47
IL,U502N EXPLORER [11-19],16612,1Q,22,392,1263.35,1068.02,1569.08,1.47
MI,CX430N C-SUV [21-27],18125,D8,7,428,234.11,226.32,333.06,1.47
OH,P702N F150 [21-27],12A650,04,17,307,44.35,36.63,53.87,1.47
UT,P702N F150 [21-27],14B291,04,21,1082,51.81,41.42,60.73,1.47
MO,P552N F-150 [15-20],6675,D8,16,293,548.44,457.57,672.35,1.47
AZ,U625N EXPLORER [20-27],6731,82,5,124,69.46,53.03,78.12,1.47
MS,P708 F250 - 600 [23-27],14B291,04,18,656,43.64,37.93,55.58,1.47
IN,U625N EXPLORER [20-27],3A427,D8,12,210,239.67,193.98,284.92,1.47
MN,U502N EXPLORER [11-19],W709002,*,18,764,47.5,39.65,58.22,1.47
AZ,P552N F-150 [15-20],6020,D8,11,346,1420.88,1171.51,1722.79,1.47
PA,CX482N ESCAPE [20-26],5E212,01,8,104,1069.89,849.24,1245.15,1.47
AZ,U625N EXPLORER [20-27],3A427,D8,11,390,247.55,224.6,329.44,1.47
ID,P552N F-150 [15-20],9C888,42,14,502,462.23,357.43,524.21,1.47
MN,CD539N EDGE [15-24],7K340,*,6,307,44.88,39.93,58.77,1.47
ME,CX430N C-SUV [21-27],NPF,82,6,118,59.95,44.24,64.95,1.47
TN,CX482N ESCAPE [20-26],9D289,42,9,138,237.29,194.73,286.97,1.47
OH,P552N F-150 [15-20],7222,33,11,283,105.35,85.61,125.78,1.47
MO,V363N TRANSIT [14-27],7A195,04,11,487,40.95,37.45,54.97,1.47
NE,U625N EXPLORER [20-27],3D102,42,5,101,583.89,540.25,795.75,1.47
ND,P702N F150 [21-27],9C888,42,7,273,331.59,305.46,449.08,1.47
MN,C520N ESCAPE [13-19],7K340,*,6,512,53.23,47.39,69.84,1.47
VT,P558N SUPER DUTY [17-22],3B396,69,6,315,337.15,300.18,441.56,1.47
FL,V363N TRANSIT [14-27],3504,42,5,59,2297.01,1801.26,2640.08,1.47
CO,P758N C-PICKUP [22-27],14G371,04,11,144,60.24,46.4,67.91,1.46
AZ,P702N F150 [21-27],10D672,42,21,1260,64.23,51.39,74.85,1.46
TX,U553N EXPEDITION [18-24],13008,42,7,113,1530.29,1236.84,1810.31,1.46
GA,P558N SUPER DUTY [17-22],17527,*,6,166,60.14,43.71,63.95,1.46
ME,U502N EXPLORER [11-19],78551A46,33,8,115,44.75,42.51,61.93,1.46
TX,CD391N FUSION [13-20],9D289,42,20,390,291.21,239.14,348.82,1.46
CA,CD539N EDGE [15-24],6009,D8,55,963,4954.83,4020.64,5868.13,1.46
AZ,P702N F150 [21-27],48H6,42,27,2940,281.44,218.86,319.15,1.46
IL,CX482N ESCAPE [20-26],48H6,42,24,390,330.82,292.06,426.49,1.46
VA,U502N EXPLORER [11-19],16612,D7,6,82,1294.89,1130.11,1649.18,1.46
SD,U502N EXPLORER [11-19],5A972,*,12,637,168.18,134.18,196.2,1.46
MN,P702N F150 [21-27],4234,42,6,74,671.88,545.55,798.63,1.46
AR,P702N F150 [21-27],14B291,04,27,941,44.87,36.78,53.68,1.46
SC,U625N EXPLORER [20-27],3A428,D8,5,81,307.64,285.16,416.44,1.46
OH,U611N AVIATOR [20-27],14G371,04,18,1315,75.55,67.3,98.26,1.46
NC,P552N F-150 [15-20],8501,42,9,176,422.88,360.66,526.7,1.46
TX,P702N F150 [21-27],H3,42,8,131,222.92,209.96,306.86,1.46
CT,U625N EXPLORER [20-27],3A428,D8,12,326,269.01,216.34,315.17,1.46
AL,U625N EXPLORER [20-27],7N169,07,6,106,1632.39,1515.44,2215.3,1.46
OH,P702N F150 [21-27],19703,42,24,379,42.64,36.98,53.87,1.46
KS,U625N EXPLORER [20-27],14G371,04,18,737,41.64,36.54,53.26,1.46
IL,CD539N EDGE [15-24],TCARE,82,7,165,232.12,223.89,327.39,1.46
NH,P473N SUPER DUTY [11-16],5J225,42,13,246,533.68,446.08,653.11,1.46
IA,P702N F150 [21-27],19E525,16,9,140,56.0,47.73,69.56,1.46
LA,P702N F150 [21-27],94RH7,42,18,407,276.35,213.9,312.01,1.46
AR,P702N F150 [21-27],4676,D8,9,158,192.57,173.15,252.61,1.46
NJ,C520N ESCAPE [13-19],8501,42,6,93,825.24,697.41,1020.41,1.46
VA,U625N EXPLORER [20-27],7A195,42,10,131,1279.88,1047.38,1534.36,1.46
NE,P702N F150 [21-27],17626,42,7,124,501.18,400.8,585.5,1.46
UT,U725N BRONCO [21-26],3254,D8,5,94,284.3,268.97,392.11,1.46
ND,P702N F150 [21-27],17626,42,5,102,481.7,434.07,632.08,1.46
UT,P552N F-150 [15-20],14G371,04,14,337,46.53,40.25,58.81,1.46
AR,P702N F150 [21-27],RECAL,04,16,374,97.78,83.97,122.33,1.46
OH,CX430N C-SUV [21-27],8A507,*,16,388,99.43,92.61,135.58,1.46
GA,P702N F150 [21-27],9C888,42,9,133,342.6,277.11,404.06,1.46
LA,P558N SUPER DUTY [17-22],6675,D8,11,244,1181.1,1023.95,1496.53,1.46
LA,P558N SUPER DUTY [17-22],16720,39,6,96,204.08,185.53,271.72,1.46
MS,P702N F150 [21-27],1621597,41,7,120,119.17,92.17,134.59,1.46
MN,P708 F250 - 600 [23-27],4676,D8,7,92,350.68,299.37,436.46,1.46
LA,P558N SUPER DUTY [17-22],1A189,42,10,181,121.13,102.23,149.04,1.46
TX,CX430N C-SUV [21-27],5E212,01,31,451,1155.82,927.08,1352.97,1.46
KY,U222N EXPEDITION [02-17],19805,*,5,68,251.75,243.05,354.64,1.46
FL,P702N F150 [21-27],9F472,42,5,70,332.61,275.47,401.91,1.46
OR,P558N SUPER DUTY [17-22],6K682,42,5,73,3200.98,2258.71,3288.06,1.46
ME,CX727N MACH-E [21-26],10B689,04,6,91,70.06,59.95,87.43,1.46
NY,V408E TRANSIT CONNECT [13-24],94RH7,42,5,88,300.39,267.15,391.31,1.46
SD,P708 F250 - 600 [23-27],14B291,04,14,425,44.31,36.19,52.86,1.46
SD,P702N F150 [21-27],14B291,04,13,603,43.46,36.19,52.86,1.46
OH,CX483N CORSAIR [20-26],14G371,04,7,320,92.51,67.49,98.26,1.46
TX,CX727N MACH-E [21-26],PATSKEY,42,16,225,213.86,208.36,303.88,1.46
IL,CX430N C-SUV [21-27],48H6,42,9,127,304.11,283.97,415.41,1.46
IL,CD539N EDGE [15-24],2078,*,7,155,185.61,139.09,203.49,1.46
PA,CX483N CORSAIR [20-26],19G490,42,7,116,220.58,161.99,236.41,1.46
TN,U625N EXPLORER [20-27],7862187,33,5,73,58.08,54.53,79.61,1.46
WA,P702N F150 [21-27],4234,42,5,80,665.33,521.8,761.65,1.46
CA,U611N AVIATOR [20-27],94RH7,42,18,482,334.17,273.4,399.12,1.46
OK,CX430N C-SUV [21-27],48H6,42,12,251,292.1,253.23,370.1,1.46
AL,P558N SUPER DUTY [17-22],9H307,42,10,152,557.09,441.34,644.16,1.46
MI,CX727N MACH-E [21-26],18C612,04,26,573,37.65,36.31,52.96,1.46
MI,U717N EXPEDITION [25-27],14F042,42,13,250,39.26,36.53,53.33,1.46
MI,CX482N ESCAPE [20-26],7861203,42,18,234,148.97,128.64,188.38,1.46
MO,U502N EXPLORER [11-19],16612,1Q,6,123,1284.95,1067.3,1557.31,1.46
GA,P702N F150 [21-27],94RH7,42,33,803,306.45,251.13,366.89,1.46
CA,CX430N C-SUV [21-27],5E212,42,29,572,1425.39,1151.38,1686.49,1.46
IL,U553N EXPEDITION [18-24],RECAL,42,25,440,42.5,36.37,53.04,1.46
OH,ECONOLINE [97-27],00817,30,14,260,93.73,76.27,111.54,1.46
NY,U611N AVIATOR [20-27],14G371,04,17,1486,94.17,81.39,119.07,1.46
NY,U611N AVIATOR [20-27],12A650,42,7,107,70.63,61.04,89.31,1.46
VA,P558N SUPER DUTY [17-22],4676,D8,6,101,223.67,173.67,253.55,1.46
NY,U611N AVIATOR [20-27],3A428,42,7,117,480.68,387.02,566.19,1.46
KY,CX430N C-SUV [21-27],8A507,*,5,61,89.91,80.72,117.89,1.46
FL,U553N EXPEDITION [18-24],19860,D8,10,283,1037.73,924.05,1344.9,1.46
VA,P558N SUPER DUTY [17-22],9C888,42,19,428,484.06,392.88,572.89,1.46
PA,P558N SUPER DUTY [17-22],5E145,42,6,67,352.3,292.45,426.51,1.46
NJ,P558N SUPER DUTY [17-22],6020,D8,6,369,1894.01,1757.66,2573.48,1.46
HI,P702N F150 [21-27],7210,42,7,281,476.22,361.99,527.29,1.46
CT,P702N F150 [21-27],4676,D8,7,127,235.75,165.04,241.07,1.46
MN,B515A ECOSPORT INDIA [13-22],5G232,42,6,90,1325.42,1113.92,1620.25,1.45
AZ,C346N FOCUS [12-18],7Z369,42,11,252,598.13,514.45,743.8,1.45
ND,P473N SUPER DUTY [11-16],5J225,42,12,245,561.98,443.36,644.39,1.45
OH,C520N ESCAPE [13-19],8501,D8,8,141,727.13,653.1,947.49,1.45
OH,D544N CONTINENTAL [17-20],DELIVERY,82,7,310,82.08,71.37,103.49,1.45
CA,CX430N C-SUV [21-27],4022,07,12,173,235.95,184.28,266.42,1.45
TX,U553N EXPEDITION [18-24],6020,D8,5,146,1473.0,1348.97,1960.26,1.45
AZ,V363N TRANSIT [14-27],6006,42,6,69,6790.67,6590.21,9562.55,1.45
NH,P552N F-150 [15-20],14G371,04,7,136,48.53,37.45,54.24,1.45
MO,P702N F150 [21-27],19E525,16,9,201,52.71,42.24,61.41,1.45
UT,P558N SUPER DUTY [17-22],RECALEM,04,16,400,61.59,52.52,76.22,1.45
MO,U502N EXPLORER [11-19],W709002,*,18,428,44.57,37.79,54.83,1.45
LA,U553N EXPEDITION [18-24],5E212,42,35,1124,804.52,652.45,943.5,1.45
CA,CD539N EDGE [15-24],9F464,01,20,308,640.91,521.81,758.31,1.45
PA,U554N NAVIGATOR [18-24],49H8,42,12,364,328.37,278.01,403.27,1.45
LA,C520N ESCAPE [13-19],7K340,*,9,389,49.0,42.63,61.72,1.45
OK,P702N F150 [21-27],1621597,41,9,160,120.7,95.55,138.17,1.45
NJ,U611N AVIATOR [20-27],12A650,04,5,126,44.87,37.01,53.7,1.45
UT,P558N SUPER DUTY [17-22],5J229,42,5,79,1080.66,910.35,1319.12,1.45
PA,U725N BRONCO [21-26],14B291,04,19,278,50.33,41.0,59.39,1.45
MO,P702N F150 [21-27],6731,82,8,195,62.72,55.75,80.94,1.45
SC,P708 F250 - 600 [23-27],12A647,42,5,67,123.53,97.4,140.85,1.45
NJ,U611N AVIATOR [20-27],78519A70,42,7,201,515.28,444.08,642.94,1.45
MD,P558N SUPER DUTY [17-22],14G371,42,5,70,204.77,158.73,230.1,1.45
MS,U553N EXPEDITION [18-24],5E212,42,6,103,840.76,686.44,992.59,1.45
CA,CX482N ESCAPE [20-26],14529,D4,5,72,69.23,59.69,86.36,1.45
KS,CX430N C-SUV [21-27],14G371,04,15,508,43.64,36.83,53.26,1.45
VA,U611N AVIATOR [20-27],1A189,42,5,208,185.13,162.55,235.09,1.45
LA,P552N F-150 [15-20],5E212,42,25,521,987.1,814.02,1184.27,1.45
CA,V363N TRANSIT [14-27],10346,42,9,122,821.74,629.07,911.19,1.45
MI,CX483N CORSAIR [20-26],5450036,33,10,224,134.18,111.02,161.2,1.45
IA,U553N EXPEDITION [18-24],3N134,D8,8,99,200.49,159.31,230.53,1.45
IL,CD391N FUSION [13-20],90T5,42,7,111,80.95,69.56,100.9,1.45
FL,U625N EXPLORER [20-27],4B409,42,15,188,140.48,113.41,163.89,1.45
NV,P552N F-150 [15-20],8501,D8,5,258,418.09,378.97,549.01,1.45
SC,P708 F250 - 600 [23-27],65,42,8,121,285.19,233.37,337.32,1.45
MI,U554N NAVIGATOR [18-24],6256,42,16,530,1396.08,1060.93,1539.14,1.45
FL,P702N F150 [21-27],RAV,82,5,777,155.59,118.47,172.18,1.45
MN,P552N F-150 [15-20],6B018,*,17,407,129.74,109.23,158.18,1.45
NV,P552N F-150 [15-20],1104,42,6,173,510.62,440.5,638.0,1.45
CO,ECONOLINE [97-27],00817,30,10,316,117.3,91.03,132.06,1.45
CA,U625N EXPLORER [20-27],18125,82,5,139,366.59,313.06,452.44,1.45
CO,CX482N ESCAPE [20-26],6K682,42,8,92,2114.56,1660.52,2412.15,1.45
NJ,CX727N MACH-E [21-26],H3,42,11,161,274.3,226.79,329.61,1.45
AZ,U553N EXPEDITION [18-24],48H6,42,14,478,271.34,210.92,305.42,1.45
WY,U553N EXPEDITION [18-24],6256,42,6,122,1134.2,944.94,1366.25,1.45
NV,CX482N ESCAPE [20-26],7820125,61,8,1718,378.05,292.91,425.7,1.45
SC,CX482N ESCAPE [20-26],1A189,42,5,99,174.85,133.15,193.39,1.45
CA,CD391N FUSION [13-20],7H348,42,8,114,6179.44,4898.0,7078.29,1.45
OH,U502N EXPLORER [11-19],16612,D7,11,196,1190.08,1067.85,1552.8,1.45
CA,C520N ESCAPE [13-19],96R,42,5,64,104.67,93.69,135.39,1.45
MI,V363N TRANSIT [14-27],7A195,04,18,1221,39.4,35.83,51.83,1.45
IL,P552N F-150 [15-20],RECAL,42,57,1746,42.01,36.61,53.04,1.45
AR,P702N F150 [21-27],17508,*,10,385,117.26,97.05,141.1,1.45
WA,U625N EXPLORER [20-27],14B291,04,6,135,50.89,44.25,64.23,1.45
TX,CX483N CORSAIR [20-26],3B436,42,6,87,593.82,534.17,775.81,1.45
HI,U625N EXPLORER [20-27],14G371,04,5,131,57.02,43.19,62.52,1.45
IL,CD391N FUSION [13-20],6009,D8,24,510,4709.18,3784.79,5486.27,1.45
FL,P702N F150 [21-27],12A699,42,7,85,1740.81,1485.92,2156.85,1.45
MI,U625N EXPLORER [20-27],12A650,04,40,1575,39.26,35.83,51.83,1.45
SC,U625N EXPLORER [20-27],2C219,04,8,219,52.53,43.18,62.81,1.45
SC,CD539N EDGE [15-24],9F464,01,6,78,519.69,451.22,655.14,1.45
AZ,P702N F150 [21-27],7210,42,25,1289,400.71,350.01,508.48,1.45
NJ,U502N EXPLORER [11-19],8501,D8,17,723,1281.12,1143.29,1655.13,1.45
AZ,P558N SUPER DUTY [17-22],9C888,42,26,832,465.68,395.84,572.54,1.45
TX,CX430N C-SUV [21-27],5E212,42,17,237,1351.74,1095.95,1591.24,1.45
CA,CD539N EDGE [15-24],19G490,42,7,79,427.74,345.92,502.26,1.45
GA,U611N AVIATOR [20-27],9B325,42,7,238,226.52,167.16,242.59,1.45
NJ,V363N TRANSIT [14-27],14G371,04,30,948,50.82,42.96,62.22,1.45
OH,P558N SUPER DUTY [17-22],6675,D8,18,354,1283.88,1089.08,1577.49,1.45
MA,P702N F150 [21-27],6731,82,5,134,56.86,47.85,69.61,1.45
IL,U611N AVIATOR [20-27],94RH7,42,6,96,319.28,289.26,419.53,1.45
NC,P558N SUPER DUTY [17-22],19G490,*,8,179,119.93,98.64,143.2,1.45
TX,P558N SUPER DUTY [17-22],2V001,30,6,141,181.2,135.23,195.52,1.45
NH,CX727N MACH-E [21-26],10B689,04,9,189,78.94,65.54,94.92,1.45
LA,P552N F-150 [15-20],9C888,42,10,149,407.52,353.31,513.02,1.45
NJ,U625N EXPLORER [20-27],3B403,42,7,130,1913.09,1643.7,2376.64,1.45
FL,CX482N ESCAPE [20-26],TCARE,82,15,692,189.12,148.7,216.24,1.45
TN,P558N SUPER DUTY [17-22],5L248,42,6,82,287.23,245.89,356.91,1.45
NE,U553N EXPEDITION [18-24],3N134,D8,8,122,224.76,191.78,277.15,1.45
WA,P552N F-150 [15-20],8501,D8,6,71,414.13,366.23,526.1,1.44
CO,P702N F150 [21-27],6731,82,8,174,56.69,47.84,68.73,1.44
VA,P552N F-150 [15-20],6675,D8,25,556,562.47,449.28,645.53,1.44
NC,CDX707A NAUTILUS [23-26],2005,79,8,529,41.32,37.31,53.63,1.44
MI,CD391N FUSION [13-20],48H6,42,11,164,239.35,224.05,322.29,1.44
FL,CX482N ESCAPE [20-26],54519A02,42,7,79,723.37,619.63,894.22,1.44
MO,CX482N ESCAPE [20-26],99RT4,42,11,173,241.66,190.48,275.17,1.44
PA,P558N SUPER DUTY [17-22],3A131,42,8,116,356.54,301.89,435.1,1.44
VA,P702N F150 [21-27],19H332,42,6,72,198.85,161.3,231.76,1.44
VT,P708 F250 - 600 [23-27],14B291,04,9,282,46.96,36.43,52.59,1.44
CT,V363N TRANSIT [14-27],14G371,04,10,185,45.96,38.94,56.1,1.44
PA,U725N BRONCO [21-26],18089,*,5,126,234.64,187.37,269.83,1.44
OH,P552N F-150 [15-20],NPF,82,5,95,75.94,60.83,87.74,1.44
ND,P552N F-150 [15-20],14G371,04,6,133,47.67,42.44,60.95,1.44
FL,CX482N ESCAPE [20-26],COURTESY,82,6,92,455.59,345.32,497.2,1.44
CA,U554N NAVIGATOR [18-24],8213,42,7,142,379.1,317.95,456.61,1.44
MD,P552N F-150 [15-20],1104,42,14,265,469.75,392.57,564.0,1.44
CA,U625N EXPLORER [20-27],48H6,63,12,461,296.16,239.28,343.92,1.44
WI,CDX707A NAUTILUS [23-26],3G590,79,6,174,110.6,96.05,137.89,1.44
WA,P558N SUPER DUTY [17-22],3E561,42,7,235,118.6,93.39,134.85,1.44
TX,CDX707A NAUTILUS [23-26],94RH7,42,11,368,284.48,218.29,314.41,1.44
CA,U553N EXPEDITION [18-24],3N134,D8,8,163,313.2,291.3,419.34,1.44
NH,P558N SUPER DUTY [17-22],3254,D8,10,182,289.23,266.0,383.27,1.44
NV,CX430N C-SUV [21-27],14G371,04,8,619,54.24,43.06,61.82,1.44
OH,U540N MKX [16-23],TCARE,82,5,88,235.49,208.53,300.41,1.44
MA,P702N F150 [21-27],7210,42,24,460,430.5,357.09,512.86,1.44
PA,P558N SUPER DUTY [17-22],W705297,*,6,160,43.01,41.68,59.87,1.44
ID,P552N F-150 [15-20],6675,D8,8,461,578.13,440.06,632.87,1.44
CO,U553N EXPEDITION [18-24],14G647,42,10,126,152.52,133.46,192.16,1.44
UT,P558N SUPER DUTY [17-22],9H307,42,7,135,617.64,458.14,659.68,1.44
MD,P702N F150 [21-27],14B291,04,26,855,48.25,38.49,55.45,1.44
CA,U625N EXPLORER [20-27],14529,81,5,133,59.3,57.73,83.06,1.44
OH,U625N EXPLORER [20-27],7N169,07,10,147,1647.58,1342.08,1933.86,1.44
FL,U625N EXPLORER [20-27],2005,42,5,64,1458.78,1146.18,1653.16,1.44
CA,H567N MEDIUM TRUCK [16-27],9A543,42,7,100,9205.17,8172.27,11761.5,1.44
MA,B515A ECOSPORT INDIA [13-22],5G232,42,7,101,1113.28,858.05,1237.72,1.44
MO,P473N SUPER DUTY [11-16],5J225,42,50,909,524.43,429.53,619.96,1.44
NJ,CX483N CORSAIR [20-26],94RH7,42,12,737,239.14,191.19,274.51,1.44
CO,U625N EXPLORER [20-27],7P155,42,17,413,43.4,36.4,52.41,1.44
MI,P558N SUPER DUTY [17-22],3254,42,8,182,338.58,290.56,419.71,1.44
CO,U717N EXPEDITION [25-27],14F042,42,10,368,43.39,36.4,52.41,1.44
NC,CX430N C-SUV [21-27],48H6,*,5,111,267.11,205.37,294.92,1.44
NJ,C520N ESCAPE [13-19],6009,D8,45,1991,3984.02,3387.53,4876.65,1.44
UT,P558N SUPER DUTY [17-22],12A342,42,7,97,187.55,171.16,246.76,1.44
NM,P708 F250 - 600 [23-27],RECALEM,04,9,137,62.51,55.75,80.51,1.44
TX,C489N MKC [15-19],6009,D8,14,442,3876.25,3387.11,4886.62,1.44
NE,U502N EXPLORER [11-19],W709002,*,8,205,38.66,37.44,53.77,1.44
FL,U553N EXPEDITION [18-24],19850,42,7,143,1450.44,1256.94,1810.9,1.44
WY,P708 F250 - 600 [23-27],14B291,04,11,362,43.96,37.8,54.24,1.44
NY,CDX707A NAUTILUS [23-26],3G590,79,15,759,103.32,86.21,123.9,1.44
SD,P473N SUPER DUTY [11-16],5J225,42,17,362,531.35,423.07,609.18,1.44
GA,P473N SUPER DUTY [11-16],14A664,*,6,111,87.97,77.68,111.48,1.44
MI,P558N SUPER DUTY [17-22],3A131,33,5,75,333.51,278.29,400.65,1.44
CO,U625N EXPLORER [20-27],9B325,42,12,161,210.91,184.99,265.54,1.44
FL,U502N EXPLORER [11-19],5A972,*,6,185,153.52,136.96,196.92,1.44
AZ,CX727N MACH-E [21-26],14A411,28,16,756,271.92,224.41,322.35,1.44
VA,U222N EXPEDITION [02-17],19805,*,8,310,350.85,293.83,424.44,1.44
NC,B515A ECOSPORT INDIA [13-22],8592,42,8,129,362.12,342.08,491.26,1.44
MI,U222N EXPEDITION [02-17],19805,*,11,290,328.69,296.36,426.61,1.44
KY,P552N F-150 [15-20],14G371,04,8,136,41.72,36.16,51.9,1.44
OH,CD539N EDGE [15-24],TCARE,82,11,344,196.62,159.2,228.55,1.44
MD,U502N EXPLORER [11-19],65,42,11,176,53.53,45.15,64.96,1.44
MO,U625N EXPLORER [20-27],7N169,07,5,70,1676.27,1362.21,1966.41,1.44
MI,C520N ESCAPE [13-19],13N021,46,5,72,84.22,73.88,106.46,1.44
IN,U554N NAVIGATOR [18-24],6256,42,5,177,1583.96,1142.78,1643.68,1.44
MN,CX483N CORSAIR [20-26],9D289,42,5,101,340.98,262.56,379.37,1.44
PA,CD391N FUSION [13-20],7583,*,9,185,46.7,36.26,52.23,1.44
TN,CX430N C-SUV [21-27],4000,42,8,109,2094.26,1674.45,2411.11,1.44
MI,CX727N MACH-E [21-26],10C666,42,28,612,1537.98,1336.37,1920.31,1.44
KS,P702N F150 [21-27],19E525,16,5,66,51.99,38.93,55.89,1.44
VA,U625N EXPLORER [20-27],5E212,01,6,94,853.72,768.46,1109.65,1.44
WI,CDX707A NAUTILUS [23-26],18125,42,5,84,124.43,108.05,155.12,1.44
WY,P702N F150 [21-27],14B291,04,7,174,45.36,37.8,54.24,1.44
IL,C346N FOCUS [12-18],7B546,42,31,670,1527.43,1267.57,1824.48,1.44
TX,P558N SUPER DUTY [17-22],15604,42,7,82,449.62,351.61,505.89,1.44
AZ,CD539N EDGE [15-24],48H6,42,21,1309,258.89,201.81,291.02,1.44
CA,U554N NAVIGATOR [18-24],14B561,04,14,343,488.96,418.01,603.24,1.44
WI,CDX707A NAUTILUS [23-26],18B008,04,6,189,41.47,36.02,51.71,1.44
NE,P702N F150 [21-27],11A213,42,6,83,676.54,581.74,835.03,1.44
IN,P702N F150 [21-27],48H6,42,41,1080,273.73,237.04,341.97,1.44
TX,CX430N C-SUV [21-27],8A507,*,14,485,116.84,91.32,131.42,1.44
MO,P473N SUPER DUTY [11-16],14A664,*,6,122,77.42,66.42,95.91,1.44
WI,CDX707A NAUTILUS [23-26],2005,79,7,350,44.38,36.02,51.71,1.44
SD,U502N EXPLORER [11-19],14B686,X4,6,139,151.28,138.34,198.74,1.44
WY,P708 F250 - 600 [23-27],1621597,41,5,71,115.5,91.19,131.29,1.44
ND,P702N F150 [21-27],19703,42,5,130,48.77,42.44,60.95,1.44
LA,U502N EXPLORER [11-19],5A972,*,7,197,175.0,138.82,199.93,1.44
NM,U553N EXPEDITION [18-24],9G488,42,7,112,349.26,297.67,427.66,1.44
IL,P558N SUPER DUTY [17-22],17527,*,6,108,68.71,55.56,79.96,1.44
CO,P702N F150 [21-27],1654022,D4,9,146,534.49,465.77,664.01,1.43
TX,P702N F150 [21-27],1654022,D4,45,906,466.32,388.45,556.22,1.43
AL,U725N BRONCO [21-26],17504,42,10,654,40.61,37.85,54.11,1.43
IA,P552N F-150 [15-20],3N134,D8,10,152,207.14,177.13,252.52,1.43
AZ,P558N SUPER DUTY [17-22],9B246,42,8,113,7500.92,6612.57,9476.39,1.43
OR,CX482N ESCAPE [20-26],14F642,42,7,188,52.74,43.9,62.81,1.43
MN,P558N SUPER DUTY [17-22],8575,42,10,124,181.19,145.87,208.76,1.43
PA,P702N F150 [21-27],4234,*,7,152,983.47,801.37,1144.1,1.43
CA,P702N F150 [21-27],11A213,42,8,116,749.3,655.64,935.51,1.43
OH,P552N F-150 [15-20],7222,01,5,85,124.39,94.23,134.35,1.43
MI,U725N BRONCO [21-26],14B291,42,5,78,81.17,61.05,87.52,1.43
NJ,U611N AVIATOR [20-27],14G371,04,18,1633,92.22,79.95,114.19,1.43
IN,CD539N EDGE [15-24],9D289,42,10,204,288.4,241.57,345.64,1.43
ID,P552N F-150 [15-20],3N134,D8,6,109,225.62,203.83,290.79,1.43
MN,CX482N ESCAPE [20-26],8A507,*,12,304,108.41,97.53,139.76,1.43
NV,U502N EXPLORER [11-19],14B192,46,8,512,114.2,90.6,129.74,1.43
ME,P708 F250 - 600 [23-27],14B291,04,15,494,44.95,37.63,53.96,1.43
OH,P552N F-150 [15-20],9F472,42,5,58,244.61,181.3,258.47,1.43
MI,CDX707A NAUTILUS [23-26],3G590,79,15,1070,83.07,75.1,107.58,1.43
NJ,CX727N MACH-E [21-26],14G672,42,6,101,57.1,41.67,59.69,1.43
TN,P558N SUPER DUTY [17-22],6675,D8,13,242,1229.51,993.05,1419.16,1.43
AZ,CX727N MACH-E [21-26],18D890,04,5,74,49.67,41.72,59.86,1.43
CA,P702N F150 [21-27],MHT7000,42,10,155,8657.82,6741.96,9661.86,1.43
VA,CX727N MACH-E [21-26],H3,42,12,207,284.75,239.6,342.18,1.43
AR,P552N F-150 [15-20],9C888,42,7,125,398.15,377.9,539.7,1.43
TX,P702N F150 [21-27],7B177,42,6,105,3399.58,2799.59,4005.5,1.43
OR,U625N EXPLORER [20-27],14529,42,5,89,95.33,87.86,125.89,1.43
TX,U625N EXPLORER [20-27],48H6,63,5,122,269.11,217.11,310.98,1.43
FL,CD391N FUSION [13-20],TCARE,82,5,211,173.42,144.03,206.22,1.43
OH,CD391N FUSION [13-20],TCARE,82,10,291,183.07,143.26,205.48,1.43
NJ,U502N EXPLORER [11-19],8501,42,25,661,1310.35,1049.54,1498.23,1.43
NM,U553N EXPEDITION [18-24],5E212,42,5,58,822.04,728.87,1044.6,1.43
MA,CX727N MACH-E [21-26],H3,42,5,67,301.3,265.44,380.3,1.43
PA,P702N F150 [21-27],19E525,16,17,361,50.84,44.57,63.63,1.43
IN,CD391N FUSION [13-20],9D289,42,7,143,269.27,249.8,356.37,1.43
NJ,U625N EXPLORER [20-27],3A427,D1,6,155,249.67,235.88,338.04,1.43
SD,P702N F150 [21-27],17508,*,13,785,126.34,101.49,144.74,1.43
NE,CX430N C-SUV [21-27],8501,42,5,152,558.84,459.39,656.24,1.43
VA,U625N EXPLORER [20-27],3A427,D4,5,118,228.33,176.68,253.33,1.43
IA,C520N ESCAPE [13-19],7S004,*,5,164,52.25,38.23,54.81,1.43
AR,CDX707A NAUTILUS [23-26],14H522,04,5,186,306.18,267.64,383.12,1.43
MD,CX482N ESCAPE [20-26],48H6,42,10,163,299.25,249.21,356.84,1.43
CA,P702N F150 [21-27],48H6,63,14,750,300.28,239.28,341.57,1.43
ID,U502N EXPLORER [11-19],14B192,46,7,274,125.58,100.84,144.52,1.43
MN,P708 F250 - 600 [23-27],3B676,42,5,81,229.85,194.63,277.38,1.43
CO,P375N RANGER [19-23],18478,42,8,106,820.25,689.59,985.56,1.43
NJ,P702N F150 [21-27],3N134,D8,6,95,319.16,243.49,348.02,1.43
IL,U625N EXPLORER [20-27],9B325,42,23,425,248.82,209.11,299.84,1.43
AZ,C346N FOCUS [12-18],7B546,42,14,305,1132.38,976.36,1396.65,1.43
MD,U625N EXPLORER [20-27],12A650,04,19,854,44.53,36.68,52.58,1.43
LA,P702N F150 [21-27],14A626,42,10,172,146.13,118.68,169.4,1.43
KS,P558N SUPER DUTY [17-22],19G490,*,8,138,119.05,104.79,149.79,1.43
ME,P702N F150 [21-27],14B291,04,14,418,44.95,37.63,53.96,1.43
OR,P702N F150 [21-27],3C247,42,7,99,571.42,480.14,684.52,1.43
CA,V363N TRANSIT [14-27],9H307,42,6,89,615.27,562.29,805.3,1.43
GA,P702N F150 [21-27],3F791,42,9,119,327.07,261.93,375.23,1.43
NY,U611N AVIATOR [20-27],94RH7,42,10,328,299.1,263.08,375.04,1.43
IL,CX727N MACH-E [21-26],14A411,28,37,949,386.16,334.17,479.31,1.43
UT,CX482N ESCAPE [20-26],99RT4,42,6,88,226.54,176.75,253.13,1.43
TN,P702N F150 [21-27],11A213,42,7,101,808.92,671.38,962.05,1.43
KY,C346N FOCUS [12-18],7B546,42,6,106,1207.58,1028.09,1474.68,1.43
KS,P473N SUPER DUTY [11-16],5J225,42,19,335,530.12,412.16,587.7,1.43
CT,P702N F150 [21-27],48H6,42,14,286,287.89,233.67,334.33,1.43
FL,U625N EXPLORER [20-27],19703,42,8,130,972.03,851.09,1214.08,1.43
AZ,P702N F150 [21-27],14G647,42,15,372,814.87,711.53,1014.98,1.43
VA,CX482N ESCAPE [20-26],48H6,42,16,249,237.73,227.68,324.58,1.43
KS,CX482N ESCAPE [20-26],8A507,*,11,255,95.21,85.96,123.03,1.43
VA,U502N EXPLORER [11-19],8501,D8,6,100,1289.46,1092.33,1567.09,1.43
SC,V363N TRANSIT [14-27],7A195,04,8,141,39.73,38.22,54.6,1.43
IL,P552N F-150 [15-20],6675,D8,39,769,777.21,614.45,875.99,1.43
TX,U553N EXPEDITION [18-24],6675,D8,7,89,463.37,359.65,514.93,1.43
PA,P758N C-PICKUP [22-27],48H6,*,8,114,294.94,260.09,372.9,1.43
GA,P708 F250 - 600 [23-27],RECALEM,04,14,168,71.03,58.06,82.8,1.43
VA,C346N FOCUS [12-18],7Z369,42,8,113,559.94,496.92,708.19,1.43
AZ,V363N TRANSIT [14-27],8501,D8,6,191,494.8,415.24,595.6,1.43
PA,CD539N EDGE [15-24],1A189,42,5,67,139.29,112.54,160.83,1.43
ID,P558N SUPER DUTY [17-22],16720,39,7,136,282.81,224.69,320.38,1.43
IN,CDX707A NAUTILUS [23-26],3G590,79,5,118,101.39,76.61,109.55,1.43
OK,P702N F150 [21-27],94RH7,42,13,309,305.47,267.77,383.46,1.43
PA,P702N F150 [21-27],19703,42,7,104,43.65,37.31,53.43,1.43
IL,CX727N MACH-E [21-26],74500A18,14,11,184,38.54,36.25,51.88,1.43
VA,H567N MEDIUM TRUCK [16-27],12A650,04,6,80,44.61,38.25,54.72,1.43
NC,CDX707A NAUTILUS [23-26],18125,42,6,184,124.4,112.32,160.91,1.43
LA,P558N SUPER DUTY [17-22],19703,42,8,121,767.03,652.11,933.91,1.43
SC,P758N C-PICKUP [22-27],14G371,04,5,85,52.97,50.96,72.8,1.43
WY,P702N F150 [21-27],4676,D8,7,146,160.96,131.61,187.65,1.43
OH,CX727N MACH-E [21-26],10C666,42,12,184,1584.96,1398.59,1993.77,1.43
OH,CD539N EDGE [15-24],4000,42,11,162,1394.84,1147.68,1641.34,1.43
MD,U625N EXPLORER [20-27],4B409,42,10,144,119.04,98.66,140.61,1.43
DE,P558N SUPER DUTY [17-22],6731,82,5,224,61.66,56.2,80.56,1.43
WI,P708 F250 - 600 [23-27],65,42,6,90,309.15,256.67,367.34,1.43
GA,CX482N ESCAPE [20-26],6K682,42,7,100,1238.47,1114.81,1593.79,1.43
CA,S650N MUSTANG [24-26],RAV,82,6,94,147.21,130.24,185.68,1.43
MD,CX727N MACH-E [21-26],18C612,04,18,690,39.52,36.12,51.71,1.43
WI,P558N SUPER DUTY [17-22],W702554,*,5,98,54.83,38.64,55.1,1.43
NC,CDX707A NAUTILUS [23-26],18B008,04,7,300,42.81,37.44,53.63,1.43
ND,P702N F150 [21-27],7210,42,8,178,440.85,352.84,503.83,1.43
NV,P552N F-150 [15-20],6584,D8,5,63,591.29,490.02,700.72,1.43
NC,P702N F150 [21-27],19H332,42,5,56,195.33,177.85,254.58,1.43
IN,U625N EXPLORER [20-27],5E212,42,6,87,889.21,862.11,1232.1,1.43
KY,CX727N MACH-E [21-26],10B689,04,8,128,65.47,59.89,85.2,1.42
VA,P702N F150 [21-27],5E212,42,6,85,1310.47,1200.39,1704.34,1.42
CO,P552N F-150 [15-20],9F472,42,6,71,233.92,207.02,294.27,1.42
MA,U625N EXPLORER [20-27],2C219,04,5,67,52.54,45.32,64.35,1.42
IN,U611N AVIATOR [20-27],9B325,42,5,105,166.31,158.75,225.46,1.42
NJ,U553N EXPEDITION [18-24],48H6,42,6,80,225.35,184.24,261.6,1.42
UT,P702N F150 [21-27],9H307,42,6,146,406.44,380.12,539.94,1.42
OH,CD539N EDGE [15-24],6009,D8,18,238,4314.96,3606.53,5130.75,1.42
NJ,P702N F150 [21-27],19703,42,10,151,50.56,42.96,60.85,1.42
MI,CX430N C-SUV [21-27],8A507,*,11,558,106.31,87.03,123.46,1.42
WI,U625N EXPLORER [20-27],SHUTTLE,82,11,254,539.56,488.17,693.72,1.42
MI,CD391N FUSION [13-20],9F472,42,5,59,246.74,213.72,303.49,1.42
IL,CX483N CORSAIR [20-26],6731,82,6,121,90.05,88.45,125.85,1.42
WI,CX483N CORSAIR [20-26],18125,42,5,136,275.96,258.64,366.54,1.42
GA,U553N EXPEDITION [18-24],48H6,42,12,231,297.91,249.03,352.57,1.42
VA,CX727N MACH-E [21-26],14A411,28,25,782,268.1,229.92,327.39,1.42
AZ,CX482N ESCAPE [20-26],14529,91,26,1221,41.44,35.9,50.98,1.42
MI,U502N EXPLORER [11-19],14D696,42,12,140,254.93,230.19,326.88,1.42
PA,U611N AVIATOR [20-27],12A650,42,7,119,53.75,46.68,66.06,1.42
MO,P708 F250 - 600 [23-27],17032,16,6,245,49.63,41.84,59.36,1.42
PA,C520N ESCAPE [13-19],8501,D8,7,105,834.22,656.78,933.51,1.42
VT,P702N F150 [21-27],14B291,04,6,246,45.34,36.43,51.76,1.42
CO,CD391N FUSION [13-20],6375,01,7,102,2156.5,1772.95,2518.98,1.42
ME,P702N F150 [21-27],1621597,41,5,81,110.17,81.92,116.65,1.42
ND,P552N F-150 [15-20],3N134,D8,5,132,206.98,197.14,279.39,1.42
OR,CX482N ESCAPE [20-26],9D289,42,5,76,253.22,212.2,300.28,1.42
NC,U611N AVIATOR [20-27],15604,X9,6,135,43.79,37.85,53.63,1.42
UT,P558N SUPER DUTY [17-22],6K682,42,7,130,2723.29,2331.7,3319.35,1.42
SC,CX430N C-SUV [21-27],4022,07,9,141,201.03,161.9,229.2,1.42
MO,P702N F150 [21-27],12A650,04,13,298,46.6,40.05,56.74,1.42
VA,U553N EXPEDITION [18-24],19860,42,5,65,820.15,742.79,1054.88,1.42
WA,P558N SUPER DUTY [17-22],1A189,42,5,76,162.5,134.65,191.19,1.42
IA,P473N SUPER DUTY [11-16],5J225,42,24,386,535.31,459.21,654.13,1.42
CO,CD539N EDGE [15-24],14G371,04,5,64,63.83,52.1,74.0,1.42
NE,P702N F150 [21-27],19E525,16,5,92,55.2,51.52,73.39,1.42
NY,CX482N ESCAPE [20-26],7P155,42,7,103,203.85,183.59,260.12,1.42
CA,CX430N C-SUV [21-27],7861203,28,9,270,134.72,109.35,154.97,1.42
KS,P558N SUPER DUTY [17-22],RECALEM,04,6,92,57.27,53.56,76.13,1.42
OH,U625N EXPLORER [20-27],48H6,42,11,140,292.75,234.04,331.56,1.42
MS,P552N F-150 [15-20],9C888,42,9,190,432.08,371.81,527.14,1.42
ID,U553N EXPEDITION [18-24],5E212,42,5,172,997.2,811.09,1148.02,1.42
TX,U725N BRONCO [21-26],18808,42,5,72,317.6,294.82,419.22,1.42
WI,CX482N ESCAPE [20-26],9F479,04,12,226,41.39,36.97,52.58,1.42
IL,P558N SUPER DUTY [17-22],5H270,42,7,133,5073.96,3990.53,5676.01,1.42
MA,CX482N ESCAPE [20-26],9F479,04,11,174,41.11,36.04,51.1,1.42
MI,U725N BRONCO [21-26],6731,82,6,87,53.27,47.64,67.77,1.42
NC,U611N AVIATOR [20-27],12A650,04,7,207,44.26,37.85,53.63,1.42
MO,CD539N EDGE [15-24],7K340,*,5,131,48.2,39.05,55.49,1.42
NC,U625N EXPLORER [20-27],7P155,42,25,654,40.98,35.88,50.92,1.42
HI,P702N F150 [21-27],10C679,42,7,348,65.59,53.02,75.52,1.42
NC,U625N EXPLORER [20-27],7N169,07,12,167,1613.48,1347.19,1914.91,1.42
OK,U625N EXPLORER [20-27],14529,91,34,1707,40.78,35.77,50.85,1.42
PA,V363N TRANSIT [14-27],75W85,*,9,217,66.87,58.84,83.55,1.42
CO,P702N F150 [21-27],19860,42,18,628,41.59,35.97,50.93,1.42
NC,U502N EXPLORER [11-19],5A972,*,12,445,154.09,135.36,192.46,1.42
TX,CD539N EDGE [15-24],6731,82,11,206,52.16,41.78,59.46,1.42
TX,P702N F150 [21-27],78045G34,42,13,185,49.17,40.47,57.42,1.42
MN,CX727N MACH-E [21-26],18C612,04,7,160,52.87,43.36,61.76,1.42
TN,U222N EXPEDITION [02-17],19805,*,7,142,300.86,255.2,362.9,1.42
VT,P552N F-150 [15-20],4676,D8,5,121,160.6,145.31,206.52,1.42
MT,P708 F250 - 600 [23-27],1621597,41,5,128,169.15,138.33,195.78,1.42
IL,C489N MKC [15-19],10C679,*,5,74,116.86,87.69,124.68,1.42
AZ,P558N SUPER DUTY [17-22],6675,D8,18,942,1315.4,1075.53,1532.11,1.42
OH,V363N TRANSIT [14-27],14G371,04,24,489,44.01,38.8,54.97,1.42
MD,CD539N EDGE [15-24],SHUTTLE,82,5,132,660.89,488.17,693.72,1.42
CT,C520N ESCAPE [13-19],6009,D8,18,347,3823.75,3185.8,4535.07,1.42
IL,P702N F150 [21-27],94RH7,42,27,446,324.45,270.03,383.86,1.42
VA,U553N EXPEDITION [18-24],5E212,42,16,311,890.24,711.62,1011.42,1.42
SD,P702N F150 [21-27],7210,42,6,160,361.87,328.17,466.12,1.42
TX,U554N NAVIGATOR [18-24],8501,42,6,130,407.1,323.06,457.6,1.42
AZ,U625N EXPLORER [20-27],14529,91,25,1488,41.54,35.9,50.98,1.42
GA,CX430N C-SUV [21-27],4000,42,9,151,1665.2,1578.0,2245.86,1.42
TX,U725N BRONCO [21-26],12A650,04,34,588,40.3,35.96,51.17,1.42
PA,CX727N MACH-E [21-26],10C666,42,23,331,1614.34,1284.72,1818.36,1.42
TX,V408E TRANSIT CONNECT [13-24],7000,42,11,127,4641.8,4118.53,5863.89,1.42
IL,P552N F-150 [15-20],78218A43,69,9,109,261.62,246.55,349.17,1.42
WI,P552N F-150 [15-20],7222,42,6,100,112.17,89.51,127.42,1.42
WA,CX727N MACH-E [21-26],14A411,28,22,819,308.78,250.57,354.74,1.42
IN,CX482N ESCAPE [20-26],14F642,42,9,232,41.28,36.48,51.74,1.42
AZ,P375N RANGER [19-23],48H6,42,17,699,260.52,202.18,286.17,1.42
GA,S550N MUSTANG [15-23],9G297,42,7,98,172.87,140.18,199.12,1.42
MO,CX482N ESCAPE [20-26],14F642,42,19,469,45.51,36.68,52.17,1.42
IL,P702N F150 [21-27],7210,42,37,672,441.89,377.26,536.62,1.42
PA,CX727N MACH-E [21-26],18C612,04,29,556,40.93,35.86,50.82,1.42
KY,P702N F150 [21-27],17508,*,9,257,110.84,98.33,139.57,1.42
GA,CX482N ESCAPE [20-26],48H6,42,9,137,301.07,237.87,337.79,1.42
IL,U625N EXPLORER [20-27],7A195,42,8,136,1390.07,1088.39,1545.18,1.42
WA,P552N F-150 [15-20],1651070,01,5,84,458.97,375.21,533.92,1.42
IL,U611N AVIATOR [20-27],12A650,42,7,182,98.98,81.96,116.09,1.42
VA,P702N F150 [21-27],1523200,82,28,745,45.42,36.11,51.1,1.42
NC,C520N ESCAPE [13-19],9D289,42,6,85,272.28,250.11,355.03,1.42
MO,V363N TRANSIT [14-27],14G371,04,10,310,47.63,41.74,59.34,1.42
NC,U717N EXPEDITION [25-27],14F042,42,17,353,43.99,35.88,50.92,1.42
WY,CD391N FUSION [13-20],6731,82,5,113,48.66,39.84,56.71,1.42
NY,P552N F-150 [15-20],7222,33,11,199,101.34,85.07,119.96,1.41
CO,P702N F150 [21-27],14A626,04,23,863,43.39,36.4,51.39,1.41
FL,V408E TRANSIT CONNECT [13-24],9F479,42,5,71,165.04,137.24,193.03,1.41
WA,U625N EXPLORER [20-27],14529,91,37,1642,48.4,38.98,55.14,1.41
TX,U611N AVIATOR [20-27],14D696,42,5,88,251.24,215.37,304.19,1.41
NM,P558N SUPER DUTY [17-22],RECALEM,04,9,194,60.21,52.06,73.23,1.41
IL,C520N ESCAPE [13-19],8501,42,8,131,1141.96,912.59,1285.12,1.41
AZ,U625N EXPLORER [20-27],48H6,42,21,1660,269.51,223.46,314.64,1.41
NC,C520N ESCAPE [13-19],7K340,*,5,623,48.6,45.43,64.05,1.41
AZ,V363N TRANSIT [14-27],9U433,42,5,132,1109.47,944.26,1328.25,1.41
AZ,V363N TRANSIT [14-27],11002,42,7,315,321.54,267.21,378.0,1.41
MD,CX727N MACH-E [21-26],14G647,04,6,145,395.19,387.4,544.69,1.41
TX,CDX707A NAUTILUS [23-26],9F593,42,18,650,688.63,572.52,806.99,1.41
OH,P552N F-150 [15-20],8501,42,11,166,395.5,331.99,468.78,1.41
CT,U502N EXPLORER [11-19],14B686,X4,16,306,160.5,141.79,199.6,1.41
VT,P702N F150 [21-27],48H6,42,7,234,280.17,208.17,293.33,1.41
FL,P552N F-150 [15-20],14529,42,5,69,147.89,109.73,154.77,1.41
IL,U611N AVIATOR [20-27],3D102,42,6,220,1645.61,1490.91,2100.6,1.41
MN,U725N BRONCO [21-26],17504,42,13,614,40.65,36.42,51.48,1.41
NV,CX430N C-SUV [21-27],8501,D8,8,839,667.22,538.99,761.16,1.41
SC,CDX707A NAUTILUS [23-26],3G590,79,5,194,105.94,86.36,121.61,1.41
TX,CD533N MKZ [13-20],6009,D8,7,146,3697.17,3416.91,4829.71,1.41
WI,U625N EXPLORER [20-27],6731,82,6,90,54.03,50.57,71.33,1.41
NJ,P552N F-150 [15-20],8501,42,8,104,445.07,384.61,543.28,1.41
SC,U222N EXPEDITION [02-17],19805,*,7,143,307.51,268.06,377.13,1.41
MO,C520N ESCAPE [13-19],RENTAL,82,10,186,285.48,228.38,321.17,1.41
NM,P702N F150 [21-27],RECAL,04,8,201,98.77,87.76,123.49,1.41
LA,U553N EXPEDITION [18-24],7A100,49,9,205,70.21,60.19,84.94,1.41
LA,P708 F250 - 600 [23-27],RECALEM,04,9,153,70.69,54.88,77.4,1.41
ND,P702N F150 [21-27],19E525,16,5,128,57.71,49.42,69.87,1.41
NC,C520N ESCAPE [13-19],2C190,42,5,72,134.41,126.97,179.25,1.41
NC,CX430N C-SUV [21-27],9D289,42,12,172,324.01,265.29,374.56,1.41
WA,P702N F150 [21-27],94RH7,42,16,322,334.0,284.0,400.46,1.41
MN,CD539N EDGE [15-24],6009,D8,8,137,4871.23,4255.71,5993.12,1.41
MN,CD539N EDGE [15-24],RECAL,04,6,147,97.55,84.25,118.96,1.41
SC,CD539N EDGE [15-24],9D289,42,7,107,356.77,303.44,426.67,1.41
NM,P558N SUPER DUTY [17-22],3E651,42,19,921,98.28,82.52,116.75,1.41
NM,P708 F250 - 600 [23-27],1621597,41,7,279,117.83,90.57,127.47,1.41
OH,CX483N CORSAIR [20-26],18125,42,6,127,264.27,253.24,355.95,1.41
TX,P375N RANGER [19-23],5E212,42,6,94,765.22,730.2,1029.96,1.41
CT,P552N F-150 [15-20],6675,D8,12,175,550.56,484.65,684.17,1.41
AZ,U611N AVIATOR [20-27],14G371,04,8,1130,93.07,71.37,100.66,1.41
VT,P702N F150 [21-27],94RH7,42,5,102,274.9,226.08,317.95,1.41
TX,CX483N CORSAIR [20-26],54519A02,42,9,156,707.55,583.95,825.84,1.41
CA,U625N EXPLORER [20-27],7A130,42,5,79,4445.49,3638.38,5144.56,1.41
IL,P558N SUPER DUTY [17-22],7H351,42,7,115,4330.79,3692.23,5216.81,1.41
CA,P558N SUPER DUTY [17-22],9A543,49,7,130,8381.79,7485.86,10586.55,1.41
TN,U554N NAVIGATOR [18-24],49H8,42,7,260,357.41,289.97,410.23,1.41
MI,CX483N CORSAIR [20-26],9D289,42,12,592,269.18,222.19,313.73,1.41
NY,P558N SUPER DUTY [17-22],17683,42,10,128,1177.68,942.23,1329.21,1.41
WA,U554N NAVIGATOR [18-24],DELIVERY,82,5,639,103.49,90.64,127.75,1.41
NC,CX482N ESCAPE [20-26],9F479,04,11,226,45.39,36.83,51.97,1.41
MA,P558N SUPER DUTY [17-22],12286,42,5,111,175.91,143.03,202.05,1.41
TX,CX727N MACH-E [21-26],12B637,B4,18,295,39.41,36.21,51.17,1.41
NH,C346N FOCUS [12-18],9D289,42,7,113,110.34,88.79,125.18,1.41
IA,C346N FOCUS [12-18],7B546,42,5,70,1128.49,978.39,1383.42,1.41
NY,P702N F150 [21-27],78045G34,42,9,117,48.22,37.58,52.92,1.41
PA,P702N F150 [21-27],11A213,42,9,116,645.23,596.71,842.19,1.41
LA,U625N EXPLORER [20-27],2C219,04,7,105,41.82,36.58,51.6,1.41
TX,CX430N C-SUV [21-27],48H6,63,8,255,253.84,217.54,307.04,1.41
NC,CX482N ESCAPE [20-26],8A507,*,7,226,119.82,94.94,134.0,1.41
ND,U625N EXPLORER [20-27],14529,91,8,356,41.86,39.01,55.18,1.41
LA,P552N F-150 [15-20],8501,42,12,214,361.06,314.64,442.23,1.41
IL,P702N F150 [21-27],1621597,41,20,327,177.5,144.18,202.84,1.41
VA,P552N F-150 [15-20],3N134,D8,6,206,260.91,231.25,326.12,1.41
ME,CX482N ESCAPE [20-26],NPF,82,5,135,55.24,44.24,62.45,1.41
CA,CX430N C-SUV [21-27],6K682,42,5,58,2166.99,1862.46,2620.52,1.41
CO,P558N SUPER DUTY [17-22],14B321,X9,25,1935,42.18,36.4,51.39,1.41
IL,CX482N ESCAPE [20-26],14F642,42,37,999,70.66,60.92,85.64,1.41
IA,CD391N FUSION [13-20],2078,*,8,234,162.5,130.71,184.96,1.41
NC,CX430N C-SUV [21-27],4022,07,6,81,197.9,178.23,251.91,1.41
MI,U502N EXPLORER [11-19],W709002,*,18,909,45.6,38.0,53.62,1.41
NJ,P552N F-150 [15-20],6675,D8,22,401,592.11,503.6,711.7,1.41
HI,CX430N C-SUV [21-27],4022,07,5,106,220.04,166.55,234.1,1.41
TX,U502N EXPLORER [11-19],8501,D1,7,157,1173.34,1058.36,1487.37,1.41
AZ,CX727N MACH-E [21-26],19H405,42,5,88,2176.26,1730.57,2445.76,1.41
TX,U553N EXPEDITION [18-24],9F472,42,5,76,267.61,220.91,311.27,1.41
ND,CX482N ESCAPE [20-26],14529,91,6,265,42.89,39.01,55.18,1.41
OR,P558N SUPER DUTY [17-22],5L248,42,5,86,246.74,241.34,340.86,1.41
OK,CX430N C-SUV [21-27],14G371,04,26,794,46.3,38.03,53.46,1.41
MO,U625N EXPLORER [20-27],48H6,42,8,146,285.79,219.98,310.98,1.41
MO,CX727N MACH-E [21-26],14A411,28,11,176,255.99,222.68,313.46,1.41
NC,P552N F-150 [15-20],78218A43,69,5,60,212.8,169.4,238.18,1.41
WA,P702N F150 [21-27],1621597,41,17,463,144.0,127.0,177.4,1.4
NC,P375N RANGER [19-23],48H6,42,8,150,253.31,224.79,315.82,1.4
MI,CD391N FUSION [13-20],TCARE,82,43,3222,209.68,162.09,226.76,1.4
MI,CD533N MKZ [13-20],9D289,42,6,199,344.37,339.01,473.3,1.4
FL,V363N TRANSIT [14-27],6731,82,8,403,52.69,45.38,63.54,1.4
NC,CDX707A NAUTILUS [23-26],1125,42,5,82,482.95,358.89,502.15,1.4
FL,V363N TRANSIT [14-27],14G672,04,13,304,41.97,37.47,52.62,1.4
MD,P758N C-PICKUP [22-27],H4,42,5,75,406.25,326.57,458.35,1.4
NE,U553N EXPEDITION [18-24],6256,42,18,408,1370.07,1126.83,1578.76,1.4
TX,P708 F250 - 600 [23-27],7869,D8,5,61,540.48,439.81,615.25,1.4
TX,U554N NAVIGATOR [18-24],8501,D8,6,223,393.02,318.77,445.98,1.4
UT,CX430N C-SUV [21-27],48H6,42,6,113,258.37,214.73,299.6,1.4
FL,V363N TRANSIT [14-27],4209,42,6,117,1678.66,1573.59,2209.36,1.4
IN,C520N ESCAPE [13-19],7S004,*,5,400,57.8,43.29,60.4,1.4
AZ,CX727N MACH-E [21-26],10B689,04,19,1259,80.93,69.44,97.42,1.4
FL,P558N SUPER DUTY [17-22],19860,42,8,134,1116.56,973.61,1359.78,1.4
MI,P702N F150 [21-27],14A626,04,11,279,40.04,37.1,51.83,1.4
PA,U554N NAVIGATOR [18-24],3N134,D8,5,132,226.22,172.17,241.1,1.4
GA,CD391N FUSION [13-20],6009,D8,15,220,3782.17,3211.71,4487.42,1.4
CA,U502N EXPLORER [11-19],3B436,42,7,124,648.97,535.06,748.44,1.4
SC,U625N EXPLORER [20-27],9B325,42,5,58,195.92,179.55,251.42,1.4
OH,B515A ECOSPORT INDIA [13-22],8575,42,8,117,438.62,410.28,576.01,1.4
MD,U502N EXPLORER [11-19],16612,D7,7,122,1250.89,1025.53,1436.38,1.4
KS,P758N C-PICKUP [22-27],14290,X4,7,160,627.59,560.93,785.53,1.4
NY,P702N F150 [21-27],SERVICE,82,7,277,35.68,35.68,50.07,1.4
IL,P552N F-150 [15-20],2140,*,5,80,209.74,185.28,259.64,1.4
NM,CX430N C-SUV [21-27],14G371,04,11,541,41.67,37.17,51.96,1.4
TX,P702N F150 [21-27],1A189,42,9,118,124.67,96.06,134.95,1.4
AZ,P558N SUPER DUTY [17-22],14G371,04,12,201,46.25,39.68,55.67,1.4
TX,U502N EXPLORER [11-19],RENTAL,82,6,111,321.17,256.93,359.97,1.4
MI,B515A ECOSPORT INDIA [13-22],6006,42,15,195,4108.56,3577.79,4996.49,1.4
CA,U611N AVIATOR [20-27],49H8,42,11,255,387.15,339.27,476.02,1.4
WI,CX430N C-SUV [21-27],2001,*,5,65,151.05,122.9,171.68,1.4
CA,U554N NAVIGATOR [18-24],49H8,63,6,109,328.59,278.54,389.19,1.4
PA,CDX707A NAUTILUS [23-26],H4,42,7,132,357.26,300.75,420.28,1.4
MO,U625N EXPLORER [20-27],3A427,D8,9,188,243.33,218.12,304.41,1.4
UT,P552N F-150 [15-20],6M280,42,6,136,335.92,295.43,413.56,1.4
HI,CX430N C-SUV [21-27],48H6,42,6,217,318.79,270.4,379.85,1.4
CA,U625N EXPLORER [20-27],5E213,42,10,121,998.51,885.57,1243.39,1.4
WI,P702N F150 [21-27],94RH7,42,22,329,315.2,256.03,358.53,1.4
AL,P558N SUPER DUTY [17-22],6K682,42,5,73,2512.98,2122.04,2971.47,1.4
UT,CX482N ESCAPE [20-26],14529,91,16,770,41.42,36.84,51.56,1.4
FL,CX482N ESCAPE [20-26],18125,D8,6,109,371.47,320.48,448.57,1.4
ME,P552N F-150 [15-20],6675,D8,9,130,515.43,472.14,661.7,1.4
ID,P708 F250 - 600 [23-27],4676,D8,5,76,228.73,198.88,278.43,1.4
TN,P558N SUPER DUTY [17-22],6006,42,5,81,8508.93,6817.27,9542.85,1.4
MD,CX727N MACH-E [21-26],RECAL,04,14,388,120.05,109.85,153.93,1.4
TN,CD539N EDGE [15-24],6731,82,6,165,62.63,49.47,69.06,1.4
TX,P702N F150 [21-27],17V528,42,6,118,56.44,52.61,73.87,1.4
CO,P702N F150 [21-27],5E212,42,6,76,1534.85,1201.04,1679.57,1.4
TX,U625N EXPLORER [20-27],ROADASST,82,5,56,93.49,71.37,99.92,1.4
WI,U625N EXPLORER [20-27],4B409,42,5,52,154.57,119.79,167.94,1.4
ME,U625N EXPLORER [20-27],12A650,04,6,141,40.03,35.71,49.96,1.4
ID,U625N EXPLORER [20-27],7P238,42,5,97,525.38,385.33,538.78,1.4
NV,CX482N ESCAPE [20-26],14529,91,7,534,47.6,37.58,52.69,1.4
OH,P702N F150 [21-27],94RH7,42,33,567,298.06,257.64,359.97,1.4
TX,P552N F-150 [15-20],3F791,42,6,79,338.6,325.91,457.55,1.4
FL,CD391N FUSION [13-20],2078,01,7,102,262.09,217.66,304.51,1.4
WI,CX482N ESCAPE [20-26],9D289,42,6,74,258.88,227.46,319.37,1.4
TX,U540N MKX [16-23],9F464,01,10,223,541.77,454.83,637.31,1.4
FL,P558N SUPER DUTY [17-22],11002,42,5,62,526.38,426.21,598.14,1.4
WI,P702N F150 [21-27],19703,42,8,110,58.81,48.02,67.01,1.4
KS,P702N F150 [21-27],1621597,41,7,204,122.76,100.65,141.1,1.4
OH,U502N EXPLORER [11-19],8501,D8,12,170,1102.15,1012.37,1415.46,1.4
PA,P758N C-PICKUP [22-27],3B436,42,15,208,632.05,529.74,742.24,1.4
ID,C520N ESCAPE [13-19],6009,D8,6,209,4257.95,3268.46,4590.36,1.4
CA,P708 F250 - 600 [23-27],7869,D8,7,104,532.01,470.67,657.46,1.4
WA,CX727N MACH-E [21-26],RECAL,04,14,338,137.51,112.26,156.85,1.4
FL,P558N SUPER DUTY [17-22],5E145,42,7,81,509.6,447.0,623.83,1.4
PA,CDX707A NAUTILUS [23-26],18125,42,8,207,98.73,77.73,108.73,1.4
WI,U625N EXPLORER [20-27],7N169,07,11,149,1986.98,1577.78,2213.53,1.4
IA,P702N F150 [21-27],7222,01,6,90,129.62,103.97,145.49,1.4
NV,P702N F150 [21-27],10D672,42,7,459,72.16,58.1,81.36,1.4
GA,CX430N C-SUV [21-27],9D289,42,17,232,286.02,224.96,314.47,1.4
AZ,U625N EXPLORER [20-27],12A650,04,14,487,41.75,35.68,49.96,1.4
MI,P558N SUPER DUTY [17-22],19G490,*,14,465,132.83,109.47,152.95,1.4
CA,P702N F150 [21-27],1521597,42,5,69,319.57,314.0,440.37,1.4
KS,P708 F250 - 600 [23-27],1621597,41,8,158,108.7,100.66,141.1,1.4
IL,U625N EXPLORER [20-27],8501,42,6,111,649.99,481.54,673.45,1.4
TN,U625N EXPLORER [20-27],SHUTTLE,82,5,77,668.02,495.31,693.72,1.4
TN,P552N F-150 [15-20],1A189,42,5,61,103.97,89.59,125.83,1.4
NC,U625N EXPLORER [20-27],48H6,42,14,211,294.92,242.72,340.12,1.4
CA,U502N EXPLORER [11-19],5G232,82,5,94,1412.8,1063.98,1488.07,1.4
MI,CX482N ESCAPE [20-26],1125,14,10,252,240.73,225.04,311.89,1.39
IL,CD539N EDGE [15-24],6009,D8,13,172,4601.87,3753.22,5201.64,1.39
AR,CX430N C-SUV [21-27],48H6,42,9,185,277.94,213.12,297.26,1.39
AZ,CX727N MACH-E [21-26],RECAL,04,13,371,124.18,104.39,145.6,1.39
OK,U502N EXPLORER [11-19],5A972,*,5,92,162.32,145.7,201.98,1.39
OH,CDX707A NAUTILUS [23-26],3G590,79,10,404,88.69,74.86,103.79,1.39
KS,C346N FOCUS [12-18],7B546,42,6,125,1273.03,1071.97,1495.07,1.39
PA,C489N MKC [15-19],9D289,42,10,239,258.1,224.27,311.22,1.39
WA,CX727N MACH-E [21-26],18C612,04,19,544,48.03,39.38,54.81,1.39
OH,P702N F150 [21-27],10B689,04,5,69,71.57,53.71,74.62,1.39
ND,CX430N C-SUV [21-27],8501,D8,5,113,857.1,682.83,950.32,1.39
CA,P552N F-150 [15-20],RECAL,42,60,3344,38.75,35.84,49.68,1.39
FL,CX482N ESCAPE [20-26],7861203,28,8,110,138.21,123.55,171.49,1.39
NY,U540N MKX [16-23],4000,42,10,200,1611.87,1323.11,1838.34,1.39
CO,P552N F-150 [15-20],8501,42,8,152,470.88,428.0,596.28,1.39
CO,CX482N ESCAPE [20-26],14F642,42,8,170,55.28,46.4,64.62,1.39
NC,U725N BRONCO [21-26],12A650,04,11,175,43.99,36.74,50.92,1.39
IN,C520N ESCAPE [13-19],7K340,*,6,804,46.03,43.46,60.4,1.39
VA,P702N F150 [21-27],12A650,04,10,217,44.18,35.73,49.74,1.39
UT,U625N EXPLORER [20-27],14529,91,21,1347,40.35,37.01,51.56,1.39
OK,C346N FOCUS [12-18],9D289,42,14,280,105.06,91.12,126.21,1.39
GA,P552N F-150 [15-20],19G490,*,7,112,97.69,93.59,129.89,1.39
NJ,P558N SUPER DUTY [17-22],5H270,42,6,148,4683.41,4005.28,5572.81,1.39
OH,P758N C-PICKUP [22-27],14290,X4,10,138,617.02,498.09,692.93,1.39
PA,U625N EXPLORER [20-27],7N169,07,6,79,1724.94,1474.03,2045.24,1.39
OH,CX430N C-SUV [21-27],48H6,42,11,144,281.46,249.74,346.23,1.39
MO,U625N EXPLORER [20-27],5E212,42,6,83,971.58,811.1,1126.55,1.39
TX,CD539N EDGE [15-24],2078,*,5,168,128.77,108.63,151.46,1.39
CA,CX430N C-SUV [21-27],14D212,42,5,106,113.22,101.63,141.6,1.39
VA,P702N F150 [21-27],10C679,42,29,914,58.92,45.53,63.33,1.39
MD,P552N F-150 [15-20],9C888,42,17,258,456.02,393.01,544.93,1.39
CA,U625N EXPLORER [20-27],3A427,30,5,133,292.34,275.43,382.37,1.39
FL,P558N SUPER DUTY [17-22],4676,D8,12,188,261.09,227.28,315.26,1.39
MI,U625N EXPLORER [20-27],7A100,04,5,92,131.32,114.54,158.87,1.39
IA,P552N F-150 [15-20],14G371,04,12,204,42.09,36.25,50.53,1.39
FL,CX727N MACH-E [21-26],14G650,04,7,86,49.25,40.54,56.53,1.39
ME,CX430N C-SUV [21-27],8501,42,5,118,465.08,399.85,555.18,1.39
IL,P552N F-150 [15-20],3N134,D8,13,216,328.87,266.41,369.52,1.39
VA,U553N EXPEDITION [18-24],78045G34,42,10,148,46.12,36.52,50.84,1.39
ME,CX727N MACH-E [21-26],14A411,28,6,84,216.89,192.67,268.69,1.39
CA,H567N MEDIUM TRUCK [16-27],5H221,42,6,81,1729.51,1609.1,2229.76,1.39
OH,CD391N FUSION [13-20],14G371,04,5,62,45.11,38.8,53.87,1.39
GA,CX482N ESCAPE [20-26],99RT4,42,8,121,235.99,199.08,276.59,1.39
MA,CD539N EDGE [15-24],6009,D8,5,61,4433.63,4188.91,5803.24,1.39
LA,U540N MKX [16-23],7902,42,5,96,1676.56,1363.75,1891.86,1.39
FL,U625N EXPLORER [20-27],17664,42,5,72,190.08,168.83,233.99,1.39
CA,P552N F-150 [15-20],17V528,30,7,99,64.57,51.34,71.16,1.39
WV,U625N EXPLORER [20-27],14G371,04,7,168,37.55,35.69,49.59,1.39
FL,CX430N C-SUV [21-27],4C210,42,8,110,818.95,722.86,1006.67,1.39
AZ,U625N EXPLORER [20-27],4B409,42,6,91,123.27,109.04,151.05,1.39
GA,CX483N CORSAIR [20-26],9D289,42,7,174,264.74,218.51,303.4,1.39
VA,P552N F-150 [15-20],14G371,04,25,466,47.74,37.95,52.59,1.39
MN,P552N F-150 [15-20],6020,D8,8,169,1867.03,1613.13,2236.93,1.39
CA,U554N NAVIGATOR [18-24],18472,42,5,111,434.07,334.63,464.5,1.39
HI,CX430N C-SUV [21-27],8501,D8,6,109,669.14,545.09,756.02,1.39
NH,P558N SUPER DUTY [17-22],6675,D8,7,122,1340.76,1172.74,1632.01,1.39
MO,P552N F-150 [15-20],5E212,42,11,169,1082.6,940.71,1310.28,1.39
FL,P702N F150 [21-27],6020,D8,5,308,1948.03,1753.64,2432.08,1.39
MI,U725N BRONCO [21-26],17504,42,15,896,37.9,35.83,49.84,1.39
IN,P702N F150 [21-27],19E525,16,9,122,47.68,41.56,57.96,1.39
IL,U611N AVIATOR [20-27],7B215,D8,6,131,472.89,372.93,519.4,1.39
IL,U540N MKX [16-23],7902,42,7,123,2743.31,2263.49,3148.17,1.39
IN,CX482N ESCAPE [20-26],8A507,*,8,268,97.53,88.21,122.34,1.39
ND,U553N EXPEDITION [18-24],3N134,D8,5,127,226.4,213.14,296.28,1.39
NV,P552N F-150 [15-20],5E212,42,5,300,1210.33,947.98,1320.3,1.39
PA,U625N EXPLORER [20-27],18125,D1,5,69,199.66,170.63,237.13,1.39
LA,U611N AVIATOR [20-27],9B325,42,5,205,189.82,155.32,216.22,1.39
NY,U625N EXPLORER [20-27],13008,42,5,54,1516.94,1217.18,1697.36,1.39
AL,P702N F150 [21-27],13008,42,5,77,1566.84,1321.99,1837.7,1.39
IN,P375N RANGER [19-23],14G371,04,6,73,42.91,37.75,52.47,1.39
UT,P702N F150 [21-27],19E525,16,12,209,55.68,48.0,66.73,1.39
KS,P702N F150 [21-27],1523200,82,13,428,41.57,38.45,53.26,1.39
IN,CX483N CORSAIR [20-26],94RH7,42,5,117,328.74,279.96,390.26,1.39
AZ,C520N ESCAPE [13-19],6009,D8,22,790,3963.95,3307.65,4588.6,1.39
MA,U554N NAVIGATOR [18-24],NPF,82,5,133,77.08,65.29,90.73,1.39
KS,P558N SUPER DUTY [17-22],9H307,42,8,125,512.42,458.98,640.05,1.39
NH,P708 F250 - 600 [23-27],12A699,42,6,85,166.46,157.95,219.06,1.39
VA,P702N F150 [21-27],1621597,41,13,337,117.56,90.98,126.92,1.39
CO,U553N EXPEDITION [18-24],78045G34,42,11,185,51.44,41.2,57.42,1.39
NJ,ECONOLINE [97-27],6006,42,6,108,7609.33,6962.66,9693.82,1.39
AZ,P552N F-150 [15-20],6584,D8,6,80,516.7,505.26,702.25,1.39
MS,P702N F150 [21-27],19A464,43,7,123,374.51,353.76,486.54,1.38
IN,P473N SUPER DUTY [11-16],5J225,42,35,571,517.71,462.73,636.43,1.38
AZ,CX727N MACH-E [21-26],10C666,42,13,281,1478.09,1339.45,1843.24,1.38
MO,CX727N MACH-E [21-26],10C666,42,7,98,1448.77,1302.66,1796.12,1.38
MS,U625N EXPLORER [20-27],14G371,04,21,471,43.89,37.93,52.41,1.38
MS,P552N F-150 [15-20],6675,D8,5,75,521.37,456.74,631.9,1.38
OR,CX727N MACH-E [21-26],14A411,28,11,410,279.77,241.22,332.08,1.38
OR,CX482N ESCAPE [20-26],9F479,04,12,266,38.41,35.76,49.25,1.38
NC,P758N C-PICKUP [22-27],14290,X4,15,233,685.89,584.84,808.41,1.38
CA,U625N EXPLORER [20-27],9H307,42,6,95,789.38,645.83,888.63,1.38
VA,CX727N MACH-E [21-26],10C666,42,19,369,1580.12,1470.4,2031.74,1.38
KS,U625N EXPLORER [20-27],14G371,42,6,111,293.76,266.14,367.98,1.38
GA,P375N RANGER [19-23],48H6,42,8,147,270.91,222.67,307.25,1.38
CO,P702N F150 [21-27],78045G34,42,10,155,52.68,48.03,66.45,1.38
MN,B515A ECOSPORT INDIA [13-22],5G232,01,5,71,1271.14,1136.0,1562.15,1.38
NV,C346N FOCUS [12-18],7Z369,42,5,73,534.7,480.5,663.17,1.38
MA,CX482N ESCAPE [20-26],6731,82,7,128,60.13,47.58,65.61,1.38
ID,P702N F150 [21-27],1523200,82,6,213,43.02,39.09,54.11,1.38
WV,P558N SUPER DUTY [17-22],9C888,42,7,98,404.65,330.42,457.57,1.38
ND,U625N EXPLORER [20-27],12A650,04,6,161,36.51,35.72,49.3,1.38
LA,CX430N C-SUV [21-27],14G371,04,21,568,44.86,36.58,50.57,1.38
WA,P552N F-150 [15-20],6675,D8,20,444,637.31,525.69,725.6,1.38
CA,U553N EXPEDITION [18-24],RECAL,42,36,757,38.75,35.98,49.68,1.38
PA,P552N F-150 [15-20],19G490,*,5,98,100.3,88.38,122.01,1.38
OK,P702N F150 [21-27],19E525,16,6,186,53.28,46.2,63.98,1.38
MN,P558N SUPER DUTY [17-22],6K682,42,10,164,3031.63,2669.03,3695.74,1.38
ND,U625N EXPLORER [20-27],7P155,42,6,146,36.58,35.72,49.3,1.38
NM,P702N F150 [21-27],1523200,82,9,435,43.18,35.74,49.4,1.38
PA,U502N EXPLORER [11-19],14D696,42,6,78,267.45,236.31,325.38,1.38
IN,P702N F150 [21-27],19703,42,5,76,42.91,39.75,54.78,1.38
UT,CX727N MACH-E [21-26],14A411,28,10,359,267.39,231.3,319.24,1.38
CT,U625N EXPLORER [20-27],4B409,42,7,96,130.56,102.96,142.15,1.38
IN,CD539N EDGE [15-24],7K340,*,6,287,38.8,36.66,50.7,1.38
FL,P131N STRIPPED CHASSIS [99-26],14F642,42,7,249,47.32,38.0,52.62,1.38
GA,CX727N MACH-E [21-26],18C612,04,15,334,41.39,36.63,50.39,1.38
FL,P375N RANGER [19-23],48H6,46,5,89,270.86,223.35,309.01,1.38
NE,P558N SUPER DUTY [17-22],9H307,42,5,74,585.97,487.14,674.45,1.38
DE,U502N EXPLORER [11-19],14B686,X4,5,88,171.96,135.03,185.84,1.38
MI,P558N SUPER DUTY [17-22],6K682,42,7,133,3158.25,2626.79,3618.79,1.38
MD,P552N F-150 [15-20],6731,82,6,112,53.45,42.14,58.33,1.38
WA,CX727N MACH-E [21-26],14G672,42,6,103,47.4,41.55,57.17,1.38
LA,U625N EXPLORER [20-27],14G371,04,27,960,44.86,36.58,50.57,1.38
MI,U611N AVIATOR [20-27],7P238,42,6,103,370.51,314.52,434.37,1.38
ID,U625N EXPLORER [20-27],14529,91,13,583,40.34,37.26,51.49,1.38
HI,P702N F150 [21-27],48H6,42,7,219,330.56,280.78,386.9,1.38
OR,U553N EXPEDITION [18-24],6256,42,20,402,1465.0,1203.17,1665.68,1.38
LA,P552N F-150 [15-20],8501,D8,6,107,427.43,354.31,488.81,1.38
IL,CX727N MACH-E [21-26],18C612,04,26,532,63.76,54.64,75.37,1.38
NH,P702N F150 [21-27],17626,42,5,90,528.26,475.62,654.19,1.38
CA,CD391N FUSION [13-20],6K682,42,7,95,1591.69,1411.27,1946.62,1.38
SC,CX482N ESCAPE [20-26],8A507,*,7,163,110.0,93.21,128.32,1.38
OK,U625N EXPLORER [20-27],48H6,42,5,90,280.71,241.57,334.38,1.38
UT,U725N BRONCO [21-26],14B291,04,6,129,56.57,51.81,71.54,1.38
AL,V363N TRANSIT [14-27],48H6,42,7,179,324.22,266.81,367.26,1.38
VT,P702N F150 [21-27],10D672,42,7,263,52.24,46.55,64.23,1.38
NC,U625N EXPLORER [20-27],7862187,33,5,82,68.81,66.77,92.29,1.38
TX,P473N SUPER DUTY [11-16],65,42,15,236,53.28,43.96,60.66,1.38
MO,P702N F150 [21-27],10D672,42,23,579,68.26,55.4,76.32,1.38
MO,U502N EXPLORER [11-19],65,42,11,204,56.19,46.18,63.91,1.38
CA,P552N F-150 [15-20],7H351,17,6,126,3169.23,2862.25,3963.74,1.38
OH,P552N F-150 [15-20],4676,42,5,78,199.14,164.13,225.91,1.38
PA,P558N SUPER DUTY [17-22],5H270,42,6,68,4476.65,4246.69,5841.59,1.38
NJ,P758N C-PICKUP [22-27],3B436,42,9,107,639.74,498.76,686.37,1.38
IA,C520N ESCAPE [13-19],6009,D8,20,407,3942.3,3287.54,4538.78,1.38
NE,P552N F-150 [15-20],6675,D8,8,256,563.53,463.31,638.16,1.38
TN,P552N F-150 [15-20],8501,42,8,101,353.47,305.92,420.83,1.38
AZ,CX482N ESCAPE [20-26],99RT4,42,13,326,236.84,186.1,257.25,1.38
CA,D471N FLEX [09-19],8501,42,7,112,1658.46,1285.67,1780.42,1.38
MD,P702N F150 [21-27],10B689,04,9,158,70.58,57.8,79.72,1.38
LA,U625N EXPLORER [20-27],48H6,42,10,172,266.29,241.99,333.47,1.38
VA,P552N F-150 [15-20],4676,D8,11,231,210.73,183.75,253.34,1.38
MI,U553N EXPEDITION [18-24],5E212,42,7,81,966.7,823.92,1133.43,1.38
TX,P131N STRIPPED CHASSIS [99-26],6500,42,5,63,6752.95,5689.01,7869.73,1.38
TX,U611N AVIATOR [20-27],4A015,D8,5,266,1071.66,838.77,1158.94,1.38
NH,U502N EXPLORER [11-19],5A972,*,5,277,160.38,137.14,188.89,1.38
MI,P702N F150 [21-27],4234,42,7,102,573.59,497.77,682.7,1.37
IL,C346N FOCUS [12-18],7Z369,42,9,154,665.88,558.23,763.27,1.37
AR,CX430N C-SUV [21-27],14G371,04,20,573,42.11,35.68,48.93,1.37
LA,P708 F250 - 600 [23-27],65,42,9,152,262.33,233.87,320.57,1.37
ME,P552N F-150 [15-20],14G371,04,8,97,42.46,36.56,49.96,1.37
AZ,CX482N ESCAPE [20-26],5827008,42,6,93,271.2,246.78,337.25,1.37
WA,CX727N MACH-E [21-26],10C666,42,14,278,1724.66,1466.06,2012.18,1.37
WA,U553N EXPEDITION [18-24],78045G34,42,5,65,41.01,37.18,50.94,1.37
IA,U625N EXPLORER [20-27],2C219,04,5,81,44.59,36.25,49.67,1.37
NC,CX430N C-SUV [21-27],7C108,14,7,106,1736.8,1532.29,2097.06,1.37
ME,U625N EXPLORER [20-27],14G371,04,13,395,42.25,36.44,49.96,1.37
ME,P702N F150 [21-27],1523200,82,5,98,42.0,36.56,49.96,1.37
MI,S550N MUSTANG [15-23],TCARE,82,14,228,238.09,224.49,307.33,1.37
NC,P702N F150 [21-27],17508,*,11,385,120.99,99.91,137.23,1.37
LA,C520N ESCAPE [13-19],6009,D8,15,239,3480.84,3028.19,4152.87,1.37
MN,CX482N ESCAPE [20-26],14529,42,5,57,82.88,72.65,99.77,1.37
CA,CD391N FUSION [13-20],1A189,42,7,101,120.99,117.88,161.57,1.37
NV,CX482N ESCAPE [20-26],99RT4,42,6,196,203.08,194.73,266.37,1.37
NJ,P558N SUPER DUTY [17-22],7H351,17,8,141,2102.77,1888.16,2580.91,1.37
WA,P558N SUPER DUTY [17-22],5E145,42,7,76,443.82,362.7,497.77,1.37
MO,U725N BRONCO [21-26],14B291,04,6,114,47.42,42.56,58.32,1.37
MT,CX430N C-SUV [21-27],8501,D8,7,210,727.27,599.31,820.57,1.37
WA,U625N EXPLORER [20-27],4A015,D8,8,225,867.55,703.34,962.81,1.37
OK,U625N EXPLORER [20-27],14529,42,10,133,106.92,88.06,120.21,1.37
ME,CX430N C-SUV [21-27],14G371,04,12,356,42.25,36.44,49.96,1.37
FL,B515A ECOSPORT INDIA [13-22],8592,42,11,136,464.71,398.09,547.12,1.37
AR,P702N F150 [21-27],12A650,04,5,85,39.97,35.68,48.92,1.37
SD,P552N F-150 [15-20],9C888,42,8,205,391.37,320.39,440.44,1.37
NV,P558N SUPER DUTY [17-22],9C888,42,8,427,492.38,429.34,586.38,1.37
OH,P702N F150 [21-27],17508,*,19,1108,123.3,105.33,144.57,1.37
KS,P702N F150 [21-27],14B291,04,21,883,44.91,39.62,54.15,1.37
MI,U502N EXPLORER [11-19],16612,D7,17,375,1161.6,1017.92,1394.29,1.37
MO,U502N EXPLORER [11-19],8501,D8,5,69,1285.76,1216.47,1663.53,1.37
VT,P558N SUPER DUTY [17-22],3E651,42,12,446,88.13,75.38,103.37,1.37
KY,CD539N EDGE [15-24],48H6,42,8,139,227.18,196.4,268.33,1.37
GA,U502N EXPLORER [11-19],8501,42,9,121,1309.0,1064.76,1457.8,1.37
NC,U553N EXPEDITION [18-24],7Z490,42,6,71,698.72,688.84,940.46,1.37
CT,U625N EXPLORER [20-27],8501,42,5,87,461.84,430.02,590.1,1.37
WI,P552N F-150 [15-20],19G490,*,7,131,100.07,83.9,115.13,1.37
GA,CX430N C-SUV [21-27],48H6,42,26,556,284.06,240.36,328.41,1.37
IL,U625N EXPLORER [20-27],6584,D8,5,60,1261.73,1148.49,1573.38,1.37
KY,U502N EXPLORER [11-19],W709002,*,6,224,36.76,36.53,50.14,1.37
SD,CX430N C-SUV [21-27],8501,D8,6,205,539.22,445.19,608.91,1.37
PA,CX430N C-SUV [21-27],5E212,01,11,186,1024.41,911.03,1244.74,1.37
IL,CX727N MACH-E [21-26],10C666,42,31,573,1845.36,1636.4,2234.9,1.37
VA,P558N SUPER DUTY [17-22],9H307,42,9,138,566.31,500.08,682.62,1.37
CO,P552N F-150 [15-20],3N134,D8,11,219,286.24,239.03,327.25,1.37
WA,V363N TRANSIT [14-27],15K601,01,5,99,177.98,143.23,196.94,1.37
CT,U502N EXPLORER [11-19],8501,D8,7,140,1128.57,954.85,1305.57,1.37
AR,P702N F150 [21-27],14G647,04,7,136,203.13,169.5,232.95,1.37
NC,CDX707A NAUTILUS [23-26],9F593,42,6,152,718.25,680.67,932.45,1.37
NE,P552N F-150 [15-20],7H351,42,6,216,3135.56,2501.98,3426.16,1.37
CA,P702N F150 [21-27],17V528,30,6,102,63.6,57.25,78.29,1.37
OH,CX482N ESCAPE [20-26],RECALEM,04,9,123,46.82,42.39,58.22,1.37
NJ,P702N F150 [21-27],TCARE,82,5,97,191.14,166.98,228.03,1.37
GA,U625N EXPLORER [20-27],TCARE,82,6,159,213.74,177.96,243.54,1.37
AL,CX482N ESCAPE [20-26],1A189,42,5,111,213.77,165.26,226.12,1.37
VA,U625N EXPLORER [20-27],6584,D8,5,208,945.41,834.29,1140.64,1.37
UT,P473N SUPER DUTY [11-16],5J225,42,25,1175,489.34,428.38,588.71,1.37
AR,P473N SUPER DUTY [11-16],5J225,42,20,346,507.77,448.91,613.61,1.37
NY,P375N RANGER [19-23],14G371,04,10,132,48.21,41.57,56.82,1.37
NY,C520N ESCAPE [13-19],8501,42,8,97,831.91,716.7,982.78,1.37
VA,P552N F-150 [15-20],8501,42,12,233,419.45,365.16,500.86,1.37
LA,P702N F150 [21-27],11A213,42,5,58,667.28,559.25,764.72,1.37
NJ,C346N FOCUS [12-18],7Z369,42,17,287,554.82,515.76,704.46,1.37
ID,P702N F150 [21-27],48H6,42,11,415,308.47,269.25,367.54,1.37
MA,U540N MKX [16-23],94RH7,42,5,124,303.85,249.92,341.24,1.37
AR,U625N EXPLORER [20-27],14G371,04,18,514,41.64,35.68,48.93,1.37
CO,U625N EXPLORER [20-27],48H6,42,12,174,322.72,254.43,348.69,1.37
FL,P708 F250 - 600 [23-27],3304,42,5,97,683.67,568.52,776.55,1.37
AZ,CD539N EDGE [15-24],6009,D8,10,189,4109.79,3506.79,4791.49,1.37
CT,U625N EXPLORER [20-27],12A650,04,19,450,41.89,35.73,48.87,1.37
CA,CD391N FUSION [13-20],9D289,D8,5,98,335.12,324.85,444.73,1.37
CA,P552N F-150 [15-20],6675,D1,7,94,568.03,531.03,727.21,1.37
WA,CX727N MACH-E [21-26],12B637,B4,12,196,43.52,36.23,49.16,1.36
GA,U611N AVIATOR [20-27],94RH7,42,6,103,325.35,251.13,341.25,1.36
TX,U554N NAVIGATOR [18-24],14G647,42,10,240,147.51,124.5,169.58,1.36
CO,U725N BRONCO [21-26],17504,42,22,1997,41.11,35.97,48.97,1.36
MI,P473N SUPER DUTY [11-16],6731,82,6,115,47.67,44.25,60.04,1.36
LA,P473N SUPER DUTY [11-16],5J225,42,26,532,510.86,424.14,577.0,1.36
IN,C520N ESCAPE [13-19],9D289,42,9,159,247.52,237.08,322.32,1.36
CA,P552N F-150 [15-20],16502C22,42,11,191,2799.88,2395.15,3253.35,1.36
IA,U625N EXPLORER [20-27],14G371,42,9,162,323.37,264.39,359.47,1.36
ME,P473N SUPER DUTY [11-16],5J225,42,12,225,463.79,440.42,598.44,1.36
IA,P702N F150 [21-27],4676,42,5,135,185.16,157.88,215.06,1.36
FL,P558N SUPER DUTY [17-22],1521813,42,5,85,289.98,253.06,343.95,1.36
LA,P702N F150 [21-27],2005,42,5,63,1227.13,1198.69,1633.32,1.36
MI,P552N F-150 [15-20],48H6,42,5,62,273.35,230.36,313.53,1.36
CA,CDX707A NAUTILUS [23-26],H4,42,8,130,407.84,354.32,482.3,1.36
NY,CX727N MACH-E [21-26],TCARE,82,5,69,226.21,214.98,292.22,1.36
FL,P552N F-150 [15-20],14A626,42,6,92,201.34,173.17,236.04,1.36
MD,CX482N ESCAPE [20-26],99RT4,42,12,261,234.0,218.27,296.14,1.36
CA,P702N F150 [21-27],AUX1,42,5,56,225.25,185.16,252.16,1.36
OR,V363N TRANSIT [14-27],14G371,04,8,153,51.24,45.25,61.56,1.36
WA,P552N F-150 [15-20],3N134,D8,8,130,240.6,211.8,288.06,1.36
MA,P702N F150 [21-27],11A213,42,5,67,705.49,653.42,886.66,1.36
MI,CX483N CORSAIR [20-26],3B437,42,5,81,465.77,403.05,546.59,1.36
TX,CD391N FUSION [13-20],9F472,42,5,68,208.95,188.17,255.63,1.36
AZ,P702N F150 [21-27],13008,42,5,84,1565.17,1331.22,1804.88,1.36
VA,CD391N FUSION [13-20],7583,*,5,235,47.84,38.73,52.55,1.36
OR,P558N SUPER DUTY [17-22],5L239,42,10,139,258.83,225.86,306.63,1.36
WI,U717N EXPEDITION [25-27],14F042,42,8,97,44.11,36.4,49.64,1.36
CO,CX430N C-SUV [21-27],6K682,42,9,162,2329.55,1812.51,2466.86,1.36
AZ,P558N SUPER DUTY [17-22],14A068,42,18,412,324.06,290.3,394.92,1.36
IL,U611N AVIATOR [20-27],15604,X9,8,125,55.44,47.23,64.21,1.36
WA,P375N RANGER [19-23],14G371,04,14,199,56.75,47.53,64.78,1.36
NC,CD539N EDGE [15-24],6009,D8,10,141,4448.73,3911.9,5321.47,1.36
ID,CX482N ESCAPE [20-26],14529,91,11,420,41.39,37.83,51.49,1.36
CO,U625N EXPLORER [20-27],6675,D8,5,63,434.49,379.6,516.9,1.36
KS,P552N F-150 [15-20],9C888,42,11,250,453.61,382.75,521.36,1.36
TN,CD391N FUSION [13-20],6009,D8,6,76,3596.87,3197.97,4340.51,1.36
CA,U725N BRONCO [21-26],94RH7,42,32,587,334.17,284.94,387.91,1.36
IL,U611N AVIATOR [20-27],12A650,04,10,221,54.58,47.23,64.21,1.36
TX,CD391N FUSION [13-20],7583,*,9,206,40.43,36.93,50.13,1.36
AZ,P702N F150 [21-27],19893,01,7,130,211.67,167.57,227.61,1.36
TX,CD539N EDGE [15-24],RECAL,04,8,90,104.91,87.16,118.95,1.36
WA,CX482N ESCAPE [20-26],9D289,42,9,118,287.21,245.28,334.76,1.36
VA,P758N C-PICKUP [22-27],H4,42,7,96,305.24,278.62,377.93,1.36
NM,P375N RANGER [19-23],14G371,04,6,123,41.67,39.51,53.67,1.36
AR,P558N SUPER DUTY [17-22],19G490,*,7,158,123.52,102.99,140.16,1.36
NY,CX430N C-SUV [21-27],5E212,01,5,73,1205.59,984.87,1340.85,1.36
DE,P702N F150 [21-27],10D672,42,6,119,61.45,58.88,80.08,1.36
CA,C489N MKC [15-19],6009,D8,10,185,4914.82,4172.41,5660.06,1.36
NY,B515A ECOSPORT INDIA [13-22],5E212,01,6,129,970.45,860.62,1170.08,1.36
OH,U625N EXPLORER [20-27],94RH7,42,8,95,224.32,196.41,266.57,1.36
NY,U553N EXPEDITION [18-24],78045G34,42,8,107,48.11,37.45,50.93,1.36
NC,CX482N ESCAPE [20-26],48H6,42,7,91,314.11,287.48,390.43,1.36
FL,U625N EXPLORER [20-27],7820555,42,5,59,380.6,366.81,498.45,1.36
VA,U625N EXPLORER [20-27],3A428,D4,5,167,266.99,211.14,287.76,1.36
NV,P702N F150 [21-27],9H307,42,5,79,565.79,477.9,649.07,1.36
NJ,U625N EXPLORER [20-27],5E213,42,11,182,1048.46,950.78,1290.45,1.36
MI,V363N TRANSIT [14-27],9U433,42,5,77,1183.77,1088.96,1477.03,1.36
SC,CX482N ESCAPE [20-26],9F479,04,5,85,41.37,39.77,54.24,1.36
CO,C520N ESCAPE [13-19],6009,D8,19,824,4631.7,3869.37,5278.4,1.36
MD,U553N EXPEDITION [18-24],5E212,42,12,218,851.04,791.41,1073.88,1.36
TX,CX483N CORSAIR [20-26],RECALEM,04,8,149,53.64,45.28,61.66,1.36
NJ,P552N F-150 [15-20],9C888,42,14,212,513.14,414.81,562.17,1.36
WA,CX482N ESCAPE [20-26],9F479,04,22,603,42.93,36.13,49.25,1.36
UT,CX727N MACH-E [21-26],10B689,04,10,484,77.22,68.79,93.42,1.36
WA,P708 F250 - 600 [23-27],65,42,6,69,289.82,259.1,351.7,1.36
IA,U625N EXPLORER [20-27],19G490,*,7,161,220.57,198.07,269.02,1.36
MA,P558N SUPER DUTY [17-22],17683,42,5,54,1218.89,1099.51,1499.61,1.36
GA,P558N SUPER DUTY [17-22],6F073,01,5,116,173.87,162.1,219.95,1.36
NJ,U625N EXPLORER [20-27],9G444,42,8,119,180.17,166.06,226.16,1.36
VT,P702N F150 [21-27],4676,D8,5,192,177.03,151.9,207.27,1.36
MD,CX727N MACH-E [21-26],14A411,28,21,892,255.79,214.14,290.77,1.36
LA,U222N EXPEDITION [02-17],2140,*,5,81,197.79,180.05,245.73,1.36
ID,P702N F150 [21-27],3N134,D8,5,127,262.53,244.84,331.79,1.36
NC,CX430N C-SUV [21-27],48H6,42,12,201,285.71,259.26,353.37,1.36
TX,CD539N EDGE [15-24],7K340,*,8,204,45.1,38.35,52.24,1.36
OH,CX482N ESCAPE [20-26],14F642,42,29,706,40.63,36.43,49.39,1.36
FL,CX482N ESCAPE [20-26],9D289,41,5,65,310.33,258.42,351.68,1.36
IA,P552N F-150 [15-20],6675,D8,13,272,528.55,485.72,662.68,1.36
ME,P558N SUPER DUTY [17-22],3E651,42,21,703,92.26,81.03,110.49,1.36
IL,P702N F150 [21-27],4B416,D8,5,84,265.68,241.92,329.53,1.36
MO,CX727N MACH-E [21-26],18C612,04,9,149,42.52,36.99,50.17,1.36
KS,U553N EXPEDITION [18-24],3N134,D8,6,138,220.47,201.2,272.66,1.36
KS,P708 F250 - 600 [23-27],RECALEM,04,5,71,62.89,60.05,81.22,1.35
CA,U554N NAVIGATOR [18-24],RECAL,42,8,267,39.35,35.98,48.71,1.35
WI,P558N SUPER DUTY [17-22],3E651,*,5,60,90.64,78.36,106.06,1.35
TN,CD539N EDGE [15-24],9D289,42,6,99,282.62,243.6,328.75,1.35
AZ,U553N EXPEDITION [18-24],78045G34,42,6,84,45.05,41.25,55.76,1.35
MD,P558N SUPER DUTY [17-22],6675,D8,18,324,1368.23,1191.36,1612.18,1.35
CA,S650N MUSTANG [24-26],48H6,42,18,289,341.33,292.2,395.76,1.35
AR,P702N F150 [21-27],7210,42,22,502,361.03,321.42,432.59,1.35
SD,P558N SUPER DUTY [17-22],RECALEM,04,9,183,59.95,49.82,67.44,1.35
PA,U553N EXPEDITION [18-24],78045G34,42,7,98,44.01,40.55,54.76,1.35
CO,V363N TRANSIT [14-27],14G371,04,11,237,57.85,47.96,64.62,1.35
TX,P558N SUPER DUTY [17-22],19805,42,5,62,347.04,294.94,397.37,1.35
IL,V363N TRANSIT [14-27],19805,42,7,95,294.3,242.86,327.8,1.35
TX,P552N F-150 [15-20],6675,42,11,157,515.51,444.25,597.53,1.35
WI,U725N BRONCO [21-26],17504,42,29,858,41.11,36.02,48.6,1.35
WV,U502N EXPLORER [11-19],5A972,*,8,214,141.94,127.92,172.09,1.35
SD,U625N EXPLORER [20-27],14G371,04,10,313,37.78,36.04,48.62,1.35
ID,P708 F250 - 600 [23-27],8A616,42,9,168,390.81,322.02,434.64,1.35
NY,B515A ECOSPORT INDIA [13-22],9C047,42,6,82,229.78,195.13,264.23,1.35
MI,C520N ESCAPE [13-19],6K682,42,8,110,1583.76,1414.55,1905.63,1.35
CO,P702N F150 [21-27],9C888,42,12,179,436.01,352.76,477.06,1.35
WA,P702N F150 [21-27],7210,42,28,746,426.98,358.05,483.47,1.35
MS,P702N F150 [21-27],1523200,82,13,292,42.49,37.93,51.32,1.35
IL,U553N EXPEDITION [18-24],16A507,42,5,69,999.0,798.07,1074.6,1.35
MD,V408E TRANSIT CONNECT [13-24],SHUTTLE,82,6,222,590.94,513.86,693.72,1.35
WA,P702N F150 [21-27],19860,42,20,498,42.88,36.11,48.58,1.35
IL,P702N F150 [21-27],4676,42,5,132,255.53,236.92,320.57,1.35
VA,U625N EXPLORER [20-27],3A428,D1,6,124,298.88,271.9,367.56,1.35
KS,P702N F150 [21-27],3N134,D8,8,166,243.98,214.54,289.85,1.35
WI,U553N EXPEDITION [18-24],7H351,42,5,78,3048.9,2960.37,3997.33,1.35
MI,P558N SUPER DUTY [17-22],6700,D8,7,93,257.84,219.19,296.53,1.35
TN,U625N EXPLORER [20-27],3A427,D8,5,123,286.04,244.26,328.77,1.35
MD,P702N F150 [21-27],1523200,82,21,521,43.05,38.53,51.97,1.35
MI,P558N SUPER DUTY [17-22],14B321,X9,24,965,38.1,36.53,49.25,1.35
CA,V408E TRANSIT CONNECT [13-24],SHUTTLE,82,11,275,539.56,513.86,693.72,1.35
GA,U554N NAVIGATOR [18-24],6256,42,11,477,1408.24,1224.71,1654.86,1.35
TX,U625N EXPLORER [20-27],14529,D4,5,64,44.39,38.08,51.49,1.35
AL,CD391N FUSION [13-20],6009,D8,7,218,3791.27,3232.25,4349.19,1.35
MD,U502N EXPLORER [11-19],16612,1Q,5,80,1348.31,1218.36,1649.93,1.35
GA,S550N MUSTANG [15-23],63264A26,42,9,133,372.6,302.11,406.68,1.35
AR,CX430N C-SUV [21-27],48H6,*,5,79,256.86,201.39,272.69,1.35
IN,CX483N CORSAIR [20-26],9D289,42,5,106,254.56,217.2,293.99,1.35
MI,U611N AVIATOR [20-27],12A650,42,7,147,58.23,48.67,65.83,1.35
LA,CX430N C-SUV [21-27],7C108,14,8,143,1542.33,1362.81,1844.96,1.35
AZ,CX482N ESCAPE [20-26],54519A02,42,6,111,635.14,553.45,745.26,1.35
IN,U540N MKX [16-23],94RH7,42,7,219,255.56,247.72,335.16,1.35
WI,CX727N MACH-E [21-26],10C666,42,5,87,1625.82,1450.62,1951.67,1.35
VA,U625N EXPLORER [20-27],TCARE,82,5,126,251.94,206.76,278.16,1.35
WA,P558N SUPER DUTY [17-22],14B321,X9,36,1811,41.25,36.11,48.58,1.35
NJ,P702N F150 [21-27],48H6,42,43,1097,225.59,202.83,273.37,1.35
OK,U611N AVIATOR [20-27],14G371,04,7,478,87.35,79.88,107.6,1.35
CA,P558N SUPER DUTY [17-22],17528,82,8,139,43.06,40.32,54.38,1.35
PA,U502N EXPLORER [11-19],6714,82,5,76,61.09,46.45,62.85,1.35
WY,CX430N C-SUV [21-27],14G371,04,5,140,43.96,36.73,49.57,1.35
NJ,CX482N ESCAPE [20-26],18125,D8,6,124,318.25,273.43,368.78,1.35
NJ,P552N F-150 [15-20],11002,42,5,80,367.38,336.4,453.71,1.35
IN,U625N EXPLORER [20-27],7N169,07,9,132,1550.35,1375.69,1853.35,1.35
SC,CX483N CORSAIR [20-26],9D289,42,5,100,291.38,218.87,294.54,1.35
ME,U625N EXPLORER [20-27],19980,39,12,237,85.84,74.37,100.77,1.35
CA,U725N BRONCO [21-26],48H6,42,6,75,315.81,290.61,392.13,1.35
NC,H567N MEDIUM TRUCK [16-27],12A650,04,5,212,63.6,50.47,67.89,1.35
CT,CX727N MACH-E [21-26],RECAL,04,9,151,122.5,98.53,132.82,1.35
TX,P702N F150 [21-27],18D890,04,8,125,42.61,36.89,49.67,1.35
GA,U553N EXPEDITION [18-24],78611B09,*,5,74,408.36,318.26,429.68,1.35
OH,P702N F150 [21-27],11A213,42,10,140,704.09,595.85,801.89,1.35
SC,U625N EXPLORER [20-27],7862187,01,5,70,58.65,51.12,69.25,1.35
GA,U554N NAVIGATOR [18-24],14B561,04,6,118,435.87,348.45,471.07,1.35
CT,P473N SUPER DUTY [11-16],5J225,42,16,305,542.04,458.82,618.95,1.35
NC,CX727N MACH-E [21-26],18D890,04,6,80,55.1,50.47,67.89,1.35
MN,P702N F150 [21-27],78045G34,42,5,62,51.3,48.16,65.02,1.35
MI,U540N MKX [16-23],RECAL,04,6,123,87.34,82.97,112.06,1.35
ID,U625N EXPLORER [20-27],14G371,04,11,485,46.01,40.51,54.81,1.35
VA,U502N EXPLORER [11-19],8501,42,14,481,1282.9,1067.69,1436.22,1.35
MI,C520N ESCAPE [13-19],9G444,42,18,277,260.76,228.78,309.51,1.35
CO,P558N SUPER DUTY [17-22],16720,39,7,121,287.61,222.18,300.35,1.35
PA,V408E TRANSIT CONNECT [13-24],SHUTTLE,82,9,411,590.94,513.86,693.72,1.35
MD,V408E TRANSIT CONNECT [13-24],7000,42,6,233,4963.11,4296.25,5819.16,1.35
CA,U625N EXPLORER [20-27],9G444,42,5,70,243.31,197.66,267.15,1.35
OK,U625N EXPLORER [20-27],3A428,D8,5,211,298.6,291.16,393.74,1.35
TX,P702N F150 [21-27],4033,D8,5,69,207.94,186.7,251.14,1.35
PA,CX430N C-SUV [21-27],9D289,42,18,254,273.83,231.32,312.36,1.35
IL,U554N NAVIGATOR [18-24],14B561,04,7,233,472.15,413.08,559.2,1.35
NJ,P702N F150 [21-27],6020,D8,6,161,1703.97,1553.01,2095.62,1.35
UT,P558N SUPER DUTY [17-22],5H270,42,9,108,3888.1,3659.29,4933.8,1.35
TX,CX483N CORSAIR [20-26],TCARE,82,5,202,235.52,233.38,315.95,1.35
FL,P702N F150 [21-27],19893,42,7,107,217.69,205.3,276.85,1.35
LA,P702N F150 [21-27],6731,82,5,120,75.07,58.42,79.09,1.35
IL,P552N F-150 [15-20],6020,D8,8,144,1714.07,1650.25,2232.03,1.35
GA,P702N F150 [21-27],4234,*,5,253,911.32,810.54,1085.57,1.34
HI,P758N C-PICKUP [22-27],14290,X4,5,104,727.06,629.7,846.58,1.34
CA,CX430N C-SUV [21-27],6020,D8,5,123,1380.62,1280.07,1713.95,1.34
OK,P552N F-150 [15-20],19N619,82,6,144,60.34,48.87,65.67,1.34
AL,P702N F150 [21-27],14A626,04,5,107,45.13,40.25,54.11,1.34
TX,P702N F150 [21-27],14A626,33,8,122,132.43,117.25,156.9,1.34
NC,U725N BRONCO [21-26],17504,42,21,1411,39.62,35.97,48.17,1.34
OH,P702N F150 [21-27],19E525,16,22,372,52.43,46.12,61.71,1.34
TX,U611N AVIATOR [20-27],54219A64,42,11,202,486.33,438.92,588.09,1.34
CA,CX482N ESCAPE [20-26],48H6,42,28,479,350.01,293.92,393.33,1.34
KS,CX482N ESCAPE [20-26],14F642,42,5,100,41.97,37.87,50.76,1.34
WA,V363N TRANSIT [14-27],14G371,04,12,194,57.17,48.31,64.78,1.34
MI,C520N ESCAPE [13-19],7K340,*,6,263,46.67,39.76,53.38,1.34
TX,CX483N CORSAIR [20-26],18125,D8,5,144,231.75,203.1,272.38,1.34
CA,U625N EXPLORER [20-27],7A195,42,11,163,1597.35,1344.36,1801.35,1.34
WY,P552N F-150 [15-20],6256,42,12,525,1151.2,1014.6,1355.17,1.34
AR,C520N ESCAPE [13-19],6009,D8,11,158,3600.48,3165.62,4253.52,1.34
MD,U502N EXPLORER [11-19],8501,D8,6,125,1321.09,1177.18,1583.2,1.34
CA,P558N SUPER DUTY [17-22],5F250,42,16,214,3269.95,2801.12,3751.61,1.34
LA,P558N SUPER DUTY [17-22],5L248,42,17,367,222.31,189.63,254.2,1.34
PA,U553N EXPEDITION [18-24],5E212,42,13,168,942.86,797.42,1065.04,1.34
MD,P702N F150 [21-27],19E525,16,13,234,55.81,47.97,64.19,1.34
FL,CX727N MACH-E [21-26],12B637,B4,7,109,44.88,37.6,50.32,1.34
LA,U625N EXPLORER [20-27],7N169,07,6,86,1617.67,1255.63,1681.53,1.34
PA,U625N EXPLORER [20-27],48H6,42,15,221,289.2,250.25,334.9,1.34
NV,P702N F150 [21-27],14529,42,6,315,137.1,105.18,140.7,1.34
NC,ECONOLINE [97-27],12A650,04,6,122,41.2,37.04,49.48,1.34
CA,U625N EXPLORER [20-27],COURTESY,82,5,65,916.93,827.0,1109.09,1.34
LA,P702N F150 [21-27],10D672,42,8,118,61.61,52.76,70.69,1.34
NJ,P558N SUPER DUTY [17-22],14B321,X9,28,1142,40.33,35.72,47.8,1.34
NM,P708 F250 - 600 [23-27],8A616,42,6,84,391.76,312.27,417.81,1.34
MI,U625N EXPLORER [20-27],18476,42,5,65,814.57,702.97,942.61,1.34
IN,P558N SUPER DUTY [17-22],7H351,42,5,97,2576.42,2283.33,3062.47,1.34
WV,P708 F250 - 600 [23-27],14B291,04,13,334,43.8,36.89,49.59,1.34
PA,CD391N FUSION [13-20],6009,D8,8,90,3567.17,3247.71,4338.93,1.34
SC,CX483N CORSAIR [20-26],94RH7,42,5,172,303.67,283.5,380.58,1.34
NH,P702N F150 [21-27],14529,42,8,135,118.0,114.58,153.81,1.34
NE,P702N F150 [21-27],1523200,82,14,383,41.84,35.68,47.96,1.34
TX,CX430N C-SUV [21-27],18125,42,7,113,227.38,190.47,255.15,1.34
AZ,U725N BRONCO [21-26],4A376,01,10,201,477.25,437.83,584.59,1.34
IN,CD539N EDGE [15-24],9F464,01,5,55,488.44,428.32,571.92,1.34
WI,CX430N C-SUV [21-27],8A507,*,11,230,112.05,98.74,132.63,1.34
IL,U625N EXPLORER [20-27],7N169,07,16,229,2121.83,1820.87,2448.87,1.34
CA,P558N SUPER DUTY [17-22],6584,D8,6,87,2105.37,1818.63,2439.25,1.34
TX,U554N NAVIGATOR [18-24],6M280,42,6,115,411.26,353.1,473.19,1.34
NH,P702N F150 [21-27],7210,42,10,199,420.19,367.09,493.73,1.34
UT,P702N F150 [21-27],1621597,41,8,152,119.71,97.33,130.67,1.34
AZ,P702N F150 [21-27],1654022,D4,5,86,443.66,381.82,509.88,1.34
WA,CX482N ESCAPE [20-26],14F642,42,8,148,54.43,45.71,61.1,1.34
CA,CX482N ESCAPE [20-26],99RT4,63,8,247,239.09,197.57,265.27,1.34
TN,P758N C-PICKUP [22-27],14290,X4,8,140,651.37,618.07,826.18,1.34
WA,P702N F150 [21-27],14A626,04,24,1031,42.88,36.23,48.58,1.34
NM,P558N SUPER DUTY [17-22],SERVICE,82,5,557,78.51,58.52,78.51,1.34
FL,P552N F-150 [15-20],TCARE,82,22,1299,215.18,180.71,242.66,1.34
CT,CX482N ESCAPE [20-26],14529,91,19,555,41.02,35.86,47.88,1.34
NM,P708 F250 - 600 [23-27],65,42,8,266,248.53,222.2,298.38,1.34
OH,V363N TRANSIT [14-27],7000,42,6,98,5470.1,5431.32,7255.35,1.34
VA,U725N BRONCO [21-26],3254,D8,6,91,320.47,294.06,394.63,1.34
OH,P552N F-150 [15-20],9J460,42,5,72,78.33,64.87,87.24,1.34
NM,P758N C-PICKUP [22-27],RECALEM,04,5,73,80.13,68.52,91.92,1.34
IN,U625N EXPLORER [20-27],9B325,42,9,178,173.14,157.55,210.95,1.34
MD,CD539N EDGE [15-24],48H6,42,13,185,275.12,233.19,313.34,1.34
CA,U625N EXPLORER [20-27],78519A70,42,5,65,272.88,265.11,356.57,1.34
ND,P702N F150 [21-27],48H6,42,9,406,285.76,262.6,352.75,1.34
WA,V363N TRANSIT [14-27],7A195,04,30,1682,42.57,36.23,48.58,1.34
AZ,V408E TRANSIT CONNECT [13-24],7000,42,5,84,5102.69,4538.04,6067.73,1.34
WY,P558N SUPER DUTY [17-22],9C888,42,5,94,389.98,349.36,466.75,1.34
CA,U625N EXPLORER [20-27],6C525,42,5,106,5089.24,4058.3,5425.0,1.34
CO,P758N C-PICKUP [22-27],14290,X4,6,73,765.96,613.88,821.93,1.34
OR,P558N SUPER DUTY [17-22],78218A42,42,5,65,157.61,146.77,197.1,1.34
MO,CD539N EDGE [15-24],6731,82,5,119,58.44,54.21,72.4,1.34
NC,V363N TRANSIT [14-27],7A195,04,15,451,41.2,36.83,49.48,1.34
CA,CX482N ESCAPE [20-26],6020,D8,10,178,1255.72,1183.64,1581.74,1.34
NM,P552N F-150 [15-20],14G371,04,5,96,43.18,40.14,53.67,1.34
NV,CX727N MACH-E [21-26],10C666,42,6,192,1576.76,1305.37,1749.69,1.34
MA,U611N AVIATOR [20-27],9B325,42,6,179,229.92,192.24,257.95,1.34
KY,V363N TRANSIT [14-27],19703,42,5,97,112.66,102.87,137.77,1.34
NC,CX727N MACH-E [21-26],H3,42,5,89,340.67,269.82,360.68,1.34
LA,P702N F150 [21-27],1523200,82,22,749,43.41,36.58,48.52,1.33
SC,P758N C-PICKUP [22-27],14290,X4,6,99,729.51,687.15,911.2,1.33
AL,U625N EXPLORER [20-27],9B325,42,6,93,209.6,195.09,260.07,1.33
MI,CX482N ESCAPE [20-26],8312,33,39,1586,326.33,306.03,406.11,1.33
CA,CX430N C-SUV [21-27],7C108,14,17,264,1844.94,1606.3,2143.11,1.33
CO,CX727N MACH-E [21-26],14G672,42,5,59,57.1,47.5,63.09,1.33
NC,V408E TRANSIT CONNECT [13-24],7000,42,5,72,5574.08,5278.14,7006.1,1.33
AZ,U725N BRONCO [21-26],94RH7,42,12,459,283.34,240.27,319.15,1.33
GA,CX483N CORSAIR [20-26],94RH7,42,6,160,324.83,266.28,354.49,1.33
AZ,CX430N C-SUV [21-27],48H6,42,21,1579,276.74,225.64,300.72,1.33
NY,CX483N CORSAIR [20-26],RECALEM,04,12,193,51.66,46.53,61.95,1.33
OH,C520N ESCAPE [13-19],8501,42,7,118,747.05,682.39,909.26,1.33
PA,U611N AVIATOR [20-27],3D102,42,5,63,1343.87,1174.7,1567.8,1.33
ID,P702N F150 [21-27],10C679,42,6,180,58.21,51.18,68.09,1.33
TX,U553N EXPEDITION [18-24],1651070,01,7,95,481.68,410.64,545.51,1.33
KS,CX482N ESCAPE [20-26],9D289,42,5,104,253.73,234.56,311.94,1.33
IA,CX727N MACH-E [21-26],10B689,04,9,149,72.47,65.15,86.93,1.33
SC,U502N EXPLORER [11-19],W709002,*,6,147,47.2,38.93,51.61,1.33
MS,CX430N C-SUV [21-27],14G371,04,13,292,42.82,39.54,52.41,1.33
UT,P702N F150 [21-27],78045G34,42,5,72,46.01,40.12,53.34,1.33
AZ,P702N F150 [21-27],4234,42,6,112,558.94,521.27,695.0,1.33
LA,P702N F150 [21-27],12A650,04,12,227,41.07,36.58,48.47,1.33
TN,P552N F-150 [15-20],6731,82,6,236,54.76,52.33,69.63,1.33
MA,P758N C-PICKUP [22-27],14290,X4,6,73,734.05,612.0,811.11,1.33
TX,U540N MKX [16-23],TCARE,82,5,293,303.32,238.44,318.27,1.33
GA,CX430N C-SUV [21-27],48H6,*,8,187,257.05,242.96,324.25,1.33
SC,P702N F150 [21-27],19E525,16,5,69,61.5,51.41,68.35,1.33
OH,CX727N MACH-E [21-26],18C612,04,10,170,38.88,36.83,49.13,1.33
TX,CX430N C-SUV [21-27],18125,D8,8,174,242.71,194.13,258.54,1.33
AZ,P708 F250 - 600 [23-27],7869,D8,7,95,507.07,452.71,600.05,1.33
MA,V363N TRANSIT [14-27],14G672,04,5,63,37.5,36.4,48.26,1.33
AZ,U625N EXPLORER [20-27],2C219,04,7,337,44.71,41.72,55.67,1.33
WA,P702N F150 [21-27],9C888,42,11,189,409.14,329.29,439.1,1.33
NE,P552N F-150 [15-20],6714,82,7,200,60.14,56.45,75.07,1.33
CA,C520N ESCAPE [13-19],8501,42,6,82,914.82,849.81,1130.34,1.33
TX,P375N RANGER [19-23],5E212,04,8,126,739.57,674.38,898.26,1.33
WA,P702N F150 [21-27],48H6,42,22,469,311.51,269.61,358.43,1.33
AZ,V363N TRANSIT [14-27],10B689,04,6,108,67.05,62.58,83.5,1.33
IL,U625N EXPLORER [20-27],4B409,42,14,219,177.15,144.47,191.81,1.33
NH,B515A ECOSPORT INDIA [13-22],5G232,42,5,79,1054.96,916.28,1215.07,1.33
LA,U554N NAVIGATOR [18-24],49H8,42,6,172,304.6,256.44,340.77,1.33
AZ,P758N C-PICKUP [22-27],48H6,42,12,301,292.62,249.42,332.87,1.33
TX,P375N RANGER [19-23],18478,42,5,55,805.59,672.94,892.73,1.33
MA,P702N F150 [21-27],19860,42,11,377,40.55,36.4,48.26,1.33
NV,P558N SUPER DUTY [17-22],14A068,42,8,126,274.92,265.24,353.85,1.33
TX,U554N NAVIGATOR [18-24],6020,D8,5,109,1620.23,1356.8,1806.09,1.33
ME,P702N F150 [21-27],7210,42,6,120,384.2,327.73,437.2,1.33
MO,CX727N MACH-E [21-26],10B689,04,15,409,79.21,68.77,91.3,1.33
AZ,P375N RANGER [19-23],18478,42,10,147,745.33,676.12,900.85,1.33
VA,CD391N FUSION [13-20],2078,01,7,96,223.71,187.16,248.93,1.33
UT,C520N ESCAPE [13-19],7K340,*,5,240,50.48,41.95,55.97,1.33
TX,U553N EXPEDITION [18-24],12029,42,7,84,212.47,172.5,229.09,1.33
MI,P708 F250 - 600 [23-27],RECALEM,04,6,77,61.16,49.46,65.82,1.33
MI,B515A ECOSPORT INDIA [13-22],TCARE,82,26,689,159.26,144.11,191.2,1.33
MI,U625N EXPLORER [20-27],7A195,42,6,81,1342.53,1115.88,1478.86,1.33
WV,P702N F150 [21-27],14B291,04,11,236,43.8,37.37,49.59,1.33
PA,P558N SUPER DUTY [17-22],17527,*,5,114,55.5,46.67,62.23,1.33
NJ,CD391N FUSION [13-20],6009,D8,12,230,3669.85,3250.2,4318.61,1.33
NJ,P702N F150 [21-27],14A626,04,24,641,39.2,35.86,47.8,1.33
NJ,U717N EXPEDITION [25-27],14F042,42,6,104,42.41,36.03,47.8,1.33
MO,C520N ESCAPE [13-19],9D289,42,7,122,289.42,237.04,314.27,1.33
MI,P552N F-150 [15-20],8501,42,7,99,432.99,380.82,507.78,1.33
WY,P702N F150 [21-27],1523200,82,5,74,41.47,37.34,49.57,1.33
IL,U611N AVIATOR [20-27],3A428,D8,8,195,442.24,404.53,536.52,1.33
IN,CD539N EDGE [15-24],6009,D8,5,57,4201.02,3424.71,4541.85,1.33
NJ,CX482N ESCAPE [20-26],9F479,04,16,216,39.82,36.03,47.92,1.33
FL,V363N TRANSIT [14-27],18A484,42,10,274,1493.88,1248.01,1653.66,1.33
GA,C489N MKC [15-19],6009,D8,5,97,4416.2,3826.52,5102.62,1.33
VT,P702N F150 [21-27],17626,42,7,139,364.83,326.03,434.99,1.33
AZ,V363N TRANSIT [14-27],14G371,04,14,290,46.25,41.72,55.67,1.33
NC,CX482N ESCAPE [20-26],99RT4,42,5,95,253.41,219.91,292.65,1.33
KS,CX727N MACH-E [21-26],10B689,04,8,199,76.08,70.06,93.22,1.33
ND,P702N F150 [21-27],14G647,04,5,99,231.69,217.82,289.5,1.33
TX,P558N SUPER DUTY [17-22],19G490,82,5,181,116.15,112.91,150.62,1.33
NY,P558N SUPER DUTY [17-22],14B321,X9,33,1110,39.8,36.2,48.08,1.33
OH,P708 F250 - 600 [23-27],17032,16,10,212,50.42,45.53,60.75,1.33
AR,U553N EXPEDITION [18-24],14G647,42,5,78,114.51,108.6,144.12,1.33
CO,CX727N MACH-E [21-26],PATSKEY,42,6,118,290.23,229.39,304.49,1.33
AZ,P702N F150 [21-27],10B689,04,9,188,69.37,62.58,83.5,1.33
AZ,U725N BRONCO [21-26],48H6,42,7,211,295.55,240.27,320.09,1.33
AZ,P552N F-150 [15-20],9T516,42,8,105,252.33,237.42,316.65,1.33
CO,U553N EXPEDITION [18-24],3N134,D8,6,79,265.23,228.65,305.02,1.33
VT,B515A ECOSPORT INDIA [13-22],5G232,01,5,78,956.47,778.95,1035.75,1.33
NM,P702N F150 [21-27],10D672,42,7,306,60.1,54.93,73.23,1.33
OH,H567N MEDIUM TRUCK [16-27],12A650,04,5,234,49.57,42.64,56.57,1.33
CO,P558N SUPER DUTY [17-22],6K682,42,9,165,3150.04,2740.93,3645.34,1.33
WA,P702N F150 [21-27],5A212,42,14,249,756.32,715.78,954.51,1.33
MA,U725N BRONCO [21-26],17504,42,14,720,39.61,36.4,48.26,1.33
VA,P702N F150 [21-27],5A212,42,5,68,656.35,619.68,826.79,1.33
PA,P558N SUPER DUTY [17-22],3E651,*,7,107,89.55,81.09,107.47,1.33
VA,P758N C-PICKUP [22-27],14G371,04,19,256,48.67,40.1,53.09,1.32
MD,U611N AVIATOR [20-27],9B325,42,6,128,191.88,181.34,240.2,1.32
AZ,P552N F-150 [15-20],16502C22,42,6,108,2512.67,2185.87,2875.9,1.32
OR,P702N F150 [21-27],48H6,42,17,372,290.57,258.39,341.86,1.32
WA,U625N EXPLORER [20-27],7P155,42,14,231,43.46,36.68,48.58,1.32
OH,P702N F150 [21-27],1654022,D4,6,81,415.93,354.94,468.07,1.32
MD,P758N C-PICKUP [22-27],14G371,04,7,94,47.39,40.57,53.38,1.32
CA,CD391N FUSION [13-20],9D289,41,5,104,358.12,292.8,387.68,1.32
MO,P708 F250 - 600 [23-27],65,42,9,147,279.46,224.25,295.27,1.32
IN,CX727N MACH-E [21-26],18C612,04,5,102,45.08,37.75,49.93,1.32
MD,P375N RANGER [19-23],14G371,04,7,94,47.05,40.57,53.38,1.32
MN,CX482N ESCAPE [20-26],19703,42,5,69,225.44,176.8,233.32,1.32
NE,C520N ESCAPE [13-19],7K340,*,6,322,47.68,44.32,58.62,1.32
OH,U502N EXPLORER [11-19],8501,42,10,166,1165.65,1041.06,1374.68,1.32
VA,P702N F150 [21-27],19703,42,10,154,45.33,40.1,53.09,1.32
TX,P552N F-150 [15-20],16502C22,42,12,163,2287.19,1968.44,2607.36,1.32
IA,U625N EXPLORER [20-27],12A650,04,9,262,38.2,37.11,48.87,1.32
VA,U625N EXPLORER [20-27],SHUTTLE,82,5,210,668.02,539.56,713.7,1.32
AZ,P702N F150 [21-27],48H6,28,7,845,299.77,255.08,335.64,1.32
MN,U554N NAVIGATOR [18-24],3N134,D8,5,135,317.63,274.74,363.04,1.32
NJ,CX430N C-SUV [21-27],48H6,42,14,187,217.93,196.2,258.04,1.32
TX,U554N NAVIGATOR [18-24],8213,42,14,380,295.51,285.44,376.31,1.32
CO,CX727N MACH-E [21-26],12B637,B4,10,119,45.1,39.08,51.39,1.32
MA,CX482N ESCAPE [20-26],99RT4,42,6,76,264.7,221.05,290.98,1.32
AZ,CDX707A NAUTILUS [23-26],14H522,04,6,663,327.15,294.4,387.16,1.32
IN,P558N SUPER DUTY [17-22],19G490,*,8,150,118.54,113.81,149.93,1.32
OR,CX727N MACH-E [21-26],18C612,04,8,252,46.32,40.47,53.38,1.32
MN,P552N F-150 [15-20],7222,33,5,98,108.4,89.27,117.6,1.32
WV,CDX707A NAUTILUS [23-26],14H522,04,5,64,282.57,260.32,342.55,1.32
ME,P558N SUPER DUTY [17-22],3A131,33,6,130,282.55,256.35,337.24,1.32
OH,CX483N CORSAIR [20-26],14B350,42,6,160,238.0,231.23,304.54,1.32
AZ,U625N EXPLORER [20-27],48H6,28,5,449,304.81,255.08,335.64,1.32
VA,V363N TRANSIT [14-27],14G371,04,20,420,47.08,40.1,53.09,1.32
FL,P558N SUPER DUTY [17-22],RECAL,04,11,145,66.34,58.67,77.51,1.32
KY,CX482N ESCAPE [20-26],14F642,42,6,115,41.72,36.26,47.76,1.32
GA,CX482N ESCAPE [20-26],9F479,04,10,146,38.94,35.68,47.1,1.32
UT,P375N RANGER [19-23],14G371,04,9,141,46.82,40.88,53.97,1.32
NJ,CX430N C-SUV [21-27],TCARE,82,5,116,159.87,126.98,167.01,1.32
CO,P552N F-150 [15-20],6335,D8,6,92,1070.14,864.84,1145.65,1.32
WY,P702N F150 [21-27],14529,42,5,77,100.82,82.6,109.01,1.32
NV,CD539N EDGE [15-24],48H6,42,7,439,215.35,191.09,252.47,1.32
TX,P702N F150 [21-27],94RH7,28,6,159,294.77,253.88,335.52,1.32
CO,U611N AVIATOR [20-27],14G371,04,5,722,106.54,86.79,114.19,1.32
KS,P552N F-150 [15-20],3C247,42,5,94,459.77,454.82,598.32,1.32
WA,P758N C-PICKUP [22-27],3B436,42,15,230,686.25,569.93,752.07,1.32
OR,V363N TRANSIT [14-27],7A195,04,17,1327,40.02,35.79,47.1,1.32
NE,CD539N EDGE [15-24],7K340,*,5,212,40.18,37.32,49.39,1.32
IN,U553N EXPEDITION [18-24],5E212,42,9,143,852.35,790.73,1046.02,1.32
TX,C520N ESCAPE [13-19],48H6,42,5,59,81.43,77.58,102.06,1.32
WA,CD539N EDGE [15-24],48H6,42,7,105,293.89,253.14,333.54,1.32
IL,CX483N CORSAIR [20-26],RECALEM,04,5,67,73.92,64.35,84.92,1.32
IN,U502N EXPLORER [11-19],W709002,*,12,370,40.2,38.24,50.36,1.32
CA,C520N ESCAPE [13-19],3B436,42,5,70,519.33,407.47,537.24,1.32
NJ,P558N SUPER DUTY [17-22],9C888,42,6,73,537.96,434.81,575.11,1.32
OH,V363N TRANSIT [14-27],75W85,*,7,127,58.32,53.4,70.29,1.32
IL,CDX707A NAUTILUS [23-26],9F593,42,9,289,845.45,756.42,998.9,1.32
IL,U553N EXPEDITION [18-24],48H6,42,8,132,306.71,279.66,369.8,1.32
CA,U625N EXPLORER [20-27],DTEST,82,6,429,99.92,89.21,117.76,1.32
WI,CD391N FUSION [13-20],2078,*,9,147,186.9,170.67,225.0,1.32
CA,CX430N C-SUV [21-27],7813086,39,14,203,147.85,132.43,175.38,1.32
NH,P558N SUPER DUTY [17-22],19G490,*,5,110,124.84,110.19,145.79,1.32
KS,CX430N C-SUV [21-27],8A507,*,5,74,95.21,91.18,120.52,1.32
MD,U502N EXPLORER [11-19],8501,42,9,172,1117.84,1017.84,1341.27,1.32
WA,P702N F150 [21-27],19E525,16,11,168,63.56,52.58,69.47,1.32
IL,U554N NAVIGATOR [18-24],RECAL,42,7,189,44.31,40.36,53.25,1.32
NY,U554N NAVIGATOR [18-24],1104,42,6,79,580.47,523.58,689.73,1.32
TX,P552N F-150 [15-20],TIRERPL,82,12,201,221.02,193.75,256.09,1.32
IL,P558N SUPER DUTY [17-22],3E651,*,7,114,116.38,97.48,129.16,1.32
MI,CX482N ESCAPE [20-26],5E212,01,14,186,1106.9,1005.01,1328.47,1.32
CA,P758N C-PICKUP [22-27],99RT4,63,9,188,322.91,280.47,369.12,1.32
NY,P558N SUPER DUTY [17-22],5L239,42,5,52,282.25,239.1,314.6,1.32
ID,P708 F250 - 600 [23-27],65,42,5,79,320.17,272.73,360.35,1.32
FL,P702N F150 [21-27],6K682,42,7,93,1494.37,1351.85,1782.94,1.32
NE,P702N F150 [21-27],3N134,D8,5,93,253.88,221.23,292.29,1.32
NJ,CX727N MACH-E [21-26],18D890,04,5,57,52.26,47.43,62.52,1.32
UT,U553N EXPEDITION [18-24],5E212,42,7,121,956.89,790.12,1040.87,1.32
TX,P708 F250 - 600 [23-27],7869,42,6,83,506.86,408.3,540.46,1.32
IL,P702N F150 [21-27],10B689,04,5,61,107.91,94.34,124.93,1.32
IL,P552N F-150 [15-20],7H351,30,5,117,3883.26,3470.77,4597.21,1.32
MO,P558N SUPER DUTY [17-22],6K682,42,6,111,2825.6,2646.99,3506.35,1.32
OR,P702N F150 [21-27],14A626,04,13,584,39.56,35.79,47.1,1.32
MO,P702N F150 [21-27],W702554,*,6,105,83.68,72.99,96.51,1.32
DE,P552N F-150 [15-20],5E212,55,5,119,1435.56,1184.97,1559.4,1.32
NV,P558N SUPER DUTY [17-22],6675,D8,6,256,1232.52,1195.58,1580.42,1.32
WA,U625N EXPLORER [20-27],7000,42,8,94,4213.16,3635.79,4799.63,1.32
UT,P558N SUPER DUTY [17-22],5E145,42,5,73,330.34,307.32,404.19,1.32
IN,CX482N ESCAPE [20-26],18125,D8,7,79,325.14,276.37,364.57,1.32
IN,P758N C-PICKUP [22-27],3B436,42,8,111,562.95,539.71,712.78,1.32
MO,P558N SUPER DUTY [17-22],16720,39,5,130,236.46,195.3,257.36,1.32
FL,P702N F150 [21-27],5E212,55,5,133,1651.36,1547.21,2031.25,1.31
MD,CX482N ESCAPE [20-26],9F479,04,14,328,38.02,36.26,47.36,1.31
MD,ECONOLINE [97-27],6006,42,5,116,8460.46,6710.61,8778.32,1.31
AZ,P558N SUPER DUTY [17-22],16720,39,10,377,269.84,233.25,304.79,1.31
TN,U625N EXPLORER [20-27],48H6,42,7,103,311.83,272.95,357.31,1.31
ME,P552N F-150 [15-20],9C888,42,7,116,372.74,316.8,414.75,1.31
FL,P702N F150 [21-27],6256,42,5,293,2639.08,2194.88,2884.53,1.31
ND,P702N F150 [21-27],12A650,04,7,169,44.36,37.85,49.59,1.31
CA,CX482N ESCAPE [20-26],7020125,61,8,125,450.94,395.2,517.52,1.31
PA,P702N F150 [21-27],17626,42,5,65,539.24,467.1,614.17,1.31
CA,U553N EXPEDITION [18-24],1104,42,6,80,508.08,473.19,618.56,1.31
PA,U540N MKX [16-23],9D289,42,7,129,335.53,299.93,393.06,1.31
GA,CD539N EDGE [15-24],6009,D8,8,105,3584.54,3472.04,4546.93,1.31
IL,CX482N ESCAPE [20-26],RECALEM,04,10,134,75.13,65.0,85.18,1.31
NC,U625N EXPLORER [20-27],TCARE,82,7,120,227.35,223.22,291.72,1.31
TX,U222N EXPEDITION [02-17],65,42,5,58,52.21,47.14,61.83,1.31
MD,P758N C-PICKUP [22-27],3B436,42,12,170,562.97,526.13,688.84,1.31
IN,U625N EXPLORER [20-27],48H6,42,5,53,281.98,255.6,335.95,1.31
MD,P758N C-PICKUP [22-27],99RT4,42,5,58,315.21,284.15,372.47,1.31
NH,P702N F150 [21-27],17508,*,5,279,126.33,111.46,146.14,1.31
CT,CD539N EDGE [15-24],48H6,42,6,100,264.23,248.12,325.77,1.31
MD,P473N SUPER DUTY [11-16],5J225,42,30,1075,559.03,500.79,656.68,1.31
AZ,P758N C-PICKUP [22-27],99RT4,42,12,270,283.37,259.65,339.81,1.31
AZ,P558N SUPER DUTY [17-22],4676,D8,5,86,220.05,195.43,256.42,1.31
TX,U625N EXPLORER [20-27],4B409,42,7,94,120.25,103.96,136.14,1.31
MA,CX482N ESCAPE [20-26],48H6,42,6,79,349.19,309.8,406.14,1.31
CA,CX482N ESCAPE [20-26],8312,33,6,98,354.05,317.16,414.02,1.31
NY,U718N NAVIGATOR [25-27],14F042,42,8,183,38.61,36.6,48.08,1.31
OH,U502N EXPLORER [11-19],5G232,42,6,75,828.77,699.22,919.35,1.31
MO,CX430N C-SUV [21-27],48H6,42,11,147,293.1,234.81,306.5,1.31
CO,P702N F150 [21-27],DIAG,42,5,118,84.36,73.33,95.92,1.31
AZ,U554N NAVIGATOR [18-24],14B561,04,5,237,433.19,331.31,434.87,1.31
MO,U625N EXPLORER [20-27],18125,42,6,81,218.53,188.54,246.8,1.31
CA,S550N MUSTANG [15-23],5G232,42,9,109,1042.96,976.94,1280.89,1.31
AR,CX482N ESCAPE [20-26],8A507,*,7,139,100.33,83.62,109.68,1.31
NY,U725N BRONCO [21-26],4A376,01,6,78,471.18,385.85,507.05,1.31
AL,U502N EXPLORER [11-19],W709002,*,5,106,46.82,42.84,56.04,1.31
TN,U625N EXPLORER [20-27],4A015,D8,6,103,893.19,708.64,926.59,1.31
NM,C346N FOCUS [12-18],9D289,42,8,175,103.04,84.07,110.21,1.31
UT,P758N C-PICKUP [22-27],99RT4,42,5,67,310.08,267.42,351.37,1.31
GA,CD539N EDGE [15-24],48H6,42,19,374,288.13,244.74,319.91,1.31
IA,P473N SUPER DUTY [11-16],14A664,*,6,83,87.32,73.53,96.6,1.31
GA,CD391N FUSION [13-20],9D289,42,8,139,296.04,266.23,348.24,1.31
SD,CX430N C-SUV [21-27],14G371,04,8,320,39.97,37.23,48.62,1.31
MD,P702N F150 [21-27],19H332,42,5,68,171.78,158.08,207.59,1.31
NC,CD391N FUSION [13-20],7583,*,5,93,40.7,36.57,47.99,1.31
PA,U554N NAVIGATOR [18-24],7H351,42,6,107,2974.59,2504.36,3286.75,1.31
NC,P702N F150 [21-27],14A626,04,16,673,41.32,37.85,49.48,1.31
OR,P552N F-150 [15-20],5E212,42,5,69,1355.58,1097.51,1433.1,1.31
MO,CD539N EDGE [15-24],6009,D8,6,96,4320.88,3706.66,4844.07,1.31
IL,P702N F150 [21-27],11A213,42,14,196,775.21,717.02,937.57,1.31
FL,U553N EXPEDITION [18-24],NPF,82,5,87,118.51,109.2,142.7,1.31
KS,CD391N FUSION [13-20],90T5,42,5,96,47.73,41.64,54.35,1.31
OH,U611N AVIATOR [20-27],9B325,42,7,205,217.95,181.74,238.9,1.31
IN,CX482N ESCAPE [20-26],9F479,04,7,102,39.6,35.68,46.82,1.31
NJ,CX482N ESCAPE [20-26],99RT4,42,10,163,212.12,186.8,244.36,1.31
OR,P758N C-PICKUP [22-27],14290,X4,5,82,694.32,574.94,751.65,1.31
KS,P558N SUPER DUTY [17-22],1A189,42,5,58,116.61,109.33,143.14,1.31
NC,P702N F150 [21-27],3F791,42,6,92,324.26,295.75,388.17,1.31
AZ,CX482N ESCAPE [20-26],48H6,42,16,586,289.18,254.9,332.87,1.31
MI,CX727N MACH-E [21-26],TCARE,82,23,494,240.37,194.55,254.01,1.31
LA,P558N SUPER DUTY [17-22],14B321,X9,12,435,37.93,35.75,46.8,1.31
DE,P552N F-150 [15-20],5E212,42,6,93,1248.19,1181.69,1552.8,1.31
UT,P558N SUPER DUTY [17-22],16720,39,6,132,212.78,182.72,238.48,1.31
FL,P552N F-150 [15-20],2200,30,7,317,227.93,190.11,249.64,1.31
PA,P558N SUPER DUTY [17-22],14B321,X9,37,1058,39.14,35.72,46.37,1.3
OH,CX482N ESCAPE [20-26],48H6,42,21,361,309.41,266.08,346.23,1.3
IL,C489N MKC [15-19],9D289,42,9,158,293.57,272.07,353.89,1.3
AR,P702N F150 [21-27],94RH7,42,12,214,293.67,257.99,334.12,1.3
HI,P702N F150 [21-27],14A626,04,5,284,42.77,35.96,46.89,1.3
GA,U725N BRONCO [21-26],14B291,04,10,175,53.7,43.68,56.61,1.3
CA,CD533N MKZ [13-20],90T5,42,8,140,215.11,211.34,275.25,1.3
NY,U725N BRONCO [21-26],12A650,04,7,104,42.17,37.13,48.08,1.3
NC,CX483N CORSAIR [20-26],94RH7,42,8,202,323.53,295.06,384.65,1.3
KS,P708 F250 - 600 [23-27],65,42,5,129,265.77,234.19,305.58,1.3
FL,U553N EXPEDITION [18-24],6020,D8,5,164,1917.84,1680.52,2186.33,1.3
UT,U554N NAVIGATOR [18-24],6256,42,5,216,1317.75,1180.57,1533.99,1.3
NH,U625N EXPLORER [20-27],3A428,42,9,238,271.44,246.3,319.44,1.3
MA,U625N EXPLORER [20-27],18124,42,6,129,460.58,428.37,556.84,1.3
ID,CX430N C-SUV [21-27],8501,D8,9,620,583.15,534.28,696.35,1.3
NJ,U725N BRONCO [21-26],17504,42,29,1821,37.92,35.86,46.67,1.3
NC,CX430N C-SUV [21-27],8A507,*,7,188,117.12,98.52,128.09,1.3
IL,U717N EXPEDITION [25-27],14F042,42,9,207,53.21,47.43,61.88,1.3
IN,U502N EXPLORER [11-19],16612,D7,6,87,1244.75,1092.55,1425.58,1.3
NY,CX727N MACH-E [21-26],12B637,B4,6,77,40.55,37.13,48.08,1.3
TX,U554N NAVIGATOR [18-24],19G468,42,11,297,1244.81,1064.64,1381.63,1.3
AR,U611N AVIATOR [20-27],14G371,04,5,206,82.36,71.37,92.88,1.3
OH,CX483N CORSAIR [20-26],94RH7,42,10,491,308.92,286.86,373.51,1.3
VA,P558N SUPER DUTY [17-22],16720,39,5,84,259.55,219.43,284.97,1.3
CA,U540N MKX [16-23],94RH7,63,5,173,282.87,245.14,319.77,1.3
LA,CD539N EDGE [15-24],9D289,42,6,91,321.66,290.53,377.04,1.3
NJ,V363N TRANSIT [14-27],6006,42,7,134,6065.02,5609.66,7269.76,1.3
MI,CD391N FUSION [13-20],54264A26,*,5,113,356.76,326.35,425.38,1.3
AZ,P558N SUPER DUTY [17-22],9A543,42,10,273,7677.31,7145.82,9259.14,1.3
GA,V363N TRANSIT [14-27],19805,42,8,123,284.52,250.89,325.86,1.3
SD,P702N F150 [21-27],94RH7,42,6,147,269.77,239.74,310.52,1.3
NJ,P558N SUPER DUTY [17-22],7A100,49,5,87,897.74,717.83,935.83,1.3
UT,CX482N ESCAPE [20-26],14F642,42,6,160,45.68,41.06,53.38,1.3
AZ,P758N C-PICKUP [22-27],14290,X4,14,347,659.26,596.87,776.32,1.3
TX,CD539N EDGE [15-24],7S004,*,7,199,52.24,43.89,57.23,1.3
NV,ECONOLINE [97-27],6006,42,5,128,8659.25,7291.62,9480.99,1.3
IL,P702N F150 [21-27],1654022,D4,6,70,549.16,508.22,659.75,1.3
KS,V363N TRANSIT [14-27],14G371,04,5,99,43.64,41.64,54.15,1.3
IL,P558N SUPER DUTY [17-22],6020,D8,7,103,2940.49,2442.42,3173.05,1.3
WY,P558N SUPER DUTY [17-22],65,42,7,160,152.52,138.56,180.53,1.3
NM,P473N SUPER DUTY [11-16],5J225,42,15,467,527.72,444.64,576.36,1.3
VA,P558N SUPER DUTY [17-22],14G371,04,5,78,44.18,40.1,52.23,1.3
IA,P558N SUPER DUTY [17-22],6675,D8,6,94,1176.17,1141.83,1487.78,1.3
IL,P558N SUPER DUTY [17-22],6K682,42,15,271,3682.41,3248.58,4230.93,1.3
NY,C489N MKC [15-19],9D289,42,11,232,288.68,262.3,342.1,1.3
OH,H567N MEDIUM TRUCK [16-27],6731,82,5,107,149.69,139.21,181.44,1.3
NC,P702N F150 [21-27],48H6,46,5,113,286.95,267.68,348.67,1.3
AR,P558N SUPER DUTY [17-22],9C888,42,9,148,457.61,360.12,467.12,1.3
CA,CX727N MACH-E [21-26],H3,63,7,196,341.43,309.2,401.99,1.3
NJ,P375N RANGER [19-23],14G371,04,11,149,49.35,46.78,60.85,1.3
IN,U625N EXPLORER [20-27],12A650,04,14,278,42.47,35.83,46.65,1.3
NH,CX482N ESCAPE [20-26],8A507,*,5,173,107.6,98.21,127.28,1.3
OH,U553N EXPEDITION [18-24],5E212,42,8,92,901.57,784.83,1021.09,1.3
HI,P702N F150 [21-27],19860,42,5,68,42.77,35.96,46.89,1.3
LA,U222N EXPEDITION [02-17],19805,*,6,121,298.04,235.46,306.93,1.3
NJ,ECONOLINE [97-27],12A650,04,15,604,39.2,35.97,46.89,1.3
NY,U717N EXPEDITION [25-27],14F042,42,7,290,42.17,37.13,48.08,1.3
WA,V363N TRANSIT [14-27],14G672,04,8,194,41.11,37.42,48.58,1.3
NJ,P758N C-PICKUP [22-27],14290,X4,9,112,707.18,620.28,806.35,1.3
IL,U554N NAVIGATOR [18-24],7H351,42,5,98,3447.73,3050.35,3951.71,1.3
NJ,P552N F-150 [15-20],3N134,D8,5,75,275.38,251.8,326.28,1.3
MI,CX482N ESCAPE [20-26],9F479,04,19,398,37.25,36.11,46.81,1.3
NJ,V363N TRANSIT [14-27],7A195,04,29,1303,39.16,36.01,46.67,1.3
WI,CX482N ESCAPE [20-26],78235A62,61,9,516,377.13,330.36,430.18,1.3
CO,CX482N ESCAPE [20-26],RECALEM,04,6,69,63.83,52.24,67.91,1.3
OH,CD391N FUSION [13-20],7583,*,7,102,40.79,37.65,49.05,1.3
AZ,P708 F250 - 600 [23-27],SERVICE,82,6,140,89.21,89.21,115.84,1.3
CT,CX482N ESCAPE [20-26],9D289,42,7,97,238.98,206.59,268.79,1.3
MO,P558N SUPER DUTY [17-22],5L248,42,5,61,285.12,245.68,318.98,1.3
VA,P758N C-PICKUP [22-27],14290,X4,12,207,667.84,567.19,739.43,1.3
CT,V363N TRANSIT [14-27],19703,42,6,134,131.31,127.19,164.81,1.3
VT,P558N SUPER DUTY [17-22],5J249,42,9,307,285.31,238.95,310.42,1.3
MD,P558N SUPER DUTY [17-22],9C888,42,14,266,464.25,420.7,545.7,1.3
NC,U725N BRONCO [21-26],94RH7,42,5,57,336.3,286.91,373.94,1.3
HI,U725N BRONCO [21-26],17504,42,5,174,42.77,35.96,46.89,1.3
IN,P758N C-PICKUP [22-27],14290,X4,7,103,645.46,573.07,743.91,1.3
IN,CX430N C-SUV [21-27],8A507,*,5,103,102.49,92.44,120.24,1.3
TX,P558N SUPER DUTY [17-22],17526,*,10,653,52.56,46.18,59.89,1.3
IL,CD539N EDGE [15-24],7000,42,5,109,4618.15,4357.98,5667.7,1.3
WI,CX482N ESCAPE [20-26],SHUTTLE,82,10,339,539.56,513.86,668.02,1.3
DE,CX430N C-SUV [21-27],8501,D8,9,166,591.86,507.78,658.57,1.3
NJ,P702N F150 [21-27],19860,42,22,632,37.92,35.97,46.67,1.3
IL,ECONOLINE [97-27],00817,30,14,318,142.38,118.31,153.45,1.3
NJ,S550N MUSTANG [15-23],63264A26,42,5,66,392.57,314.04,408.36,1.3
MI,P702N F150 [21-27],2552,42,5,75,424.87,377.73,492.19,1.3
CO,P558N SUPER DUTY [17-22],9D475,42,8,92,686.72,618.79,802.93,1.3
FL,V363N TRANSIT [14-27],TCARE,82,5,95,176.56,166.29,214.82,1.29
IL,P552N F-150 [15-20],6675,42,5,66,718.38,645.38,831.6,1.29
MD,P552N F-150 [15-20],1104,30,6,102,445.66,433.72,560.86,1.29
OK,U553N EXPEDITION [18-24],48H6,42,7,87,297.4,265.1,342.08,1.29
IA,U553N EXPEDITION [18-24],7H351,42,5,73,2649.48,2118.9,2739.28,1.29
TX,CD391N FUSION [13-20],2078,01,5,69,215.82,184.33,237.82,1.29
MI,D544N CONTINENTAL [17-20],TCARE,82,5,215,252.05,208.43,268.69,1.29
MO,ECONOLINE [97-27],00817,30,5,140,105.84,92.15,118.54,1.29
TX,CDX707A NAUTILUS [23-26],2005,79,16,1658,40.23,35.79,46.25,1.29
IA,P558N SUPER DUTY [17-22],9C888,42,9,120,438.0,352.35,455.66,1.29
OK,U553N EXPEDITION [18-24],7A100,49,8,146,82.79,71.94,92.78,1.29
WA,ECONOLINE [97-27],12A650,04,10,367,40.93,37.53,48.58,1.29
FL,P375N RANGER [19-23],5E212,42,8,135,1052.32,922.1,1186.51,1.29
IN,P758N C-PICKUP [22-27],99RT4,42,6,83,300.61,261.62,337.34,1.29
NJ,V408E TRANSIT CONNECT [13-24],SHUTTLE,82,6,160,616.64,539.56,693.72,1.29
AR,U553N EXPEDITION [18-24],7A100,49,7,111,68.52,58.24,75.37,1.29
CA,V363N TRANSIT [14-27],8501,D1,6,96,547.05,497.28,642.21,1.29
PA,C489N MKC [15-19],6009,D8,10,211,4191.05,3607.64,4664.71,1.29
WV,C520N ESCAPE [13-19],6009,D8,12,178,3450.41,3182.01,4091.98,1.29
NY,CDX707A NAUTILUS [23-26],18B008,04,11,402,40.25,36.08,46.46,1.29
NJ,P758N C-PICKUP [22-27],99RT4,42,8,117,266.48,229.6,296.15,1.29
NY,P702N F150 [21-27],14A626,33,5,104,130.69,124.01,159.98,1.29
NY,U611N AVIATOR [20-27],3A427,42,6,82,437.21,396.38,511.28,1.29
IN,CX430N C-SUV [21-27],48H6,*,6,87,270.21,214.25,276.3,1.29
CA,D471N FLEX [09-19],SHUTTLE,82,5,75,668.02,539.56,693.72,1.29
MI,CD539N EDGE [15-24],SHUTTLE,82,6,223,565.25,539.56,693.72,1.29
IN,CX482N ESCAPE [20-26],99RT4,42,8,115,234.39,210.86,271.51,1.29
OK,U502N EXPLORER [11-19],65,42,6,120,58.88,51.74,66.82,1.29
TX,CDX707A NAUTILUS [23-26],18B008,04,14,787,40.23,35.79,46.25,1.29
NM,CX727N MACH-E [21-26],10B689,04,5,190,75.57,70.24,90.93,1.29
NV,P702N F150 [21-27],10B689,04,5,113,81.36,72.16,92.74,1.29
IL,CX483N CORSAIR [20-26],78519A70,42,5,145,184.88,160.16,205.99,1.29
CA,P375N RANGER [19-23],48H6,63,7,238,279.98,239.28,309.62,1.29
CA,CX727N MACH-E [21-26],7861203,28,8,207,136.88,128.79,166.24,1.29
AR,U554N NAVIGATOR [18-24],6256,42,5,110,1466.8,1173.89,1510.94,1.29
IN,P552N F-150 [15-20],6675,D8,13,217,543.71,483.72,626.14,1.29
TX,U540N MKX [16-23],5E212,42,5,118,1147.13,1052.43,1361.83,1.29
IN,CDX707A NAUTILUS [23-26],DELIVERY,82,8,558,49.96,49.96,64.23,1.29
OK,P702N F150 [21-27],9C888,42,7,137,335.86,305.84,394.36,1.29
OR,P552N F-150 [15-20],6675,D8,9,185,580.99,488.96,631.59,1.29
CA,P558N SUPER DUTY [17-22],8005,82,7,164,166.01,148.55,191.0,1.29
OR,CX482N ESCAPE [20-26],14529,91,19,693,45.88,38.73,50.02,1.29
OR,P708 F250 - 600 [23-27],RECALEM,04,8,118,76.87,71.34,92.35,1.29
KS,P758N C-PICKUP [22-27],14G371,04,7,97,43.48,41.3,53.26,1.29
NY,P558N SUPER DUTY [17-22],16720,39,6,84,243.11,222.67,287.89,1.29
PA,U554N NAVIGATOR [18-24],14B561,04,9,201,424.14,357.5,459.67,1.29
NJ,CX482N ESCAPE [20-26],TCARE,82,6,201,157.73,149.84,193.06,1.29
MN,U625N EXPLORER [20-27],SHUTTLE,82,5,172,539.56,539.56,693.72,1.29
NM,P702N F150 [21-27],4676,D8,5,91,199.38,194.71,251.56,1.29
FL,P702N F150 [21-27],17V528,42,5,151,65.7,62.61,80.62,1.29
IA,CX727N MACH-E [21-26],14A411,28,5,78,273.01,212.65,274.42,1.29
CA,V363N TRANSIT [14-27],SHUTTLE,82,6,180,539.56,539.56,693.72,1.29
AZ,V363N TRANSIT [14-27],18A484,42,9,401,1314.96,1102.17,1416.5,1.29
AZ,CX727N MACH-E [21-26],18C612,04,13,623,42.54,36.74,47.39,1.29
NY,C489N MKC [15-19],48H6,42,8,172,245.42,222.4,286.27,1.29
AZ,CD391N FUSION [13-20],6009,D8,12,271,3960.26,3368.4,4362.01,1.29
OH,P758N C-PICKUP [22-27],99RT4,42,16,223,299.49,259.74,334.97,1.29
KS,P552N F-150 [15-20],14G371,04,11,230,43.48,41.3,53.26,1.29
ID,P702N F150 [21-27],5A212,42,5,92,732.25,665.87,859.05,1.29
MI,CX727N MACH-E [21-26],PATSKEY,42,13,211,254.53,240.19,309.47,1.29
NC,P702N F150 [21-27],3N134,D8,6,85,280.89,277.39,357.36,1.29
TX,U625N EXPLORER [20-27],SHUTTLE,82,9,295,668.02,539.56,693.72,1.29
TX,CD539N EDGE [15-24],SHUTTLE,82,9,195,668.02,539.56,693.72,1.29
FL,P558N SUPER DUTY [17-22],15604,04,18,339,38.94,37.04,47.96,1.29
SD,P702N F150 [21-27],1523200,82,7,169,39.23,36.04,46.57,1.29
VA,P552N F-150 [15-20],8501,D8,5,112,435.67,368.4,475.58,1.29
CA,U625N EXPLORER [20-27],8501,D8,8,179,595.55,563.68,720.43,1.28
NM,P702N F150 [21-27],1621597,41,7,211,118.62,99.9,127.47,1.28
NE,P558N SUPER DUTY [17-22],6675,D8,6,177,1369.03,1176.46,1509.68,1.28
NH,P558N SUPER DUTY [17-22],14B321,X9,10,570,38.32,35.97,46.04,1.28
LA,P552N F-150 [15-20],14G371,04,13,262,45.88,40.37,51.6,1.28
TX,U625N EXPLORER [20-27],6006,42,5,78,7847.65,6161.91,7908.94,1.28
IA,V363N TRANSIT [14-27],14G371,04,5,119,42.09,38.73,49.67,1.28
VA,U554N NAVIGATOR [18-24],49H8,42,5,268,256.61,255.01,327.36,1.28
TX,P552N F-150 [15-20],2V200,42,8,160,185.98,172.82,221.68,1.28
MN,P552N F-150 [15-20],RECAL,42,5,346,37.25,35.74,45.67,1.28
NJ,U625N EXPLORER [20-27],48H6,42,22,433,225.08,205.68,263.68,1.28
TX,U611N AVIATOR [20-27],15604,X9,9,158,41.05,36.21,46.25,1.28
SC,U725N BRONCO [21-26],12A650,04,7,93,40.54,36.78,46.93,1.28
PA,CX482N ESCAPE [20-26],9F479,04,17,273,39.87,35.68,45.68,1.28
WV,P473N SUPER DUTY [11-16],5J225,42,17,260,516.71,431.13,552.8,1.28
WI,U611N AVIATOR [20-27],12A650,04,6,110,41.47,38.95,49.87,1.28
CT,U625N EXPLORER [20-27],9B325,42,7,100,186.84,180.04,230.81,1.28
NY,U625N EXPLORER [20-27],14B291,04,6,118,49.3,47.49,60.99,1.28
TX,U611N AVIATOR [20-27],12A650,04,14,348,40.23,36.12,46.25,1.28
NJ,U502N EXPLORER [11-19],19E616,42,5,57,284.47,264.41,338.29,1.28
MI,CX483N CORSAIR [20-26],78519A70,42,11,537,200.4,176.39,225.07,1.28
MI,P552N F-150 [15-20],4676,42,5,80,155.21,150.91,193.54,1.28
MA,C520N ESCAPE [13-19],6731,82,6,96,52.71,50.16,64.3,1.28
CA,S550N MUSTANG [15-23],2200,30,6,100,304.59,251.64,321.06,1.28
NH,U553N EXPEDITION [18-24],6256,42,6,94,1297.05,1283.32,1640.05,1.28
OR,P702N F150 [21-27],1621597,41,8,136,128.82,125.43,160.28,1.28
NJ,V363N TRANSIT [14-27],4676,D8,7,88,236.51,226.79,290.75,1.28
MI,P702N F150 [21-27],16720,39,13,175,405.8,351.12,448.28,1.28
PA,U725N BRONCO [21-26],17504,42,26,1032,38.03,35.72,45.56,1.28
PA,V363N TRANSIT [14-27],7A195,04,32,1014,39.0,35.72,45.56,1.28
TX,U718N NAVIGATOR [25-27],14F042,42,13,343,40.23,36.21,46.25,1.28
AZ,CX430N C-SUV [21-27],5E212,01,9,151,1199.94,1049.57,1348.3,1.28
MD,CD391N FUSION [13-20],6009,D8,6,96,4203.94,3490.67,4455.07,1.28
GA,CDX707A NAUTILUS [23-26],9F593,42,6,129,703.51,647.95,832.04,1.28
NY,CX482N ESCAPE [20-26],5E212,01,5,63,1130.12,979.42,1257.49,1.28
NJ,CX482N ESCAPE [20-26],6020,D8,5,104,1065.68,1006.92,1287.22,1.28
MD,P758N C-PICKUP [22-27],RECALEM,04,8,149,88.5,78.01,99.94,1.28
WA,CX727N MACH-E [21-26],PATSKEY,42,10,172,287.46,242.29,310.2,1.28
PA,C346N FOCUS [12-18],7Z369,42,8,112,578.34,526.68,675.09,1.28
MD,P702N F150 [21-27],48H6,42,29,768,290.4,258.08,329.1,1.28
IN,P558N SUPER DUTY [17-22],14B321,X9,14,497,37.71,35.83,45.79,1.28
OK,P558N SUPER DUTY [17-22],14B321,X9,14,753,37.79,35.82,45.71,1.28
CA,P702N F150 [21-27],94RH7,63,11,322,316.51,269.71,343.92,1.28
OR,P552N F-150 [15-20],1104,42,7,161,463.75,401.01,513.22,1.28
ND,P702N F150 [21-27],19860,42,6,328,36.51,35.72,45.71,1.28
FL,P375N RANGER [19-23],5E212,04,8,114,891.5,761.08,974.97,1.28
VT,P702N F150 [21-27],17508,*,5,238,118.15,98.42,126.14,1.28
GA,P758N C-PICKUP [22-27],14290,X4,9,112,691.35,572.27,733.83,1.28
NY,ECONOLINE [97-27],12A650,04,11,363,37.63,36.08,46.13,1.28
NC,P702N F150 [21-27],1654022,D4,9,153,474.8,425.22,542.88,1.28
VA,CX482N ESCAPE [20-26],14G371,04,16,307,47.08,40.1,51.39,1.28
FL,U553N EXPEDITION [18-24],6714,82,7,103,55.92,50.69,64.68,1.28
SC,P702N F150 [21-27],1654022,D4,5,70,479.65,394.43,503.18,1.28
FL,ECONOLINE [97-27],14F642,42,5,128,44.11,38.0,48.82,1.28
NY,U625N EXPLORER [20-27],5E212,01,6,107,1015.11,881.33,1125.6,1.28
NJ,P702N F150 [21-27],78045G34,42,15,233,49.32,44.91,57.28,1.28
CO,U725N BRONCO [21-26],12A650,04,6,92,46.15,41.06,52.41,1.28
CT,U625N EXPLORER [20-27],8501,D8,6,116,470.88,404.62,516.3,1.28
TN,B515A ECOSPORT INDIA [13-22],6006,42,5,57,3774.02,3443.71,4398.35,1.28
CO,P702N F150 [21-27],3F791,42,10,192,365.44,349.86,448.87,1.28
NM,U625N EXPLORER [20-27],14529,91,11,533,40.22,36.88,47.27,1.28
ND,V363N TRANSIT [14-27],7A195,04,6,107,36.58,35.75,45.71,1.28
NE,CD539N EDGE [15-24],48H6,42,10,259,266.05,246.58,314.86,1.28
NV,P552N F-150 [15-20],6675,D8,6,515,638.64,601.0,766.9,1.28
LA,CX430N C-SUV [21-27],8501,D8,10,210,586.85,526.95,666.76,1.27
WI,V363N TRANSIT [14-27],9D370,42,7,92,49.61,45.03,57.36,1.27
IN,CX430N C-SUV [21-27],9D289,42,6,109,255.84,229.47,290.53,1.27
LA,CX482N ESCAPE [20-26],9D289,42,8,129,245.67,215.39,274.45,1.27
MO,CD391N FUSION [13-20],RENTAL,82,6,123,285.48,224.82,285.48,1.27
CA,S550N MUSTANG [15-23],8501,D8,5,56,488.08,452.03,575.51,1.27
OH,C520N ESCAPE [13-19],9G444,42,5,59,231.02,222.3,281.43,1.27
CA,U553N EXPEDITION [18-24],5E212,42,5,67,1067.43,950.48,1208.68,1.27
PA,P552N F-150 [15-20],13K359,42,8,106,124.35,103.96,132.46,1.27
WI,P702N F150 [21-27],11A213,42,13,194,741.23,650.95,829.56,1.27
SC,P702N F150 [21-27],19703,42,8,102,52.53,48.73,61.66,1.27
NC,H567N MEDIUM TRUCK [16-27],5H221,42,5,64,1737.71,1621.46,2057.2,1.27
WI,CD539N EDGE [15-24],6009,D8,7,84,4537.68,4163.15,5279.51,1.27
PA,P552N F-150 [15-20],11002,42,6,67,279.19,269.64,343.68,1.27
MI,C489N MKC [15-19],9D289,42,8,307,275.11,249.05,315.42,1.27
OR,P702N F150 [21-27],14529,42,11,208,131.81,119.24,151.53,1.27
IA,CD539N EDGE [15-24],6375,01,5,118,102.99,96.55,122.16,1.27
CO,P558N SUPER DUTY [17-22],7B215,D8,5,78,111.14,99.13,125.95,1.27
VT,U625N EXPLORER [20-27],19980,39,7,150,82.08,72.24,92.02,1.27
IL,U611N AVIATOR [20-27],7P238,42,5,92,486.5,438.43,558.7,1.27
FL,P702N F150 [21-27],3504,42,7,86,1589.36,1361.47,1728.0,1.27
AK,P558N SUPER DUTY [17-22],RECALEM,04,5,92,82.07,77.08,97.74,1.27
PA,P702N F150 [21-27],19860,42,25,490,39.5,35.99,45.56,1.27
AZ,P702N F150 [21-27],78045G34,42,6,115,48.93,43.89,55.76,1.27
MO,CD391N FUSION [13-20],6009,D8,9,150,3897.96,3378.83,4293.95,1.27
PA,P702N F150 [21-27],14A626,04,21,330,38.11,35.76,45.56,1.27
NE,CX430N C-SUV [21-27],8A507,*,5,86,100.62,92.0,116.39,1.27
NC,U222N EXPEDITION [02-17],19805,*,8,194,300.42,286.81,364.25,1.27
MO,CX430N C-SUV [21-27],9D289,42,6,110,290.56,239.03,304.08,1.27
MI,C489N MKC [15-19],7902,42,5,77,2747.22,2469.28,3143.08,1.27
CT,P552N F-150 [15-20],7A100,49,7,90,71.26,66.1,83.93,1.27
NM,U625N EXPLORER [20-27],19980,39,10,333,87.84,74.37,94.31,1.27
MI,P552N F-150 [15-20],7222,42,7,239,106.33,104.48,133.19,1.27
OH,CX430N C-SUV [21-27],2001,*,5,68,109.05,106.67,135.08,1.27
MA,U502N EXPLORER [11-19],16612,D7,5,94,1187.23,1086.49,1378.37,1.27
IL,P552N F-150 [15-20],8501,D8,7,86,478.62,427.31,544.23,1.27
NV,U625N EXPLORER [20-27],3A427,D8,5,171,285.75,282.78,358.44,1.27
VA,P702N F150 [21-27],TCARE,82,5,109,214.79,183.16,233.41,1.27
IL,P558N SUPER DUTY [17-22],4676,D8,7,100,282.39,269.43,342.5,1.27
OH,U725N BRONCO [21-26],4A376,01,6,65,455.85,410.38,520.22,1.27
LA,P702N F150 [21-27],13008,42,8,112,1581.32,1304.47,1656.86,1.27
TX,P558N SUPER DUTY [17-22],6020,D8,7,102,1844.12,1755.84,2226.19,1.27
WI,ECONOLINE [97-27],12A650,04,6,111,42.82,40.57,51.71,1.27
ND,P558N SUPER DUTY [17-22],3254,42,5,146,433.93,375.39,477.76,1.27
SC,P702N F150 [21-27],14A626,04,9,213,38.54,36.4,46.25,1.27
VA,CX727N MACH-E [21-26],18C612,04,17,600,41.88,36.55,46.59,1.27
KS,P702N F150 [21-27],94RH7,42,8,263,276.43,241.44,305.58,1.27
UT,U553N EXPEDITION [18-24],6256,42,14,800,1292.47,1157.26,1467.83,1.27
NY,CD539N EDGE [15-24],5E212,42,7,167,1334.98,1200.54,1526.4,1.27
MO,V363N TRANSIT [14-27],9D370,42,5,64,47.15,41.47,52.67,1.27
NC,P702N F150 [21-27],10849,42,5,62,687.91,608.89,775.77,1.27
FL,P702N F150 [21-27],ROADASST,82,7,287,99.92,78.51,99.92,1.27
MO,U625N EXPLORER [20-27],2C219,04,8,142,44.96,41.29,52.61,1.27
PA,C520N ESCAPE [13-19],7000,42,8,120,4675.54,4248.32,5408.78,1.27
UT,P558N SUPER DUTY [17-22],6675,D8,8,296,1197.4,1130.49,1436.02,1.27
IL,C520N ESCAPE [13-19],96R,42,5,66,120.64,95.62,121.73,1.27
NC,V363N TRANSIT [14-27],14G672,04,5,100,37.85,37.44,47.43,1.27
CT,U611N AVIATOR [20-27],14G371,04,5,187,88.26,83.0,105.11,1.27
OR,P702N F150 [21-27],4676,D8,5,88,212.95,183.96,233.17,1.27
UT,CX727N MACH-E [21-26],RENTAL,82,6,158,256.93,224.82,285.48,1.27
MD,P708 F250 - 600 [23-27],65,42,7,87,272.56,240.55,305.53,1.27
NJ,CX727N MACH-E [21-26],12B637,B4,7,95,41.75,37.01,46.89,1.27
NH,U725N BRONCO [21-26],17504,42,5,240,36.86,36.29,46.04,1.27
TX,P702N F150 [21-27],11002,42,5,53,366.77,299.5,380.54,1.27
TX,P702N F150 [21-27],10346,42,7,97,874.8,754.37,957.19,1.27
NY,U553N EXPEDITION [18-24],TCARE,82,6,88,215.18,181.6,229.45,1.26
NH,P702N F150 [21-27],19860,42,6,123,39.82,36.4,46.04,1.26
OH,P552N F-150 [15-20],6731,82,6,109,52.79,49.52,62.26,1.26
TX,U554N NAVIGATOR [18-24],7B177,42,5,133,3263.01,2818.71,3540.98,1.26
ND,U553N EXPEDITION [18-24],78045G34,42,6,95,45.78,45.43,57.1,1.26
OH,P703N RANGER [24-26],26243C02,*,5,114,252.78,208.04,261.12,1.26
GA,U717N EXPEDITION [25-27],14F042,42,16,384,39.0,35.78,44.95,1.26
AZ,CX482N ESCAPE [20-26],14F642,42,6,118,46.25,44.25,55.67,1.26
NC,U554N NAVIGATOR [18-24],49H8,42,8,258,350.23,325.77,411.38,1.26
LA,P558N SUPER DUTY [17-22],6F073,01,5,146,190.08,156.24,196.15,1.26
NY,C489N MKC [15-19],6009,D8,12,181,4567.6,4384.54,5539.02,1.26
FL,U725N BRONCO [21-26],3254,D8,6,93,393.46,366.46,460.62,1.26
OR,CX727N MACH-E [21-26],10C666,42,5,111,1640.19,1447.74,1820.14,1.26
PA,CX430N C-SUV [21-27],48H6,42,17,232,295.19,270.46,339.84,1.26
IL,U625N EXPLORER [20-27],TCARE,82,6,207,263.68,238.33,301.44,1.26
MI,CX482N ESCAPE [20-26],9J433,42,5,66,215.17,200.04,251.9,1.26
AZ,U502N EXPLORER [11-19],8501,D8,11,232,1327.89,1140.24,1434.12,1.26
IL,U554N NAVIGATOR [18-24],3N134,D8,5,219,359.42,317.53,398.87,1.26
WA,U611N AVIATOR [20-27],DELIVERY,82,5,1015,103.49,90.64,114.19,1.26
OR,P708 F250 - 600 [23-27],65,42,6,101,280.59,256.25,323.76,1.26
CA,P558N SUPER DUTY [17-22],17V528,82,6,111,44.22,39.81,50.22,1.26
MI,U540N MKX [16-23],9D289,42,10,356,326.94,306.66,384.88,1.26
OK,P558N SUPER DUTY [17-22],14G371,04,5,75,50.39,47.02,59.23,1.26
NJ,P473N SUPER DUTY [11-16],5J225,42,33,730,567.75,507.77,639.82,1.26
MS,P558N SUPER DUTY [17-22],5L248,42,5,71,248.58,206.82,261.2,1.26
CT,P558N SUPER DUTY [17-22],14B321,X9,8,262,38.09,35.81,44.95,1.26
IN,U553N EXPEDITION [18-24],7A100,42,5,69,921.86,811.18,1024.12,1.26
MI,B515A ECOSPORT INDIA [13-22],5G232,01,9,127,1110.63,1011.72,1270.26,1.26
NV,P708 F250 - 600 [23-27],14B291,04,10,659,56.24,50.42,63.7,1.26
IL,U625N EXPLORER [20-27],6C525,42,5,245,5465.16,4793.14,6054.58,1.26
CA,P702N F150 [21-27],1A189,42,7,92,124.65,102.43,129.29,1.26
KS,V363N TRANSIT [14-27],9D370,42,5,81,47.13,41.94,52.84,1.26
MI,U540N MKX [16-23],14B351,42,8,138,463.99,435.98,550.91,1.26
NH,P702N F150 [21-27],94RH7,42,6,119,325.18,284.54,357.64,1.26
OH,C520N ESCAPE [13-19],7K340,*,6,802,47.52,42.04,53.1,1.26
CO,CX430N C-SUV [21-27],48H6,*,5,88,345.54,283.38,358.3,1.26
IL,U553N EXPEDITION [18-24],3N134,D8,10,180,333.34,313.61,396.57,1.26
IL,U611N AVIATOR [20-27],3A427,D8,7,119,415.05,375.15,471.49,1.26
NV,U625N EXPLORER [20-27],3A428,D8,5,220,323.56,289.23,364.48,1.26
TX,ECONOLINE [97-27],12A650,04,11,283,37.89,36.83,46.46,1.26
TX,CX430N C-SUV [21-27],7813086,39,9,113,136.67,122.78,154.97,1.26
LA,U625N EXPLORER [20-27],14529,91,23,820,39.45,36.74,46.18,1.26
CT,V363N TRANSIT [14-27],7A195,04,7,304,40.18,35.81,44.95,1.26
SD,U502N EXPLORER [11-19],W709002,*,8,264,45.61,39.72,50.09,1.26
NV,U625N EXPLORER [20-27],48H6,42,5,568,264.18,235.71,298.11,1.26
NH,P552N F-150 [15-20],6675,D8,5,92,575.03,529.64,665.05,1.26
OH,P558N SUPER DUTY [17-22],7L192,42,5,93,1463.73,1359.59,1709.34,1.26
VA,U625N EXPLORER [20-27],2C219,04,12,203,49.07,43.35,54.49,1.26
NV,U725N BRONCO [21-26],17504,42,7,1074,40.68,35.95,45.18,1.26
KS,CD539N EDGE [15-24],9F464,01,5,63,508.05,454.41,571.22,1.26
OK,CDX707A NAUTILUS [23-26],14H522,04,6,466,338.02,286.72,360.33,1.26
SD,P702N F150 [21-27],19E525,16,5,165,46.73,44.03,55.67,1.26
OK,P702N F150 [21-27],3N134,D8,5,77,290.0,262.88,330.14,1.26
NM,P702N F150 [21-27],7210,42,10,244,387.19,337.97,424.83,1.26
IL,U625N EXPLORER [20-27],48H6,42,12,203,313.74,292.86,369.8,1.26
MO,U554N NAVIGATOR [18-24],6256,42,5,180,1464.48,1384.08,1750.31,1.26
ND,P558N SUPER DUTY [17-22],5J249,42,5,123,352.77,324.63,408.83,1.26
ME,P702N F150 [21-27],10D672,42,9,264,56.1,51.08,64.23,1.26
NC,CD391N FUSION [13-20],2078,01,5,72,221.84,193.56,243.54,1.26
MO,U625N EXPLORER [20-27],4B409,42,8,102,130.29,117.72,148.74,1.26
PA,P558N SUPER DUTY [17-22],7L192,42,6,80,1568.4,1385.11,1746.33,1.26
NC,P702N F150 [21-27],78045G34,42,6,103,54.71,47.71,60.24,1.26
ME,P558N SUPER DUTY [17-22],3B396,42,5,72,321.91,307.91,388.27,1.26
NV,P702N F150 [21-27],19G490,42,5,134,298.39,266.8,337.12,1.26
MS,P558N SUPER DUTY [17-22],9C888,42,7,131,454.31,381.39,481.32,1.26
NJ,U540N MKX [16-23],RECAL,04,7,131,97.03,89.95,113.75,1.26
WA,P702N F150 [21-27],78045G34,42,12,165,51.11,45.77,57.85,1.26
VA,P708 F250 - 600 [23-27],RECALEM,04,8,95,68.78,62.52,78.89,1.26
VA,CX727N MACH-E [21-26],PATSKEY,42,9,165,258.07,232.56,291.55,1.25
NJ,U625N EXPLORER [20-27],RECALEM,04,6,92,52.26,50.17,62.52,1.25
AZ,P758N C-PICKUP [22-27],H4,42,10,160,340.56,313.42,391.67,1.25
AR,P702N F150 [21-27],1523200,82,10,282,39.5,37.11,46.44,1.25
IL,P552N F-150 [15-20],9F472,42,5,60,291.55,254.75,317.35,1.25
AZ,P552N F-150 [15-20],4B416,D8,7,208,199.51,187.8,234.32,1.25
MD,ECONOLINE [97-27],00817,30,5,84,93.89,91.97,114.96,1.25
MO,P558N SUPER DUTY [17-22],W702554,*,6,161,43.51,38.95,48.64,1.25
MI,U725N BRONCO [21-26],12A650,04,5,81,41.88,39.26,49.25,1.25
IL,U625N EXPLORER [20-27],4A015,42,7,237,1157.3,991.64,1244.27,1.25
TX,U540N MKX [16-23],5804338,42,6,88,183.31,175.29,219.33,1.25
NY,CDX707A NAUTILUS [23-26],18C612,04,6,94,39.4,36.08,45.03,1.25
MI,CX482N ESCAPE [20-26],4000,42,7,92,1555.48,1441.14,1801.64,1.25
WI,P552N F-150 [15-20],7222,33,10,227,108.2,101.76,127.42,1.25
OH,U554N NAVIGATOR [18-24],49H8,42,7,324,354.42,298.11,373.82,1.25
VA,U611N AVIATOR [20-27],9B325,42,5,201,219.09,195.0,243.74,1.25
IL,CD391N FUSION [13-20],2078,01,12,249,279.06,238.0,296.41,1.25
OR,P758N C-PICKUP [22-27],99RT4,42,5,87,320.8,300.92,374.72,1.25
MO,U611N AVIATOR [20-27],14G371,04,6,502,78.6,73.88,92.08,1.25
NC,CX727N MACH-E [21-26],10C666,42,7,183,1639.93,1495.71,1870.24,1.25
OR,P702N F150 [21-27],19860,42,12,365,39.56,36.93,46.18,1.25
NJ,V408E TRANSIT CONNECT [13-24],9D475,42,7,100,298.98,254.25,318.38,1.25
NC,P702N F150 [21-27],TCARE,82,7,149,218.75,196.32,244.94,1.25
TX,P558N SUPER DUTY [17-22],5H270,42,5,60,4414.01,3706.54,4625.18,1.25
WY,P558N SUPER DUTY [17-22],6675,D8,5,131,1110.46,1073.65,1343.54,1.25
NE,P552N F-150 [15-20],4676,D8,8,234,187.35,163.47,205.13,1.25
FL,P552N F-150 [15-20],19N619,82,7,123,48.53,42.79,53.67,1.25
UT,P702N F150 [21-27],4676,42,6,123,191.69,160.76,201.08,1.25
KY,CX482N ESCAPE [20-26],9D289,42,5,75,242.34,209.93,262.37,1.25
IA,CX482N ESCAPE [20-26],48H6,42,6,122,321.97,277.39,347.56,1.25
MI,P702N F150 [21-27],H3,42,5,91,292.85,266.81,333.37,1.25
AR,P702N F150 [21-27],10D672,42,8,156,57.72,55.67,69.66,1.25
OH,B515A ECOSPORT INDIA [13-22],RECALEM,04,5,79,38.54,37.3,46.62,1.25
TN,U553N EXPEDITION [18-24],78045G34,42,6,121,46.48,44.7,55.74,1.25
AK,P558N SUPER DUTY [17-22],14B321,X9,5,367,43.66,37.79,47.21,1.25
SC,U717N EXPEDITION [25-27],14F042,42,8,134,40.54,37.08,46.25,1.25
AZ,CX430N C-SUV [21-27],48H6,28,6,449,283.3,258.94,323.05,1.25
CA,P552N F-150 [15-20],14D696,42,6,81,263.9,238.15,297.91,1.25
NJ,CD391N FUSION [13-20],9D289,42,12,195,307.22,270.66,339.03,1.25
MN,CX483N CORSAIR [20-26],RENTAL,82,7,501,142.74,128.47,160.58,1.25
MA,P558N SUPER DUTY [17-22],6006,42,7,87,8378.9,7097.95,8869.68,1.25
NH,V363N TRANSIT [14-27],7A195,04,9,586,39.82,36.86,46.04,1.25
ND,P558N SUPER DUTY [17-22],6K682,42,6,154,3052.84,2951.83,3702.25,1.25
OR,P375N RANGER [19-23],14G371,04,5,83,53.38,47.73,59.44,1.25
TN,CD539N EDGE [15-24],48H6,42,10,133,265.99,257.13,320.97,1.25
OK,U553N EXPEDITION [18-24],5E212,42,7,110,971.71,817.24,1024.61,1.25
NH,P702N F150 [21-27],14A626,04,8,150,39.82,36.86,46.04,1.25
GA,U725N BRONCO [21-26],12A650,04,11,169,40.46,35.92,44.95,1.25
MD,U553N EXPEDITION [18-24],14G647,42,5,64,129.4,117.7,146.81,1.25
NY,D544N CONTINENTAL [17-20],94RH7,42,6,81,256.94,228.24,284.35,1.25
AZ,P702N F150 [21-27],8475,42,6,64,519.35,477.87,595.49,1.25
TX,U611N AVIATOR [20-27],3D102,42,7,173,1503.87,1289.02,1606.29,1.25
MS,P702N F150 [21-27],94RH7,42,8,164,302.52,273.88,341.76,1.25
FL,P702N F150 [21-27],4209,42,6,95,1579.05,1352.05,1683.88,1.25
OR,P558N SUPER DUTY [17-22],14B321,X9,20,1142,40.02,36.8,46.18,1.25
CA,CX430N C-SUV [21-27],48H6,63,12,404,285.45,266.03,333.57,1.25
AZ,P758N C-PICKUP [22-27],14529,42,7,98,110.17,92.49,115.66,1.25
WA,U725N BRONCO [21-26],17504,42,25,1401,40.82,36.11,45.02,1.25
SC,CX430N C-SUV [21-27],9D289,42,7,98,282.18,265.81,332.87,1.25
FL,P702N F150 [21-27],94RH7,28,5,163,383.3,327.65,410.91,1.25
WA,P758N C-PICKUP [22-27],99RT4,42,6,93,352.06,309.4,387.79,1.25
MI,U611N AVIATOR [20-27],9B325,42,10,361,200.7,182.39,227.51,1.25
MS,P552N F-150 [15-20],5E212,42,6,73,1092.13,926.24,1161.83,1.25
OH,P552N F-150 [15-20],6675,42,6,85,506.84,469.66,585.13,1.25
AR,U553N EXPEDITION [18-24],5E212,42,11,166,793.06,701.87,878.93,1.25
SD,CX430N C-SUV [21-27],8A507,*,6,113,107.06,97.64,121.31,1.24
FL,U611N AVIATOR [20-27],TCARE,82,12,597,247.8,223.53,276.99,1.24
ND,P702N F150 [21-27],94RH7,42,6,205,308.44,284.69,352.75,1.24
NV,P702N F150 [21-27],4234,01,5,116,699.91,585.06,725.2,1.24
LA,U553N EXPEDITION [18-24],48H6,42,12,221,269.52,243.31,301.21,1.24
CO,CX430N C-SUV [21-27],18125,42,7,192,279.78,245.65,303.6,1.24
IN,ECONOLINE [97-27],00817,30,6,214,83.1,76.64,94.78,1.24
VA,P702N F150 [21-27],78045G34,42,8,93,46.3,41.17,51.02,1.24
CA,V363N TRANSIT [14-27],14529,42,5,68,255.13,239.43,296.93,1.24
IN,P702N F150 [21-27],11A213,42,5,81,630.9,593.43,735.94,1.24
MD,CX727N MACH-E [21-26],18D890,04,6,91,47.05,42.72,53.05,1.24
TX,U611N AVIATOR [20-27],3A428,D8,5,260,410.27,345.26,429.66,1.24
OR,V408E TRANSIT CONNECT [13-24],6731,82,5,96,54.64,49.47,61.44,1.24
GA,U725N BRONCO [21-26],4A376,01,6,117,439.35,430.7,532.73,1.24
GA,P558N SUPER DUTY [17-22],17526,*,5,177,54.06,51.19,63.69,1.24
OH,B515A ECOSPORT INDIA [13-22],6006,42,12,164,3878.7,3549.59,4385.82,1.24
IL,CX727N MACH-E [21-26],12B637,B4,6,85,52.99,48.91,60.84,1.24
NJ,P552N F-150 [15-20],1104,30,5,94,462.36,423.48,525.5,1.24
MI,P702N F150 [21-27],14A626,33,6,88,126.32,121.18,150.8,1.24
MS,U625N EXPLORER [20-27],14529,91,15,521,39.86,37.7,46.69,1.24
MI,CX482N ESCAPE [20-26],2001,*,8,179,145.49,126.05,156.28,1.24
IA,V363N TRANSIT [14-27],48H6,42,5,119,293.27,279.82,347.56,1.24
NV,P473N SUPER DUTY [11-16],5J225,42,9,533,505.87,438.94,543.25,1.24
CT,P558N SUPER DUTY [17-22],6675,D8,5,72,1356.99,1248.3,1543.48,1.24
MD,P702N F150 [21-27],H3,42,5,73,257.66,231.5,285.99,1.24
ID,P552N F-150 [15-20],6020,D8,5,137,1347.9,1224.0,1521.39,1.24
TX,P558N SUPER DUTY [17-22],FRONT,W6,5,71,102.42,92.75,114.9,1.24
PA,U502N EXPLORER [11-19],19E616,42,7,88,251.3,244.53,302.58,1.24
NM,P558N SUPER DUTY [17-22],6K682,42,5,121,3225.94,2684.68,3339.65,1.24
FL,P552N F-150 [15-20],78218A42,42,5,65,212.32,183.76,227.33,1.24
AZ,U502N EXPLORER [11-19],5A972,*,5,193,174.33,164.51,204.12,1.24
OH,P558N SUPER DUTY [17-22],3A131,42,5,95,342.6,319.99,397.76,1.24
WA,ECONOLINE [97-27],00817,30,6,170,116.05,107.75,133.8,1.24
AR,CX430N C-SUV [21-27],8A507,*,5,89,103.15,85.89,106.27,1.24
MI,D471N FLEX [09-19],8501,D8,6,76,1360.75,1239.91,1531.68,1.24
CO,P552N F-150 [15-20],9E926,42,8,105,259.07,243.01,301.83,1.24
SD,U625N EXPLORER [20-27],19980,39,14,390,83.5,72.67,90.38,1.24
MO,CD539N EDGE [15-24],14G371,04,8,97,44.58,41.29,51.13,1.24
VA,P552N F-150 [15-20],6020,D8,6,417,1441.99,1331.69,1656.11,1.24
TX,CX430N C-SUV [21-27],4000,49,5,83,167.36,162.29,200.98,1.24
MI,CX483N CORSAIR [20-26],14F642,42,9,174,40.39,36.88,45.61,1.24
MS,CX430N C-SUV [21-27],8501,D8,8,125,568.9,500.43,621.61,1.24
MD,CD539N EDGE [15-24],6009,D8,6,89,4254.66,4131.72,5138.73,1.24
NY,P552N F-150 [15-20],1104,30,6,95,416.12,369.68,457.7,1.24
SD,P702N F150 [21-27],14529,42,5,114,108.78,94.18,116.67,1.24
WA,V363N TRANSIT [14-27],10B689,04,6,127,85.93,78.26,97.16,1.24
UT,P758N C-PICKUP [22-27],14290,X4,6,86,589.47,538.33,666.74,1.24
GA,CD539N EDGE [15-24],9F464,01,7,79,533.58,474.45,587.72,1.24
OK,P708 F250 - 600 [23-27],65,42,9,151,316.94,266.31,330.49,1.24
TX,S650N MUSTANG [24-26],19C836,42,5,56,395.17,380.37,473.28,1.24
AZ,CX482N ESCAPE [20-26],9F479,04,12,342,40.82,35.78,44.25,1.24
UT,P702N F150 [21-27],1654022,D4,8,129,460.37,389.19,482.2,1.24
IL,CX482N ESCAPE [20-26],H4,42,9,118,342.73,320.58,398.57,1.24
KS,U625N EXPLORER [20-27],48H6,42,5,88,269.54,248.35,307.6,1.24
CA,CX430N C-SUV [21-27],9F593,01,5,230,297.0,262.32,323.16,1.23
WI,CX482N ESCAPE [20-26],48H6,42,7,86,329.95,289.39,356.3,1.23
TX,P558N SUPER DUTY [17-22],14A664,42,5,54,189.42,176.98,217.74,1.23
AZ,U502N EXPLORER [11-19],8501,42,5,85,1343.59,1211.06,1485.06,1.23
NC,CX727N MACH-E [21-26],PATSKEY,42,6,118,292.71,245.36,302.6,1.23
CA,U625N EXPLORER [20-27],4A015,D1,5,78,949.68,840.17,1031.2,1.23
CA,CD539N EDGE [15-24],9D289,41,5,73,367.45,328.29,402.48,1.23
MO,P375N RANGER [19-23],14G371,04,5,61,44.96,41.74,51.13,1.23
IN,P758N C-PICKUP [22-27],H4,42,5,56,360.48,332.13,407.56,1.23
FL,P702N F150 [21-27],19A387,42,5,56,186.15,169.53,208.62,1.23
IL,CX482N ESCAPE [20-26],8312,33,5,88,378.25,371.33,456.05,1.23
ND,U553N EXPEDITION [18-24],6256,42,8,227,1379.35,1272.71,1570.7,1.23
TX,U553N EXPEDITION [18-24],TCARE,82,9,243,224.13,190.15,233.93,1.23
OR,U625N EXPLORER [20-27],18124,42,6,67,358.55,330.05,404.95,1.23
MI,U540N MKX [16-23],7443150,42,6,87,283.4,261.81,321.46,1.23
VA,U625N EXPLORER [20-27],7P155,42,16,358,38.15,35.81,44.09,1.23
ID,CD539N EDGE [15-24],48H6,42,5,125,292.15,247.55,303.31,1.23
NV,P702N F150 [21-27],10C679,42,7,380,62.83,57.95,71.38,1.23
MD,P708 F250 - 600 [23-27],3B676,42,6,85,187.68,172.19,212.22,1.23
VT,P702N F150 [21-27],7210,42,7,128,353.16,330.17,405.2,1.23
MD,U625N EXPLORER [20-27],7N169,07,6,78,1662.13,1483.32,1820.53,1.23
NE,C520N ESCAPE [13-19],6009,D8,6,183,4074.37,3674.68,4530.42,1.23
TX,P552N F-150 [15-20],2200,42,6,173,196.81,177.48,218.56,1.23
GA,V363N TRANSIT [14-27],8C607,42,8,146,582.71,538.86,662.86,1.23
MD,CDX707A NAUTILUS [23-26],3G590,79,6,172,89.07,80.88,99.72,1.23
NM,P558N SUPER DUTY [17-22],6675,D8,10,236,1278.03,1208.68,1484.25,1.23
CO,U718N NAVIGATOR [25-27],14F042,42,5,110,43.46,39.18,48.38,1.23
GA,CDX707A NAUTILUS [23-26],18125,42,6,119,102.37,96.93,119.14,1.23
GA,CX727N MACH-E [21-26],12B637,B4,5,73,42.05,36.66,44.95,1.23
MI,CD539N EDGE [15-24],5L200,42,5,66,163.02,139.35,171.25,1.23
GA,CDX707A NAUTILUS [23-26],3G590,79,6,228,90.99,86.16,105.9,1.23
MO,P558N SUPER DUTY [17-22],6675,D8,8,210,1340.0,1217.52,1501.67,1.23
PA,P558N SUPER DUTY [17-22],16720,39,11,156,246.4,224.91,275.66,1.23
IL,B515A ECOSPORT INDIA [13-22],RECALEM,04,7,101,68.32,61.36,75.57,1.23
TX,P702N F150 [21-27],17527,*,5,77,59.34,54.59,67.16,1.23
AR,P702N F150 [21-27],19E525,16,6,121,49.79,44.12,54.13,1.23
AZ,B515A ECOSPORT INDIA [13-22],8592,42,6,78,384.38,335.28,411.38,1.23
NE,P552N F-150 [15-20],6020,D8,5,91,1395.28,1328.54,1632.72,1.23
GA,CX430N C-SUV [21-27],7C108,14,9,132,1629.21,1515.25,1866.43,1.23
PA,CD539N EDGE [15-24],2078,*,5,126,132.94,127.37,156.35,1.23
MD,P702N F150 [21-27],78045G34,42,6,104,45.81,39.63,48.56,1.23
KS,P702N F150 [21-27],19703,42,6,84,41.64,41.3,50.76,1.23
TX,V363N TRANSIT [14-27],14G672,04,5,63,38.54,37.68,46.46,1.23
UT,CX727N MACH-E [21-26],18C612,04,6,214,38.92,37.26,45.68,1.23
NH,P702N F150 [21-27],19E525,16,7,109,59.14,54.27,66.92,1.23
NJ,C489N MKC [15-19],6009,D8,10,239,3923.31,3712.64,4575.21,1.23
MA,P702N F150 [21-27],7222,33,5,82,161.06,154.85,189.97,1.23
FL,CX430N C-SUV [21-27],TCARE,82,15,472,156.3,138.49,170.54,1.23
UT,U725N BRONCO [21-26],17504,42,7,304,40.04,35.97,44.11,1.23
MO,V363N TRANSIT [14-27],19805,42,5,167,273.75,235.44,288.41,1.23
UT,P558N SUPER DUTY [17-22],14B321,X9,11,845,40.03,36.99,45.55,1.23
MT,P558N SUPER DUTY [17-22],14G371,04,5,72,74.58,71.05,87.4,1.23
TX,P702N F150 [21-27],94RH7,63,6,225,291.08,272.87,335.64,1.23
MI,P552N F-150 [15-20],6B018,*,7,129,116.12,102.62,126.32,1.23
OR,CX482N ESCAPE [20-26],99RT4,42,6,145,268.75,230.38,284.25,1.23
ND,CD539N EDGE [15-24],48H6,42,5,142,295.93,277.32,340.83,1.23
MO,U553N EXPEDITION [18-24],5E212,42,5,52,873.44,817.39,1007.65,1.23
WA,P558N SUPER DUTY [17-22],7L192,42,8,110,1610.15,1459.82,1801.49,1.23
WA,P558N SUPER DUTY [17-22],9N184,82,5,94,202.95,177.13,217.88,1.23
UT,V363N TRANSIT [14-27],7A195,04,9,480,38.86,35.97,44.11,1.23
NV,P708 F250 - 600 [23-27],RECALEM,04,6,92,81.36,75.63,92.74,1.23
PA,U540N MKX [16-23],7443150,42,5,86,267.53,260.68,319.64,1.23
IL,CX430N C-SUV [21-27],9D289,42,12,231,323.63,285.18,349.81,1.23
IL,V363N TRANSIT [14-27],14G672,04,11,306,52.99,47.96,59.09,1.23
OK,U725N BRONCO [21-26],17504,42,11,348,37.79,35.82,43.89,1.23
OK,U625N EXPLORER [20-27],7N169,07,6,82,1860.11,1616.2,1994.06,1.23
GA,U625N EXPLORER [20-27],7P155,42,22,524,38.99,36.18,44.38,1.23
WA,P702N F150 [21-27],H3,42,6,81,265.62,251.38,308.05,1.23
NV,CX727N MACH-E [21-26],RECAL,04,5,141,141.03,135.46,167.01,1.23
CO,U554N NAVIGATOR [18-24],6256,42,6,321,1698.95,1591.88,1959.67,1.23
MO,P758N C-PICKUP [22-27],14G371,04,6,78,44.96,44.53,54.6,1.23
CA,CX727N MACH-E [21-26],74500A18,14,16,550,38.9,36.39,44.58,1.22
MS,P552N F-150 [15-20],14G371,04,5,98,47.47,42.82,52.41,1.22
IN,P702N F150 [21-27],19860,42,8,189,39.35,36.29,44.4,1.22
TX,V408E TRANSIT CONNECT [13-24],SHUTTLE,82,8,199,539.56,462.48,565.25,1.22
MI,P558N SUPER DUTY [17-22],17683,42,9,120,1284.91,1200.06,1461.59,1.22
GA,U725N BRONCO [21-26],17504,42,19,1217,37.74,35.78,43.69,1.22
SC,U553N EXPEDITION [18-24],48H6,42,5,60,289.38,287.85,350.18,1.22
MA,P702N F150 [21-27],78045G34,42,7,98,50.88,44.41,53.96,1.22
IN,CX482N ESCAPE [20-26],48H6,42,8,132,299.82,269.05,328.74,1.22
VA,U625N EXPLORER [20-27],7N169,07,10,114,1708.38,1541.44,1885.57,1.22
MS,CX482N ESCAPE [20-26],14529,91,9,218,40.65,38.35,46.8,1.22
DE,P473N SUPER DUTY [11-16],5J225,42,7,128,579.06,510.88,622.57,1.22
OR,P558N SUPER DUTY [17-22],6F073,42,5,99,195.87,189.57,230.38,1.22
MI,U611N AVIATOR [20-27],94RH7,42,7,144,287.78,272.66,333.87,1.22
KS,P702N F150 [21-27],9C888,42,5,56,379.63,347.47,423.08,1.22
MI,CD533N MKZ [13-20],TCARE,82,10,417,255.73,217.75,264.86,1.22
NE,CX482N ESCAPE [20-26],8A507,*,5,121,106.98,95.69,116.39,1.22
MD,U611N AVIATOR [20-27],14G371,04,11,538,85.64,75.94,92.84,1.22
MI,P558N SUPER DUTY [17-22],6B018,*,5,64,99.98,84.38,103.22,1.22
MI,U611N AVIATOR [20-27],14B291,04,5,70,56.18,52.73,64.43,1.22
NJ,CD539N EDGE [15-24],48H6,42,31,578,211.41,192.96,236.33,1.22
FL,P552N F-150 [15-20],TIRERPL,82,7,121,204.8,190.59,231.95,1.22
NV,U625N EXPLORER [20-27],14529,91,9,756,47.6,43.1,52.69,1.22
NJ,B515A ECOSPORT INDIA [13-22],5G232,01,6,67,1121.7,1058.47,1291.34,1.22
MS,P702N F150 [21-27],4676,D8,6,81,201.81,192.81,234.33,1.22
OK,U717N EXPEDITION [25-27],14F042,42,11,201,38.53,37.51,45.71,1.22
MS,C346N FOCUS [12-18],9D289,42,7,83,98.63,91.2,111.28,1.22
OR,P702N F150 [21-27],94RH7,42,6,149,316.27,280.59,341.86,1.22
MD,U625N EXPLORER [20-27],3A428,D1,5,142,303.56,276.78,337.96,1.22
SC,P375N RANGER [19-23],7H351,42,5,63,3189.91,3000.74,3667.27,1.22
NV,CX482N ESCAPE [20-26],9F479,04,6,190,42.82,37.24,45.43,1.22
VA,P702N F150 [21-27],10B689,04,6,102,67.99,60.15,73.61,1.22
MD,P558N SUPER DUTY [17-22],6K682,42,6,86,2804.7,2551.65,3116.46,1.22
NC,C489N MKC [15-19],6009,D8,5,79,4554.0,4379.55,5335.82,1.22
OH,U540N MKX [16-23],9D289,42,7,148,362.07,332.7,406.88,1.22
VA,P702N F150 [21-27],1654022,D4,9,148,443.36,408.69,496.64,1.22
WA,P758N C-PICKUP [22-27],14290,X4,17,276,703.09,626.28,763.84,1.22
KS,U625N EXPLORER [20-27],12A650,04,6,160,39.95,35.81,43.64,1.22
NV,U625N EXPLORER [20-27],78519A02,42,5,149,869.3,831.9,1014.64,1.22
VA,CD391N FUSION [13-20],6009,D8,5,56,3646.56,3262.77,3982.9,1.22
TX,U611N AVIATOR [20-27],3A427,42,7,114,320.25,286.9,349.51,1.22
MI,CX430N C-SUV [21-27],7813086,39,6,89,130.74,128.36,156.31,1.22
FL,CD539N EDGE [15-24],7443150,42,5,59,289.57,275.15,334.43,1.22
CO,U553N EXPEDITION [18-24],5E212,42,6,78,1005.69,899.67,1096.85,1.22
UT,P758N C-PICKUP [22-27],14G371,04,6,100,42.96,40.88,49.67,1.22
PA,P552N F-150 [15-20],3N134,D8,5,95,212.53,206.96,252.39,1.22
NM,U625N EXPLORER [20-27],14529,42,5,99,98.92,90.82,110.94,1.22
AZ,V363N TRANSIT [14-27],7A195,04,10,261,37.77,35.97,43.89,1.22
AZ,P702N F150 [21-27],14A626,04,10,366,37.77,35.97,43.89,1.22
MI,CX727N MACH-E [21-26],18D890,04,7,119,50.81,45.29,55.1,1.22
AL,U553N EXPEDITION [18-24],48H6,42,5,71,318.37,268.69,328.63,1.22
WA,C346N FOCUS [12-18],7Z369,42,5,67,596.95,570.2,693.07,1.22
ID,U625N EXPLORER [20-27],19980,39,10,399,96.82,88.94,108.25,1.22
OR,P702N F150 [21-27],10B689,04,6,136,80.03,68.52,82.97,1.21
NJ,CD539N EDGE [15-24],6009,D8,11,136,4020.69,3762.87,4542.15,1.21
AZ,U553N EXPEDITION [18-24],48H6,28,5,149,292.82,266.69,323.05,1.21
WI,U625N EXPLORER [20-27],9B325,42,7,96,232.57,205.97,249.5,1.21
FL,CX727N MACH-E [21-26],TCARE,82,12,268,225.49,208.29,252.11,1.21
CA,CX482N ESCAPE [20-26],18125,30,7,228,379.27,352.17,425.02,1.21
NV,U625N EXPLORER [20-27],12A650,04,8,248,42.29,38.19,46.37,1.21
AR,U553N EXPEDITION [18-24],78045G34,42,5,74,42.31,37.53,45.48,1.21
PA,CD539N EDGE [15-24],6009,D8,11,133,4485.23,4053.91,4908.75,1.21
CO,P558N SUPER DUTY [17-22],15604,04,8,124,37.46,35.97,43.57,1.21
TX,P552N F-150 [15-20],9H307,42,6,74,520.0,485.16,585.26,1.21
GA,U611N AVIATOR [20-27],14G371,42,6,176,312.32,296.19,358.58,1.21
ID,V363N TRANSIT [14-27],7A195,04,7,499,39.99,37.23,44.96,1.21
IL,P702N F150 [21-27],3N134,D8,10,204,381.94,352.67,428.05,1.21
AZ,P702N F150 [21-27],94RH7,28,6,308,306.56,276.45,335.64,1.21
FL,CX482N ESCAPE [20-26],5827009,42,9,106,339.69,322.5,390.28,1.21
AZ,U553N EXPEDITION [18-24],14G647,42,6,79,131.89,114.74,138.49,1.21
KY,P702N F150 [21-27],19860,42,6,140,37.01,36.51,44.24,1.21
CA,P558N SUPER DUTY [17-22],9A543,30,5,80,7780.94,6964.7,8418.87,1.21
DE,CX482N ESCAPE [20-26],14529,91,9,393,43.04,39.2,47.4,1.21
TX,U625N EXPLORER [20-27],14A068,*,5,95,203.81,187.29,226.04,1.21
OH,CX727N MACH-E [21-26],RECAL,04,7,99,105.42,100.04,120.77,1.21
TX,CX430N C-SUV [21-27],48H6,28,6,133,282.3,253.16,305.39,1.21
NV,U625N EXPLORER [20-27],7P155,42,8,274,42.18,38.19,46.37,1.21
NJ,P558N SUPER DUTY [17-22],16720,39,8,152,252.24,231.47,279.63,1.21
AZ,B515A ECOSPORT INDIA [13-22],48H6,42,9,203,269.31,233.84,283.61,1.21
IL,U718N NAVIGATOR [25-27],14F042,42,7,137,57.81,54.6,65.87,1.21
ID,P702N F150 [21-27],19860,42,5,237,40.59,37.23,44.96,1.21
MN,CD391N FUSION [13-20],7583,*,6,142,41.54,38.65,46.67,1.21
WA,CX727N MACH-E [21-26],58219A64,42,7,107,342.47,292.54,353.89,1.21
NV,P702N F150 [21-27],14A626,04,7,369,41.64,38.19,46.37,1.21
ID,P558N SUPER DUTY [17-22],14B321,X9,8,655,38.6,37.23,44.96,1.21
AZ,U625N EXPLORER [20-27],7000,42,6,106,3926.28,3746.61,4539.39,1.21
GA,P702N F150 [21-27],48H6,46,5,163,263.27,247.84,300.35,1.21
PA,CD391N FUSION [13-20],9D289,42,9,141,301.95,276.81,335.31,1.21
MO,U553N EXPEDITION [18-24],3N134,D8,5,62,251.66,229.35,276.84,1.21
GA,V363N TRANSIT [14-27],7A195,04,8,152,38.07,36.66,44.38,1.21
HI,P552N F-150 [15-20],6256,42,7,300,1513.38,1426.61,1725.41,1.21
ID,U625N EXPLORER [20-27],12A650,04,5,146,42.81,38.13,46.01,1.21
OR,P558N SUPER DUTY [17-22],14G371,04,6,114,51.24,49.36,59.88,1.21
DE,C520N ESCAPE [13-19],6009,D8,7,117,3881.07,3614.51,4356.62,1.21
IL,P558N SUPER DUTY [17-22],9H307,42,7,103,701.64,640.92,776.77,1.21
FL,CD391N FUSION [13-20],7000,42,5,62,5754.2,5321.23,6442.18,1.21
WI,U625N EXPLORER [20-27],3A427,D8,9,107,250.89,244.16,295.84,1.21
MA,CX727N MACH-E [21-26],PATSKEY,42,9,123,264.78,240.04,290.03,1.21
NJ,U553N EXPEDITION [18-24],78045G34,42,8,128,50.55,47.41,57.28,1.21
NV,V363N TRANSIT [14-27],7A195,04,7,490,40.75,38.19,46.37,1.21
PA,U717N EXPEDITION [25-27],14F042,42,6,115,37.14,36.48,44.31,1.21
AZ,U718N NAVIGATOR [25-27],14F042,42,5,116,38.55,37.01,44.71,1.21
NH,U625N EXPLORER [20-27],7P155,42,5,133,42.74,38.19,46.04,1.21
AR,U502N EXPLORER [11-19],5A972,*,6,148,163.27,151.16,182.44,1.21
TN,U725N BRONCO [21-26],4A376,01,5,90,463.87,436.84,529.91,1.21
MD,CX430N C-SUV [21-27],48H6,42,8,99,285.3,278.24,337.52,1.21
NJ,U611N AVIATOR [20-27],94RH7,42,6,161,221.03,211.78,256.61,1.21
ME,P702N F150 [21-27],14529,42,5,87,107.7,103.77,125.77,1.21
NV,P708 F250 - 600 [23-27],1621597,41,8,220,141.76,136.39,165.34,1.21
LA,S550N MUSTANG [15-23],63264A26,42,9,135,374.38,335.6,404.58,1.21
IL,U554N NAVIGATOR [18-24],8213,42,6,125,429.03,412.75,501.25,1.21
MD,P552N F-150 [15-20],6675,D8,13,246,586.45,527.17,636.79,1.21
WA,P558N SUPER DUTY [17-22],16720,39,6,115,281.71,262.68,316.82,1.21
CO,CX430N C-SUV [21-27],13466,46,8,161,38.35,36.15,43.73,1.21
NV,P702N F150 [21-27],1523200,82,6,336,54.24,50.92,61.82,1.21
NC,P558N SUPER DUTY [17-22],6F073,01,5,63,212.23,183.12,221.66,1.21
NV,P702N F150 [21-27],19860,42,6,430,40.68,38.19,46.37,1.21
MI,U718N NAVIGATOR [25-27],14F042,42,5,132,39.21,36.23,43.82,1.21
NM,P702N F150 [21-27],94RH7,42,8,292,273.62,257.7,311.55,1.21
NV,P558N SUPER DUTY [17-22],14B321,X9,8,906,42.29,38.19,46.37,1.21
FL,P558N SUPER DUTY [17-22],5J229,42,6,83,1378.96,1269.35,1531.17,1.21
WY,P552N F-150 [15-20],6714,82,5,92,61.85,59.01,71.64,1.21
NV,P702N F150 [21-27],12A650,04,6,189,54.24,50.92,61.82,1.21
UT,V363N TRANSIT [14-27],9D370,42,7,140,44.48,43.23,52.17,1.21
KY,P558N SUPER DUTY [17-22],14B321,X9,5,172,39.82,37.01,44.24,1.2
VA,P702N F150 [21-27],11A213,42,9,136,702.2,626.24,751.48,1.2
TX,U502N EXPLORER [11-19],19703,42,7,81,713.64,657.4,787.25,1.2
NE,U502N EXPLORER [11-19],14B686,X4,8,132,184.28,170.03,203.97,1.2
AR,P375N RANGER [19-23],14G371,04,5,57,38.02,35.68,42.91,1.2
OK,V363N TRANSIT [14-27],14G371,04,6,143,47.02,41.96,50.39,1.2
LA,P702N F150 [21-27],5E212,42,7,103,1383.07,1207.07,1448.1,1.2
MO,P702N F150 [21-27],3N134,D8,5,61,266.79,238.88,286.33,1.2
MO,U553N EXPEDITION [18-24],7A100,49,5,72,82.9,73.88,88.5,1.2
IA,P375N RANGER [19-23],14G371,04,6,72,44.61,42.09,50.53,1.2
IL,CDX707A NAUTILUS [23-26],18C612,04,6,89,52.99,51.0,61.24,1.2
NY,P758N C-PICKUP [22-27],99RT4,42,5,67,344.47,323.33,388.94,1.2
AK,P558N SUPER DUTY [17-22],3254,D8,5,504,568.9,508.4,612.56,1.2
NV,P558N SUPER DUTY [17-22],3E651,42,9,617,96.19,85.87,102.9,1.2
CT,P558N SUPER DUTY [17-22],RECALEM,04,6,97,63.23,61.41,73.58,1.2
NE,P552N F-150 [15-20],6006,42,7,251,162.52,140.92,169.79,1.2
TX,U625N EXPLORER [20-27],10C666,42,5,102,732.88,648.39,775.56,1.2
WA,P702N F150 [21-27],14G650,04,5,83,42.31,39.38,47.4,1.2
MI,P558N SUPER DUTY [17-22],7L192,42,5,65,1516.25,1334.96,1603.96,1.2
AZ,B515A ECOSPORT INDIA [13-22],6006,42,7,105,4079.35,3714.98,4460.25,1.2
OH,P758N C-PICKUP [22-27],14G371,04,10,144,45.81,41.42,49.5,1.2
TX,U554N NAVIGATOR [18-24],14B351,42,5,96,615.01,561.54,671.92,1.2
OH,U725N BRONCO [21-26],12A650,04,8,125,37.09,36.54,43.78,1.2
CA,P758N C-PICKUP [22-27],7861203,28,6,152,136.88,128.74,154.97,1.2
MA,CD539N EDGE [15-24],48H6,42,6,75,274.13,247.37,295.7,1.2
IN,CD539N EDGE [15-24],4000,42,5,60,1473.9,1263.49,1521.14,1.2
UT,U502N EXPLORER [11-19],5A972,*,5,193,151.91,137.69,164.81,1.2
MO,CD539N EDGE [15-24],9F464,01,8,100,515.21,473.8,569.96,1.2
NJ,U502N EXPLORER [11-19],8501,D1,6,153,1256.23,1238.85,1491.38,1.2
NY,U611N AVIATOR [20-27],15604,X9,6,132,39.72,37.52,45.03,1.2
AZ,H567N MEDIUM TRUCK [16-27],7000,42,5,64,6241.16,6008.81,7193.03,1.2
IL,P558N SUPER DUTY [17-22],9A543,42,6,151,7747.48,7626.74,9172.2,1.2
MI,U611N AVIATOR [20-27],12A650,04,5,125,42.79,39.21,47.1,1.2
CO,U553N EXPEDITION [18-24],1104,42,6,74,539.64,468.02,563.19,1.2
DE,CX430N C-SUV [21-27],14G371,04,9,290,48.46,42.86,51.39,1.2
MI,P702N F150 [21-27],1104,42,5,60,575.04,564.43,677.55,1.2
IN,P558N SUPER DUTY [17-22],6K682,42,5,59,2816.81,2431.33,2927.16,1.2
IN,U725N BRONCO [21-26],17504,42,8,403,39.35,35.76,42.82,1.2
LA,U553N EXPEDITION [18-24],78045G34,42,13,211,43.89,39.94,47.9,1.2
KY,U625N EXPLORER [20-27],7P155,42,6,117,38.93,37.01,44.24,1.2
OH,U553N EXPEDITION [18-24],78045G34,42,6,75,44.63,41.29,49.72,1.2
AZ,P552N F-150 [15-20],1651070,01,6,104,468.33,426.97,512.81,1.2
TX,U611N AVIATOR [20-27],54219A65,42,10,241,528.87,481.18,578.1,1.2
FL,B299N FIESTA MCA [13-19],9C047,42,5,75,223.71,201.31,241.26,1.2
DE,U625N EXPLORER [20-27],14G371,04,9,271,48.46,42.86,51.39,1.2
SC,P702N F150 [21-27],17508,*,9,365,131.97,120.37,143.89,1.2
MI,D471N FLEX [09-19],TCARE,82,12,277,211.63,201.58,241.27,1.2
ME,C520N ESCAPE [13-19],6009,D8,11,260,3863.1,3329.16,4010.49,1.2
AZ,CX727N MACH-E [21-26],14G672,42,6,110,44.25,41.72,49.9,1.2
KS,P558N SUPER DUTY [17-22],9C888,42,5,73,456.97,423.26,507.75,1.2
NV,P552N F-150 [15-20],6020,D8,5,168,1729.54,1660.63,1988.45,1.2
TX,P558N SUPER DUTY [17-22],TIRERPL,82,6,85,309.7,291.94,346.34,1.19
AR,U222N EXPEDITION [02-17],19805,*,5,122,278.34,266.98,317.59,1.19
IL,U502N EXPLORER [11-19],8501,D1,7,292,1680.08,1576.86,1869.19,1.19
IL,CX430N C-SUV [21-27],TCARE,82,5,91,171.87,161.75,193.19,1.19
LA,U540N MKX [16-23],9D289,42,5,99,309.44,282.24,336.13,1.19
NJ,V363N TRANSIT [14-27],14G672,04,5,83,43.2,39.16,46.56,1.19
MI,CX483N CORSAIR [20-26],TCARE,82,9,609,225.57,205.57,244.7,1.19
NE,P702N F150 [21-27],94RH7,42,6,174,289.35,281.23,334.2,1.19
AZ,P702N F150 [21-27],2005,42,5,70,1305.11,1159.95,1384.07,1.19
MS,P552N F-150 [15-20],7902,42,5,95,1473.83,1368.82,1625.17,1.19
NC,U554N NAVIGATOR [18-24],14B561,04,5,93,469.41,466.22,554.32,1.19
LA,CX482N ESCAPE [20-26],14529,91,16,361,40.31,37.07,44.01,1.19
CA,U625N EXPLORER [20-27],7443150,42,6,68,320.84,300.95,359.48,1.19
NE,CX727N MACH-E [21-26],10B689,04,5,99,81.89,70.53,83.93,1.19
CA,P558N SUPER DUTY [17-22],17683,42,10,159,1250.28,1153.24,1367.2,1.19
IN,CX727N MACH-E [21-26],10C666,42,8,128,1582.67,1412.38,1681.02,1.19
PA,U611N AVIATOR [20-27],94RH7,42,7,121,296.83,262.58,311.74,1.19
NY,CD533N MKZ [13-20],9D289,42,5,87,398.41,362.6,431.19,1.19
NM,P552N F-150 [15-20],6675,D8,5,112,531.68,490.53,582.46,1.19
AZ,U554N NAVIGATOR [18-24],6256,42,9,521,1557.96,1364.29,1626.94,1.19
GA,P702N F150 [21-27],14A626,04,17,502,38.07,36.66,43.69,1.19
CT,CX727N MACH-E [21-26],18C612,04,9,192,41.82,37.57,44.82,1.19
CA,P702N F150 [21-27],TCARE,82,5,237,210.9,200.64,238.66,1.19
VA,CX482N ESCAPE [20-26],9F479,04,19,572,40.62,36.1,42.82,1.19
CA,P558N SUPER DUTY [17-22],1521812,42,5,57,307.86,270.71,322.01,1.19
KS,P758N C-PICKUP [22-27],3B436,42,5,96,603.03,569.43,678.07,1.19
UT,CX727N MACH-E [21-26],10C666,42,5,150,1398.44,1273.75,1521.35,1.19
VT,CX482N ESCAPE [20-26],8A507,*,5,156,98.55,86.99,103.34,1.19
LA,P558N SUPER DUTY [17-22],17683,42,6,110,1117.95,1068.12,1273.79,1.19
WI,CD539N EDGE [15-24],7902,42,13,169,2397.75,2158.77,2559.87,1.19
IA,P558N SUPER DUTY [17-22],14B321,X9,13,450,38.0,36.33,43.15,1.19
VT,CX430N C-SUV [21-27],8A507,*,5,112,98.55,86.99,103.34,1.19
WA,P702N F150 [21-27],18D890,04,8,206,44.62,40.52,48.17,1.19
MI,U554N NAVIGATOR [18-24],49H8,42,8,361,323.96,315.12,373.59,1.19
UT,V363N TRANSIT [14-27],48H6,42,5,160,299.46,280.08,332.63,1.19
AR,P558N SUPER DUTY [17-22],14B321,X9,7,226,36.7,35.73,42.46,1.19
MD,P702N F150 [21-27],11A213,42,8,89,662.21,604.04,717.82,1.19
WA,CX727N MACH-E [21-26],H3,42,10,159,367.18,349.41,414.1,1.19
SC,ECONOLINE [97-27],12A650,04,5,64,41.32,38.22,45.61,1.19
DE,CX727N MACH-E [21-26],10B689,04,5,95,75.02,68.69,81.43,1.19
OH,CX430N C-SUV [21-27],18125,D8,8,237,255.58,246.77,292.67,1.19
IA,U625N EXPLORER [20-27],7N169,07,5,73,1647.35,1485.71,1773.16,1.19
NY,U502N EXPLORER [11-19],7902,42,5,90,3490.92,3371.55,4001.62,1.19
IN,CX430N C-SUV [21-27],48H6,42,6,178,269.4,259.66,309.96,1.19
IN,P558N SUPER DUTY [17-22],7L192,42,6,75,1379.28,1221.64,1455.08,1.19
IL,P552N F-150 [15-20],8501,42,10,161,470.72,446.98,533.23,1.19
TN,CD539N EDGE [15-24],6009,D8,5,59,4058.18,4001.42,4777.92,1.19
OH,P552N F-150 [15-20],7222,42,6,191,106.39,95.94,114.21,1.19
VA,CX482N ESCAPE [20-26],14F642,42,15,496,45.27,41.68,49.15,1.18
KY,U625N EXPLORER [20-27],12A650,04,5,103,39.82,37.58,44.24,1.18
AZ,CX483N CORSAIR [20-26],94RH7,42,6,505,294.44,278.71,329.25,1.18
OH,CX482N ESCAPE [20-26],9F479,04,9,187,37.75,36.13,42.54,1.18
IL,B515A ECOSPORT INDIA [13-22],6006,42,8,112,4199.14,3989.53,4707.66,1.18
IL,P558N SUPER DUTY [17-22],9B246,42,6,96,8396.18,7636.24,8987.97,1.18
VA,P552N F-150 [15-20],1651070,01,8,168,467.56,441.39,520.57,1.18
MO,U611N AVIATOR [20-27],12A650,42,5,94,58.95,55.4,65.46,1.18
NJ,U625N EXPLORER [20-27],TCARE,82,6,269,221.21,191.26,225.17,1.18
CA,U553N EXPEDITION [18-24],48H6,63,5,106,296.34,259.44,307.28,1.18
NE,P552N F-150 [15-20],4B416,D8,5,62,204.53,179.34,211.5,1.18
MI,U554N NAVIGATOR [18-24],14B561,04,7,193,412.66,379.0,446.1,1.18
IL,V363N TRANSIT [14-27],10B689,04,8,105,105.66,99.56,117.57,1.18
MS,C520N ESCAPE [13-19],6009,D8,7,98,3753.9,3509.16,4157.25,1.18
OH,U540N MKX [16-23],RECAL,04,5,113,93.43,84.12,99.0,1.18
WI,P758N C-PICKUP [22-27],99RT4,42,5,66,326.99,288.56,341.78,1.18
IA,CX482N ESCAPE [20-26],14F642,42,5,67,41.11,39.42,46.59,1.18
NJ,CD533N MKZ [13-20],6009,D8,5,76,3898.2,3625.32,4278.05,1.18
UT,P702N F150 [21-27],14A626,04,8,235,38.11,35.97,42.42,1.18
MO,U717N EXPEDITION [25-27],14F042,42,5,339,38.67,36.01,42.56,1.18
OR,U725N BRONCO [21-26],14B291,04,5,105,54.81,50.25,59.44,1.18
IL,U553N EXPEDITION [18-24],5E212,42,9,120,935.23,863.81,1015.72,1.18
MO,CX482N ESCAPE [20-26],9F479,04,12,227,38.83,36.94,43.41,1.18
DE,P708 F250 - 600 [23-27],19703,42,8,337,177.55,162.87,192.14,1.18
KS,U725N BRONCO [21-26],3254,D8,5,80,290.15,276.84,326.92,1.18
IA,P702N F150 [21-27],94RH7,42,12,254,301.57,273.91,323.41,1.18
DE,CX482N ESCAPE [20-26],9D289,42,6,81,250.41,233.66,276.64,1.18
WA,U725N BRONCO [21-26],4A376,01,5,52,523.96,468.3,554.79,1.18
IL,CD539N EDGE [15-24],SHUTTLE,82,5,84,616.64,565.25,668.02,1.18
FL,U554N NAVIGATOR [18-24],RECAL,42,5,209,38.73,36.01,42.44,1.18
NM,P558N SUPER DUTY [17-22],14B321,X9,8,416,38.97,36.01,42.49,1.18
VA,CX430N C-SUV [21-27],7813086,39,5,77,137.69,126.22,148.32,1.18
MI,CD391N FUSION [13-20],7583,*,6,131,40.13,39.12,46.18,1.18
WA,P702N F150 [21-27],1654022,D4,10,153,508.75,469.79,550.85,1.17
DE,P558N SUPER DUTY [17-22],3E651,42,8,249,105.81,100.13,117.5,1.17
CA,CX482N ESCAPE [20-26],7861203,28,5,149,136.88,132.41,154.97,1.17
MD,U553N EXPEDITION [18-24],78045G34,42,5,77,46.88,42.94,50.08,1.17
VA,U625N EXPLORER [20-27],6020,D8,6,284,1352.22,1236.79,1446.86,1.17
NJ,U625N EXPLORER [20-27],7N169,07,11,167,1868.45,1721.87,2014.61,1.17
KY,P702N F150 [21-27],NPF,82,5,136,74.02,69.27,80.93,1.17
NV,CX727N MACH-E [21-26],18C612,04,5,253,51.39,45.43,53.03,1.17
NV,P552N F-150 [15-20],4676,D8,5,65,214.34,214.27,251.32,1.17
AZ,B515A ECOSPORT INDIA [13-22],RECALEM,04,9,168,42.54,40.27,47.1,1.17
CA,CX727N MACH-E [21-26],TCARE,82,7,209,231.61,206.62,241.01,1.17
VA,P558N SUPER DUTY [17-22],14B321,X9,18,532,38.39,35.81,41.89,1.17
IL,P375N RANGER [19-23],14G371,04,6,68,69.3,67.0,78.39,1.17
NM,CX482N ESCAPE [20-26],99RT4,42,5,119,245.76,217.99,254.78,1.17
MI,P702N F150 [21-27],7222,42,7,257,133.36,128.88,150.68,1.17
TX,CX430N C-SUV [21-27],TCARE,82,5,122,170.12,154.87,181.63,1.17
AZ,U611N AVIATOR [20-27],94RH7,42,5,305,295.29,257.68,300.39,1.17
UT,C520N ESCAPE [13-19],6009,D8,9,233,3660.1,3524.78,4125.26,1.17
NJ,CX482N ESCAPE [20-26],48H6,42,15,252,237.8,223.71,260.89,1.17
IL,P552N F-150 [15-20],1104,30,8,155,510.67,499.24,585.33,1.17
OK,CX727N MACH-E [21-26],10B689,04,7,117,86.25,80.08,93.55,1.17
GA,P758N C-PICKUP [22-27],14G371,04,7,91,50.67,47.17,55.2,1.17
AR,U625N EXPLORER [20-27],12A650,04,5,84,39.3,36.7,42.76,1.17
PA,CX482N ESCAPE [20-26],5E212,42,5,65,1331.19,1229.78,1438.81,1.17
MT,P552N F-150 [15-20],RECAL,42,5,153,38.68,35.9,41.83,1.17
CT,U625N EXPLORER [20-27],7P155,42,5,78,38.09,35.81,41.96,1.17
WY,P552N F-150 [15-20],4676,D8,5,116,148.55,136.39,159.33,1.17
UT,P708 F250 - 600 [23-27],65,42,9,233,279.51,268.26,314.29,1.17
NC,P702N F150 [21-27],4234,42,5,78,643.36,563.92,660.66,1.17
MD,P758N C-PICKUP [22-27],14290,X4,7,111,666.25,631.27,738.22,1.17
IL,V363N TRANSIT [14-27],4676,D8,10,218,290.08,273.02,316.93,1.16
WY,P473N SUPER DUTY [11-16],5J225,42,12,330,465.6,449.27,522.04,1.16
IL,CD391N FUSION [13-20],14G371,04,6,70,73.26,67.34,78.39,1.16
FL,CX483N CORSAIR [20-26],TCARE,82,6,184,208.9,189.13,219.11,1.16
AZ,P702N F150 [21-27],14G650,04,5,89,40.82,36.74,42.54,1.16
LA,U717N EXPEDITION [25-27],14F042,42,5,93,36.36,35.75,41.62,1.16
MI,U553N EXPEDITION [18-24],6714,82,11,277,53.21,46.22,53.53,1.16
MI,CX482N ESCAPE [20-26],8312,42,8,131,308.78,301.86,351.39,1.16
AZ,U554N NAVIGATOR [18-24],49H8,42,6,837,310.32,300.86,348.62,1.16
DE,C346N FOCUS [12-18],9D289,42,8,138,104.55,95.54,111.28,1.16
IL,P758N C-PICKUP [22-27],14290,X4,8,84,748.22,723.18,840.26,1.16
WA,U625N EXPLORER [20-27],4B409,42,8,106,147.08,131.48,152.04,1.16
NH,U502N EXPLORER [11-19],14B686,X4,5,103,158.39,150.95,175.56,1.16
GA,P702N F150 [21-27],11A213,42,5,72,731.55,684.88,791.59,1.16
OR,U725N BRONCO [21-26],17504,42,14,774,38.38,35.79,41.49,1.16
MD,P702N F150 [21-27],14G670,04,7,91,99.2,92.15,107.22,1.16
FL,P552N F-150 [15-20],2V200,82,5,74,187.83,172.7,200.87,1.16
OH,P552N F-150 [15-20],6020,D8,5,94,1181.85,1075.9,1249.3,1.16
LA,U625N EXPLORER [20-27],7P155,42,5,108,38.7,35.76,41.62,1.16
PA,P702N F150 [21-27],10B689,04,5,70,67.65,62.87,72.8,1.16
VT,P558N SUPER DUTY [17-22],4L616,D8,5,125,211.68,200.67,232.43,1.16
MS,P702N F150 [21-27],10D672,42,5,80,63.73,61.45,71.21,1.16
CA,U625N EXPLORER [20-27],17528,82,6,202,45.26,40.65,47.12,1.16
TX,P558N SUPER DUTY [17-22],9601,42,5,93,59.54,55.12,63.9,1.16
CA,P552N F-150 [15-20],6335,D8,6,84,1101.29,1027.81,1194.62,1.16
NJ,U554N NAVIGATOR [18-24],7H351,42,5,82,2768.13,2574.98,2985.86,1.16
NC,U553N EXPEDITION [18-24],TCARE,82,6,100,218.53,208.54,241.22,1.16
SC,P758N C-PICKUP [22-27],99RT4,42,6,83,336.67,322.11,372.17,1.16
IL,U625N EXPLORER [20-27],5E213,42,6,100,1039.07,990.41,1148.41,1.16
PA,U502N EXPLORER [11-19],16612,D7,8,121,1233.62,1136.14,1318.96,1.16
CA,U502N EXPLORER [11-19],DTEST,82,5,246,96.35,89.21,103.49,1.16
VT,CX430N C-SUV [21-27],14G371,04,5,150,42.82,38.54,44.83,1.16
AZ,U725N BRONCO [21-26],17504,42,9,721,37.47,35.97,41.75,1.16
IL,U625N EXPLORER [20-27],RECALEM,04,6,82,67.59,64.41,74.94,1.16
WY,P558N SUPER DUTY [17-22],3E651,42,12,667,84.17,79.09,91.64,1.16
IL,U725N BRONCO [21-26],4A376,01,5,59,501.09,480.52,557.86,1.16
PA,CX727N MACH-E [21-26],PATSKEY,42,6,78,260.18,242.47,280.29,1.16
TX,CDX707A NAUTILUS [23-26],18C612,04,5,139,41.05,40.04,46.25,1.16
VT,U502N EXPLORER [11-19],5A972,*,6,134,150.45,143.87,165.26,1.15
IN,P702N F150 [21-27],17508,*,9,397,118.88,115.31,132.86,1.15
FL,U502N EXPLORER [11-19],TCARE,82,7,253,222.64,204.49,234.81,1.15
IL,C520N ESCAPE [13-19],48H6,42,8,110,117.85,115.93,132.79,1.15
NV,P702N F150 [21-27],19703,42,5,153,55.53,53.67,61.82,1.15
AZ,U611N AVIATOR [20-27],49H8,42,5,226,334.97,309.78,357.39,1.15
FL,U502N EXPLORER [11-19],13832,42,5,59,252.66,233.12,268.76,1.15
NV,CX727N MACH-E [21-26],10B689,04,5,623,97.17,93.92,108.19,1.15
UT,P702N F150 [21-27],17508,*,5,240,115.18,104.09,119.3,1.15
KS,CD539N EDGE [15-24],48H6,42,7,278,280.96,254.66,292.05,1.15
CA,P702N F150 [21-27],13008,42,8,115,1611.61,1563.1,1800.67,1.15
WA,CX430N C-SUV [21-27],9D289,42,6,90,293.18,266.89,306.73,1.15
CO,P558N SUPER DUTY [17-22],7L192,42,5,59,1612.95,1542.6,1768.83,1.15
VA,CD539N EDGE [15-24],14G371,04,6,79,44.18,42.36,48.67,1.15
CT,P702N F150 [21-27],7210,42,5,78,418.93,389.77,449.48,1.15
NV,P552N F-150 [15-20],14G371,04,6,261,54.33,53.67,61.82,1.15
LA,CX430N C-SUV [21-27],9D289,42,9,128,279.34,257.97,297.86,1.15
VA,CD539N EDGE [15-24],6009,D8,7,88,3887.23,3450.61,3973.93,1.15
FL,U553N EXPEDITION [18-24],RECAL,42,7,251,38.59,36.93,42.39,1.15
MI,D544N CONTINENTAL [17-20],94RH7,42,7,169,271.52,245.81,282.67,1.15
OR,P702N F150 [21-27],5A212,42,6,157,736.27,683.52,788.22,1.15
FL,P552N F-150 [15-20],RECAL,42,12,661,38.94,36.93,42.39,1.15
MI,C489N MKC [15-19],6009,D8,9,211,4312.43,4052.28,4678.91,1.15
OH,P702N F150 [21-27],48H6,63,6,139,287.24,270.99,310.6,1.15
CT,U725N BRONCO [21-26],14B291,04,5,162,53.84,48.7,55.85,1.15
LA,P708 F250 - 600 [23-27],17032,16,5,63,52.8,47.95,55.12,1.15
AZ,S650N MUSTANG [24-26],48H6,42,6,106,295.55,277.37,319.15,1.15
IL,P758N C-PICKUP [22-27],14G371,04,6,70,68.09,67.0,77.08,1.15
TX,P558N SUPER DUTY [17-22],9N184,*,5,111,139.89,124.97,143.5,1.15
CO,P558N SUPER DUTY [17-22],17683,42,5,60,1364.52,1234.94,1424.4,1.15
TX,P708 F250 - 600 [23-27],6700,D8,5,137,357.63,323.78,373.68,1.15
IA,P758N C-PICKUP [22-27],99RT4,42,5,63,336.2,303.59,348.92,1.15
CO,P702N F150 [21-27],11A213,42,6,97,799.02,739.63,850.63,1.15
AZ,CD539N EDGE [15-24],9F464,01,5,86,522.96,506.67,578.23,1.14
AZ,CDX707A NAUTILUS [23-26],94RH7,42,5,106,302.25,272.23,310.4,1.14
WY,P702N F150 [21-27],48H6,42,7,148,214.2,205.87,234.91,1.14
IL,V408E TRANSIT CONNECT [13-24],7000,42,6,211,5030.3,4864.23,5535.18,1.14
MI,U725N BRONCO [21-26],19G490,*,5,99,174.21,155.79,178.18,1.14
SD,U625N EXPLORER [20-27],14529,91,6,213,39.65,37.08,42.36,1.14
AZ,CX430N C-SUV [21-27],9D289,42,5,78,313.93,276.73,316.23,1.14
NV,U725N BRONCO [21-26],3254,D8,6,168,385.11,367.41,418.01,1.14
DE,P558N SUPER DUTY [17-22],19G490,42,5,90,366.31,338.48,387.52,1.14
WA,P702N F150 [21-27],11A213,42,7,80,824.17,766.14,871.71,1.14
MD,P558N SUPER DUTY [17-22],14B321,X9,16,449,38.78,35.68,40.82,1.14
CO,CX482N ESCAPE [20-26],9D289,42,5,59,267.23,260.8,296.19,1.14
OR,P758N C-PICKUP [22-27],3B436,42,6,108,634.79,588.37,670.03,1.14
LA,P558N SUPER DUTY [17-22],SERVICE,82,5,109,78.51,78.51,89.21,1.14
NV,V363N TRANSIT [14-27],14G371,04,5,95,56.38,54.24,61.82,1.14
DE,P702N F150 [21-27],10C679,42,6,95,56.55,52.94,60.36,1.14
NY,B515A ECOSPORT INDIA [13-22],48H6,42,6,95,288.14,258.86,294.36,1.14
KS,U502N EXPLORER [11-19],65,42,5,196,52.26,50.04,57.02,1.14
WA,CD539N EDGE [15-24],RENTAL,82,6,117,256.93,249.8,285.48,1.14
WA,CX727N MACH-E [21-26],5826412,42,5,70,377.08,350.41,399.81,1.14
IL,U625N EXPLORER [20-27],3A428,D1,5,148,330.49,322.26,367.07,1.14
IL,CX430N C-SUV [21-27],48H6,*,8,131,302.92,278.59,318.7,1.14
FL,U554N NAVIGATOR [18-24],TCARE,82,12,764,219.57,209.04,238.38,1.14
OH,ECONOLINE [97-27],12A650,04,6,125,37.31,36.16,41.22,1.14
NH,U625N EXPLORER [20-27],NPF,82,5,73,59.24,54.28,62.13,1.14
TX,P552N F-150 [15-20],3N134,D8,5,61,226.29,223.34,255.66,1.14
IL,CD539N EDGE [15-24],7S004,*,5,225,73.57,69.13,79.06,1.14
KS,P558N SUPER DUTY [17-22],14A068,42,5,70,297.34,289.06,328.53,1.14
OK,V363N TRANSIT [14-27],19805,42,5,73,288.28,284.43,325.36,1.14
DE,P702N F150 [21-27],48H6,42,8,165,315.0,308.53,351.53,1.14
NV,P558N SUPER DUTY [17-22],14G371,04,6,118,55.53,54.24,61.82,1.14
SC,P558N SUPER DUTY [17-22],19G490,*,6,117,139.14,130.04,147.34,1.13
VA,P702N F150 [21-27],16720,39,5,77,399.99,358.96,404.4,1.13
MO,P702N F150 [21-27],11A213,42,5,61,697.78,671.67,756.34,1.13
TX,U554N NAVIGATOR [18-24],LBLDTL,82,8,230,53.53,53.53,60.66,1.13
VA,P702N F150 [21-27],6020,D8,7,391,1732.98,1602.88,1809.82,1.13
AR,U554N NAVIGATOR [18-24],49H8,42,5,71,334.15,303.67,343.84,1.13
NV,C520N ESCAPE [13-19],6009,D8,6,349,4095.97,3794.3,4287.36,1.13
NJ,CD391N FUSION [13-20],2078,01,7,126,231.28,218.78,247.05,1.13
MS,P558N SUPER DUTY [17-22],14B321,X9,8,326,38.49,36.11,40.68,1.13
NV,V363N TRANSIT [14-27],19805,42,5,265,283.32,277.68,313.21,1.13
MI,U625N EXPLORER [20-27],6K682,42,5,57,1542.23,1428.83,1612.03,1.13
NC,P702N F150 [21-27],11A213,42,5,75,746.64,708.88,799.67,1.13
NY,P552N F-150 [15-20],9F472,42,5,62,279.66,257.32,290.8,1.13
IL,CX727N MACH-E [21-26],14G672,42,5,58,69.8,65.72,74.04,1.13
WI,B515A ECOSPORT INDIA [13-22],5G232,01,7,94,1209.27,1155.09,1310.68,1.13
UT,CX482N ESCAPE [20-26],9F479,04,6,113,37.26,35.71,40.25,1.13
CA,CX482N ESCAPE [20-26],SHUTTLE,82,7,120,649.47,616.64,693.72,1.13
VA,CX727N MACH-E [21-26],18D890,04,6,98,50.08,45.33,51.39,1.13
MO,V363N TRANSIT [14-27],10B689,04,6,191,69.09,67.43,76.32,1.13
OH,P702N F150 [21-27],14A626,04,7,182,37.04,35.78,40.4,1.13
IL,P758N C-PICKUP [22-27],H4,42,6,85,392.65,389.88,440.85,1.13
MD,U625N EXPLORER [20-27],7P155,42,11,276,38.88,36.19,40.82,1.13
AZ,U553N EXPEDITION [18-24],6020,D8,5,142,1506.19,1450.47,1636.19,1.13
MI,U502N EXPLORER [11-19],RENTAL,82,5,76,289.05,285.48,321.17,1.13
GA,U611N AVIATOR [20-27],12A650,04,5,117,37.31,35.85,40.42,1.13
UT,CX727N MACH-E [21-26],RECAL,04,5,117,116.04,115.51,130.82,1.13
VA,CX727N MACH-E [21-26],14G672,42,7,79,45.27,42.48,47.94,1.13
LA,CD391N FUSION [13-20],6009,D8,5,56,3540.27,3149.34,3574.02,1.13
KY,U725N BRONCO [21-26],17504,42,6,102,36.51,35.82,40.57,1.13
OK,U625N EXPLORER [20-27],12A650,04,9,165,37.79,35.82,40.1,1.12
UT,P552N F-150 [15-20],6584,D8,5,87,436.06,399.3,445.73,1.12
VA,U725N BRONCO [21-26],12A650,04,5,63,38.39,36.97,41.44,1.12
OR,P552N F-150 [15-20],14G371,04,6,121,51.24,49.36,55.31,1.12
DE,P702N F150 [21-27],14B291,04,7,149,51.27,49.9,56.02,1.12
VA,CD539N EDGE [15-24],9F464,01,6,81,552.54,506.18,568.68,1.12
TX,U554N NAVIGATOR [18-24],18124,D8,5,67,587.87,556.79,624.69,1.12
PA,U718N NAVIGATOR [25-27],14F042,42,5,68,41.23,37.14,41.75,1.12
KY,U554N NAVIGATOR [18-24],6256,42,5,113,1136.65,1051.0,1179.84,1.12
OR,CX430N C-SUV [21-27],9D289,42,5,75,281.07,276.77,311.07,1.12
IA,U553N EXPEDITION [18-24],78045G34,42,5,54,42.09,41.77,46.6,1.12
AZ,CX430N C-SUV [21-27],5E212,42,5,61,1320.07,1280.9,1435.54,1.12
GA,P702N F150 [21-27],78045G34,42,5,61,51.48,48.24,53.86,1.12
OK,V363N TRANSIT [14-27],7A195,04,6,100,37.75,35.82,40.1,1.12
FL,C520N ESCAPE [13-19],3B437,42,5,65,498.41,459.54,511.83,1.11
VA,P702N F150 [21-27],14A626,04,15,428,37.47,35.81,39.82,1.11
MD,U625N EXPLORER [20-27],11A213,42,5,105,879.43,807.57,893.01,1.11
NY,U540N MKX [16-23],5E212,42,5,132,1274.27,1190.99,1325.59,1.11
KS,P558N SUPER DUTY [17-22],14B321,X9,6,187,39.79,36.73,40.62,1.11
DE,P558N SUPER DUTY [17-22],14B321,X9,5,174,36.4,36.21,40.04,1.11
NJ,U554N NAVIGATOR [18-24],49H8,42,9,473,257.01,252.24,279.53,1.11
MI,CD533N MKZ [13-20],13008,42,7,120,1470.65,1412.5,1568.67,1.11
WA,U553N EXPEDITION [18-24],3N134,D8,5,71,270.41,266.92,297.56,1.11
NV,U625N EXPLORER [20-27],2C219,04,5,99,56.38,54.24,60.24,1.11
WY,U625N EXPLORER [20-27],19980,39,7,139,75.45,73.23,81.5,1.11
GA,U725N BRONCO [21-26],94RH7,42,5,67,322.07,291.88,325.35,1.11
MD,U725N BRONCO [21-26],17504,42,8,243,37.4,35.97,39.82,1.11
UT,U717N EXPEDITION [25-27],14F042,42,7,132,40.47,38.86,43.09,1.11
UT,U625N EXPLORER [20-27],7P155,42,6,106,40.03,38.86,43.09,1.11
WA,CX727N MACH-E [21-26],18D890,04,6,102,58.81,57.17,63.25,1.11
MS,P708 F250 - 600 [23-27],65,42,5,79,289.73,274.05,305.53,1.11
NJ,P702N F150 [21-27],94RH7,42,19,364,232.06,221.26,245.26,1.11
NM,U625N EXPLORER [20-27],12A650,04,5,124,40.25,38.97,43.18,1.11
WA,U725N BRONCO [21-26],12A650,04,6,97,46.48,44.11,49.16,1.11
VA,V363N TRANSIT [14-27],7A195,04,12,251,36.84,35.81,39.82,1.11
IL,U625N EXPLORER [20-27],3A427,D1,5,175,309.75,295.96,328.34,1.11
CT,U725N BRONCO [21-26],4A376,01,5,91,453.19,417.28,463.83,1.11
NV,P375N RANGER [19-23],14G371,04,5,132,58.75,55.53,61.82,1.11
NV,U625N EXPLORER [20-27],14G371,42,5,192,433.93,416.44,456.2,1.1
MD,P702N F150 [21-27],19860,42,6,151,37.0,35.97,39.43,1.1
OK,P702N F150 [21-27],2005,42,5,58,1401.54,1342.68,1473.95,1.1
CA,CX727N MACH-E [21-26],COURTESY,82,8,189,896.23,828.61,909.97,1.1
OH,P473N SUPER DUTY [11-16],12A650,X9,6,90,293.22,272.46,299.87,1.1
OH,P758N C-PICKUP [22-27],H4,42,5,62,369.4,350.34,386.88,1.1
IL,P552N F-150 [15-20],19G490,42,5,59,341.78,334.28,363.67,1.09
WY,P558N SUPER DUTY [17-22],9H307,42,5,87,522.91,490.35,535.03,1.09
DE,P708 F250 - 600 [23-27],14B291,04,5,194,53.83,51.25,56.02,1.09
ND,P558N SUPER DUTY [17-22],14B321,X9,8,392,36.58,35.72,39.06,1.09
KS,U553N EXPEDITION [18-24],78045G34,42,6,120,43.93,43.24,47.24,1.09
NY,CX727N MACH-E [21-26],14G672,42,6,109,45.69,44.0,48.1,1.09
NJ,C520N ESCAPE [13-19],7000,42,5,82,4180.5,3864.09,4196.08,1.09
IL,CX482N ESCAPE [20-26],18125,D1,5,114,340.33,325.98,355.38,1.09
FL,CX430N C-SUV [21-27],4022,42,5,84,244.64,241.99,262.1,1.08
NV,CD539N EDGE [15-24],6009,D8,5,157,4080.06,3829.51,4150.79,1.08
NV,U717N EXPEDITION [25-27],14F042,42,5,90,45.18,44.06,47.78,1.08
OR,P702N F150 [21-27],19703,42,5,71,54.81,51.24,55.31,1.08
NV,P702N F150 [21-27],1654022,D4,5,73,524.82,501.93,542.34,1.08
NV,CD391N FUSION [13-20],6009,D8,5,157,4081.61,3887.29,4207.86,1.08
IN,CDX707A NAUTILUS [23-26],2005,79,5,205,39.35,38.02,41.08,1.08
NH,P708 F250 - 600 [23-27],3B676,42,5,80,191.64,185.44,199.96,1.08
IA,CD539N EDGE [15-24],6009,D8,5,77,4464.88,4277.79,4624.53,1.08
MI,CD533N MKZ [13-20],6009,D8,5,114,4290.26,4098.64,4408.5,1.08
MO,U725N BRONCO [21-26],17504,42,7,360,37.45,36.16,39.13,1.08
OK,U625N EXPLORER [20-27],7P155,42,9,187,38.36,36.96,40.1,1.08
MI,D258N TAURUS [10-19],TCARE,82,5,75,253.38,242.27,262.1,1.08
VA,U725N BRONCO [21-26],17504,42,15,736,36.7,35.81,38.54,1.08
IN,CD391N FUSION [13-20],2078,01,5,56,206.03,193.86,209.68,1.08
VA,P702N F150 [21-27],14G650,04,6,81,40.27,39.35,42.47,1.08
NY,CX483N CORSAIR [20-26],TCARE,82,5,261,219.46,210.55,226.24,1.07
MI,U554N NAVIGATOR [18-24],TCARE,82,6,154,232.69,230.87,246.97,1.07
CO,U553N EXPEDITION [18-24],RECAL,42,5,163,36.4,35.97,38.54,1.07
CO,P552N F-150 [15-20],RECAL,42,5,622,36.4,35.97,38.54,1.07
NY,U554N NAVIGATOR [18-24],TCARE,82,5,237,232.67,221.25,235.51,1.06
FL,P552N F-150 [15-20],9T516,42,5,70,339.28,329.69,347.89,1.06
IA,P702N F150 [21-27],11A213,42,5,76,694.25,660.14,699.3,1.06
CT,CX482N ESCAPE [20-26],9F479,04,5,82,36.71,35.98,37.69,1.05
WA,V363N TRANSIT [14-27],10346,42,5,120,939.84,912.96,961.71,1.05
MO,P558N SUPER DUTY [17-22],7L192,42,5,91,1523.19,1518.01,1601.5,1.05
NY,CD533N MKZ [13-20],6009,D8,5,59,4428.49,4400.54,4605.18,1.05
NE,CX482N ESCAPE [20-26],18125,42,5,85,292.68,281.49,296.91,1.05
KS,CX482N ESCAPE [20-26],9F479,04,5,89,37.83,36.71,38.18,1.04
WI,P702N F150 [21-27],SERVICE,82,5,66,35.68,35.68,37.05,1.04
NJ,CX482N ESCAPE [20-26],8312,33,5,56,345.57,341.26,351.38,1.03
AZ,P558N SUPER DUTY [17-22],7L192,42,5,77,1516.11,1478.76,1528.71,1.03
TX,B515A ECOSPORT INDIA [13-22],6600,42,5,68,3468.03,3444.87,3533.4,1.03
IA,V363N TRANSIT [14-27],7A195,04,5,104,38.0,37.26,38.2,1.03
IL,CX482N ESCAPE [20-26],SERVICE,82,17,1050,35.68,35.68,35.68,1.0
MD,P702N F150 [21-27],SERVICE,82,9,334,35.68,35.68,35.68,1.0
NC,B515A ECOSPORT INDIA [13-22],SERVICE,82,11,236,35.68,35.68,35.68,1.0
TX,U553N EXPEDITION [18-24],SERVICE,82,43,1046,35.68,35.68,35.68,1.0
AZ,U725N BRONCO [21-26],SERVICE,82,8,382,35.68,35.68,35.68,1.0
IL,P702N F150 [21-27],SERVICE,82,15,653,35.68,35.68,35.68,1.0
AZ,U625N EXPLORER [20-27],SERVICE,82,8,445,35.68,35.68,35.68,1.0
VA,P702N F150 [21-27],DELIVERY,82,6,121,35.68,35.68,35.68,1.0
KY,CDX707A NAUTILUS [23-26],DELIVERY,82,5,145,49.96,49.96,49.96,1.0
PA,CX430N C-SUV [21-27],SERVICE,82,6,141,35.68,35.68,35.68,1.0
CA,U625N EXPLORER [20-27],DELIVERY,82,7,157,35.68,35.68,35.68,1.0
TX,U625N EXPLORER [20-27],SERVICE,82,57,1789,35.68,35.68,35.68,1.0
CA,U725N BRONCO [21-26],SERVICE,82,23,453,35.68,35.68,35.68,1.0
FL,P703N RANGER [24-26],SERVICE,82,5,109,35.68,35.68,35.68,1.0
TN,CX430N C-SUV [21-27],SERVICE,82,6,114,35.68,35.68,35.68,1.0
PA,P558N SUPER DUTY [17-22],DELIVERY,82,5,121,35.68,35.68,35.68,1.0
NC,S650N MUSTANG [24-26],SERVICE,82,11,358,35.68,35.68,35.68,1.0
CA,P375N RANGER [19-23],SERVICE,82,10,250,35.68,35.68,35.68,1.0
TX,U540N MKX [16-23],SERVICE,82,9,769,35.68,35.68,35.68,1.0
MI,P702N F150 [21-27],SERVICE,82,8,315,35.68,35.68,35.68,1.0
CO,U625N EXPLORER [20-27],SERVICE,82,9,262,35.68,35.68,35.68,1.0
AZ,CX482N ESCAPE [20-26],SERVICE,82,5,262,35.68,35.68,35.68,1.0
CA,CX430N C-SUV [21-27],SERVICE,82,18,611,35.68,35.68,35.68,1.0
TX,S650N MUSTANG [24-26],SERVICE,82,13,339,35.68,35.68,35.68,1.0
AZ,CX430N C-SUV [21-27],SERVICE,82,6,383,35.68,35.68,35.68,1.0
CO,U725N BRONCO [21-26],SERVICE,82,7,159,35.68,35.68,35.68,1.0
TX,CDX707A NAUTILUS [23-26],SERVICE,82,6,400,35.68,35.68,35.68,1.0
CO,CX482N ESCAPE [20-26],SERVICE,82,5,138,35.68,35.68,35.68,1.0
NJ,U625N EXPLORER [20-27],DELIVERY,82,6,162,35.68,35.68,35.68,1.0
TX,CX430N C-SUV [21-27],SERVICE,82,36,1111,35.68,35.68,35.68,1.0
CA,P558N SUPER DUTY [17-22],DELIVERY,82,7,132,35.68,35.68,35.68,1.0
TX,CX483N CORSAIR [20-26],SERVICE,82,9,930,35.68,35.68,35.68,1.0
MD,U625N EXPLORER [20-27],SERVICE,82,11,401,35.68,35.68,35.68,1.0
VA,CX430N C-SUV [21-27],SERVICE,82,6,208,35.68,35.68,35.68,1.0
IL,CD539N EDGE [15-24],SERVICE,82,7,250,35.68,35.68,35.68,1.0
IL,P758N C-PICKUP [22-27],SERVICE,82,6,185,35.68,35.68,35.68,1.0
MD,CX430N C-SUV [21-27],SERVICE,82,5,133,35.68,35.68,35.68,1.0
NC,U725N BRONCO [21-26],SERVICE,82,15,2221,35.68,35.68,35.68,1.0
NY,U625N EXPLORER [20-27],SERVICE,82,7,240,35.68,35.68,35.68,1.0
PA,U718N NAVIGATOR [25-27],DELIVERY,82,7,96,49.96,49.96,49.96,1.0
AZ,P758N C-PICKUP [22-27],SERVICE,82,6,232,35.68,35.68,35.68,1.0
CA,U553N EXPEDITION [18-24],SERVICE,82,6,93,35.68,35.68,35.68,1.0
TX,U554N NAVIGATOR [18-24],SERVICE,82,10,404,35.68,35.68,35.68,1.0
TX,S550N MUSTANG [15-23],SERVICE,82,7,141,35.68,35.68,35.68,1.0
MI,U718N NAVIGATOR [25-27],DELIVERY,82,7,206,49.96,49.96,49.96,1.0
CA,S650N MUSTANG [24-26],SERVICE,82,9,226,35.68,35.68,35.68,1.0
NC,P758N C-PICKUP [22-27],SERVICE,82,16,1738,35.68,35.68,35.68,1.0
GA,CX430N C-SUV [21-27],SERVICE,82,6,170,35.68,35.68,35.68,1.0
CA,S550N MUSTANG [15-23],SERVICE,82,8,228,35.68,35.68,35.68,1.0
GA,U725N BRONCO [21-26],SERVICE,82,6,161,35.68,35.68,35.68,1.0
CA,P708 F250 - 600 [23-27],SERVICE,82,9,124,89.21,89.21,89.21,1.0
MI,U625N EXPLORER [20-27],SERVICE,82,5,141,35.68,35.68,35.68,1.0
TN,U625N EXPLORER [20-27],SERVICE,82,5,132,35.68,35.68,35.68,1.0
GA,U625N EXPLORER [20-27],SERVICE,82,11,389,35.68,35.68,35.68,1.0
MD,U553N EXPEDITION [18-24],SERVICE,82,5,84,35.68,35.68,35.68,1.0
NC,P703N RANGER [24-26],SERVICE,82,11,347,35.68,35.68,35.68,1.0
TX,U611N AVIATOR [20-27],SERVICE,82,10,489,35.68,35.68,35.68,1.0
FL,P375N RANGER [19-23],SERVICE,82,8,153,35.68,35.68,35.68,1.0
IL,CX430N C-SUV [21-27],SERVICE,82,9,433,35.68,35.68,35.68,1.0
CO,CX430N C-SUV [21-27],SERVICE,82,7,176,35.68,35.68,35.68,1.0
OH,CX482N ESCAPE [20-26],SERVICE,82,6,124,35.68,35.68,35.68,1.0
MI,CX482N ESCAPE [20-26],SERVICE,82,12,299,35.68,35.68,35.68,1.0
TX,P702N F150 [21-27],DELIVERY,82,5,135,35.68,35.68,35.68,1.0
TX,P758N C-PICKUP [22-27],SERVICE,82,25,513,35.68,35.68,35.68,1.0
NY,U718N NAVIGATOR [25-27],DELIVERY,82,8,197,49.96,49.96,49.96,1.0
FL,S550N MUSTANG [15-23],SERVICE,82,11,189,35.68,35.68,35.68,1.0
OH,U718N NAVIGATOR [25-27],DELIVERY,82,6,132,49.96,49.96,49.96,1.0
OH,U625N EXPLORER [20-27],SERVICE,82,5,73,35.68,35.68,35.68,1.0
OH,P702N F150 [21-27],SERVICE,82,6,127,35.68,35.68,35.68,1.0
TX,U725N BRONCO [21-26],SERVICE,82,31,827,35.68,35.68,35.68,1.0
IL,U725N BRONCO [21-26],SERVICE,82,9,238,35.68,35.68,35.68,1.0
NY,CX482N ESCAPE [20-26],SERVICE,82,5,199,35.68,35.68,35.68,1.0
FL,U554N NAVIGATOR [18-24],LBLDTL,82,8,176,53.53,53.53,53.53,1.0
MI,CD539N EDGE [15-24],SERVICE,82,5,171,35.68,35.68,35.68,1.0
